0 60 4 0
0 60 28 0
1 61 7 1
1 61 1 1
2 62 26 1
2 62 8 0
3 63 12 1
3 63 0 1
4 64 17 1
4 64 28 1
5 65 29 1
5 65 21 1
6 66 16 1
6 66 27 0
7 67 0 1
7 67 19 1
8 68 21 1
8 68 18 1
9 69 20 1
9 69 24 1
10 70 27 1
10 70 11 1
11 71 25 1
11 71 27 1
12 72 20 1
12 72 12 1
13 73 0 1
13 73 6 1
14 74 9 0
14 74 11 1
15 75 17 1
15 75 27 1
16 76 26 1
16 76 21 1
17 77 22 1
17 77 7 1
18 78 6 1
18 78 28 1
19 79 17 0
19 79 11 1
20 80 12 1
20 80 12 1
21 81 26 0
21 81 23 1
22 82 23 1
22 82 13 1
23 83 20 1
23 83 12 1
24 84 27 1
24 84 18 1
25 85 19 1
25 85 12 1
26 86 3 1
26 86 11 1
27 87 23 0
27 87 4 1
28 88 21 1
28 88 11 1
29 89 8 0
29 89 27 1
30 90 11 1
30 90 6 1
31 91 21 1
31 91 21 0
32 92 12 0
32 92 21 1
33 93 22 1
33 93 27 0
34 94 10 1
34 94 6 1
35 95 19 1
35 95 21 1
36 96 23 1
36 96 28 1
37 97 10 0
37 97 10 1
38 98 11 0
38 98 28 1
39 99 21 1
39 99 21 1
40 100 7 0
40 100 13 0
41 101 18 1
41 101 22 1
42 102 12 1
42 102 21 1
43 103 23 1
43 103 21 1
44 104 8 1
44 104 25 1
45 105 5 1
45 105 14 1
46 106 26 0
46 106 17 0
47 107 27 1
47 107 25 1
48 108 9 0
48 108 26 1
49 109 18 1
49 109 14 1
50 110 12 1
50 110 8 1
51 111 4 1
51 111 19 1
52 112 27 1
52 112 22 1
53 113 11 1
53 113 19 1
54 114 11 1
54 114 11 0
55 115 28 1
55 115 1 0
56 116 18 1
56 116 19 1
57 117 28 0
57 117 7 1
58 118 11 0
58 118 11 1
59 119 25 1
59 119 0 1
60 120 23 1
60 120 11 0
61 121 25 1
61 121 14 1
62 122 4 1
62 122 4 1
63 123 12 0
63 123 6 1
64 124 21 1
64 124 22 1
65 125 3 1
65 125 11 1
66 126 14 0
66 126 14 1
67 127 3 1
67 127 0 1
68 128 23 1
68 128 0 1
69 129 28 1
69 129 23 1
70 130 22 1
70 130 25 1
71 131 11 1
71 131 26 1
72 132 22 1
72 132 28 1
73 133 21 1
73 133 20 1
74 134 28 0
74 134 23 0
75 135 3 0
75 135 2 0
76 136 24 1
76 136 21 1
77 137 18 0
77 137 9 0
78 138 26 1
78 138 12 0
79 139 28 0
79 139 27 0
80 140 26 1
80 140 21 0
81 141 0 0
81 141 27 0
82 142 23 0
82 142 12 0
83 143 0 0
83 143 9 0
84 144 22 0
84 144 13 0
85 145 14 0
85 145 22 0
86 146 25 0
86 146 8 0
87 147 18 0
87 147 3 1
88 148 3 0
88 148 23 0
89 149 8 1
89 149 12 0
90 150 29 1
90 150 17 0
91 151 22 0
91 151 6 0
92 152 6 0
92 152 8 1
93 153 8 1
93 153 18 0
94 154 14 0
94 154 22 0
95 155 6 0
95 155 5 0
96 156 26 0
96 156 28 1
97 157 20 0
97 157 17 0
98 158 14 0
98 158 9 1
99 159 26 0
99 159 2 0
100 160 24 0
100 160 11 1
101 161 25 0
101 161 28 1
102 162 0 0
102 162 28 0
103 163 27 0
103 163 0 0
104 164 12 0
104 164 5 1
105 165 27 0
105 165 18 0
106 166 0 1
106 166 26 1
107 167 27 0
107 167 5 1
108 168 21 0
108 168 25 0
109 169 26 1
109 169 12 0
110 170 16 0
110 170 20 0
111 171 14 0
111 171 4 0
112 172 4 0
112 172 26 0
113 173 28 0
113 173 6 0
114 174 8 0
114 174 19 0
115 175 23 0
115 175 22 0
116 176 14 0
116 176 27 0
117 177 18 0
117 177 11 0
118 178 18 0
118 178 13 1
119 179 26 0
119 179 20 0
120 180 25 1
120 180 26 0
121 181 8 0
121 181 11 0
122 182 12 0
122 182 7 0
123 183 14 1
123 183 28 1
124 184 22 0
124 184 16 1
125 185 1 0
125 185 6 0
126 186 18 1
126 186 15 0
127 187 7 0
127 187 11 0
128 188 11 1
128 188 14 0
129 189 0 0
129 189 27 0
130 190 22 0
130 190 18 0
131 191 20 0
131 191 24 0
132 192 10 0
132 192 11 1
133 193 4 0
133 193 14 0
134 194 7 0
134 194 26 0
135 195 12 1
135 195 18 1
136 196 1 1
136 196 6 0
137 197 8 0
137 197 23 0
138 198 23 0
138 198 12 0
139 199 4 1
139 199 11 1
140 200 10 0
140 200 26 0
141 201 14 1
141 201 19 1
142 202 26 1
142 202 13 1
143 203 22 1
143 203 4 1
144 204 28 1
144 204 4 1
145 205 19 1
145 205 21 0
146 206 4 1
146 206 29 1
147 207 28 1
147 207 13 1
148 208 27 1
148 208 0 0
149 209 23 1
149 209 22 0
150 210 1 1
150 210 0 1
151 211 12 1
151 211 21 1
152 212 25 1
152 212 20 1
153 213 23 1
153 213 11 0
154 214 11 0
154 214 26 1
155 215 4 1
155 215 9 1
156 216 21 1
156 216 9 1
157 217 9 1
157 217 12 1
158 218 14 1
158 218 14 1
159 219 10 1
159 219 7 0
160 220 27 1
160 220 6 1
161 221 0 0
161 221 2 0
162 222 10 1
162 222 1 1
163 223 18 1
163 223 23 1
164 224 11 0
164 224 23 1
165 225 12 1
165 225 11 1
166 226 23 0
166 226 13 1
167 227 22 0
167 227 20 0
168 228 26 1
168 228 14 1
169 229 5 1
169 229 14 1
170 230 22 0
170 230 19 0
171 231 28 1
171 231 22 1
172 232 18 0
172 232 26 1
173 233 28 1
173 233 14 1
174 234 21 1
174 234 12 1
175 235 6 1
175 235 29 1
176 236 20 1
176 236 4 1
177 237 18 1
177 237 7 1
178 238 11 1
178 238 17 1
179 239 11 1
179 239 9 0
180 240 21 1
180 240 23 1
181 241 11 0
181 241 17 1
182 242 8 1
182 242 10 1
183 243 21 1
183 243 23 1
184 244 13 1
184 244 26 1
185 245 8 0
185 245 4 1
186 246 26 0
186 246 8 1
187 247 21 1
187 247 26 1
188 248 14 1
188 248 26 1
189 249 12 1
189 249 28 1
190 250 28 0
190 250 12 1
191 251 12 1
191 251 21 0
192 252 12 1
192 252 27 1
193 253 22 1
193 253 11 1
194 254 12 1
194 254 9 1
195 255 8 0
195 255 28 0
196 256 12 0
196 256 21 0
197 257 7 1
197 257 22 1
198 258 18 1
198 258 14 1
199 259 21 0
199 259 25 1
200 260 18 1
200 260 20 1
201 261 13 0
201 261 4 0
202 262 26 0
202 262 11 1
203 263 14 0
203 263 0 0
204 264 11 1
204 264 10 0
205 265 14 1
205 265 8 0
206 266 5 1
206 266 14 0
207 267 14 0
207 267 10 1
208 268 21 0
208 268 27 0
209 269 22 0
209 269 28 0
210 270 21 0
210 270 19 0
211 271 26 0
211 271 23 0
212 272 21 0
212 272 25 0
213 273 4 0
213 273 22 1
214 274 12 1
214 274 29 0
215 275 11 0
215 275 19 0
216 276 1 0
216 276 4 0
217 277 4 0
217 277 15 1
218 278 22 0
218 278 9 0
219 279 22 0
219 279 11 0
220 280 27 0
220 280 4 1
221 281 10 1
221 281 9 0
222 282 9 0
222 282 22 0
223 283 4 0
223 283 3 1
224 284 19 0
224 284 11 0
225 285 14 0
225 285 19 0
226 286 21 0
226 286 11 0
227 287 12 0
227 287 4 0
228 288 11 0
228 288 22 1
229 289 13 0
229 289 17 0
230 290 10 1
230 290 8 1
231 291 2 1
231 291 26 0
232 292 11 0
232 292 10 0
233 293 14 0
233 293 18 0
234 294 22 0
234 294 21 0
235 295 25 0
235 295 6 1
236 296 4 0
236 296 28 0
237 297 20 1
237 297 26 0
238 298 13 0
238 298 26 1
239 299 21 0
239 299 28 0
240 300 6 0
240 300 0 0
241 301 6 0
241 301 23 0
242 302 26 0
242 302 7 0
243 303 21 0
243 303 14 0
244 304 24 0
244 304 13 0
245 305 26 0
245 305 4 1
246 306 21 0
246 306 12 0
247 307 21 0
247 307 29 1
248 308 26 1
248 308 22 0
249 309 1 0
249 309 3 0
250 310 21 0
250 310 14 0
251 311 25 0
251 311 21 0
252 312 29 0
252 312 14 0
253 313 1 0
253 313 22 0
254 314 4 1
254 314 22 0
255 315 19 1
255 315 13 1
256 316 0 1
256 316 23 0
257 317 4 0
257 317 14 0
258 318 8 0
258 318 23 1
259 319 18 0
259 319 21 1
260 320 26 0
260 320 23 1
261 321 9 0
261 321 7 1
262 322 21 1
262 322 20 0
263 323 12 1
263 323 27 1
264 324 27 0
264 324 21 0
265 325 21 1
265 325 14 1
266 326 27 1
266 326 14 0
267 327 18 0
267 327 14 1
268 328 1 1
268 328 15 1
269 329 27 1
269 329 9 1
270 330 22 0
270 330 12 0
271 331 24 1
271 331 20 0
272 332 20 1
272 332 23 1
273 333 0 1
273 333 25 1
274 334 28 1
274 334 7 1
275 335 9 1
275 335 28 1
276 336 0 1
276 336 24 1
277 337 19 0
277 337 4 1
278 338 5 1
278 338 27 1
279 339 22 1
279 339 20 1
280 340 19 1
280 340 16 0
281 341 28 0
281 341 23 1
282 342 23 1
282 342 12 1
283 343 5 0
283 343 25 1
284 344 26 1
284 344 0 1
285 345 15 1
285 345 26 1
286 346 23 0
286 346 23 1
287 347 24 1
287 347 27 1
288 348 27 1
288 348 0 1
289 349 12 1
289 349 6 1
290 350 22 0
290 350 26 1
291 351 8 0
291 351 26 0
292 352 21 1
292 352 18 1
293 353 27 1
293 353 21 1
294 354 11 1
294 354 8 1
295 355 8 1
295 355 14 0
296 356 18 1
296 356 18 1
297 357 27 1
297 357 29 1
298 358 6 1
298 358 11 0
299 359 14 1
299 359 22 1
300 360 22 0
300 360 20 1
301 361 14 1
301 361 7 1
302 362 22 1
302 362 27 1
303 363 14 1
303 363 18 1
304 364 26 1
304 364 18 1
305 365 26 1
305 365 26 1
306 366 21 0
306 366 11 1
307 367 11 1
307 367 22 0
308 368 21 1
308 368 23 0
309 369 4 0
309 369 9 1
310 370 12 1
310 370 28 1
311 371 10 0
311 371 26 1
312 372 4 1
312 372 12 1
313 373 23 1
313 373 11 1
314 374 21 0
314 374 4 0
315 375 12 1
315 375 18 1
316 376 11 1
316 376 0 1
317 377 23 0
317 377 8 0
318 378 21 1
318 378 7 0
319 379 13 1
319 379 6 0
320 380 8 1
320 380 26 1
321 381 27 1
321 381 12 0
322 382 20 1
322 382 22 1
323 383 9 1
323 383 7 0
324 384 20 0
324 384 0 0
325 385 2 0
325 385 23 1
326 386 27 0
326 386 12 1
327 387 26 1
327 387 21 1
328 388 12 0
328 388 21 0
329 389 1 0
329 389 23 0
330 390 18 1
330 390 23 1
331 391 22 1
331 391 26 1
332 392 14 0
332 392 28 0
333 393 9 1
333 393 28 0
334 394 13 0
334 394 27 0
335 395 4 0
335 395 22 1
336 396 27 1
336 396 28 0
337 397 14 0
337 397 26 0
338 398 12 0
338 398 20 1
339 399 17 0
339 399 15 0
340 400 10 0
340 400 11 0
341 401 22 1
341 401 21 1
342 402 19 0
342 402 20 0
343 403 22 0
343 403 0 0
344 404 23 0
344 404 18 0
345 405 20 0
345 405 27 0
346 406 23 0
346 406 28 0
347 407 19 0
347 407 12 0
348 408 12 0
348 408 28 0
349 409 9 0
349 409 12 0
350 410 28 0
350 410 25 0
351 411 16 0
351 411 2 0
352 412 0 0
352 412 7 1
353 413 27 0
353 413 27 0
354 414 26 0
354 414 26 0
355 415 11 1
355 415 21 0
356 416 4 0
356 416 19 0
357 417 9 1
357 417 8 0
358 418 21 0
358 418 27 1
359 419 26 0
359 419 23 0
360 420 13 0
360 420 22 0
361 421 17 0
361 421 0 0
362 422 14 0
362 422 7 0
363 423 14 0
363 423 24 0
364 424 12 0
364 424 26 0
365 425 0 0
365 425 12 1
366 426 11 0
366 426 12 0
367 427 9 1
367 427 19 0
368 428 20 0
368 428 12 0
369 429 12 0
369 429 19 1
370 430 27 0
370 430 14 1
371 431 6 1
371 431 6 0
372 432 11 1
372 432 14 0
373 433 19 0
373 433 22 0
374 434 21 1
374 434 27 0
375 435 15 0
375 435 26 0
376 436 18 0
376 436 14 1
377 437 4 0
377 437 28 0
378 438 21 1
378 438 6 1
379 439 27 0
379 439 27 1
380 440 11 0
380 440 9 0
381 441 28 0
381 441 26 1
382 442 24 0
382 442 26 1
383 443 8 0
383 443 29 0
384 444 20 0
384 444 18 0
385 445 6 1
385 445 20 1
386 446 0 0
386 446 9 0
387 447 26 1
387 447 18 0
388 448 4 1
388 448 4 1
389 449 6 1
389 449 2 1
390 450 8 0
390 450 25 0
391 451 25 0
391 451 18 0
392 452 26 1
392 452 12 1
393 453 11 1
393 453 25 1
394 454 12 0
394 454 0 1
395 455 28 1
395 455 9 1
396 456 7 0
396 456 8 1
397 457 23 1
397 457 26 0
398 458 18 0
398 458 23 0
399 459 0 1
399 459 17 1
400 460 11 1
400 460 9 1
401 461 13 0
401 461 18 1
402 462 4 1
402 462 26 1
403 463 13 1
403 463 18 0
404 464 28 1
404 464 28 0
405 465 1 1
405 465 26 1
406 466 27 1
406 466 11 1
407 467 27 1
407 467 26 1
408 468 11 1
408 468 28 1
409 469 6 1
409 469 5 1
410 470 15 1
410 470 27 1
411 471 2 1
411 471 28 1
412 472 11 1
412 472 19 0
413 473 3 1
413 473 21 1
414 474 9 0
414 474 4 1
415 475 11 1
415 475 10 1
416 476 19 1
416 476 27 1
417 477 25 1
417 477 23 1
418 478 18 1
418 478 21 1
419 479 22 1
419 479 6 0
420 480 19 0
420 480 23 1
421 481 14 1
421 481 11 0
422 482 0 1
422 482 27 1
423 483 22 1
423 483 20 0
424 484 7 1
424 484 0 1
425 485 7 0
425 485 12 1
426 486 17 1
426 486 23 0
427 487 21 1
427 487 19 1
428 488 3 1
428 488 6 1
429 489 26 1
429 489 3 1
430 490 9 0
430 490 25 1
431 491 12 1
431 491 14 1
432 492 14 1
432 492 21 1
433 493 24 1
433 493 1 1
434 494 28 1
434 494 12 1
435 495 23 1
435 495 9 1
436 496 27 0
436 496 11 1
437 497 19 1
437 497 3 1
438 498 27 0
438 498 29 0
439 499 25 1
439 499 7 1
440 500 12 1
440 500 21 1
441 501 12 1
441 501 23 0
442 502 22 0
442 502 26 0
443 503 19 1
443 503 0 1
444 504 4 1
444 504 21 1
445 505 21 0
445 505 11 1
446 506 25 1
446 506 12 1
447 507 11 0
447 507 26 0
448 508 27 1
448 508 23 0
449 509 12 0
449 509 11 0
450 510 17 1
450 510 20 0
451 511 20 1
451 511 11 1
452 512 20 0
452 512 11 0
453 513 22 0
453 513 11 0
454 514 0 0
454 514 12 1
455 515 18 0
455 515 6 0
456 516 14 0
456 516 5 1
457 517 8 1
457 517 26 1
458 518 20 1
458 518 22 1
459 519 28 0
459 519 0 0
460 520 23 0
460 520 8 0
461 521 22 0
461 521 0 1
462 522 18 0
462 522 24 0
463 523 6 1
463 523 25 0
464 524 23 0
464 524 28 0
465 525 11 0
465 525 14 1
466 526 10 0
466 526 17 0
467 527 23 0
467 527 21 0
468 528 12 0
468 528 21 0
469 529 19 0
469 529 21 0
470 530 22 0
470 530 4 0
471 531 11 0
471 531 14 0
472 532 12 0
472 532 21 0
473 533 3 0
473 533 28 0
474 534 12 1
474 534 13 0
475 535 19 1
475 535 25 0
476 536 27 0
476 536 6 0
477 537 19 0
477 537 25 1
478 538 27 0
478 538 11 0
479 539 12 1
479 539 6 0
480 540 7 1
480 540 22 0
481 541 9 0
481 541 27 0
482 542 12 0
482 542 27 0
483 543 6 0
483 543 21 1
484 544 26 0
484 544 12 0
485 545 9 0
485 545 2 0
486 546 26 1
486 546 4 1
487 547 11 0
487 547 6 0
488 548 26 0
488 548 21 0
489 549 25 0
489 549 26 0
490 550 21 0
490 550 18 0
491 551 7 0
491 551 26 0
492 552 9 0
492 552 21 0
493 553 3 0
493 553 3 0
494 554 14 0
494 554 12 0
495 555 28 0
495 555 6 0
496 556 21 1
496 556 27 0
497 557 27 0
497 557 23 0
498 558 25 0
498 558 0 1
499 559 5 1
499 559 7 1
500 560 22 0
500 560 27 0
501 561 14 0
501 561 9 0
502 562 26 0
502 562 18 1
503 563 28 0
503 563 1 0
504 564 0 1
504 564 0 0
505 565 12 0
505 565 19 0
506 566 3 1
506 566 14 0
507 567 23 1
507 567 7 1
508 568 12 0
508 568 10 1
509 569 1 1
509 569 0 1
510 570 6 1
510 570 2 0
511 571 24 1
511 571 19 0
512 572 20 1
512 572 7 1
513 573 21 1
513 573 20 0
514 574 14 1
514 574 26 1
515 575 17 1
515 575 21 0
516 576 21 1
516 576 6 1
517 577 4 0
517 577 17 0
518 578 12 0
518 578 14 1
519 579 12 0
519 579 12 0
520 580 4 1
520 580 26 1
521 581 18 0
521 581 22 1
522 582 27 0
522 582 17 1
523 583 8 1
523 583 4 1
524 584 12 1
524 584 21 1
525 585 13 1
525 585 26 1
526 586 12 1
526 586 11 1
527 587 18 1
527 587 25 1
528 588 14 1
528 588 5 0
529 589 14 1
529 589 27 1
530 590 10 1
530 590 14 1
531 591 6 1
531 591 12 1
532 592 22 1
532 592 18 1
533 593 0 1
533 593 19 1
534 594 4 1
534 594 26 1
535 595 15 1
535 595 14 0
536 596 22 0
536 596 18 1
537 597 23 1
537 597 20 0
538 598 21 0
538 598 19 1
539 599 14 1
539 599 12 0
540 600 21 1
540 600 6 0
541 601 14 1
541 601 24 1
542 602 26 1
542 602 19 1
543 603 0 1
543 603 4 1
544 604 26 1
544 604 19 1
545 605 14 1
545 605 19 1
546 606 27 0
546 606 7 0
547 607 23 1
547 607 22 1
548 608 2 1
548 608 13 1
549 609 14 1
549 609 11 1
550 610 4 1
550 610 7 1
551 611 26 1
551 611 21 0
552 612 3 0
552 612 27 1
553 613 12 1
553 613 6 1
554 614 21 1
554 614 1 1
555 615 4 1
555 615 14 1
556 616 21 1
556 616 24 1
557 617 18 1
557 617 26 1
558 618 26 1
558 618 5 1
559 619 24 0
559 619 23 1
560 620 26 0
560 620 12 1
561 621 25 1
561 621 1 1
562 622 8 1
562 622 23 1
563 623 21 0
563 623 10 1
564 624 21 0
564 624 18 1
565 625 7 1
565 625 26 1
566 626 4 0
566 626 21 1
567 627 23 1
567 627 0 0
568 628 21 0
568 628 23 1
569 629 18 0
569 629 0 0
570 630 23 0
570 630 12 0
571 631 11 0
571 631 21 0
572 632 0 1
572 632 5 0
573 633 6 1
573 633 11 0
574 634 18 0
574 634 26 0
575 635 11 0
575 635 21 0
576 636 11 0
576 636 26 1
577 637 22 1
577 637 23 1
578 638 22 1
578 638 19 1
579 639 27 1
579 639 14 0
580 640 21 1
580 640 12 1
581 641 14 1
581 641 5 0
582 642 20 0
582 642 19 0
583 643 25 0
583 643 17 0
584 644 17 0
584 644 0 0
585 645 12 0
585 645 21 0
586 646 23 0
586 646 0 0
587 647 0 0
587 647 6 0
588 648 21 0
588 648 17 0
589 649 13 1
589 649 11 0
590 650 21 1
590 650 26 0
591 651 14 1
591 651 11 0
592 652 5 0
592 652 7 0
593 653 27 0
593 653 12 0
594 654 11 1
594 654 4 0
595 655 12 0
595 655 12 0
596 656 8 0
596 656 21 0
597 657 0 0
597 657 19 0
598 658 21 0
598 658 11 0
599 659 11 1
599 659 10 1
600 660 23 0
600 660 14 1
601 661 21 0
601 661 0 0
602 662 14 0
602 662 18 1
603 663 0 1
603 663 0 0
604 664 6 0
604 664 7 0
605 665 21 1
605 665 22 0
606 666 19 0
606 666 8 0
607 667 11 0
607 667 8 1
608 668 18 1
608 668 9 0
609 669 29 0
609 669 26 0
610 670 6 0
610 670 18 0
611 671 5 0
611 671 25 0
612 672 3 0
612 672 21 0
613 673 22 0
613 673 19 0
614 674 26 0
614 674 19 0
615 675 25 0
615 675 7 0
616 676 29 0
616 676 27 1
617 677 19 0
617 677 27 0
618 678 18 0
618 678 21 0
619 679 21 0
619 679 23 1
620 680 11 0
620 680 25 0
621 681 26 1
621 681 11 0
622 682 22 0
622 682 19 0
623 683 8 0
623 683 6 0
624 684 12 0
624 684 11 0
625 685 18 0
625 685 14 0
626 686 26 0
626 686 12 0
627 687 7 1
627 687 2 0
628 688 24 1
628 688 4 0
629 689 0 1
629 689 0 1
630 690 6 1
630 690 20 1
631 691 13 0
631 691 13 1
632 692 7 1
632 692 18 1
633 693 14 0
633 693 6 0
634 694 0 0
634 694 27 1
635 695 25 1
635 695 28 1
636 696 18 0
636 696 13 1
637 697 20 1
637 697 25 0
638 698 7 0
638 698 10 0
639 699 11 1
639 699 19 1
640 700 7 1
640 700 18 0
641 701 12 1
641 701 12 0
642 702 14 0
642 702 29 1
643 703 27 1
643 703 12 1
644 704 7 1
644 704 11 1
645 705 23 1
645 705 12 1
646 706 11 1
646 706 7 1
647 707 11 1
647 707 14 1
648 708 13 1
648 708 3 1
649 709 25 1
649 709 8 1
650 710 11 1
650 710 22 0
651 711 29 1
651 711 26 1
652 712 22 0
652 712 26 0
653 713 23 0
653 713 16 1
654 714 1 0
654 714 11 1
655 715 12 1
655 715 22 1
656 716 26 1
656 716 9 1
657 717 28 1
657 717 21 0
658 718 11 1
658 718 21 0
659 719 26 1
659 719 7 1
660 720 14 0
660 720 22 1
661 721 21 1
661 721 8 1
662 722 19 0
662 722 3 1
663 723 12 1
663 723 8 1
664 724 1 1
664 724 26 1
665 725 27 1
665 725 7 0
666 726 0 1
666 726 18 1
667 727 13 0
667 727 26 0
668 728 13 1
668 728 25 0
669 729 20 1
669 729 19 1
670 730 4 1
670 730 11 1
671 731 0 1
671 731 27 1
672 732 10 0
672 732 12 1
673 733 28 1
673 733 0 1
674 734 14 1
674 734 8 0
675 735 20 1
675 735 0 1
676 736 26 1
676 736 12 1
677 737 8 1
677 737 0 1
678 738 0 1
678 738 26 0
679 739 21 1
679 739 7 1
680 740 0 1
680 740 18 0
681 741 0 1
681 741 4 1
682 742 8 1
682 742 26 0
683 743 23 1
683 743 25 1
684 744 27 1
684 744 5 1
685 745 23 1
685 745 11 1
686 746 6 1
686 746 11 1
687 747 21 1
687 747 12 1
688 748 28 1
688 748 4 1
689 749 13 1
689 749 14 0
690 750 25 0
690 750 7 0
691 751 21 1
691 751 0 0
692 752 18 0
692 752 6 1
693 753 4 1
693 753 18 0
694 754 7 0
694 754 4 0
695 755 20 0
695 755 28 0
696 756 13 1
696 756 11 0
697 757 22 1
697 757 3 1
698 758 26 0
698 758 7 0
699 759 27 1
699 759 29 0
700 760 19 1
700 760 23 1
701 761 2 1
701 761 12 0
702 762 9 1
702 762 11 1
703 763 11 1
703 763 21 0
704 764 23 0
704 764 23 0
705 765 6 1
705 765 21 0
706 766 18 0
706 766 23 0
707 767 15 0
707 767 14 0
708 768 27 0
708 768 11 0
709 769 14 1
709 769 0 1
710 770 26 0
710 770 7 0
711 771 6 0
711 771 19 0
712 772 22 1
712 772 0 0
713 773 8 0
713 773 25 0
714 774 12 0
714 774 25 0
715 775 26 0
715 775 4 0
716 776 0 0
716 776 20 0
717 777 13 1
717 777 6 1
718 778 27 1
718 778 22 0
719 779 3 0
719 779 26 0
720 780 12 0
720 780 1 0
721 781 23 0
721 781 18 0
722 782 26 0
722 782 11 1
723 783 4 0
723 783 7 0
724 784 18 1
724 784 11 0
725 785 8 0
725 785 27 1
726 786 17 1
726 786 14 1
727 787 21 0
727 787 7 0
728 788 8 0
728 788 12 0
729 789 12 0
729 789 4 0
730 790 13 1
730 790 4 0
731 791 26 0
731 791 29 0
732 792 9 0
732 792 14 0
733 793 4 0
733 793 23 0
734 794 11 0
734 794 13 0
735 795 6 1
735 795 0 0
736 796 19 0
736 796 6 1
737 797 5 0
737 797 4 0
738 798 26 0
738 798 26 1
739 799 21 0
739 799 24 1
740 800 23 0
740 800 23 0
741 801 12 0
741 801 18 0
742 802 14 0
742 802 26 0
743 803 12 0
743 803 13 0
744 804 11 0
744 804 27 0
745 805 27 0
745 805 7 0
746 806 14 0
746 806 8 0
747 807 22 0
747 807 8 0
748 808 0 0
748 808 26 1
749 809 12 0
749 809 14 0
750 810 0 1
750 810 21 0
751 811 26 1
751 811 21 1
752 812 28 0
752 812 0 1
753 813 11 0
753 813 23 1
754 814 24 0
754 814 7 0
755 815 22 1
755 815 28 1
756 816 23 1
756 816 12 1
757 817 13 0
757 817 25 1
758 818 20 1
758 818 13 1
759 819 19 1
759 819 27 1
760 820 13 0
760 820 19 0
761 821 20 0
761 821 22 0
762 822 11 0
762 822 3 0
763 823 6 0
763 823 13 0
764 824 26 1
764 824 0 1
765 825 22 1
765 825 13 0
766 826 9 1
766 826 9 1
767 827 10 1
767 827 17 1
768 828 0 1
768 828 9 1
769 829 18 1
769 829 19 1
770 830 23 0
770 830 24 0
771 831 11 1
771 831 0 1
772 832 22 1
772 832 26 1
773 833 10 0
773 833 0 0
774 834 0 1
774 834 4 1
775 835 8 1
775 835 0 1
776 836 14 1
776 836 6 1
777 837 26 0
777 837 28 0
778 838 17 1
778 838 14 1
779 839 13 1
779 839 11 1
780 840 13 1
780 840 14 1
781 841 12 1
781 841 21 1
782 842 22 0
782 842 22 1
783 843 19 1
783 843 13 0
784 844 23 1
784 844 7 1
785 845 21 0
785 845 8 1
786 846 0 0
786 846 4 1
787 847 18 1
787 847 17 0
788 848 10 1
788 848 21 1
789 849 14 1
789 849 8 1
790 850 7 1
790 850 20 1
791 851 23 0
791 851 2 1
792 852 28 1
792 852 8 1
793 853 22 1
793 853 0 1
794 854 1 1
794 854 6 0
795 855 27 0
795 855 8 1
796 856 10 1
796 856 0 1
797 857 0 1
797 857 10 1
798 858 26 1
798 858 27 1
799 859 25 1
799 859 18 0
800 860 23 1
800 860 1 1
801 861 14 1
801 861 11 0
802 862 5 0
802 862 11 1
803 863 24 1
803 863 8 1
804 864 19 1
804 864 4 0
805 865 5 1
805 865 10 0
806 866 0 1
806 866 27 1
807 867 27 0
807 867 23 1
808 868 19 1
808 868 6 1
809 869 1 0
809 869 21 1
810 870 14 1
810 870 26 1
811 871 6 0
811 871 5 1
812 872 27 1
812 872 26 1
813 873 23 0
813 873 12 1
814 874 13 1
814 874 11 1
815 875 23 1
815 875 22 1
816 876 28 0
816 876 1 0
817 877 28 0
817 877 27 0
818 878 1 1
818 878 22 0
819 879 0 0
819 879 21 0
820 880 20 1
820 880 19 0
821 881 13 1
821 881 9 1
822 882 27 1
822 882 27 1
823 883 12 1
823 883 6 1
824 884 16 1
824 884 6 1
825 885 14 0
825 885 27 0
826 886 22 0
826 886 1 0
827 887 6 0
827 887 20 0
828 888 23 0
828 888 26 0
829 889 14 0
829 889 6 0
830 890 21 1
830 890 12 0
831 891 3 0
831 891 28 1
832 892 28 1
832 892 0 0
833 893 13 1
833 893 18 0
834 894 25 0
834 894 23 1
835 895 27 0
835 895 19 0
836 896 14 0
836 896 1 0
837 897 14 0
837 897 27 1
838 898 22 0
838 898 25 0
839 899 22 1
839 899 6 0
840 900 17 0
840 900 23 0
841 901 4 0
841 901 25 0
842 902 21 0
842 902 0 0
843 903 16 0
843 903 4 1
844 904 29 0
844 904 19 0
845 905 22 0
845 905 8 0
846 906 17 1
846 906 0 1
847 907 11 0
847 907 26 1
848 908 27 1
848 908 7 0
849 909 23 1
849 909 4 0
850 910 9 1
850 910 3 0
851 911 6 0
851 911 8 0
852 912 21 0
852 912 11 0
853 913 1 0
853 913 15 0
854 914 13 0
854 914 0 1
855 915 27 0
855 915 20 0
856 916 22 0
856 916 1 0
857 917 11 0
857 917 23 0
858 918 26 1
858 918 26 0
859 919 0 0
859 919 24 0
860 920 23 0
860 920 27 0
861 921 27 0
861 921 4 0
862 922 18 0
862 922 23 0
863 923 14 1
863 923 9 0
864 924 1 1
864 924 3 1
865 925 9 0
865 925 8 0
866 926 23 0
866 926 1 0
867 927 9 0
867 927 14 1
868 928 27 1
868 928 12 0
869 929 0 0
869 929 20 0
870 930 3 0
870 930 23 0
871 931 27 1
871 931 1 1
872 932 28 0
872 932 20 1
873 933 3 1
873 933 21 0
874 934 25 0
874 934 12 0
875 935 13 0
875 935 9 0
876 936 22 0
876 936 7 0
877 937 23 1
877 937 14 0
878 938 8 0
878 938 20 1
879 939 13 1
879 939 15 1
880 940 27 0
880 940 19 0
881 941 9 1
881 941 11 0
882 942 5 1
882 942 13 0
883 943 27 0
883 943 3 0
884 944 0 1
884 944 27 0
885 945 22 1
885 945 11 1
886 946 6 0
886 946 14 0
887 947 6 1
887 947 15 1
888 948 17 1
888 948 20 1
889 949 26 0
889 949 27 1
890 950 22 1
890 950 20 0
891 951 8 1
891 951 23 0
892 952 9 1
892 952 11 1
893 953 17 1
893 953 26 0
894 954 9 1
894 954 17 0
895 955 6 1
895 955 7 1
896 956 27 1
896 956 4 1
897 957 0 1
897 957 14 1
898 958 28 0
898 958 27 1
899 959 22 1
899 959 20 1
900 960 1 0
900 960 19 1
901 961 21 1
901 961 19 1
902 962 6 1
902 962 21 1
903 963 22 1
903 963 28 1
904 964 6 1
904 964 13 1
905 965 3 1
905 965 26 0
906 966 21 0
906 966 17 0
907 967 11 1
907 967 11 0
908 968 4 1
908 968 4 1
909 969 27 0
909 969 13 1
910 970 23 0
910 970 3 1
911 971 13 1
911 971 12 1
912 972 20 1
912 972 11 0
913 973 14 1
913 973 26 0
914 974 22 1
914 974 14 1
915 975 1 1
915 975 0 1
916 976 13 1
916 976 26 1
917 977 26 0
917 977 4 1
918 978 14 0
918 978 20 1
919 979 23 0
919 979 12 1
920 980 18 1
920 980 27 1
921 981 7 1
921 981 22 1
922 982 9 1
922 982 1 1
923 983 1 1
923 983 14 1
924 984 6 0
924 984 27 1
925 985 3 1
925 985 23 1
926 986 22 1
926 986 17 1
927 987 14 0
927 987 8 0
928 988 21 1
928 988 5 1
929 989 11 1
929 989 21 1
930 990 26 0
930 990 0 1
931 991 27 1
931 991 3 1
932 992 4 0
932 992 4 1
933 993 26 0
933 993 8 1
934 994 21 1
934 994 20 1
935 995 29 1
935 995 27 0
936 996 20 1
936 996 0 1
937 997 27 1
937 997 11 1
938 998 20 0
938 998 9 0
939 999 26 0
939 999 3 0
940 1000 20 1
940 1000 14 1
941 1001 11 1
941 1001 5 1
942 1002 11 0
942 1002 11 1
943 1003 27 0
943 1003 12 0
944 1004 9 1
944 1004 11 1
945 1005 19 0
945 1005 28 0
946 1006 0 1
946 1006 8 1
947 1007 10 0
947 1007 7 1
948 1008 11 0
948 1008 14 0
949 1009 4 0
949 1009 15 0
950 1010 14 0
950 1010 8 1
951 1011 27 1
951 1011 26 0
952 1012 27 0
952 1012 10 0
953 1013 27 0
953 1013 20 0
954 1014 22 1
954 1014 4 1
955 1015 11 1
955 1015 13 0
956 1016 17 0
956 1016 26 0
957 1017 26 0
957 1017 14 0
958 1018 22 0
958 1018 7 0
959 1019 26 1
959 1019 11 0
960 1020 11 0
960 1020 27 1
961 1021 17 0
961 1021 10 0
962 1022 0 0
962 1022 21 0
963 1023 20 0
963 1023 28 0
964 1024 6 0
964 1024 27 0
965 1025 9 0
965 1025 27 0
966 1026 18 1
966 1026 18 1
967 1027 9 1
967 1027 25 1
968 1028 11 1
968 1028 9 0
969 1029 13 0
969 1029 14 0
970 1030 0 0
970 1030 26 0
971 1031 11 1
971 1031 9 0
972 1032 28 1
972 1032 3 0
973 1033 22 1
973 1033 25 1
974 1034 0 0
974 1034 18 1
975 1035 21 0
975 1035 8 0
976 1036 27 0
976 1036 10 0
977 1037 1 0
977 1037 12 0
978 1038 19 0
978 1038 13 0
979 1039 14 1
979 1039 27 0
980 1040 11 0
980 1040 4 1
981 1041 4 0
981 1041 6 0
982 1042 20 1
982 1042 4 1
983 1043 11 0
983 1043 19 1
984 1044 27 1
984 1044 6 1
985 1045 0 0
985 1045 8 1
986 1046 26 0
986 1046 9 0
987 1047 12 0
987 1047 21 1
988 1048 8 0
988 1048 9 0
989 1049 27 0
989 1049 0 0
990 1050 6 0
990 1050 26 0
991 1051 26 0
991 1051 6 0
992 1052 0 0
992 1052 22 0
993 1053 8 0
993 1053 17 1
994 1054 23 0
994 1054 14 0
995 1055 27 0
995 1055 14 0
996 1056 11 0
996 1056 6 0
997 1057 11 1
997 1057 11 0
998 1058 18 0
998 1058 15 0
999 1059 26 1
999 1059 29 0
1000 1060 23 0
1000 1060 7 0
1001 1061 10 0
1001 1061 19 0
1002 1062 1 1
1002 1062 20 0
1003 1063 12 1
1003 1063 0 1
1004 1064 14 0
1004 1064 3 0
1005 1065 21 1
1005 1065 4 0
1006 1066 16 0
1006 1066 26 0
1007 1067 11 1
1007 1067 22 0
1008 1068 11 0
1008 1068 8 1
1009 1069 9 1
1009 1069 23 1
1010 1070 11 1
1010 1070 11 1
1011 1071 12 1
1011 1071 24 0
1012 1072 12 1
1012 1072 24 1
1013 1073 6 1
1013 1073 8 1
1014 1074 8 0
1014 1074 8 0
1015 1075 22 1
1015 1075 20 0
1016 1076 1 1
1016 1076 4 1
1017 1077 13 1
1017 1077 23 0
1018 1078 21 0
1018 1078 22 1
1019 1079 14 0
1019 1079 11 0
1020 1080 18 1
1020 1080 12 1
1021 1081 26 1
1021 1081 20 0
1022 1082 27 1
1022 1082 26 1
1023 1083 27 1
1023 1083 12 1
1024 1084 21 1
1024 1084 1 0
1025 1085 0 1
1025 1085 0 1
1026 1086 28 1
1026 1086 14 1
1027 1087 9 1
1027 1087 9 1
1028 1088 21 0
1028 1088 26 0
1029 1089 11 1
1029 1089 26 1
1030 1090 13 1
1030 1090 9 0
1031 1091 12 1
1031 1091 12 1
1032 1092 26 1
1032 1092 14 0
1033 1093 27 1
1033 1093 14 1
1034 1094 14 0
1034 1094 9 0
1035 1095 25 1
1035 1095 7 0
1036 1096 8 1
1036 1096 13 1
1037 1097 27 1
1037 1097 23 1
1038 1098 21 0
1038 1098 11 0
1039 1099 3 0
1039 1099 27 1
1040 1100 11 1
1040 1100 19 1
1041 1101 18 1
1041 1101 10 1
1042 1102 1 1
1042 1102 12 1
1043 1103 11 1
1043 1103 23 1
1044 1104 6 0
1044 1104 24 0
1045 1105 25 0
1045 1105 11 0
1046 1106 23 1
1046 1106 0 1
1047 1107 28 1
1047 1107 27 1
1048 1108 0 0
1048 1108 18 0
1049 1109 23 1
1049 1109 26 1
1050 1110 22 1
1050 1110 21 1
1051 1111 0 1
1051 1111 28 1
1052 1112 11 1
1052 1112 11 1
1053 1113 11 1
1053 1113 28 1
1054 1114 23 1
1054 1114 6 1
1055 1115 27 1
1055 1115 3 1
1056 1116 27 1
1056 1116 27 1
1057 1117 20 0
1057 1117 22 1
1058 1118 5 1
1058 1118 18 1
1059 1119 22 0
1059 1119 0 0
1060 1120 28 0
1060 1120 19 1
1061 1121 26 1
1061 1121 4 1
1062 1122 0 1
1062 1122 1 1
1063 1123 27 0
1063 1123 17 1
1064 1124 7 1
1064 1124 13 1
1065 1125 18 1
1065 1125 15 0
1066 1126 12 1
1066 1126 25 0
1067 1127 11 1
1067 1127 6 1
1068 1128 19 1
1068 1128 11 1
1069 1129 20 1
1069 1129 10 0
1070 1130 27 0
1070 1130 9 0
1071 1131 8 0
1071 1131 12 0
1072 1132 6 1
1072 1132 23 0
1073 1133 19 0
1073 1133 3 0
1074 1134 20 1
1074 1134 13 0
1075 1135 4 1
1075 1135 21 1
1076 1136 6 0
1076 1136 26 0
1077 1137 20 0
1077 1137 0 0
1078 1138 11 0
1078 1138 27 0
1079 1139 6 1
1079 1139 4 0
1080 1140 28 1
1080 1140 27 1
1081 1141 13 1
1081 1141 12 0
1082 1142 14 0
1082 1142 18 0
1083 1143 3 0
1083 1143 22 0
1084 1144 28 1
1084 1144 5 1
1085 1145 0 0
1085 1145 7 1
1086 1146 18 1
1086 1146 17 0
1087 1147 14 0
1087 1147 13 0
1088 1148 18 0
1088 1148 0 0
1089 1149 27 1
1089 1149 20 0
1090 1150 4 0
1090 1150 22 0
1091 1151 26 0
1091 1151 21 0
1092 1152 18 0
1092 1152 0 1
1093 1153 11 0
1093 1153 12 1
1094 1154 0 0
1094 1154 11 0
1095 1155 21 0
1095 1155 8 0
1096 1156 11 1
1096 1156 23 1
1097 1157 26 0
1097 1157 4 0
1098 1158 1 0
1098 1158 27 0
1099 1159 11 1
1099 1159 7 1
1100 1160 13 0
1100 1160 8 0
1101 1161 12 1
1101 1161 18 0
1102 1162 11 0
1102 1162 12 0
1103 1163 12 1
1103 1163 1 0
1104 1164 3 0
1104 1164 0 0
1105 1165 8 1
1105 1165 22 1
1106 1166 3 0
1106 1166 10 0
1107 1167 27 0
1107 1167 21 0
1108 1168 4 1
1108 1168 4 1
1109 1169 17 0
1109 1169 3 0
1110 1170 22 0
1110 1170 27 0
1111 1171 6 1
1111 1171 20 0
1112 1172 27 0
1112 1172 5 0
1113 1173 18 1
1113 1173 11 0
1114 1174 21 0
1114 1174 22 1
1115 1175 26 0
1115 1175 14 0
1116 1176 23 1
1116 1176 12 0
1117 1177 13 0
1117 1177 26 0
1118 1178 23 0
1118 1178 19 0
1119 1179 5 0
1119 1179 9 0
1120 1180 9 0
1120 1180 11 0
1121 1181 23 0
1121 1181 18 0
1122 1182 17 1
1122 1182 27 0
1123 1183 4 0
1123 1183 11 0
1124 1184 27 0
1124 1184 19 0
1125 1185 19 1
1125 1185 21 1
1126 1186 29 1
1126 1186 4 0
1127 1187 24 0
1127 1187 22 0
1128 1188 23 0
1128 1188 12 0
1129 1189 22 0
1129 1189 4 0
1130 1190 4 0
1130 1190 13 1
1131 1191 0 1
1131 1191 0 1
1132 1192 23 1
1132 1192 14 1
1133 1193 26 0
1133 1193 22 1
1134 1194 3 1
1134 1194 22 1
1135 1195 7 0
1135 1195 15 1
1136 1196 4 0
1136 1196 22 0
1137 1197 22 1
1137 1197 14 1
1138 1198 0 1
1138 1198 7 1
1139 1199 27 0
1139 1199 11 1
1140 1200 8 0
1140 1200 10 0
1141 1201 22 0
1141 1201 10 1
1142 1202 28 0
1142 1202 27 1
1143 1203 5 0
1143 1203 5 1
1144 1204 25 1
1144 1204 12 1
1145 1205 12 1
1145 1205 21 1
1146 1206 20 0
1146 1206 11 0
1147 1207 12 1
1147 1207 8 1
1148 1208 28 0
1148 1208 11 1
1149 1209 27 1
1149 1209 4 0
1150 1210 22 1
1150 1210 23 1
1151 1211 23 1
1151 1211 20 1
1152 1212 5 1
1152 1212 14 1
1153 1213 6 1
1153 1213 6 1
1154 1214 6 1
1154 1214 13 1
1155 1215 11 1
1155 1215 6 0
1156 1216 4 1
1156 1216 4 0
1157 1217 9 1
1157 1217 26 0
1158 1218 13 1
1158 1218 8 1
1159 1219 0 0
1159 1219 2 1
1160 1220 26 1
1160 1220 26 1
1161 1221 3 0
1161 1221 23 1
1162 1222 26 1
1162 1222 18 0
1163 1223 19 0
1163 1223 27 0
1164 1224 7 1
1164 1224 18 1
1165 1225 22 1
1165 1225 6 1
1166 1226 27 0
1166 1226 17 0
1167 1227 21 0
1167 1227 28 1
1168 1228 27 1
1168 1228 11 1
1169 1229 8 0
1169 1229 28 1
1170 1230 25 1
1170 1230 12 1
1171 1231 21 1
1171 1231 26 1
1172 1232 8 1
1172 1232 27 1
1173 1233 21 1
1173 1233 26 1
1174 1234 22 0
1174 1234 2 0
1175 1235 4 1
1175 1235 13 1
1176 1236 20 0
1176 1236 13 1
1177 1237 11 1
1177 1237 24 0
1178 1238 18 0
1178 1238 6 1
1179 1239 0 1
1179 1239 24 1
1180 1240 9 1
1180 1240 12 1
1181 1241 23 1
1181 1241 26 1
1182 1242 6 1
1182 1242 7 1
1183 1243 12 0
1183 1243 19 1
1184 1244 26 1
1184 1244 22 1
1185 1245 11 1
1185 1245 26 1
1186 1246 0 0
1186 1246 25 1
1187 1247 24 1
1187 1247 4 0
1188 1248 27 1
1188 1248 26 1
1189 1249 8 1
1189 1249 21 1
1190 1250 29 0
1190 1250 11 1
1191 1251 8 1
1191 1251 3 1
1192 1252 27 0
1192 1252 14 0
1193 1253 12 0
1193 1253 22 1
1194 1254 0 0
1194 1254 19 0
1195 1255 1 0
1195 1255 13 0
1196 1256 14 1
1196 1256 0 1
1197 1257 11 1
1197 1257 11 0
1198 1258 23 0
1198 1258 6 0
1199 1259 18 1
1199 1259 21 1
1200 1260 4 1
1200 1260 6 0
1201 1261 23 0
1201 1261 11 0
1202 1262 12 0
1202 1262 10 1
1203 1263 11 1
1203 1263 21 0
1204 1264 28 1
1204 1264 4 0
1205 1265 23 1
1205 1265 1 0
1206 1266 28 0
1206 1266 28 1
1207 1267 23 0
1207 1267 17 0
1208 1268 14 0
1208 1268 21 1
1209 1269 21 0
1209 1269 12 1
1210 1270 1 0
1210 1270 10 0
1211 1271 5 0
1211 1271 28 0
1212 1272 25 0
1212 1272 11 0
1213 1273 27 0
1213 1273 11 0
1214 1274 5 1
1214 1274 22 0
1215 1275 11 0
1215 1275 6 0
1216 1276 6 1
1216 1276 0 1
1217 1277 23 0
1217 1277 11 0
1218 1278 26 1
1218 1278 18 0
1219 1279 15 0
1219 1279 23 0
1220 1280 8 0
1220 1280 14 0
1221 1281 14 1
1221 1281 9 0
1222 1282 4 0
1222 1282 22 0
1223 1283 7 1
1223 1283 7 1
1224 1284 23 1
1224 1284 18 0
1225 1285 28 0
1225 1285 22 0
1226 1286 28 1
1226 1286 0 1
1227 1287 12 0
1227 1287 22 0
1228 1288 13 0
1228 1288 8 1
1229 1289 25 0
1229 1289 11 1
1230 1290 0 0
1230 1290 11 0
1231 1291 6 0
1231 1291 7 0
1232 1292 11 0
1232 1292 21 0
1233 1293 11 0
1233 1293 23 0
1234 1294 6 0
1234 1294 0 0
1235 1295 4 0
1235 1295 23 0
1236 1296 27 0
1236 1296 14 1
1237 1297 25 0
1237 1297 18 1
1238 1298 26 1
1238 1298 9 1
1239 1299 22 0
1239 1299 21 0
1240 1300 6 1
1240 1300 28 0
1241 1301 12 0
1241 1301 11 0
1242 1302 8 0
1242 1302 6 0
1243 1303 12 0
1243 1303 26 1
1244 1304 27 0
1244 1304 5 0
1245 1305 11 0
1245 1305 23 0
1246 1306 26 1
1246 1306 23 0
1247 1307 3 0
1247 1307 8 0
1248 1308 12 1
1248 1308 26 0
1249 1309 28 0
1249 1309 19 0
1250 1310 24 1
1250 1310 28 1
1251 1311 22 0
1251 1311 11 0
1252 1312 0 0
1252 1312 26 0
1253 1313 0 1
1253 1313 7 1
1254 1314 14 1
1254 1314 6 1
1255 1315 8 1
1255 1315 22 0
1256 1316 11 1
1256 1316 0 1
1257 1317 20 0
1257 1317 27 1
1258 1318 1 0
1258 1318 28 0
1259 1319 13 0
1259 1319 0 0
1260 1320 2 0
1260 1320 27 1
1261 1321 28 1
1261 1321 8 1
1262 1322 8 0
1262 1322 26 1
1263 1323 22 1
1263 1323 13 0
1264 1324 6 1
1264 1324 6 1
1265 1325 0 1
1265 1325 25 0
1266 1326 9 1
1266 1326 26 1
1267 1327 0 0
1267 1327 4 1
1268 1328 21 1
1268 1328 14 0
1269 1329 28 0
1269 1329 1 1
1270 1330 28 1
1270 1330 4 0
1271 1331 22 1
1271 1331 18 1
1272 1332 25 1
1272 1332 0 1
1273 1333 6 1
1273 1333 8 1
1274 1334 10 0
1274 1334 0 0
1275 1335 21 1
1275 1335 9 1
1276 1336 23 1
1276 1336 6 0
1277 1337 25 1
1277 1337 22 1
1278 1338 19 1
1278 1338 13 0
1279 1339 22 1
1279 1339 14 1
1280 1340 0 1
1280 1340 3 1
1281 1341 23 1
1281 1341 11 1
1282 1342 23 1
1282 1342 0 0
1283 1343 21 0
1283 1343 2 0
1284 1344 0 1
1284 1344 11 1
1285 1345 1 0
1285 1345 1 1
1286 1346 24 0
1286 1346 18 0
1287 1347 28 1
1287 1347 25 1
1288 1348 9 0
1288 1348 8 0
1289 1349 27 1
1289 1349 27 1
1290 1350 20 1
1290 1350 28 1
1291 1351 22 1
1291 1351 23 1
1292 1352 23 1
1292 1352 23 1
1293 1353 28 1
1293 1353 18 1
1294 1354 0 1
1294 1354 14 1
1295 1355 27 1
1295 1355 11 1
1296 1356 10 1
1296 1356 26 1
1297 1357 7 0
1297 1357 11 0
1298 1358 14 0
1298 1358 21 1
1299 1359 26 0
1299 1359 23 1
1300 1360 17 1
1300 1360 23 1
1301 1361 13 1
1301 1361 7 1
1302 1362 14 0
1302 1362 13 0
1303 1363 21 1
1303 1363 7 1
1304 1364 26 1
1304 1364 21 1
1305 1365 22 0
1305 1365 12 1
1306 1366 23 1
1306 1366 19 1
1307 1367 0 1
1307 1367 22 1
1308 1368 2 1
1308 1368 5 0
1309 1369 21 1
1309 1369 8 0
1310 1370 7 0
1310 1370 25 1
1311 1371 0 1
1311 1371 10 1
1312 1372 7 1
1312 1372 19 1
1313 1373 7 0
1313 1373 28 0
1314 1374 27 0
1314 1374 5 0
1315 1375 11 1
1315 1375 18 0
1316 1376 6 0
1316 1376 21 0
1317 1377 0 1
1317 1377 11 1
1318 1378 6 0
1318 1378 13 0
1319 1379 12 1
1319 1379 18 1
1320 1380 27 1
1320 1380 23 1
1321 1381 1 1
1321 1381 14 1
1322 1382 7 0
1322 1382 0 1
1323 1383 27 0
1323 1383 14 0
1324 1384 8 0
1324 1384 26 0
1325 1385 22 0
1325 1385 3 0
1326 1386 6 0
1326 1386 23 0
1327 1387 8 1
1327 1387 9 1
1328 1388 23 1
1328 1388 27 0
1329 1389 18 1
1329 1389 8 0
1330 1390 0 1
1330 1390 4 1
1331 1391 24 0
1331 1391 22 0
1332 1392 7 0
1332 1392 11 0
1333 1393 21 0
1333 1393 1 0
1334 1394 18 0
1334 1394 12 0
1335 1395 0 0
1335 1395 9 0
1336 1396 13 0
1336 1396 23 0
1337 1397 6 1
1337 1397 6 1
1338 1398 13 1
1338 1398 11 1
1339 1399 12 0
1339 1399 22 0
1340 1400 6 0
1340 1400 14 0
1341 1401 22 0
1341 1401 12 0
1342 1402 19 0
1342 1402 11 0
1343 1403 6 0
1343 1403 19 1
1344 1404 7 0
1344 1404 21 0
1345 1405 27 1
1345 1405 9 0
1346 1406 9 1
1346 1406 0 1
1347 1407 22 1
1347 1407 8 1
1348 1408 28 0
1348 1408 9 0
1349 1409 22 1
1349 1409 22 1
1350 1410 28 0
1350 1410 27 0
1351 1411 0 0
1351 1411 21 1
1352 1412 27 0
1352 1412 22 1
1353 1413 7 0
1353 1413 13 0
1354 1414 23 0
1354 1414 2 1
1355 1415 23 1
1355 1415 24 0
1356 1416 3 0
1356 1416 8 0
1357 1417 18 1
1357 1417 22 0
1358 1418 14 0
1358 1418 13 0
1359 1419 22 0
1359 1419 13 0
1360 1420 21 0
1360 1420 21 0
1361 1421 25 0
1361 1421 2 1
1362 1422 23 0
1362 1422 4 0
1363 1423 23 1
1363 1423 0 0
1364 1424 21 0
1364 1424 26 0
1365 1425 23 0
1365 1425 5 0
1366 1426 8 1
1366 1426 18 0
1367 1427 28 0
1367 1427 19 0
1368 1428 27 0
1368 1428 7 1
1369 1429 28 0
1369 1429 18 1
1370 1430 7 0
1370 1430 7 0
1371 1431 11 0
1371 1431 25 0
1372 1432 21 0
1372 1432 7 1
1373 1433 11 0
1373 1433 27 0
1374 1434 19 1
1374 1434 9 1
1375 1435 11 0
1375 1435 11 0
1376 1436 3 1
1376 1436 9 1
1377 1437 11 0
1377 1437 21 1
1378 1438 26 1
1378 1438 21 1
1379 1439 23 0
1379 1439 12 0
1380 1440 0 0
1380 1440 6 0
1381 1441 6 0
1381 1441 22 0
1382 1442 11 0
1382 1442 28 1
1383 1443 22 1
1383 1443 0 1
1384 1444 20 1
1384 1444 21 0
1385 1445 23 0
1385 1445 27 1
1386 1446 11 1
1386 1446 26 1
1387 1447 14 1
1387 1447 7 0
1388 1448 14 0
1388 1448 13 0
1389 1449 0 1
1389 1449 27 1
1390 1450 17 1
1390 1450 9 1
1391 1451 25 0
1391 1451 12 0
1392 1452 26 1
1392 1452 27 1
1393 1453 2 1
1393 1453 28 1
1394 1454 11 1
1394 1454 12 1
1395 1455 22 1
1395 1455 23 1
1396 1456 14 1
1396 1456 4 1
1397 1457 19 1
1397 1457 28 1
1398 1458 22 0
1398 1458 0 0
1399 1459 5 1
1399 1459 9 1
1400 1460 1 0
1400 1460 18 0
1401 1461 9 0
1401 1461 27 1
1402 1462 23 1
1402 1462 19 1
1403 1463 18 1
1403 1463 12 1
1404 1464 21 1
1404 1464 12 1
1405 1465 1 0
1405 1465 21 1
1406 1466 12 1
1406 1466 22 1
1407 1467 0 0
1407 1467 26 0
1408 1468 2 0
1408 1468 1 1
1409 1469 11 1
1409 1469 13 0
1410 1470 25 1
1410 1470 8 0
1411 1471 23 0
1411 1471 27 1
1412 1472 21 0
1412 1472 7 1
1413 1473 12 1
1413 1473 13 0
1414 1474 11 1
1414 1474 16 1
1415 1475 27 1
1415 1475 0 1
1416 1476 4 0
1416 1476 22 0
1417 1477 23 0
1417 1477 8 0
1418 1478 17 1
1418 1478 20 1
1419 1479 6 0
1419 1479 17 1
1420 1480 21 1
1420 1480 20 0
1421 1481 18 0
1421 1481 21 1
1422 1482 22 1
1422 1482 12 1
1423 1483 25 1
1423 1483 0 1
1424 1484 18 1
1424 1484 7 1
1425 1485 7 1
1425 1485 19 0
1426 1486 5 0
1426 1486 3 1
1427 1487 18 1
1427 1487 12 1
1428 1488 12 1
1428 1488 21 1
1429 1489 12 0
1429 1489 11 1
1430 1490 4 1
1430 1490 10 1
1431 1491 6 1
1431 1491 27 1
1432 1492 19 0
1432 1492 9 0
1433 1493 26 1
1433 1493 22 1
1434 1494 0 0
1434 1494 8 1
1435 1495 27 0
1435 1495 12 1
1436 1496 21 1
1436 1496 13 0
1437 1497 4 1
1437 1497 12 1
1438 1498 13 1
1438 1498 23 1
1439 1499 27 1
1439 1499 21 0
1440 1500 12 1
1440 1500 8 1
1441 1501 12 1
1441 1501 11 1
1442 1502 14 1
1442 1502 12 1
1443 1503 21 0
1443 1503 10 0
1444 1504 20 1
1444 1504 24 1
1445 1505 0 0
1445 1505 9 0
1446 1506 23 0
1446 1506 12 0
1447 1507 26 1
1447 1507 12 1
1448 1508 27 1
1448 1508 0 0
1449 1509 23 0
1449 1509 11 0
1450 1510 6 0
1450 1510 13 1
1451 1511 12 0
1451 1511 6 0
1452 1512 21 1
1452 1512 18 0
1453 1513 27 0
1453 1513 26 0
1454 1514 26 0
1454 1514 18 0
1455 1515 14 0
1455 1515 20 1
1456 1516 21 1
1456 1516 9 0
1457 1517 23 0
1457 1517 3 0
1458 1518 12 0
1458 1518 22 0
1459 1519 19 0
1459 1519 12 0
1460 1520 11 1
1460 1520 22 0
1461 1521 12 0
1461 1521 12 1
1462 1522 26 1
1462 1522 11 1
1463 1523 11 0
1463 1523 25 0
1464 1524 21 0
1464 1524 19 0
1465 1525 12 0
1465 1525 14 0
1466 1526 21 0
1466 1526 11 0
1467 1527 20 0
1467 1527 12 0
1468 1528 20 1
1468 1528 6 1
1469 1529 12 1
1469 1529 22 1
1470 1530 22 1
1470 1530 12 1
1471 1531 4 0
1471 1531 23 1
1472 1532 27 0
1472 1532 20 1
1473 1533 8 1
1473 1533 7 0
1474 1534 27 0
1474 1534 12 1
1475 1535 22 0
1475 1535 0 0
1476 1536 12 0
1476 1536 28 0
1477 1537 22 0
1477 1537 8 0
1478 1538 9 0
1478 1538 21 1
1479 1539 20 0
1479 1539 6 1
1480 1540 23 1
1480 1540 8 1
1481 1541 0 0
1481 1541 27 0
1482 1542 0 0
1482 1542 26 0
1483 1543 6 0
1483 1543 17 0
1484 1544 4 1
1484 1544 0 0
1485 1545 11 0
1485 1545 18 0
1486 1546 0 1
1486 1546 14 1
1487 1547 7 0
1487 1547 9 0
1488 1548 22 0
1488 1548 27 1
1489 1549 26 0
1489 1549 2 0
1490 1550 0 0
1490 1550 22 0
1491 1551 26 0
1491 1551 12 0
1492 1552 9 1
1492 1552 12 1
1493 1553 16 0
1493 1553 21 0
1494 1554 1 0
1494 1554 8 1
1495 1555 22 1
1495 1555 18 0
1496 1556 27 0
1496 1556 18 1
1497 1557 12 0
1497 1557 22 0
1498 1558 26 0
1498 1558 21 0
1499 1559 0 0
1499 1559 11 1
1500 1560 0 1
1500 1560 0 0
1501 1561 13 0
1501 1561 12 0
1502 1562 5 0
1502 1562 12 0
1503 1563 19 0
1503 1563 22 0
1504 1564 0 0
1504 1564 24 0
1505 1565 11 1
1505 1565 28 1
1506 1566 22 0
1506 1566 6 0
1507 1567 9 1
1507 1567 17 1
1508 1568 23 1
1508 1568 6 1
1509 1569 23 0
1509 1569 21 0
1510 1570 7 1
1510 1570 3 1
1511 1571 12 1
1511 1571 21 1
1512 1572 0 0
1512 1572 14 0
1513 1573 11 1
1513 1573 27 1
1514 1574 6 1
1514 1574 11 1
1515 1575 21 0
1515 1575 18 1
1516 1576 22 1
1516 1576 23 1
1517 1577 0 1
1517 1577 19 1
1518 1578 29 1
1518 1578 13 1
1519 1579 13 1
1519 1579 14 1
1520 1580 14 1
1520 1580 23 0
1521 1581 23 0
1521 1581 26 1
1522 1582 18 0
1522 1582 21 1
1523 1583 21 0
1523 1583 25 0
1524 1584 13 1
1524 1584 11 1
1525 1585 11 1
1525 1585 20 0
1526 1586 23 1
1526 1586 29 1
1527 1587 5 1
1527 1587 11 0
1528 1588 2 1
1528 1588 14 1
1529 1589 6 0
1529 1589 12 0
1530 1590 7 1
1530 1590 12 1
1531 1591 21 0
1531 1591 1 1
1532 1592 8 0
1532 1592 23 0
1533 1593 1 1
1533 1593 21 1
1534 1594 14 1
1534 1594 12 0
1535 1595 27 1
1535 1595 26 0
1536 1596 0 1
1536 1596 27 1
1537 1597 27 1
1537 1597 12 1
1538 1598 12 1
1538 1598 0 1
1539 1599 8 0
1539 1599 26 0
1540 1600 27 0
1540 1600 27 0
1541 1601 27 1
1541 1601 5 0
1542 1602 0 1
1542 1602 22 1
1543 1603 21 1
1543 1603 24 1
1544 1604 9 1
1544 1604 18 1
1545 1605 27 1
1545 1605 14 1
1546 1606 25 1
1546 1606 23 0
1547 1607 3 0
1547 1607 12 1
1548 1608 21 1
1548 1608 4 1
1549 1609 21 1
1549 1609 11 1
1550 1610 27 0
1550 1610 20 0
1551 1611 12 1
1551 1611 0 0
1552 1612 22 0
1552 1612 21 1
1553 1613 27 1
1553 1613 27 1
1554 1614 22 1
1554 1614 19 1
1555 1615 0 1
1555 1615 25 0
1556 1616 25 1
1556 1616 21 0
1557 1617 4 0
1557 1617 5 1
1558 1618 14 1
1558 1618 11 1
1559 1619 10 1
1559 1619 28 0
1560 1620 10 1
1560 1620 27 1
1561 1621 8 1
1561 1621 7 1
1562 1622 4 1
1562 1622 2 1
1563 1623 5 1
1563 1623 21 1
1564 1624 6 1
1564 1624 0 1
1565 1625 27 0
1565 1625 23 0
1566 1626 20 1
1566 1626 4 1
1567 1627 11 0
1567 1627 20 0
1568 1628 23 0
1568 1628 9 0
1569 1629 18 1
1569 1629 19 1
1570 1630 28 0
1570 1630 7 1
1571 1631 8 0
1571 1631 11 0
1572 1632 2 0
1572 1632 28 0
1573 1633 23 0
1573 1633 27 1
1574 1634 17 0
1574 1634 14 0
1575 1635 11 0
1575 1635 26 1
1576 1636 27 0
1576 1636 25 1
1577 1637 22 0
1577 1637 7 0
1578 1638 21 0
1578 1638 12 0
1579 1639 6 1
1579 1639 8 0
1580 1640 19 1
1580 1640 0 0
1581 1641 7 0
1581 1641 7 0
1582 1642 11 0
1582 1642 5 1
1583 1643 6 0
1583 1643 5 0
1584 1644 26 1
1584 1644 22 0
1585 1645 7 0
1585 1645 8 0
1586 1646 22 0
1586 1646 27 1
1587 1647 2 1
1587 1647 1 1
1588 1648 26 0
1588 1648 21 1
1589 1649 20 1
1589 1649 20 0
1590 1650 28 0
1590 1650 13 1
1591 1651 29 1
1591 1651 27 0
1592 1652 14 0
1592 1652 23 0
1593 1653 13 1
1593 1653 23 1
1594 1654 28 0
1594 1654 3 0
1595 1655 19 0
1595 1655 14 1
1596 1656 11 0
1596 1656 26 0
1597 1657 12 1
1597 1657 0 0
1598 1658 27 0
1598 1658 23 0
1599 1659 29 0
1599 1659 4 0
1600 1660 12 1
1600 1660 20 1
1601 1661 22 1
1601 1661 29 0
1602 1662 28 0
1602 1662 11 1
1603 1663 12 0
1603 1663 26 0
1604 1664 2 0
1604 1664 6 0
1605 1665 23 0
1605 1665 11 0
1606 1666 4 0
1606 1666 11 1
1607 1667 21 1
1607 1667 14 0
1608 1668 12 0
1608 1668 26 0
1609 1669 1 0
1609 1669 6 0
1610 1670 9 1
1610 1670 25 0
1611 1671 2 1
1611 1671 0 1
1612 1672 18 0
1612 1672 27 0
1613 1673 18 0
1613 1673 11 0
1614 1674 1 0
1614 1674 11 0
1615 1675 6 1
1615 1675 11 0
1616 1676 19 0
1616 1676 21 1
1617 1677 11 0
1617 1677 3 1
1618 1678 0 1
1618 1678 22 1
1619 1679 14 0
1619 1679 17 0
1620 1680 11 1
1620 1680 27 0
1621 1681 13 1
1621 1681 14 0
1622 1682 26 0
1622 1682 3 1
1623 1683 0 1
1623 1683 4 0
1624 1684 8 1
1624 1684 7 0
1625 1685 2 1
1625 1685 27 0
1626 1686 14 0
1626 1686 26 0
1627 1687 11 0
1627 1687 11 0
1628 1688 18 0
1628 1688 22 0
1629 1689 8 1
1629 1689 11 0
1630 1690 20 0
1630 1690 9 0
1631 1691 24 1
1631 1691 22 1
1632 1692 5 1
1632 1692 26 1
1633 1693 14 0
1633 1693 27 0
1634 1694 26 1
1634 1694 21 1
1635 1695 22 0
1635 1695 18 0
1636 1696 26 1
1636 1696 27 0
1637 1697 14 1
1637 1697 0 1
1638 1698 19 1
1638 1698 8 1
1639 1699 6 0
1639 1699 18 1
1640 1700 28 1
1640 1700 21 1
1641 1701 22 1
1641 1701 14 1
1642 1702 23 1
1642 1702 26 1
1643 1703 26 1
1643 1703 13 0
1644 1704 14 1
1644 1704 7 0
1645 1705 4 1
1645 1705 27 1
1646 1706 4 0
1646 1706 24 1
1647 1707 11 1
1647 1707 8 0
1648 1708 7 0
1648 1708 21 0
1649 1709 14 1
1649 1709 12 1
1650 1710 1 1
1650 1710 19 0
1651 1711 6 0
1651 1711 21 1
1652 1712 1 0
1652 1712 21 0
1653 1713 0 1
1653 1713 22 1
1654 1714 20 0
1654 1714 20 1
1655 1715 20 1
1655 1715 26 0
1656 1716 12 0
1656 1716 17 0
1657 1717 26 1
1657 1717 2 1
1658 1718 26 1
1658 1718 14 0
1659 1719 20 1
1659 1719 27 1
1660 1720 22 1
1660 1720 26 0
1661 1721 9 0
1661 1721 26 1
1662 1722 23 1
1662 1722 20 1
1663 1723 27 1
1663 1723 3 1
1664 1724 4 0
1664 1724 26 1
1665 1725 27 1
1665 1725 8 1
1666 1726 22 0
1666 1726 17 1
1667 1727 11 1
1667 1727 10 1
1668 1728 27 1
1668 1728 21 1
1669 1729 4 1
1669 1729 23 1
1670 1730 24 1
1670 1730 4 1
1671 1731 22 1
1671 1731 13 0
1672 1732 19 1
1672 1732 11 0
1673 1733 12 0
1673 1733 28 1
1674 1734 26 1
1674 1734 0 1
1675 1735 11 1
1675 1735 18 1
1676 1736 19 0
1676 1736 9 0
1677 1737 0 0
1677 1737 20 0
1678 1738 0 1
1678 1738 25 0
1679 1739 14 1
1679 1739 0 1
1680 1740 0 0
1680 1740 8 1
1681 1741 27 1
1681 1741 20 1
1682 1742 27 0
1682 1742 25 0
1683 1743 29 1
1683 1743 12 1
1684 1744 27 0
1684 1744 22 0
1685 1745 6 1
1685 1745 11 1
1686 1746 22 1
1686 1746 11 0
1687 1747 20 1
1687 1747 11 1
1688 1748 18 1
1688 1748 25 1
1689 1749 13 1
1689 1749 17 1
1690 1750 26 1
1690 1750 11 0
1691 1751 11 0
1691 1751 13 1
1692 1752 3 0
1692 1752 21 0
1693 1753 12 0
1693 1753 13 1
1694 1754 27 0
1694 1754 27 1
1695 1755 8 1
1695 1755 20 1
1696 1756 29 0
1696 1756 2 1
1697 1757 2 0
1697 1757 24 0
1698 1758 19 0
1698 1758 11 0
1699 1759 21 1
1699 1759 12 0
1700 1760 8 0
1700 1760 11 0
1701 1761 23 0
1701 1761 26 0
1702 1762 23 0
1702 1762 22 0
1703 1763 3 1
1703 1763 14 0
1704 1764 18 0
1704 1764 8 0
1705 1765 8 0
1705 1765 26 0
1706 1766 12 0
1706 1766 12 0
1707 1767 14 1
1707 1767 27 1
1708 1768 27 0
1708 1768 21 1
1709 1769 3 0
1709 1769 8 1
1710 1770 24 1
1710 1770 4 0
1711 1771 1 1
1711 1771 14 0
1712 1772 17 0
1712 1772 26 0
1713 1773 18 1
1713 1773 26 0
1714 1774 25 1
1714 1774 26 1
1715 1775 27 0
1715 1775 5 1
1716 1776 12 1
1716 1776 13 1
1717 1777 26 1
1717 1777 23 1
1718 1778 12 0
1718 1778 28 0
1719 1779 22 1
1719 1779 26 1
1720 1780 20 0
1720 1780 21 0
1721 1781 13 0
1721 1781 5 0
1722 1782 21 0
1722 1782 26 0
1723 1783 23 0
1723 1783 21 0
1724 1784 17 1
1724 1784 0 0
1725 1785 27 1
1725 1785 4 1
1726 1786 22 0
1726 1786 0 0
1727 1787 28 1
1727 1787 0 0
1728 1788 6 0
1728 1788 17 1
1729 1789 23 0
1729 1789 24 0
1730 1790 27 1
1730 1790 20 0
1731 1791 14 0
1731 1791 4 1
1732 1792 11 0
1732 1792 22 0
1733 1793 11 0
1733 1793 4 0
1734 1794 26 0
1734 1794 1 0
1735 1795 21 0
1735 1795 22 0
1736 1796 14 1
1736 1796 19 0
1737 1797 23 1
1737 1797 17 0
1738 1798 22 0
1738 1798 21 0
1739 1799 22 1
1739 1799 14 0
1740 1800 2 0
1740 1800 18 0
1741 1801 21 0
1741 1801 11 0
1742 1802 26 1
1742 1802 7 1
1743 1803 4 0
1743 1803 22 1
1744 1804 18 1
1744 1804 24 0
1745 1805 29 1
1745 1805 28 0
1746 1806 23 1
1746 1806 27 0
1747 1807 0 0
1747 1807 27 0
1748 1808 21 0
1748 1808 27 0
1749 1809 29 0
1749 1809 11 0
1750 1810 22 0
1750 1810 10 0
1751 1811 21 1
1751 1811 21 1
1752 1812 14 1
1752 1812 3 1
1753 1813 6 1
1753 1813 6 0
1754 1814 10 0
1754 1814 27 1
1755 1815 20 0
1755 1815 13 0
1756 1816 8 1
1756 1816 13 0
1757 1817 19 1
1757 1817 27 0
1758 1818 26 1
1758 1818 23 1
1759 1819 13 1
1759 1819 27 1
1760 1820 12 1
1760 1820 21 0
1761 1821 11 1
1761 1821 11 1
1762 1822 14 1
1762 1822 28 1
1763 1823 28 1
1763 1823 27 0
1764 1824 11 1
1764 1824 8 1
1765 1825 13 0
1765 1825 26 1
1766 1826 27 0
1766 1826 17 1
1767 1827 4 1
1767 1827 26 1
1768 1828 20 1
1768 1828 22 1
1769 1829 18 0
1769 1829 11 0
1770 1830 21 0
1770 1830 8 0
1771 1831 26 1
1771 1831 11 1
1772 1832 28 1
1772 1832 17 1
1773 1833 22 1
1773 1833 1 0
1774 1834 27 0
1774 1834 22 1
1775 1835 19 1
1775 1835 11 0
1776 1836 3 0
1776 1836 12 0
1777 1837 26 0
1777 1837 27 0
1778 1838 27 1
1778 1838 19 1
1779 1839 13 0
1779 1839 27 0
1780 1840 11 0
1780 1840 7 1
1781 1841 23 1
1781 1841 20 1
1782 1842 17 1
1782 1842 18 0
1783 1843 9 1
1783 1843 21 1
1784 1844 26 1
1784 1844 3 1
1785 1845 4 1
1785 1845 22 0
1786 1846 22 1
1786 1846 16 1
1787 1847 5 0
1787 1847 14 1
1788 1848 22 1
1788 1848 8 0
1789 1849 0 0
1789 1849 26 1
1790 1850 12 0
1790 1850 0 1
1791 1851 26 0
1791 1851 22 1
1792 1852 18 1
1792 1852 0 1
1793 1853 21 1
1793 1853 21 0
1794 1854 22 1
1794 1854 22 1
1795 1855 3 1
1795 1855 6 1
1796 1856 14 1
1796 1856 4 0
1797 1857 7 1
1797 1857 13 1
1798 1858 20 0
1798 1858 28 1
1799 1859 17 1
1799 1859 10 1
1800 1860 28 1
1800 1860 13 1
1801 1861 2 1
1801 1861 8 1
1802 1862 0 1
1802 1862 15 1
1803 1863 8 0
1803 1863 1 1
1804 1864 22 0
1804 1864 24 0
1805 1865 20 0
1805 1865 22 1
1806 1866 7 1
1806 1866 21 0
1807 1867 22 0
1807 1867 20 1
1808 1868 21 1
1808 1868 6 1
1809 1869 17 0
1809 1869 14 0
1810 1870 20 1
1810 1870 8 1
1811 1871 15 1
1811 1871 8 1
1812 1872 26 0
1812 1872 26 0
1813 1873 20 1
1813 1873 2 1
1814 1874 13 0
1814 1874 12 0
1815 1875 28 1
1815 1875 27 0
1816 1876 0 1
1816 1876 8 1
1817 1877 0 1
1817 1877 8 1
1818 1878 2 0
1818 1878 18 1
1819 1879 0 0
1819 1879 17 1
1820 1880 19 0
1820 1880 26 0
1821 1881 8 0
1821 1881 14 0
1822 1882 27 0
1822 1882 0 0
1823 1883 25 0
1823 1883 8 1
1824 1884 12 0
1824 1884 4 0
1825 1885 21 0
1825 1885 0 0
1826 1886 8 0
1826 1886 27 0
1827 1887 20 0
1827 1887 9 1
1828 1888 28 0
1828 1888 18 0
1829 1889 14 1
1829 1889 12 0
1830 1890 26 1
1830 1890 23 1
1831 1891 14 0
1831 1891 0 0
1832 1892 22 0
1832 1892 8 0
1833 1893 1 1
1833 1893 21 1
1834 1894 28 1
1834 1894 24 0
1835 1895 23 1
1835 1895 22 0
1836 1896 24 1
1836 1896 13 1
1837 1897 29 0
1837 1897 4 1
1838 1898 3 1
1838 1898 21 0
1839 1899 12 1
1839 1899 12 1
1840 1900 12 0
1840 1900 13 0
1841 1901 23 0
1841 1901 21 0
1842 1902 26 1
1842 1902 18 1
1843 1903 12 0
1843 1903 12 0
1844 1904 7 1
1844 1904 4 0
1845 1905 21 0
1845 1905 6 0
1846 1906 11 0
1846 1906 28 0
1847 1907 18 1
1847 1907 26 0
1848 1908 21 0
1848 1908 27 0
1849 1909 22 0
1849 1909 12 0
1850 1910 23 1
1850 1910 26 1
1851 1911 7 0
1851 1911 25 0
1852 1912 22 1
1852 1912 11 0
1853 1913 1 1
1853 1913 9 1
1854 1914 17 1
1854 1914 20 1
1855 1915 13 1
1855 1915 21 0
1856 1916 13 0
1856 1916 19 0
1857 1917 7 0
1857 1917 19 0
1858 1918 23 0
1858 1918 27 0
1859 1919 27 0
1859 1919 9 0
1860 1920 19 1
1860 1920 18 0
1861 1921 23 0
1861 1921 8 0
1862 1922 23 0
1862 1922 26 0
1863 1923 20 0
1863 1923 11 0
1864 1924 14 1
1864 1924 22 0
1865 1925 0 0
1865 1925 27 1
1866 1926 4 1
1866 1926 4 1
1867 1927 23 0
1867 1927 6 0
1868 1928 13 0
1868 1928 21 0
1869 1929 6 1
1869 1929 6 0
1870 1930 13 1
1870 1930 11 1
1871 1931 12 0
1871 1931 17 0
1872 1932 7 0
1872 1932 27 1
1873 1933 14 0
1873 1933 13 0
1874 1934 28 0
1874 1934 2 1
1875 1935 12 0
1875 1935 20 0
1876 1936 11 0
1876 1936 20 1
1877 1937 22 0
1877 1937 20 0
1878 1938 19 1
1878 1938 7 1
1879 1939 20 1
1879 1939 4 0
1880 1940 7 1
1880 1940 27 0
1881 1941 28 1
1881 1941 6 1
1882 1942 0 1
1882 1942 22 1
1883 1943 0 1
1883 1943 0 1
1884 1944 22 0
1884 1944 21 1
1885 1945 0 0
1885 1945 0 1
1886 1946 27 1
1886 1946 7 1
1887 1947 21 1
1887 1947 11 1
1888 1948 4 1
1888 1948 3 1
1889 1949 11 0
1889 1949 23 1
1890 1950 11 0
1890 1950 8 0
1891 1951 7 1
1891 1951 22 1
1892 1952 9 0
1892 1952 27 1
1893 1953 8 0
1893 1953 14 1
1894 1954 0 1
1894 1954 12 1
1895 1955 28 0
1895 1955 28 0
1896 1956 0 0
1896 1956 21 0
1897 1957 3 0
1897 1957 18 0
1898 1958 26 1
1898 1958 21 1
1899 1959 21 1
1899 1959 12 0
1900 1960 22 0
1900 1960 0 0
1901 1961 19 1
1901 1961 11 1
1902 1962 28 0
1902 1962 14 1
1903 1963 7 1
1903 1963 1 1
1904 1964 11 1
1904 1964 26 1
1905 1965 29 1
1905 1965 12 0
1906 1966 13 1
1906 1966 22 1
1907 1967 18 0
1907 1967 27 1
1908 1968 7 1
1908 1968 26 0
1909 1969 12 1
1909 1969 14 1
1910 1970 23 1
1910 1970 7 1
1911 1971 25 1
1911 1971 16 0
1912 1972 17 1
1912 1972 4 0
1913 1973 22 1
1913 1973 3 1
1914 1974 8 0
1914 1974 14 0
1915 1975 12 1
1915 1975 0 0
1916 1976 3 1
1916 1976 11 1
1917 1977 18 0
1917 1977 1 0
1918 1978 26 1
1918 1978 0 1
1919 1979 20 1
1919 1979 13 1
1920 1980 0 1
1920 1980 13 1
1921 1981 27 1
1921 1981 22 1
1922 1982 0 0
1922 1982 19 1
1923 1983 10 1
1923 1983 21 1
1924 1984 28 1
1924 1984 9 0
1925 1985 18 1
1925 1985 7 0
1926 1986 0 0
1926 1986 14 0
1927 1987 12 1
1927 1987 0 0
1928 1988 20 1
1928 1988 8 1
1929 1989 13 1
1929 1989 14 1
1930 1990 9 1
1930 1990 8 1
1931 1991 29 1
1931 1991 19 0
1932 1992 13 0
1932 1992 8 0
1933 1993 21 1
1933 1993 7 0
1934 1994 23 1
1934 1994 6 0
1935 1995 23 1
1935 1995 9 1
1936 1996 13 1
1936 1996 8 1
1937 1997 8 1
1937 1997 14 1
1938 1998 21 1
1938 1998 4 1
1939 1999 8 0
1939 1999 20 0
1940 2000 10 0
1940 2000 0 0
1941 2001 11 1
1941 2001 5 0
1942 2002 6 0
1942 2002 11 0
1943 2003 20 0
1943 2003 14 0
1944 2004 5 0
1944 2004 24 0
1945 2005 23 1
1945 2005 4 1
1946 2006 3 0
1946 2006 7 0
1947 2007 26 0
1947 2007 27 0
1948 2008 22 0
1948 2008 13 0
1949 2009 0 0
1949 2009 20 0
1950 2010 26 1
1950 2010 8 1
1951 2011 13 0
1951 2011 23 0
1952 2012 27 1
1952 2012 26 0
1953 2013 26 0
1953 2013 14 0
1954 2014 20 1
1954 2014 23 1
1955 2015 7 1
1955 2015 26 0
1956 2016 22 0
1956 2016 16 1
1957 2017 14 1
1957 2017 8 1
1958 2018 3 1
1958 2018 28 0
1959 2019 11 0
1959 2019 23 1
1960 2020 13 1
1960 2020 20 1
1961 2021 11 1
1961 2021 22 1
1962 2022 4 0
1962 2022 29 1
1963 2023 20 0
1963 2023 4 0
1964 2024 11 0
1964 2024 12 1
1965 2025 11 0
1965 2025 27 0
1966 2026 7 0
1966 2026 19 0
1967 2027 23 0
1967 2027 1 0
1968 2028 27 0
1968 2028 12 1
1969 2029 4 0
1969 2029 23 0
1970 2030 12 0
1970 2030 23 1
1971 2031 26 1
1971 2031 20 0
1972 2032 29 0
1972 2032 28 1
1973 2033 27 0
1973 2033 13 0
1974 2034 1 0
1974 2034 0 1
1975 2035 22 0
1975 2035 22 0
1976 2036 23 1
1976 2036 26 0
1977 2037 0 0
1977 2037 22 1
1978 2038 22 1
1978 2038 0 1
1979 2039 14 0
1979 2039 22 1
1980 2040 27 0
1980 2040 13 0
1981 2041 19 0
1981 2041 26 1
1982 2042 27 1
1982 2042 20 0
1983 2043 25 0
1983 2043 0 0
1984 2044 26 0
1984 2044 27 0
1985 2045 11 0
1985 2045 0 0
1986 2046 7 0
1986 2046 12 0
1987 2047 12 0
1987 2047 26 0
1988 2048 20 0
1988 2048 27 1
1989 2049 12 1
1989 2049 19 0
1990 2050 18 0
1990 2050 21 0
1991 2051 0 0
1991 2051 23 0
1992 2052 25 1
1992 2052 22 1
1993 2053 8 0
1993 2053 4 1
1994 2054 13 0
1994 2054 28 1
1995 2055 22 0
1995 2055 23 0
1996 2056 25 1
1996 2056 23 1
1997 2057 20 0
1997 2057 28 0
1998 2058 0 0
1998 2058 22 0
1999 2059 8 0
1999 2059 12 0
2000 2060 23 1
2000 2060 11 1
2001 2061 22 0
2001 2061 6 1
2002 2062 24 1
2002 2062 2 0
2003 2063 3 0
2003 2063 14 1
2004 2064 0 1
2004 2064 22 1
2005 2065 22 1
2005 2065 8 1
2006 2066 13 1
2006 2066 5 1
2007 2067 16 1
2007 2067 27 1
2008 2068 0 1
2008 2068 21 1
2009 2069 9 1
2009 2069 6 1
2010 2070 17 0
2010 2070 11 0
2011 2071 11 1
2011 2071 6 1
2012 2072 9 1
2012 2072 26 1
2013 2073 27 1
2013 2073 12 1
2014 2074 29 0
2014 2074 28 0
2015 2075 27 0
2015 2075 21 0
2016 2076 11 1
2016 2076 11 1
2017 2077 17 0
2017 2077 22 0
2018 2078 9 0
2018 2078 11 1
2019 2079 9 0
2019 2079 14 0
2020 2080 1 1
2020 2080 14 0
2021 2081 1 0
2021 2081 5 0
2022 2082 20 1
2022 2082 26 1
2023 2083 27 1
2023 2083 4 0
2024 2084 11 0
2024 2084 7 0
2025 2085 28 1
2025 2085 6 1
2026 2086 21 1
2026 2086 19 1
2027 2087 21 1
2027 2087 26 1
2028 2088 23 1
2028 2088 17 0
2029 2089 12 0
2029 2089 21 1
2030 2090 11 1
2030 2090 27 1
2031 2091 23 1
2031 2091 12 1
2032 2092 20 0
2032 2092 21 0
2033 2093 25 1
2033 2093 23 0
2034 2094 26 1
2034 2094 4 1
2035 2095 18 1
2035 2095 3 1
2036 2096 22 1
2036 2096 8 0
2037 2097 12 1
2037 2097 18 1
2038 2098 17 0
2038 2098 14 1
2039 2099 18 1
2039 2099 20 0
2040 2100 8 0
2040 2100 28 0
2041 2101 4 0
2041 2101 13 1
2042 2102 26 0
2042 2102 7 0
2043 2103 21 1
2043 2103 9 1
2044 2104 0 0
2044 2104 0 1
2045 2105 20 1
2045 2105 14 1
2046 2106 14 0
2046 2106 0 1
2047 2107 9 1
2047 2107 0 1
2048 2108 19 1
2048 2108 1 1
2049 2109 26 1
2049 2109 22 0
2050 2110 10 1
2050 2110 18 1
2051 2111 27 1
2051 2111 19 1
2052 2112 7 1
2052 2112 21 1
2053 2113 7 0
2053 2113 5 0
2054 2114 19 1
2054 2114 0 0
2055 2115 19 1
2055 2115 21 1
2056 2116 28 0
2056 2116 26 1
2057 2117 6 1
2057 2117 7 1
2058 2118 22 1
2058 2118 27 1
2059 2119 21 1
2059 2119 24 1
2060 2120 6 1
2060 2120 6 1
2061 2121 22 1
2061 2121 29 0
2062 2122 11 0
2062 2122 28 0
2063 2123 0 0
2063 2123 22 0
2064 2124 14 0
2064 2124 0 0
2065 2125 23 0
2065 2125 14 0
2066 2126 4 1
2066 2126 22 0
2067 2127 7 0
2067 2127 6 0
2068 2128 21 0
2068 2128 27 0
2069 2129 27 0
2069 2129 13 0
2070 2130 26 1
2070 2130 1 1
2071 2131 8 0
2071 2131 27 1
2072 2132 22 1
2072 2132 0 0
2073 2133 7 0
2073 2133 7 1
2074 2134 22 0
2074 2134 21 0
2075 2135 17 1
2075 2135 5 0
2076 2136 10 1
2076 2136 27 0
2077 2137 12 1
2077 2137 4 1
2078 2138 26 0
2078 2138 4 0
2079 2139 0 0
2079 2139 5 0
2080 2140 4 1
2080 2140 29 1
2081 2141 14 1
2081 2141 3 1
2082 2142 10 0
2082 2142 25 1
2083 2143 14 0
2083 2143 11 0
2084 2144 11 0
2084 2144 5 1
2085 2145 26 0
2085 2145 22 0
2086 2146 9 1
2086 2146 6 1
2087 2147 13 1
2087 2147 23 0
2088 2148 27 0
2088 2148 13 0
2089 2149 26 1
2089 2149 12 0
2090 2150 27 0
2090 2150 12 0
2091 2151 28 0
2091 2151 19 0
2092 2152 22 0
2092 2152 18 1
2093 2153 19 1
2093 2153 11 0
2094 2154 12 0
2094 2154 21 0
2095 2155 26 1
2095 2155 0 0
2096 2156 11 1
2096 2156 23 0
2097 2157 18 0
2097 2157 26 0
2098 2158 27 0
2098 2158 3 1
2099 2159 6 1
2099 2159 8 0
2100 2160 14 1
2100 2160 10 1
2101 2161 0 0
2101 2161 14 0
2102 2162 25 1
2102 2162 26 1
2103 2163 15 1
2103 2163 13 1
2104 2164 4 0
2104 2164 20 0
2105 2165 17 0
2105 2165 25 0
2106 2166 0 1
2106 2166 20 0
2107 2167 27 1
2107 2167 6 1
2108 2168 8 0
2108 2168 22 0
2109 2169 10 0
2109 2169 11 0
2110 2170 14 1
2110 2170 21 0
2111 2171 0 1
2111 2171 17 0
2112 2172 27 0
2112 2172 13 0
2113 2173 22 0
2113 2173 6 0
2114 2174 13 0
2114 2174 18 0
2115 2175 3 0
2115 2175 19 0
2116 2176 2 0
2116 2176 25 1
2117 2177 24 0
2117 2177 26 1
2118 2178 14 0
2118 2178 22 0
2119 2179 11 0
2119 2179 26 0
2120 2180 23 0
2120 2180 10 0
2121 2181 26 0
2121 2181 12 0
2122 2182 12 1
2122 2182 6 0
2123 2183 8 1
2123 2183 20 1
2124 2184 11 1
2124 2184 5 0
2125 2185 11 1
2125 2185 0 1
2126 2186 1 1
2126 2186 28 1
2127 2187 0 0
2127 2187 20 1
2128 2188 23 1
2128 2188 27 1
2129 2189 14 1
2129 2189 12 1
2130 2190 14 1
2130 2190 27 0
2131 2191 14 0
2131 2191 7 1
2132 2192 27 0
2132 2192 4 0
2133 2193 3 1
2133 2193 26 1
2134 2194 0 1
2134 2194 14 1
2135 2195 6 1
2135 2195 20 1
2136 2196 23 0
2136 2196 19 0
2137 2197 21 1
2137 2197 10 0
2138 2198 22 1
2138 2198 18 1
2139 2199 27 1
2139 2199 26 1
2140 2200 24 0
2140 2200 7 0
2141 2201 11 1
2141 2201 9 1
2142 2202 21 0
2142 2202 28 1
2143 2203 0 0
2143 2203 15 0
2144 2204 10 0
2144 2204 23 0
2145 2205 23 1
2145 2205 18 1
2146 2206 22 0
2146 2206 0 0
2147 2207 4 1
2147 2207 6 1
2148 2208 20 1
2148 2208 21 0
2149 2209 14 0
2149 2209 14 1
2150 2210 24 1
2150 2210 0 1
2151 2211 27 1
2151 2211 12 1
2152 2212 6 1
2152 2212 11 1
2153 2213 28 1
2153 2213 2 0
2154 2214 18 0
2154 2214 27 1
2155 2215 26 0
2155 2215 25 1
2156 2216 23 1
2156 2216 6 0
2157 2217 23 1
2157 2217 27 1
2158 2218 18 1
2158 2218 0 0
2159 2219 27 1
2159 2219 7 1
2160 2220 20 1
2160 2220 22 0
2161 2221 8 1
2161 2221 13 0
2162 2222 11 0
2162 2222 23 0
2163 2223 13 0
2163 2223 9 0
2164 2224 1 1
2164 2224 7 1
2165 2225 17 0
2165 2225 8 1
2166 2226 22 1
2166 2226 18 1
2167 2227 27 0
2167 2227 12 0
2168 2228 21 0
2168 2228 12 0
2169 2229 13 1
2169 2229 4 1
2170 2230 0 1
2170 2230 12 1
2171 2231 0 1
2171 2231 0 0
2172 2232 5 1
2172 2232 13 1
2173 2233 21 1
2173 2233 11 1
2174 2234 18 0
2174 2234 18 1
2175 2235 8 1
2175 2235 15 1
2176 2236 9 0
2176 2236 12 1
2177 2237 19 1
2177 2237 1 1
2178 2238 11 1
2178 2238 6 1
2179 2239 27 1
2179 2239 26 0
2180 2240 12 1
2180 2240 17 0
2181 2241 7 1
2181 2241 11 1
2182 2242 14 1
2182 2242 8 1
2183 2243 10 0
2183 2243 0 0
2184 2244 3 1
2184 2244 16 1
2185 2245 23 1
2185 2245 29 0
2186 2246 10 0
2186 2246 23 0
2187 2247 17 1
2187 2247 4 1
2188 2248 18 0
2188 2248 20 0
2189 2249 21 0
2189 2249 27 1
2190 2250 8 0
2190 2250 11 0
2191 2251 21 0
2191 2251 26 0
2192 2252 6 0
2192 2252 0 0
2193 2253 17 0
2193 2253 10 1
2194 2254 1 0
2194 2254 23 1
2195 2255 4 0
2195 2255 15 0
2196 2256 28 1
2196 2256 20 1
2197 2257 12 1
2197 2257 13 0
2198 2258 4 0
2198 2258 23 0
2199 2259 18 0
2199 2259 7 0
2200 2260 27 1
2200 2260 0 0
2201 2261 12 0
2201 2261 13 0
2202 2262 20 1
2202 2262 0 1
2203 2263 0 1
2203 2263 28 1
2204 2264 3 1
2204 2264 0 0
2205 2265 9 0
2205 2265 16 0
2206 2266 26 1
2206 2266 13 1
2207 2267 22 0
2207 2267 21 1
2208 2268 12 0
2208 2268 19 0
2209 2269 15 0
2209 2269 9 0
2210 2270 12 1
2210 2270 17 1
2211 2271 14 0
2211 2271 12 1
2212 2272 6 0
2212 2272 18 0
2213 2273 28 0
2213 2273 20 0
2214 2274 11 0
2214 2274 20 1
2215 2275 1 1
2215 2275 21 1
2216 2276 14 0
2216 2276 14 1
2217 2277 0 0
2217 2277 14 0
2218 2278 19 0
2218 2278 13 0
2219 2279 14 0
2219 2279 27 0
2220 2280 4 0
2220 2280 12 0
2221 2281 21 1
2221 2281 11 0
2222 2282 25 0
2222 2282 4 1
2223 2283 17 1
2223 2283 7 0
2224 2284 8 1
2224 2284 26 0
2225 2285 7 0
2225 2285 19 0
2226 2286 16 1
2226 2286 8 1
2227 2287 8 0
2227 2287 18 1
2228 2288 23 1
2228 2288 0 1
2229 2289 19 1
2229 2289 6 1
2230 2290 27 0
2230 2290 1 0
2231 2291 23 0
2231 2291 25 1
2232 2292 23 0
2232 2292 18 0
2233 2293 23 0
2233 2293 12 0
2234 2294 20 1
2234 2294 13 1
2235 2295 23 1
2235 2295 3 0
2236 2296 25 0
2236 2296 6 0
2237 2297 26 0
2237 2297 12 0
2238 2298 21 0
2238 2298 24 0
2239 2299 21 0
2239 2299 22 1
2240 2300 3 0
2240 2300 11 0
2241 2301 20 0
2241 2301 26 0
2242 2302 27 1
2242 2302 8 0
2243 2303 22 0
2243 2303 22 1
2244 2304 18 1
2244 2304 6 0
2245 2305 6 0
2245 2305 23 0
2246 2306 7 1
2246 2306 8 0
2247 2307 19 0
2247 2307 4 1
2248 2308 25 1
2248 2308 23 0
2249 2309 12 0
2249 2309 8 1
2250 2310 14 1
2250 2310 0 1
2251 2311 6 1
2251 2311 14 1
2252 2312 27 1
2252 2312 14 0
2253 2313 4 1
2253 2313 7 1
2254 2314 14 0
2254 2314 6 0
2255 2315 22 1
2255 2315 12 1
2256 2316 16 0
2256 2316 3 1
2257 2317 22 1
2257 2317 0 1
2258 2318 3 0
2258 2318 1 0
2259 2319 4 1
2259 2319 23 1
2260 2320 21 1
2260 2320 9 0
2261 2321 26 1
2261 2321 20 1
2262 2322 27 1
2262 2322 14 1
2263 2323 21 1
2263 2323 14 0
2264 2324 10 0
2264 2324 13 0
2265 2325 11 1
2265 2325 20 1
2266 2326 8 0
2266 2326 6 1
2267 2327 20 1
2267 2327 12 0
2268 2328 26 0
2268 2328 26 1
2269 2329 11 0
2269 2329 14 1
2270 2330 28 1
2270 2330 27 1
2271 2331 11 0
2271 2331 21 0
2272 2332 18 1
2272 2332 18 0
2273 2333 6 1
2273 2333 21 1
2274 2334 25 0
2274 2334 19 1
2275 2335 25 0
2275 2335 6 1
2276 2336 11 1
2276 2336 12 1
2277 2337 21 0
2277 2337 12 1
2278 2338 8 1
2278 2338 22 1
2279 2339 1 0
2279 2339 27 0
2280 2340 26 0
2280 2340 20 1
2281 2341 12 1
2281 2341 15 1
2282 2342 11 0
2282 2342 18 1
2283 2343 23 1
2283 2343 4 1
2284 2344 22 1
2284 2344 6 1
2285 2345 14 0
2285 2345 6 0
2286 2346 26 1
2286 2346 0 0
2287 2347 6 1
2287 2347 12 1
2288 2348 3 0
2288 2348 21 0
2289 2349 21 0
2289 2349 0 1
2290 2350 18 0
2290 2350 20 0
2291 2351 4 0
2291 2351 15 0
2292 2352 7 1
2292 2352 28 1
2293 2353 12 1
2293 2353 21 0
2294 2354 18 1
2294 2354 7 0
2295 2355 8 1
2295 2355 28 0
2296 2356 25 0
2296 2356 9 1
2297 2357 23 1
2297 2357 21 1
2298 2358 27 1
2298 2358 6 1
2299 2359 27 1
2299 2359 1 1
2300 2360 0 1
2300 2360 27 1
2301 2361 14 1
2301 2361 7 1
2302 2362 22 1
2302 2362 26 1
2303 2363 0 0
2303 2363 23 0
2304 2364 3 1
2304 2364 12 0
2305 2365 3 1
2305 2365 27 1
2306 2366 18 1
2306 2366 19 1
2307 2367 26 1
2307 2367 9 0
2308 2368 8 0
2308 2368 1 0
2309 2369 7 1
2309 2369 28 1
2310 2370 26 0
2310 2370 14 0
2311 2371 14 0
2311 2371 4 0
2312 2372 12 0
2312 2372 11 1
2313 2373 8 0
2313 2373 13 1
2314 2374 26 1
2314 2374 18 1
2315 2375 23 0
2315 2375 23 0
2316 2376 26 0
2316 2376 28 0
2317 2377 12 0
2317 2377 22 0
2318 2378 4 1
2318 2378 18 1
2319 2379 21 0
2319 2379 18 0
2320 2380 22 1
2320 2380 6 0
2321 2381 19 0
2321 2381 19 1
2322 2382 3 0
2322 2382 6 0
2323 2383 4 0
2323 2383 17 0
2324 2384 25 1
2324 2384 25 1
2325 2385 26 0
2325 2385 0 1
2326 2386 23 0
2326 2386 14 1
2327 2387 21 1
2327 2387 8 1
2328 2388 14 1
2328 2388 3 0
2329 2389 11 0
2329 2389 18 0
2330 2390 0 0
2330 2390 13 0
2331 2391 20 1
2331 2391 21 0
2332 2392 9 1
2332 2392 23 1
2333 2393 9 1
2333 2393 25 0
2334 2394 27 0
2334 2394 4 0
2335 2395 23 1
2335 2395 6 1
2336 2396 7 0
2336 2396 22 0
2337 2397 0 1
2337 2397 21 0
2338 2398 11 0
2338 2398 4 0
2339 2399 20 0
2339 2399 9 1
2340 2400 24 1
2340 2400 5 1
2341 2401 12 0
2341 2401 26 0
2342 2402 3 0
2342 2402 13 0
2343 2403 7 0
2343 2403 18 0
2344 2404 3 0
2344 2404 27 0
2345 2405 2 1
2345 2405 0 1
2346 2406 4 0
2346 2406 2 0
2347 2407 0 1
2347 2407 20 0
2348 2408 18 1
2348 2408 28 0
2349 2409 27 1
2349 2409 21 0
2350 2410 7 1
2350 2410 19 1
2351 2411 14 1
2351 2411 4 1
2352 2412 12 1
2352 2412 14 0
2353 2413 12 0
2353 2413 22 0
2354 2414 20 1
2354 2414 18 0
2355 2415 17 1
2355 2415 13 0
2356 2416 19 1
2356 2416 13 1
2357 2417 26 0
2357 2417 26 0
2358 2418 11 1
2358 2418 6 0
2359 2419 18 0
2359 2419 21 0
2360 2420 12 1
2360 2420 12 0
2361 2421 27 0
2361 2421 12 0
2362 2422 27 0
2362 2422 23 0
2363 2423 28 0
2363 2423 25 0
2364 2424 8 1
2364 2424 8 0
2365 2425 9 0
2365 2425 22 0
2366 2426 12 0
2366 2426 4 0
2367 2427 17 0
2367 2427 26 1
2368 2428 23 1
2368 2428 5 1
2369 2429 18 0
2369 2429 26 0
2370 2430 21 1
2370 2430 13 1
2371 2431 21 1
2371 2431 0 1
2372 2432 29 1
2372 2432 14 0
2373 2433 27 1
2373 2433 6 0
2374 2434 23 0
2374 2434 0 0
2375 2435 26 0
2375 2435 26 1
2376 2436 9 1
2376 2436 21 1
2377 2437 10 1
2377 2437 26 1
2378 2438 21 1
2378 2438 20 1
2379 2439 20 1
2379 2439 27 0
2380 2440 17 0
2380 2440 28 0
2381 2441 6 1
2381 2441 14 0
2382 2442 12 1
2382 2442 5 1
2383 2443 11 1
2383 2443 11 1
2384 2444 22 1
2384 2444 23 0
2385 2445 2 0
2385 2445 6 0
2386 2446 11 0
2386 2446 27 1
2387 2447 14 0
2387 2447 22 0
2388 2448 25 1
2388 2448 22 1
2389 2449 11 1
2389 2449 9 1
2390 2450 23 1
2390 2450 8 1
2391 2451 14 0
2391 2451 6 0
2392 2452 23 0
2392 2452 11 1
2393 2453 9 1
2393 2453 0 0
2394 2454 27 1
2394 2454 17 1
2395 2455 4 0
2395 2455 7 0
2396 2456 1 0
2396 2456 21 0
2397 2457 9 1
2397 2457 18 1
2398 2458 26 1
2398 2458 23 1
2399 2459 8 1
2399 2459 9 0
2400 2460 24 0
2400 2460 14 1
2401 2461 28 0
2401 2461 28 0
2402 2462 19 1
2402 2462 11 1
2403 2463 21 1
2403 2463 27 0
2404 2464 29 1
2404 2464 23 1
2405 2465 13 1
2405 2465 12 1
2406 2466 27 1
2406 2466 11 1
2407 2467 22 1
2407 2467 26 1
2408 2468 13 1
2408 2468 20 1
2409 2469 5 0
2409 2469 27 0
2410 2470 26 0
2410 2470 27 0
2411 2471 22 1
2411 2471 13 0
2412 2472 3 0
2412 2472 18 0
2413 2473 8 1
2413 2473 12 1
2414 2474 23 1
2414 2474 27 0
2415 2475 26 0
2415 2475 14 0
2416 2476 22 0
2416 2476 17 0
2417 2477 6 1
2417 2477 14 1
2418 2478 9 1
2418 2478 21 1
2419 2479 7 0
2419 2479 18 0
2420 2480 22 1
2420 2480 3 1
2421 2481 0 1
2421 2481 6 1
2422 2482 14 1
2422 2482 3 0
2423 2483 29 1
2423 2483 23 1
2424 2484 3 1
2424 2484 18 1
2425 2485 19 0
2425 2485 19 1
2426 2486 12 1
2426 2486 4 1
2427 2487 22 0
2427 2487 26 1
2428 2488 12 0
2428 2488 13 1
2429 2489 18 1
2429 2489 21 1
2430 2490 22 0
2430 2490 19 0
2431 2491 20 0
2431 2491 14 1
2432 2492 21 0
2432 2492 20 0
2433 2493 27 0
2433 2493 26 0
2434 2494 5 1
2434 2494 12 1
2435 2495 24 1
2435 2495 10 1
2436 2496 14 1
2436 2496 11 1
2437 2497 2 0
2437 2497 11 0
2438 2498 19 0
2438 2498 22 1
2439 2499 8 0
2439 2499 12 0
2440 2500 7 0
2440 2500 27 0
2441 2501 5 1
2441 2501 27 1
2442 2502 23 0
2442 2502 25 1
2443 2503 26 0
2443 2503 18 0
2444 2504 27 0
2444 2504 21 0
2445 2505 18 1
2445 2505 8 0
2446 2506 8 0
2446 2506 26 0
2447 2507 21 1
2447 2507 7 1
2448 2508 20 0
2448 2508 27 0
2449 2509 9 1
2449 2509 20 0
2450 2510 21 1
2450 2510 11 0
2451 2511 12 1
2451 2511 26 1
2452 2512 29 1
2452 2512 11 0
2453 2513 12 0
2453 2513 20 0
2454 2514 26 0
2454 2514 1 1
2455 2515 27 0
2455 2515 3 1
2456 2516 11 1
2456 2516 26 1
2457 2517 1 0
2457 2517 4 0
2458 2518 8 0
2458 2518 11 1
2459 2519 11 0
2459 2519 22 0
2460 2520 21 0
2460 2520 0 1
2461 2521 14 1
2461 2521 8 1
2462 2522 7 1
2462 2522 17 1
2463 2523 26 0
2463 2523 11 1
2464 2524 21 0
2464 2524 13 0
2465 2525 19 0
2465 2525 18 0
2466 2526 12 0
2466 2526 22 0
2467 2527 14 0
2467 2527 26 0
2468 2528 6 1
2468 2528 22 1
2469 2529 0 0
2469 2529 26 0
2470 2530 6 1
2470 2530 8 1
2471 2531 28 1
2471 2531 8 1
2472 2532 11 0
2472 2532 19 0
2473 2533 13 0
2473 2533 0 0
2474 2534 26 0
2474 2534 7 0
2475 2535 11 0
2475 2535 4 1
2476 2536 6 1
2476 2536 17 1
2477 2537 6 0
2477 2537 18 1
2478 2538 3 0
2478 2538 23 0
2479 2539 26 0
2479 2539 26 1
2480 2540 12 1
2480 2540 8 0
2481 2541 26 0
2481 2541 4 1
2482 2542 9 1
2482 2542 5 1
2483 2543 7 0
2483 2543 8 0
2484 2544 6 0
2484 2544 23 0
2485 2545 18 0
2485 2545 27 1
2486 2546 11 0
2486 2546 19 1
2487 2547 4 0
2487 2547 19 0
2488 2548 22 0
2488 2548 13 0
2489 2549 19 1
2489 2549 26 0
2490 2550 25 0
2490 2550 13 0
2491 2551 12 1
2491 2551 14 1
2492 2552 19 0
2492 2552 28 1
2493 2553 28 1
2493 2553 8 1
2494 2554 25 0
2494 2554 4 1
2495 2555 14 0
2495 2555 27 0
2496 2556 22 0
2496 2556 11 1
2497 2557 25 0
2497 2557 18 0
2498 2558 21 0
2498 2558 22 1
2499 2559 21 1
2499 2559 20 0
2500 2560 22 1
2500 2560 20 1
2501 2561 27 0
2501 2561 18 1
2502 2562 14 1
2502 2562 21 1
2503 2563 0 0
2503 2563 1 0
2504 2564 11 1
2504 2564 7 1
2505 2565 27 1
2505 2565 18 0
2506 2566 24 1
2506 2566 22 1
2507 2567 23 1
2507 2567 14 1
2508 2568 7 1
2508 2568 8 1
2509 2569 23 0
2509 2569 14 0
2510 2570 12 0
2510 2570 18 1
2511 2571 26 1
2511 2571 14 0
2512 2572 0 1
2512 2572 4 1
2513 2573 27 0
2513 2573 7 0
2514 2574 7 1
2514 2574 0 1
2515 2575 22 1
2515 2575 12 0
2516 2576 8 0
2516 2576 27 0
2517 2577 26 0
2517 2577 12 0
2518 2578 14 1
2518 2578 22 1
2519 2579 21 1
2519 2579 11 1
2520 2580 27 0
2520 2580 27 1
2521 2581 21 0
2521 2581 26 0
2522 2582 26 0
2522 2582 9 0
2523 2583 19 1
2523 2583 9 1
2524 2584 14 1
2524 2584 21 1
2525 2585 24 0
2525 2585 0 0
2526 2586 19 1
2526 2586 7 1
2527 2587 11 1
2527 2587 6 1
2528 2588 25 1
2528 2588 22 0
2529 2589 6 1
2529 2589 12 0
2530 2590 27 0
2530 2590 11 1
2531 2591 14 0
2531 2591 22 1
2532 2592 20 0
2532 2592 0 1
2533 2593 14 0
2533 2593 6 0
2534 2594 28 1
2534 2594 5 1
2535 2595 4 1
2535 2595 8 1
2536 2596 7 1
2536 2596 0 1
2537 2597 26 1
2537 2597 19 1
2538 2598 2 1
2538 2598 11 1
2539 2599 26 0
2539 2599 3 0
2540 2600 22 1
2540 2600 0 0
2541 2601 12 0
2541 2601 13 0
2542 2602 25 0
2542 2602 4 0
2543 2603 2 1
2543 2603 18 1
2544 2604 26 1
2544 2604 21 1
2545 2605 23 0
2545 2605 6 0
2546 2606 27 1
2546 2606 15 1
2547 2607 0 1
2547 2607 6 1
2548 2608 27 1
2548 2608 26 1
2549 2609 27 1
2549 2609 6 0
2550 2610 22 1
2550 2610 21 0
2551 2611 26 1
2551 2611 12 0
2552 2612 27 0
2552 2612 0 1
2553 2613 22 0
2553 2613 0 0
2554 2614 26 1
2554 2614 26 1
2555 2615 23 0
2555 2615 25 0
2556 2616 25 1
2556 2616 5 1
2557 2617 7 1
2557 2617 18 1
2558 2618 0 0
2558 2618 24 1
2559 2619 11 1
2559 2619 11 1
2560 2620 17 0
2560 2620 8 0
2561 2621 23 0
2561 2621 4 1
2562 2622 6 0
2562 2622 11 1
2563 2623 27 1
2563 2623 4 0
2564 2624 21 0
2564 2624 4 1
2565 2625 19 0
2565 2625 22 0
2566 2626 21 0
2566 2626 0 0
2567 2627 28 0
2567 2627 26 0
2568 2628 10 0
2568 2628 9 0
2569 2629 29 1
2569 2629 14 0
2570 2630 6 1
2570 2630 14 0
2571 2631 12 1
2571 2631 16 0
2572 2632 19 0
2572 2632 4 0
2573 2633 0 1
2573 2633 6 1
2574 2634 28 1
2574 2634 11 0
2575 2635 27 1
2575 2635 20 1
2576 2636 6 0
2576 2636 9 0
2577 2637 11 1
2577 2637 11 1
2578 2638 26 0
2578 2638 28 0
2579 2639 18 1
2579 2639 11 0
2580 2640 27 1
2580 2640 11 0
2581 2641 14 1
2581 2641 3 0
2582 2642 29 0
2582 2642 8 1
2583 2643 21 1
2583 2643 27 0
2584 2644 17 0
2584 2644 11 0
2585 2645 17 1
2585 2645 26 1
2586 2646 1 1
2586 2646 9 1
2587 2647 27 0
2587 2647 18 0
2588 2648 1 0
2588 2648 26 0
2589 2649 3 0
2589 2649 13 1
2590 2650 25 0
2590 2650 24 0
2591 2651 14 1
2591 2651 19 1
2592 2652 22 0
2592 2652 8 0
2593 2653 27 1
2593 2653 21 1
2594 2654 11 0
2594 2654 11 0
2595 2655 11 0
2595 2655 11 1
2596 2656 18 0
2596 2656 8 0
2597 2657 22 0
2597 2657 26 0
2598 2658 8 0
2598 2658 6 0
2599 2659 14 0
2599 2659 6 0
2600 2660 0 1
2600 2660 12 1
2601 2661 15 0
2601 2661 0 1
2602 2662 10 1
2602 2662 11 1
2603 2663 6 1
2603 2663 19 0
2604 2664 14 0
2604 2664 13 1
2605 2665 0 1
2605 2665 4 1
2606 2666 26 0
2606 2666 0 0
2607 2667 12 1
2607 2667 4 0
2608 2668 7 1
2608 2668 22 0
2609 2669 27 0
2609 2669 15 0
2610 2670 26 0
2610 2670 0 0
2611 2671 20 0
2611 2671 27 0
2612 2672 22 1
2612 2672 27 1
2613 2673 12 1
2613 2673 12 1
2614 2674 0 0
2614 2674 10 1
2615 2675 17 0
2615 2675 21 1
2616 2676 4 0
2616 2676 6 0
2617 2677 7 0
2617 2677 26 0
2618 2678 7 1
2618 2678 2 1
2619 2679 25 0
2619 2679 7 0
2620 2680 28 0
2620 2680 21 0
2621 2681 22 1
2621 2681 27 1
2622 2682 22 0
2622 2682 27 1
2623 2683 27 0
2623 2683 21 0
2624 2684 28 0
2624 2684 19 0
2625 2685 9 1
2625 2685 8 1
2626 2686 22 1
2626 2686 20 0
2627 2687 8 1
2627 2687 20 1
2628 2688 8 0
2628 2688 15 1
2629 2689 0 1
2629 2689 20 1
2630 2690 18 1
2630 2690 25 1
2631 2691 22 1
2631 2691 21 1
2632 2692 26 0
2632 2692 11 1
2633 2693 9 1
2633 2693 7 0
2634 2694 18 0
2634 2694 23 1
2635 2695 9 1
2635 2695 24 1
2636 2696 12 0
2636 2696 18 0
2637 2697 28 0
2637 2697 11 1
2638 2698 27 0
2638 2698 0 0
2639 2699 26 1
2639 2699 0 1
2640 2700 14 0
2640 2700 23 0
2641 2701 20 1
2641 2701 21 1
2642 2702 6 0
2642 2702 10 1
2643 2703 9 0
2643 2703 11 0
2644 2704 18 1
2644 2704 18 1
2645 2705 14 1
2645 2705 0 1
2646 2706 12 1
2646 2706 11 0
2647 2707 6 0
2647 2707 6 0
2648 2708 27 1
2648 2708 11 1
2649 2709 6 1
2649 2709 22 1
2650 2710 22 1
2650 2710 13 0
2651 2711 8 0
2651 2711 28 1
2652 2712 7 1
2652 2712 21 1
2653 2713 22 0
2653 2713 24 0
2654 2714 17 1
2654 2714 19 0
2655 2715 6 1
2655 2715 26 0
2656 2716 19 1
2656 2716 3 0
2657 2717 11 1
2657 2717 22 1
2658 2718 1 1
2658 2718 23 1
2659 2719 26 0
2659 2719 11 1
2660 2720 15 1
2660 2720 8 1
2661 2721 9 0
2661 2721 21 1
2662 2722 20 0
2662 2722 1 1
2663 2723 18 1
2663 2723 22 0
2664 2724 18 1
2664 2724 7 0
2665 2725 13 1
2665 2725 26 0
2666 2726 7 1
2666 2726 18 0
2667 2727 8 0
2667 2727 19 0
2668 2728 6 1
2668 2728 24 1
2669 2729 7 0
2669 2729 12 1
2670 2730 25 1
2670 2730 7 1
2671 2731 1 1
2671 2731 25 1
2672 2732 12 0
2672 2732 1 1
2673 2733 12 0
2673 2733 11 0
2674 2734 27 0
2674 2734 12 0
2675 2735 17 1
2675 2735 0 0
2676 2736 14 1
2676 2736 0 1
2677 2737 22 1
2677 2737 22 1
2678 2738 12 1
2678 2738 4 1
2679 2739 18 0
2679 2739 11 1
2680 2740 27 1
2680 2740 9 0
2681 2741 26 1
2681 2741 20 0
2682 2742 22 0
2682 2742 7 0
2683 2743 7 1
2683 2743 11 1
2684 2744 19 1
2684 2744 22 1
2685 2745 0 0
2685 2745 7 0
2686 2746 8 1
2686 2746 11 0
2687 2747 9 0
2687 2747 13 0
2688 2748 27 1
2688 2748 22 1
2689 2749 7 0
2689 2749 17 0
2690 2750 20 1
2690 2750 14 0
2691 2751 20 0
2691 2751 14 0
2692 2752 22 0
2692 2752 22 0
2693 2753 7 0
2693 2753 18 0
2694 2754 23 1
2694 2754 6 1
2695 2755 12 1
2695 2755 21 1
2696 2756 14 1
2696 2756 0 1
2697 2757 21 0
2697 2757 23 1
2698 2758 12 0
2698 2758 6 0
2699 2759 27 0
2699 2759 6 0
2700 2760 1 1
2700 2760 7 1
2701 2761 6 0
2701 2761 0 0
2702 2762 6 0
2702 2762 6 1
2703 2763 27 1
2703 2763 1 0
2704 2764 23 0
2704 2764 12 1
2705 2765 20 0
2705 2765 14 0
2706 2766 25 0
2706 2766 22 0
2707 2767 22 1
2707 2767 23 1
2708 2768 7 0
2708 2768 12 1
2709 2769 11 0
2709 2769 6 0
2710 2770 22 0
2710 2770 21 0
2711 2771 8 1
2711 2771 20 1
2712 2772 24 0
2712 2772 27 0
2713 2773 6 1
2713 2773 6 1
2714 2774 20 0
2714 2774 7 0
2715 2775 1 1
2715 2775 5 1
2716 2776 8 0
2716 2776 6 0
2717 2777 22 1
2717 2777 8 0
2718 2778 29 0
2718 2778 4 0
2719 2779 20 0
2719 2779 6 0
2720 2780 18 0
2720 2780 28 1
2721 2781 23 0
2721 2781 21 0
2722 2782 18 1
2722 2782 0 1
2723 2783 27 0
2723 2783 3 0
2724 2784 6 1
2724 2784 18 1
2725 2785 2 0
2725 2785 2 1
2726 2786 27 0
2726 2786 28 0
2727 2787 8 1
2727 2787 28 1
2728 2788 2 0
2728 2788 12 0
2729 2789 21 0
2729 2789 27 0
2730 2790 29 0
2730 2790 13 0
2731 2791 9 1
2731 2791 11 1
2732 2792 19 0
2732 2792 12 1
2733 2793 27 1
2733 2793 8 0
2734 2794 11 1
2734 2794 18 1
2735 2795 7 1
2735 2795 11 1
2736 2796 15 0
2736 2796 18 1
2737 2797 4 1
2737 2797 26 1
2738 2798 11 1
2738 2798 26 0
2739 2799 20 0
2739 2799 6 0
2740 2800 7 0
2740 2800 18 0
2741 2801 11 1
2741 2801 0 0
2742 2802 14 0
2742 2802 0 0
2743 2803 12 1
2743 2803 29 0
2744 2804 9 0
2744 2804 12 0
2745 2805 17 1
2745 2805 22 0
2746 2806 27 0
2746 2806 22 0
2747 2807 7 1
2747 2807 19 1
2748 2808 12 0
2748 2808 1 0
2749 2809 4 0
2749 2809 28 1
2750 2810 0 0
2750 2810 19 1
2751 2811 22 1
2751 2811 7 1
2752 2812 22 1
2752 2812 26 1
2753 2813 20 1
2753 2813 21 1
2754 2814 14 1
2754 2814 17 1
2755 2815 18 0
2755 2815 18 0
2756 2816 6 0
2756 2816 27 0
2757 2817 21 0
2757 2817 23 0
2758 2818 27 1
2758 2818 14 0
2759 2819 26 1
2759 2819 22 1
2760 2820 27 1
2760 2820 12 1
2761 2821 19 0
2761 2821 12 0
2762 2822 27 1
2762 2822 27 1
2763 2823 7 1
2763 2823 12 1
2764 2824 3 0
2764 2824 3 1
2765 2825 18 1
2765 2825 22 1
2766 2826 26 1
2766 2826 23 1
2767 2827 6 0
2767 2827 1 0
2768 2828 20 0
2768 2828 4 0
2769 2829 23 1
2769 2829 22 1
2770 2830 21 0
2770 2830 13 1
2771 2831 29 0
2771 2831 20 1
2772 2832 8 1
2772 2832 6 1
2773 2833 25 0
2773 2833 23 0
2774 2834 3 1
2774 2834 5 0
2775 2835 12 1
2775 2835 0 1
2776 2836 23 1
2776 2836 12 0
2777 2837 20 0
2777 2837 12 0
2778 2838 21 1
2778 2838 28 1
2779 2839 20 1
2779 2839 11 1
2780 2840 16 1
2780 2840 21 0
2781 2841 29 1
2781 2841 26 0
2782 2842 28 1
2782 2842 13 1
2783 2843 23 1
2783 2843 4 1
2784 2844 4 0
2784 2844 18 0
2785 2845 11 1
2785 2845 11 0
2786 2846 28 1
2786 2846 4 1
2787 2847 7 1
2787 2847 25 0
2788 2848 17 1
2788 2848 25 1
2789 2849 18 0
2789 2849 3 1
2790 2850 23 0
2790 2850 11 1
2791 2851 8 1
2791 2851 12 1
2792 2852 4 1
2792 2852 21 1
2793 2853 27 0
2793 2853 12 1
2794 2854 11 0
2794 2854 28 1
2795 2855 1 1
2795 2855 0 0
2796 2856 8 0
2796 2856 18 0
2797 2857 6 0
2797 2857 18 0
2798 2858 0 0
2798 2858 12 1
2799 2859 12 1
2799 2859 8 0
2800 2860 28 0
2800 2860 26 1
2801 2861 1 0
2801 2861 9 0
2802 2862 12 0
2802 2862 8 0
2803 2863 26 1
2803 2863 22 1
2804 2864 10 1
2804 2864 14 1
2805 2865 17 1
2805 2865 13 1
2806 2866 26 0
2806 2866 13 1
2807 2867 8 1
2807 2867 22 1
2808 2868 27 1
2808 2868 9 0
2809 2869 22 0
2809 2869 28 1
2810 2870 6 0
2810 2870 25 1
2811 2871 10 0
2811 2871 28 0
2812 2872 22 0
2812 2872 0 0
2813 2873 0 0
2813 2873 22 0
2814 2874 21 0
2814 2874 22 0
2815 2875 16 0
2815 2875 4 1
2816 2876 19 1
2816 2876 14 1
2817 2877 23 1
2817 2877 4 1
2818 2878 20 1
2818 2878 22 1
2819 2879 28 0
2819 2879 22 1
2820 2880 20 0
2820 2880 19 0
2821 2881 7 1
2821 2881 27 0
2822 2882 22 1
2822 2882 0 0
2823 2883 14 0
2823 2883 10 0
2824 2884 24 1
2824 2884 7 0
2825 2885 9 0
2825 2885 19 0
2826 2886 24 0
2826 2886 19 1
2827 2887 7 0
2827 2887 11 0
2828 2888 22 0
2828 2888 22 1
2829 2889 7 1
2829 2889 8 1
2830 2890 19 1
2830 2890 22 0
2831 2891 22 0
2831 2891 26 0
2832 2892 27 0
2832 2892 12 0
2833 2893 26 1
2833 2893 0 1
2834 2894 26 1
2834 2894 7 0
2835 2895 13 0
2835 2895 13 1
2836 2896 22 0
2836 2896 18 0
2837 2897 29 1
2837 2897 28 1
2838 2898 21 0
2838 2898 7 0
2839 2899 6 0
2839 2899 0 1
2840 2900 23 1
2840 2900 9 1
2841 2901 0 1
2841 2901 21 1
2842 2902 12 0
2842 2902 27 0
2843 2903 13 0
2843 2903 7 1
2844 2904 9 0
2844 2904 20 0
2845 2905 27 0
2845 2905 21 0
2846 2906 6 0
2846 2906 12 0
2847 2907 11 0
2847 2907 11 1
2848 2908 8 0
2848 2908 23 0
2849 2909 20 1
2849 2909 21 0
2850 2910 26 0
2850 2910 21 0
2851 2911 4 0
2851 2911 20 0
2852 2912 4 1
2852 2912 10 0
2853 2913 10 0
2853 2913 23 0
2854 2914 22 1
2854 2914 10 1
2855 2915 27 0
2855 2915 7 0
2856 2916 9 1
2856 2916 6 1
2857 2917 19 1
2857 2917 6 1
2858 2918 21 0
2858 2918 26 1
2859 2919 21 1
2859 2919 12 0
2860 2920 8 0
2860 2920 21 0
2861 2921 16 0
2861 2921 18 1
2862 2922 27 1
2862 2922 26 1
2863 2923 25 1
2863 2923 0 1
2864 2924 11 0
2864 2924 26 0
2865 2925 18 1
2865 2925 25 0
2866 2926 22 0
2866 2926 20 0
2867 2927 21 1
2867 2927 29 0
2868 2928 7 0
2868 2928 8 0
2869 2929 12 1
2869 2929 4 1
2870 2930 13 1
2870 2930 15 0
2871 2931 18 1
2871 2931 17 1
2872 2932 9 0
2872 2932 7 1
2873 2933 23 1
2873 2933 14 1
2874 2934 13 1
2874 2934 21 1
2875 2935 4 1
2875 2935 0 0
2876 2936 3 0
2876 2936 9 1
2877 2937 12 0
2877 2937 13 0
2878 2938 7 0
2878 2938 7 0
2879 2939 9 1
2879 2939 2 1
2880 2940 12 0
2880 2940 5 1
2881 2941 19 0
2881 2941 1 0
2882 2942 28 1
2882 2942 11 1
2883 2943 27 0
2883 2943 28 1
2884 2944 22 0
2884 2944 6 1
2885 2945 22 1
2885 2945 22 1
2886 2946 14 1
2886 2946 17 1
2887 2947 14 1
2887 2947 23 0
2888 2948 6 1
2888 2948 28 0
2889 2949 7 1
2889 2949 28 1
2890 2950 23 0
2890 2950 8 0
2891 2951 4 0
2891 2951 11 1
2892 2952 4 0
2892 2952 17 1
2893 2953 18 1
2893 2953 13 1
2894 2954 13 0
2894 2954 22 0
2895 2955 12 1
2895 2955 13 1
2896 2956 7 0
2896 2956 19 0
2897 2957 0 1
2897 2957 27 0
2898 2958 20 1
2898 2958 14 1
2899 2959 22 0
2899 2959 23 0
2900 2960 21 1
2900 2960 16 1
2901 2961 9 1
2901 2961 23 0
2902 2962 25 0
2902 2962 2 1
2903 2963 11 0
2903 2963 20 0
2904 2964 19 1
2904 2964 12 1
2905 2965 0 1
2905 2965 22 1
2906 2966 27 1
2906 2966 14 1
2907 2967 9 1
2907 2967 26 1
2908 2968 23 1
2908 2968 0 0
2909 2969 21 0
2909 2969 26 1
2910 2970 11 1
2910 2970 4 0
2911 2971 0 0
2911 2971 23 1
2912 2972 12 1
2912 2972 27 1
2913 2973 14 1
2913 2973 7 1
2914 2974 18 1
2914 2974 12 1
2915 2975 24 0
2915 2975 12 0
2916 2976 0 1
2916 2976 4 1
2917 2977 3 0
2917 2977 3 0
2918 2978 22 0
2918 2978 3 1
2919 2979 18 1
2919 2979 11 1
2920 2980 7 0
2920 2980 26 1
2921 2981 1 0
2921 2981 3 1
2922 2982 10 0
2922 2982 9 0
2923 2983 21 0
2923 2983 14 0
2924 2984 0 1
2924 2984 7 0
2925 2985 26 1
2925 2985 12 0
2926 2986 8 1
2926 2986 4 1
2927 2987 17 1
2927 2987 10 0
2928 2988 16 1
2928 2988 14 0
2929 2989 4 0
2929 2989 23 1
2930 2990 13 1
2930 2990 27 0
2931 2991 21 0
2931 2991 26 0
2932 2992 22 0
2932 2992 0 0
2933 2993 10 1
2933 2993 27 1
2934 2994 7 0
2934 2994 29 0
2935 2995 18 0
2935 2995 12 0
2936 2996 14 0
2936 2996 13 0
2937 2997 27 1
2937 2997 6 0
2938 2998 21 1
2938 2998 2 0
2939 2999 26 1
2939 2999 0 1
2940 3000 20 0
2940 3000 6 1
2941 3001 28 0
2941 3001 28 1
2942 3002 1 1
2942 3002 23 1
2943 3003 28 1
2943 3003 14 1
2944 3004 6 1
2944 3004 6 0
2945 3005 22 0
2945 3005 23 0
2946 3006 12 1
2946 3006 21 0
2947 3007 0 1
2947 3007 11 0
2948 3008 18 0
2948 3008 0 0
2949 3009 26 0
2949 3009 0 0
2950 3010 9 0
2950 3010 21 1
2951 3011 12 1
2951 3011 6 1
2952 3012 21 1
2952 3012 19 1
2953 3013 0 0
2953 3013 11 0
2954 3014 11 0
2954 3014 6 1
2955 3015 26 1
2955 3015 4 0
2956 3016 22 1
2956 3016 19 0
2957 3017 7 0
2957 3017 11 0
2958 3018 18 0
2958 3018 12 0
2959 3019 11 1
2959 3019 13 1
2960 3020 28 0
2960 3020 13 0
2961 3021 27 1
2961 3021 20 1
2962 3022 13 0
2962 3022 17 0
2963 3023 12 1
2963 3023 14 1
2964 3024 26 0
2964 3024 28 0
2965 3025 7 1
2965 3025 12 0
2966 3026 26 1
2966 3026 14 0
2967 3027 14 0
2967 3027 27 0
2968 3028 13 0
2968 3028 4 0
2969 3029 10 1
2969 3029 26 1
2970 3030 28 0
2970 3030 23 0
2971 3031 13 1
2971 3031 0 0
2972 3032 18 0
2972 3032 11 0
2973 3033 11 0
2973 3033 1 0
2974 3034 27 1
2974 3034 26 0
2975 3035 23 1
2975 3035 7 0
2976 3036 21 0
2976 3036 12 1
2977 3037 11 0
2977 3037 24 1
2978 3038 11 0
2978 3038 5 0
2979 3039 22 0
2979 3039 9 0
2980 3040 4 0
2980 3040 6 1
2981 3041 27 1
2981 3041 28 1
2982 3042 20 1
2982 3042 23 0
2983 3043 26 0
2983 3043 26 1
2984 3044 4 1
2984 3044 21 1
2985 3045 5 1
2985 3045 5 1
2986 3046 12 0
2986 3046 11 0
2987 3047 26 1
2987 3047 9 1
2988 3048 26 0
2988 3048 27 0
2989 3049 11 0
2989 3049 14 1
2990 3050 6 0
2990 3050 17 1
2991 3051 12 0
2991 3051 25 1
2992 3052 28 1
2992 3052 12 1
2993 3053 13 0
2993 3053 26 0
2994 3054 25 0
2994 3054 28 1
2995 3055 14 1
2995 3055 18 1
2996 3056 22 1
2996 3056 12 1
2997 3057 23 1
2997 3057 13 1
2998 3058 0 1
2998 3058 6 0
2999 3059 6 1
2999 3059 22 0
3000 3060 27 1
3000 3060 27 0
3001 3061 6 0
3001 3061 22 0
3002 3062 14 0
3002 3062 21 1
3003 3063 21 0
3003 3063 14 0
3004 3064 28 0
3004 3064 4 0
3005 3065 27 1
3005 3065 18 1
3006 3066 26 1
3006 3066 23 0
3007 3067 14 0
3007 3067 3 1
3008 3068 2 0
3008 3068 27 1
3009 3069 26 0
3009 3069 12 1
3010 3070 18 1
3010 3070 27 1
3011 3071 29 1
3011 3071 19 1
3012 3072 18 0
3012 3072 26 0
3013 3073 6 0
3013 3073 26 1
3014 3074 6 0
3014 3074 23 1
3015 3075 25 1
3015 3075 23 0
3016 3076 18 1
3016 3076 4 1
3017 3077 23 1
3017 3077 22 0
3018 3078 27 1
3018 3078 23 1
3019 3079 24 1
3019 3079 19 1
3020 3080 8 0
3020 3080 8 1
3021 3081 11 1
3021 3081 14 0
3022 3082 18 0
3022 3082 17 0
3023 3083 1 0
3023 3083 0 0
3024 3084 18 1
3024 3084 13 1
3025 3085 6 1
3025 3085 11 0
3026 3086 6 1
3026 3086 9 1
3027 3087 0 1
3027 3087 5 0
3028 3088 11 1
3028 3088 11 0
3029 3089 6 0
3029 3089 17 0
3030 3090 14 1
3030 3090 16 0
3031 3091 10 1
3031 3091 6 1
3032 3092 18 1
3032 3092 14 0
3033 3093 8 1
3033 3093 4 1
3034 3094 19 1
3034 3094 26 1
3035 3095 4 1
3035 3095 7 1
3036 3096 22 0
3036 3096 27 1
3037 3097 19 0
3037 3097 11 0
3038 3098 14 1
3038 3098 27 1
3039 3099 12 1
3039 3099 11 0
3040 3100 20 1
3040 3100 7 1
3041 3101 3 0
3041 3101 22 1
3042 3102 1 1
3042 3102 29 1
3043 3103 18 1
3043 3103 1 0
3044 3104 27 0
3044 3104 0 0
3045 3105 22 0
3045 3105 28 0
3046 3106 18 1
3046 3106 3 0
3047 3107 16 0
3047 3107 19 0
3048 3108 26 0
3048 3108 0 1
3049 3109 22 1
3049 3109 17 1
3050 3110 27 0
3050 3110 22 1
3051 3111 13 1
3051 3111 27 1
3052 3112 6 0
3052 3112 19 0
3053 3113 0 0
3053 3113 23 1
3054 3114 7 1
3054 3114 12 1
3055 3115 13 1
3055 3115 12 0
3056 3116 0 0
3056 3116 26 0
3057 3117 21 0
3057 3117 11 1
3058 3118 27 0
3058 3118 22 0
3059 3119 14 1
3059 3119 23 0
3060 3120 20 0
3060 3120 0 0
3061 3121 0 1
3061 3121 22 0
3062 3122 25 0
3062 3122 27 0
3063 3123 14 1
3063 3123 27 1
3064 3124 8 1
3064 3124 20 1
3065 3125 26 0
3065 3125 19 1
3066 3126 18 0
3066 3126 24 1
3067 3127 3 1
3067 3127 22 0
3068 3128 25 1
3068 3128 12 0
3069 3129 14 1
3069 3129 21 0
3070 3130 18 0
3070 3130 2 0
3071 3131 22 0
3071 3131 27 0
3072 3132 7 1
3072 3132 6 1
3073 3133 12 0
3073 3133 25 1
3074 3134 3 1
3074 3134 21 1
3075 3135 11 0
3075 3135 11 1
3076 3136 21 0
3076 3136 10 0
3077 3137 7 1
3077 3137 26 1
3078 3138 12 0
3078 3138 21 0
3079 3139 20 1
3079 3139 6 1
3080 3140 27 0
3080 3140 0 0
3081 3141 28 0
3081 3141 27 0
3082 3142 26 0
3082 3142 11 1
3083 3143 13 1
3083 3143 14 1
3084 3144 18 0
3084 3144 0 0
3085 3145 23 0
3085 3145 11 0
3086 3146 25 1
3086 3146 26 1
3087 3147 11 0
3087 3147 18 0
3088 3148 9 0
3088 3148 22 1
3089 3149 22 1
3089 3149 24 0
3090 3150 14 0
3090 3150 17 1
3091 3151 26 0
3091 3151 6 1
3092 3152 14 0
3092 3152 12 1
3093 3153 17 1
3093 3153 20 0
3094 3154 4 0
3094 3154 25 1
3095 3155 28 0
3095 3155 21 1
3096 3156 17 1
3096 3156 21 1
3097 3157 14 0
3097 3157 26 1
3098 3158 9 0
3098 3158 9 1
3099 3159 0 0
3099 3159 3 0
3100 3160 13 0
3100 3160 21 1
3101 3161 22 0
3101 3161 14 0
3102 3162 20 0
3102 3162 27 0
3103 3163 6 0
3103 3163 11 0
3104 3164 29 0
3104 3164 6 0
3105 3165 22 1
3105 3165 24 1
3106 3166 18 0
3106 3166 21 1
3107 3167 24 1
3107 3167 9 0
3108 3168 26 1
3108 3168 20 0
3109 3169 17 0
3109 3169 14 1
3110 3170 4 0
3110 3170 25 0
3111 3171 4 0
3111 3171 26 0
3112 3172 25 1
3112 3172 21 1
3113 3173 17 1
3113 3173 21 1
3114 3174 10 0
3114 3174 24 1
3115 3175 8 0
3115 3175 13 0
3116 3176 28 1
3116 3176 12 1
3117 3177 4 0
3117 3177 14 1
3118 3178 19 1
3118 3178 19 0
3119 3179 24 0
3119 3179 7 1
3120 3180 22 1
3120 3180 29 1
3121 3181 22 1
3121 3181 24 1
3122 3182 26 0
3122 3182 13 1
3123 3183 7 0
3123 3183 11 1
3124 3184 22 0
3124 3184 11 0
3125 3185 7 0
3125 3185 11 0
3126 3186 12 1
3126 3186 24 0
3127 3187 22 0
3127 3187 28 0
3128 3188 11 1
3128 3188 7 1
3129 3189 7 0
3129 3189 20 1
3130 3190 19 1
3130 3190 12 1
3131 3191 2 1
3131 3191 26 1
3132 3192 11 0
3132 3192 9 0
3133 3193 13 0
3133 3193 14 0
3134 3194 7 1
3134 3194 26 0
3135 3195 27 1
3135 3195 18 1
3136 3196 0 0
3136 3196 11 1
3137 3197 14 0
3137 3197 18 0
3138 3198 21 1
3138 3198 26 0
3139 3199 27 1
3139 3199 11 0
3140 3200 4 1
3140 3200 7 0
3141 3201 14 1
3141 3201 6 1
3142 3202 27 0
3142 3202 20 1
3143 3203 26 0
3143 3203 11 0
3144 3204 12 1
3144 3204 6 1
3145 3205 10 0
3145 3205 5 1
3146 3206 22 1
3146 3206 11 1
3147 3207 22 1
3147 3207 0 1
3148 3208 13 1
3148 3208 20 1
3149 3209 14 1
3149 3209 25 1
3150 3210 3 0
3150 3210 20 1
3151 3211 22 1
3151 3211 0 1
3152 3212 23 0
3152 3212 8 0
3153 3213 7 0
3153 3213 23 1
3154 3214 9 0
3154 3214 0 0
3155 3215 2 1
3155 3215 22 0
3156 3216 6 0
3156 3216 22 1
3157 3217 17 0
3157 3217 26 0
3158 3218 13 1
3158 3218 13 0
3159 3219 23 1
3159 3219 3 0
3160 3220 6 1
3160 3220 25 1
3161 3221 23 0
3161 3221 14 0
3162 3222 8 1
3162 3222 21 1
3163 3223 2 1
3163 3223 22 1
3164 3224 5 1
3164 3224 22 1
3165 3225 4 1
3165 3225 5 1
3166 3226 24 0
3166 3226 22 0
3167 3227 4 1
3167 3227 22 1
3168 3228 6 0
3168 3228 11 1
3169 3229 27 1
3169 3229 8 1
3170 3230 12 0
3170 3230 12 0
3171 3231 13 1
3171 3231 16 1
3172 3232 10 1
3172 3232 1 0
3173 3233 4 0
3173 3233 23 0
3174 3234 14 0
3174 3234 14 0
3175 3235 6 0
3175 3235 26 1
3176 3236 21 0
3176 3236 21 1
3177 3237 4 1
3177 3237 17 1
3178 3238 21 0
3178 3238 14 0
3179 3239 12 1
3179 3239 18 1
3180 3240 8 0
3180 3240 28 0
3181 3241 26 0
3181 3241 22 0
3182 3242 12 0
3182 3242 21 0
3183 3243 6 1
3183 3243 21 1
3184 3244 23 1
3184 3244 6 1
3185 3245 14 1
3185 3245 21 1
3186 3246 26 1
3186 3246 12 0
3187 3247 6 0
3187 3247 26 1
3188 3248 22 0
3188 3248 6 1
3189 3249 2 1
3189 3249 17 1
3190 3250 20 1
3190 3250 20 0
3191 3251 21 0
3191 3251 6 0
3192 3252 27 0
3192 3252 9 0
3193 3253 23 0
3193 3253 20 1
3194 3254 12 1
3194 3254 12 1
3195 3255 27 0
3195 3255 21 0
3196 3256 21 0
3196 3256 13 0
3197 3257 1 1
3197 3257 10 1
3198 3258 18 0
3198 3258 26 0
3199 3259 11 1
3199 3259 20 0
3200 3260 25 1
3200 3260 23 1
3201 3261 20 0
3201 3261 6 0
3202 3262 9 0
3202 3262 0 1
3203 3263 12 1
3203 3263 26 1
3204 3264 11 1
3204 3264 14 0
3205 3265 11 0
3205 3265 5 0
3206 3266 7 0
3206 3266 11 0
3207 3267 14 1
3207 3267 1 1
3208 3268 18 0
3208 3268 18 0
3209 3269 27 1
3209 3269 12 0
3210 3270 25 0
3210 3270 13 0
3211 3271 22 0
3211 3271 12 1
3212 3272 12 0
3212 3272 13 0
3213 3273 3 1
3213 3273 20 0
3214 3274 6 0
3214 3274 23 0
3215 3275 17 1
3215 3275 18 1
3216 3276 11 0
3216 3276 11 0
3217 3277 11 0
3217 3277 8 1
3218 3278 20 1
3218 3278 1 1
3219 3279 18 1
3219 3279 11 1
3220 3280 17 0
3220 3280 17 0
3221 3281 12 0
3221 3281 20 0
3222 3282 11 1
3222 3282 22 0
3223 3283 0 1
3223 3283 20 0
3224 3284 4 0
3224 3284 27 1
3225 3285 8 0
3225 3285 23 1
3226 3286 27 1
3226 3286 2 0
3227 3287 14 0
3227 3287 4 0
3228 3288 21 1
3228 3288 25 0
3229 3289 22 0
3229 3289 11 0
3230 3290 7 1
3230 3290 7 0
3231 3291 19 1
3231 3291 20 1
3232 3292 25 0
3232 3292 8 0
3233 3293 11 0
3233 3293 22 0
3234 3294 26 1
3234 3294 14 1
3235 3295 12 1
3235 3295 26 1
3236 3296 9 1
3236 3296 1 1
3237 3297 26 0
3237 3297 12 0
3238 3298 24 0
3238 3298 26 1
3239 3299 4 0
3239 3299 3 1
3240 3300 25 1
3240 3300 7 0
3241 3301 8 1
3241 3301 11 1
3242 3302 13 1
3242 3302 3 1
3243 3303 23 0
3243 3303 6 0
3244 3304 0 0
3244 3304 22 1
3245 3305 18 0
3245 3305 6 0
3246 3306 0 1
3246 3306 18 1
3247 3307 22 1
3247 3307 28 0
3248 3308 25 0
3248 3308 23 0
3249 3309 28 0
3249 3309 29 1
3250 3310 25 0
3250 3310 28 0
3251 3311 0 0
3251 3311 25 1
3252 3312 14 1
3252 3312 25 1
3253 3313 23 1
3253 3313 25 0
3254 3314 2 1
3254 3314 27 0
3255 3315 4 1
3255 3315 13 1
3256 3316 14 0
3256 3316 4 1
3257 3317 21 0
3257 3317 19 1
3258 3318 6 1
3258 3318 14 1
3259 3319 27 0
3259 3319 0 1
3260 3320 21 0
3260 3320 19 0
3261 3321 11 0
3261 3321 11 1
3262 3322 1 1
3262 3322 8 1
3263 3323 20 0
3263 3323 26 0
3264 3324 19 0
3264 3324 27 1
3265 3325 22 1
3265 3325 0 1
3266 3326 21 1
3266 3326 12 1
3267 3327 23 0
3267 3327 26 0
3268 3328 25 0
3268 3328 22 1
3269 3329 26 0
3269 3329 17 0
3270 3330 20 1
3270 3330 8 1
3271 3331 11 1
3271 3331 22 1
3272 3332 14 1
3272 3332 9 1
3273 3333 28 0
3273 3333 18 1
3274 3334 25 0
3274 3334 23 1
3275 3335 25 1
3275 3335 4 1
3276 3336 3 0
3276 3336 23 1
3277 3337 18 0
3277 3337 8 0
3278 3338 12 0
3278 3338 21 1
3279 3339 11 0
3279 3339 22 1
3280 3340 6 0
3280 3340 9 1
3281 3341 11 1
3281 3341 14 1
3282 3342 6 0
3282 3342 21 0
3283 3343 7 0
3283 3343 0 1
3284 3344 0 0
3284 3344 9 1
3285 3345 14 1
3285 3345 21 1
3286 3346 26 1
3286 3346 6 1
3287 3347 0 1
3287 3347 22 1
3288 3348 18 1
3288 3348 19 1
3289 3349 5 1
3289 3349 12 0
3290 3350 23 1
3290 3350 26 1
3291 3351 11 0
3291 3351 12 0
3292 3352 22 0
3292 3352 11 0
3293 3353 22 1
3293 3353 8 1
3294 3354 19 0
3294 3354 4 0
3295 3355 10 0
3295 3355 17 0
3296 3356 22 0
3296 3356 18 1
3297 3357 7 0
3297 3357 27 0
3298 3358 8 1
3298 3358 13 1
3299 3359 12 1
3299 3359 12 0
3300 3360 0 1
3300 3360 0 0
3301 3361 25 1
3301 3361 18 0
3302 3362 25 0
3302 3362 11 0
3303 3363 22 1
3303 3363 0 1
3304 3364 8 0
3304 3364 3 0
3305 3365 11 1
3305 3365 12 1
3306 3366 26 1
3306 3366 26 0
3307 3367 27 1
3307 3367 22 1
3308 3368 12 1
3308 3368 21 0
3309 3369 4 0
3309 3369 23 0
3310 3370 21 1
3310 3370 25 1
3311 3371 4 1
3311 3371 7 1
3312 3372 16 0
3312 3372 14 0
3313 3373 26 0
3313 3373 0 1
3314 3374 26 0
3314 3374 21 0
3315 3375 3 1
3315 3375 19 1
3316 3376 26 0
3316 3376 26 0
3317 3377 27 0
3317 3377 18 1
3318 3378 19 0
3318 3378 12 0
3319 3379 6 0
3319 3379 14 0
3320 3380 23 1
3320 3380 27 1
3321 3381 27 0
3321 3381 12 0
3322 3382 22 0
3322 3382 14 1
3323 3383 13 1
3323 3383 10 0
3324 3384 11 1
3324 3384 27 1
3325 3385 27 1
3325 3385 11 0
3326 3386 13 0
3326 3386 27 0
3327 3387 26 1
3327 3387 9 1
3328 3388 3 0
3328 3388 13 1
3329 3389 26 1
3329 3389 20 0
3330 3390 9 1
3330 3390 12 0
3331 3391 8 0
3331 3391 9 0
3332 3392 9 0
3332 3392 5 0
3333 3393 5 0
3333 3393 21 0
3334 3394 11 1
3334 3394 28 1
3335 3395 19 0
3335 3395 23 0
3336 3396 12 1
3336 3396 23 0
3337 3397 12 1
3337 3397 9 0
3338 3398 12 1
3338 3398 23 0
3339 3399 14 1
3339 3399 14 1
3340 3400 22 0
3340 3400 21 1
3341 3401 0 0
3341 3401 8 0
3342 3402 27 1
3342 3402 16 1
3343 3403 9 0
3343 3403 23 1
3344 3404 12 1
3344 3404 13 1
3345 3405 21 1
3345 3405 11 0
3346 3406 21 0
3346 3406 27 0
3347 3407 21 0
3347 3407 5 0
3348 3408 12 0
3348 3408 27 0
3349 3409 4 0
3349 3409 12 0
3350 3410 25 0
3350 3410 24 0
3351 3411 18 0
3351 3411 25 0
3352 3412 27 1
3352 3412 8 1
3353 3413 23 0
3353 3413 4 0
3354 3414 14 1
3354 3414 13 0
3355 3415 0 1
3355 3415 11 1
3356 3416 27 1
3356 3416 4 1
3357 3417 4 1
3357 3417 7 1
3358 3418 0 0
3358 3418 7 1
3359 3419 22 1
3359 3419 24 1
3360 3420 22 1
3360 3420 27 0
3361 3421 6 0
3361 3421 26 0
3362 3422 0 0
3362 3422 22 0
3363 3423 0 0
3363 3423 18 0
3364 3424 8 1
3364 3424 13 0
3365 3425 25 0
3365 3425 0 1
3366 3426 11 0
3366 3426 10 1
3367 3427 12 1
3367 3427 8 0
3368 3428 20 1
3368 3428 28 1
3369 3429 19 1
3369 3429 9 1
3370 3430 17 0
3370 3430 12 0
3371 3431 11 0
3371 3431 26 0
3372 3432 24 1
3372 3432 18 1
3373 3433 27 0
3373 3433 4 0
3374 3434 12 1
3374 3434 21 1
3375 3435 25 0
3375 3435 11 1
3376 3436 22 0
3376 3436 9 0
3377 3437 12 1
3377 3437 28 1
3378 3438 7 1
3378 3438 8 1
3379 3439 6 1
3379 3439 9 1
3380 3440 11 1
3380 3440 26 1
3381 3441 3 1
3381 3441 0 0
3382 3442 28 1
3382 3442 7 1
3383 3443 7 0
3383 3443 5 0
3384 3444 4 0
3384 3444 14 0
3385 3445 22 0
3385 3445 19 1
3386 3446 23 1
3386 3446 21 0
3387 3447 14 0
3387 3447 9 1
3388 3448 9 0
3388 3448 27 0
3389 3449 9 1
3389 3449 10 1
3390 3450 9 0
3390 3450 22 0
3391 3451 6 1
3391 3451 3 1
3392 3452 14 0
3392 3452 24 1
3393 3453 17 1
3393 3453 0 1
3394 3454 27 1
3394 3454 21 1
3395 3455 3 1
3395 3455 11 1
3396 3456 26 1
3396 3456 27 1
3397 3457 23 0
3397 3457 28 0
3398 3458 19 0
3398 3458 12 0
3399 3459 18 0
3399 3459 18 0
3400 3460 27 0
3400 3460 16 1
3401 3461 4 1
3401 3461 21 1
3402 3462 28 1
3402 3462 11 0
3403 3463 1 0
3403 3463 26 1
3404 3464 14 0
3404 3464 20 0
3405 3465 14 0
3405 3465 8 1
3406 3466 17 1
3406 3466 13 1
3407 3467 8 1
3407 3467 13 0
3408 3468 20 0
3408 3468 21 0
3409 3469 14 1
3409 3469 1 0
3410 3470 25 1
3410 3470 22 1
3411 3471 18 1
3411 3471 9 1
3412 3472 21 1
3412 3472 14 0
3413 3473 21 1
3413 3473 11 1
3414 3474 23 1
3414 3474 27 1
3415 3475 22 0
3415 3475 22 0
3416 3476 26 0
3416 3476 3 1
3417 3477 18 0
3417 3477 12 0
3418 3478 12 0
3418 3478 16 1
3419 3479 26 1
3419 3479 29 1
3420 3480 26 0
3420 3480 7 0
3421 3481 8 1
3421 3481 20 1
3422 3482 28 1
3422 3482 23 0
3423 3483 21 1
3423 3483 8 1
3424 3484 25 0
3424 3484 26 1
3425 3485 0 1
3425 3485 26 1
3426 3486 17 0
3426 3486 12 0
3427 3487 22 0
3427 3487 13 0
3428 3488 7 0
3428 3488 10 1
3429 3489 19 0
3429 3489 28 0
3430 3490 4 1
3430 3490 11 1
3431 3491 27 1
3431 3491 21 1
3432 3492 20 0
3432 3492 27 1
3433 3493 0 1
3433 3493 26 1
3434 3494 4 0
3434 3494 20 0
3435 3495 3 1
3435 3495 18 1
3436 3496 21 1
3436 3496 11 0
3437 3497 14 0
3437 3497 22 0
3438 3498 7 0
3438 3498 4 1
3439 3499 12 0
3439 3499 21 0
3440 3500 27 0
3440 3500 11 0
3441 3501 27 0
3441 3501 18 0
3442 3502 19 0
3442 3502 4 0
3443 3503 17 0
3443 3503 18 1
3444 3504 4 1
3444 3504 6 1
3445 3505 0 1
3445 3505 20 1
3446 3506 22 1
3446 3506 6 0
3447 3507 23 0
3447 3507 18 1
3448 3508 0 1
3448 3508 17 0
3449 3509 0 0
3449 3509 8 1
3450 3510 14 1
3450 3510 22 1
3451 3511 27 0
3451 3511 22 0
3452 3512 19 0
3452 3512 20 1
3453 3513 27 0
3453 3513 0 0
3454 3514 12 1
3454 3514 14 0
3455 3515 8 0
3455 3515 28 0
3456 3516 7 0
3456 3516 11 1
3457 3517 26 0
3457 3517 12 0
3458 3518 21 1
3458 3518 8 1
3459 3519 22 1
3459 3519 11 1
3460 3520 13 0
3460 3520 12 1
3461 3521 8 0
3461 3521 27 1
3462 3522 11 0
3462 3522 27 0
3463 3523 7 1
3463 3523 20 1
3464 3524 0 0
3464 3524 27 0
3465 3525 21 1
3465 3525 12 0
3466 3526 4 1
3466 3526 4 0
3467 3527 0 1
3467 3527 26 0
3468 3528 6 0
3468 3528 4 1
3469 3529 14 1
3469 3529 11 1
3470 3530 0 0
3470 3530 0 0
3471 3531 20 1
3471 3531 11 0
3472 3532 18 1
3472 3532 4 1
3473 3533 21 0
3473 3533 9 0
3474 3534 12 0
3474 3534 8 0
3475 3535 10 0
3475 3535 27 0
3476 3536 22 1
3476 3536 29 0
3477 3537 12 0
3477 3537 22 0
3478 3538 22 1
3478 3538 12 1
3479 3539 14 0
3479 3539 22 0
3480 3540 21 1
3480 3540 18 1
3481 3541 13 0
3481 3541 13 0
3482 3542 22 0
3482 3542 24 1
3483 3543 19 0
3483 3543 29 0
3484 3544 2 1
3484 3544 28 1
3485 3545 25 0
3485 3545 11 0
3486 3546 13 0
3486 3546 18 0
3487 3547 11 1
3487 3547 18 1
3488 3548 0 1
3488 3548 11 1
3489 3549 14 1
3489 3549 5 1
3490 3550 27 1
3490 3550 9 1
3491 3551 13 0
3491 3551 1 0
3492 3552 22 0
3492 3552 14 0
3493 3553 21 0
3493 3553 11 0
3494 3554 11 1
3494 3554 28 1
3495 3555 8 0
3495 3555 27 1
3496 3556 4 0
3496 3556 18 0
3497 3557 21 0
3497 3557 23 0
3498 3558 29 0
3498 3558 21 1
3499 3559 23 1
3499 3559 20 1
3500 3560 14 1
3500 3560 13 1
3501 3561 27 1
3501 3561 21 0
3502 3562 11 0
3502 3562 26 0
3503 3563 23 1
3503 3563 23 1
3504 3564 28 1
3504 3564 1 1
3505 3565 10 0
3505 3565 12 1
3506 3566 8 1
3506 3566 6 1
3507 3567 21 0
3507 3567 22 0
3508 3568 26 1
3508 3568 20 0
3509 3569 20 1
3509 3569 28 0
3510 3570 14 1
3510 3570 13 0
3511 3571 22 0
3511 3571 19 0
3512 3572 22 1
3512 3572 26 1
3513 3573 7 1
3513 3573 6 1
3514 3574 14 0
3514 3574 9 1
3515 3575 3 1
3515 3575 18 1
3516 3576 0 1
3516 3576 23 1
3517 3577 0 0
3517 3577 4 1
3518 3578 20 0
3518 3578 27 0
3519 3579 8 0
3519 3579 14 1
3520 3580 11 0
3520 3580 8 1
3521 3581 20 1
3521 3581 27 0
3522 3582 20 0
3522 3582 3 0
3523 3583 20 1
3523 3583 6 1
3524 3584 21 0
3524 3584 8 1
3525 3585 4 1
3525 3585 21 0
3526 3586 22 1
3526 3586 14 1
3527 3587 22 1
3527 3587 26 0
3528 3588 7 0
3528 3588 11 0
3529 3589 8 1
3529 3589 22 0
3530 3590 8 1
3530 3590 12 0
3531 3591 27 0
3531 3591 25 1
3532 3592 6 1
3532 3592 28 0
3533 3593 13 1
3533 3593 11 1
3534 3594 18 1
3534 3594 14 0
3535 3595 18 1
3535 3595 27 1
3536 3596 18 0
3536 3596 11 0
3537 3597 22 0
3537 3597 6 1
3538 3598 26 1
3538 3598 24 1
3539 3599 29 1
3539 3599 21 1
3540 3600 8 0
3540 3600 28 0
3541 3601 25 1
3541 3601 27 1
3542 3602 1 1
3542 3602 24 0
3543 3603 24 1
3543 3603 12 1
3544 3604 15 1
3544 3604 27 1
3545 3605 0 1
3545 3605 22 0
3546 3606 12 0
3546 3606 11 1
3547 3607 14 1
3547 3607 22 1
3548 3608 4 0
3548 3608 12 0
3549 3609 1 0
3549 3609 25 1
3550 3610 8 0
3550 3610 9 0
3551 3611 20 0
3551 3611 2 0
3552 3612 13 0
3552 3612 14 0
3553 3613 29 1
3553 3613 8 1
3554 3614 7 1
3554 3614 26 1
3555 3615 10 1
3555 3615 27 0
3556 3616 18 0
3556 3616 2 1
3557 3617 27 1
3557 3617 9 1
3558 3618 0 0
3558 3618 19 1
3559 3619 26 1
3559 3619 9 0
3560 3620 26 1
3560 3620 23 0
3561 3621 4 0
3561 3621 4 0
3562 3622 26 0
3562 3622 20 1
3563 3623 4 1
3563 3623 3 1
3564 3624 1 0
3564 3624 27 0
3565 3625 27 0
3565 3625 13 0
3566 3626 6 0
3566 3626 26 0
3567 3627 7 1
3567 3627 14 0
3568 3628 28 1
3568 3628 0 1
3569 3629 23 0
3569 3629 4 0
3570 3630 27 1
3570 3630 6 1
3571 3631 26 0
3571 3631 3 0
3572 3632 18 1
3572 3632 9 1
3573 3633 11 0
3573 3633 7 0
3574 3634 20 0
3574 3634 20 1
3575 3635 3 1
3575 3635 18 0
3576 3636 22 0
3576 3636 11 0
3577 3637 5 0
3577 3637 23 0
3578 3638 7 1
3578 3638 12 1
3579 3639 5 0
3579 3639 8 1
3580 3640 13 1
3580 3640 12 0
3581 3641 18 0
3581 3641 10 1
3582 3642 12 1
3582 3642 9 1
3583 3643 21 0
3583 3643 18 0
3584 3644 26 0
3584 3644 5 0
3585 3645 26 1
3585 3645 11 0
3586 3646 18 0
3586 3646 9 0
3587 3647 28 1
3587 3647 21 1
3588 3648 16 0
3588 3648 17 1
3589 3649 3 0
3589 3649 11 1
3590 3650 19 1
3590 3650 18 1
3591 3651 28 0
3591 3651 10 0
3592 3652 26 1
3592 3652 26 0
3593 3653 1 0
3593 3653 0 0
3594 3654 21 0
3594 3654 11 1
3595 3655 23 0
3595 3655 3 1
3596 3656 4 0
3596 3656 11 1
3597 3657 27 1
3597 3657 26 1
3598 3658 0 0
3598 3658 17 1
3599 3659 20 0
3599 3659 29 0
