0 60 19 1
0 60 20 0
1 61 11 0
1 61 27 0
2 62 13 1
2 62 1 0
3 63 26 1
3 63 4 1
4 64 24 1
4 64 28 0
5 65 16 0
5 65 7 1
6 66 27 1
6 66 2 1
7 67 13 0
7 67 13 0
8 68 13 1
8 68 15 0
9 69 25 1
9 69 26 1
10 70 9 1
10 70 28 1
11 71 29 0
11 71 7 0
12 72 4 1
12 72 6 0
13 73 12 1
13 73 25 1
14 74 16 0
14 74 28 1
15 75 6 1
15 75 28 1
16 76 7 1
16 76 27 1
17 77 16 0
17 77 6 1
18 78 26 1
18 78 29 1
19 79 26 1
19 79 16 1
20 80 28 1
20 80 17 1
21 81 11 1
21 81 2 1
22 82 4 1
22 82 12 1
23 83 23 1
23 83 19 1
24 84 11 1
24 84 16 1
25 85 12 1
25 85 18 1
26 86 27 0
26 86 20 1
27 87 18 1
27 87 24 1
28 88 20 1
28 88 7 1
29 89 15 1
29 89 10 1
30 90 9 1
30 90 7 1
31 91 7 1
31 91 29 1
32 92 12 1
32 92 29 0
33 93 17 1
33 93 3 1
34 94 7 1
34 94 26 0
35 95 20 1
35 95 9 0
36 96 4 0
36 96 7 0
37 97 20 1
37 97 18 1
38 98 7 1
38 98 19 1
39 99 4 0
39 99 20 1
40 100 18 1
40 100 16 1
41 101 16 1
41 101 6 1
42 102 15 1
42 102 20 1
43 103 20 1
43 103 17 1
44 104 23 1
44 104 6 1
45 105 4 1
45 105 7 1
46 106 29 1
46 106 9 1
47 107 13 1
47 107 26 0
48 108 16 1
48 108 6 1
49 109 12 1
49 109 24 0
50 110 8 1
50 110 28 0
51 111 7 1
51 111 25 1
52 112 22 1
52 112 1 1
53 113 4 1
53 113 8 1
54 114 7 1
54 114 22 1
55 115 15 1
55 115 19 1
56 116 12 0
56 116 16 1
57 117 26 0
57 117 19 1
58 118 11 1
58 118 1 1
59 119 25 1
59 119 16 1
60 120 26 1
60 120 17 1
61 121 4 1
61 121 21 1
62 122 23 1
62 122 19 1
63 123 8 1
63 123 25 1
64 124 9 1
64 124 2 0
65 125 13 1
65 125 26 1
66 126 7 0
66 126 16 1
67 127 15 1
67 127 4 1
68 128 1 1
68 128 4 1
69 129 26 1
69 129 25 1
70 130 19 1
70 130 9 1
71 131 28 1
71 131 25 1
72 132 4 1
72 132 22 1
73 133 9 1
73 133 4 1
74 134 17 1
74 134 1 1
75 135 16 1
75 135 16 1
76 136 8 1
76 136 26 1
77 137 6 1
77 137 11 1
78 138 26 1
78 138 4 1
79 139 19 0
79 139 7 1
80 140 6 1
80 140 1 1
81 141 8 0
81 141 22 1
82 142 26 0
82 142 14 1
83 143 19 0
83 143 0 0
84 144 5 0
84 144 20 0
85 145 21 0
85 145 25 0
86 146 13 1
86 146 13 0
87 147 14 1
87 147 4 0
88 148 18 1
88 148 27 0
89 149 0 0
89 149 1 1
90 150 17 0
90 150 13 0
91 151 29 0
91 151 26 0
92 152 20 0
92 152 7 0
93 153 4 0
93 153 6 0
94 154 19 0
94 154 27 1
95 155 14 0
95 155 1 0
96 156 14 0
96 156 17 0
97 157 25 0
97 157 16 1
98 158 19 0
98 158 9 0
99 159 25 0
99 159 1 1
100 160 27 0
100 160 27 0
101 161 15 0
101 161 12 0
102 162 24 0
102 162 16 1
103 163 13 0
103 163 1 0
104 164 9 0
104 164 11 0
105 165 26 0
105 165 28 0
106 166 19 0
106 166 18 0
107 167 11 0
107 167 19 0
108 168 19 0
108 168 2 0
109 169 25 0
109 169 16 0
110 170 16 0
110 170 7 0
111 171 4 0
111 171 26 1
112 172 4 1
112 172 14 1
113 173 24 0
113 173 19 0
114 174 22 1
114 174 6 0
115 175 25 0
115 175 25 0
116 176 28 0
116 176 26 0
117 177 1 1
117 177 28 0
118 178 25 0
118 178 12 0
119 179 3 0
119 179 26 0
120 180 23 0
120 180 6 0
121 181 18 1
121 181 12 1
122 182 7 0
122 182 22 0
123 183 25 0
123 183 11 0
124 184 22 1
124 184 23 0
125 185 24 0
125 185 6 0
126 186 7 1
126 186 22 1
127 187 14 0
127 187 25 0
128 188 14 0
128 188 2 0
129 189 6 0
129 189 16 0
130 190 9 1
130 190 25 0
131 191 15 0
131 191 10 0
132 192 6 0
132 192 7 1
133 193 16 1
133 193 15 0
134 194 17 0
134 194 12 0
135 195 23 0
135 195 13 1
136 196 15 1
136 196 12 0
137 197 26 0
137 197 4 0
138 198 4 0
138 198 25 1
139 199 9 0
139 199 20 0
140 200 9 0
140 200 4 0
141 201 9 0
141 201 1 0
142 202 16 0
142 202 7 0
143 203 22 0
143 203 12 0
144 204 25 0
144 204 1 0
145 205 17 0
145 205 21 0
146 206 26 0
146 206 28 0
147 207 17 0
147 207 16 0
148 208 20 0
148 208 17 0
149 209 16 1
149 209 3 0
150 210 3 1
150 210 7 1
151 211 7 0
151 211 4 1
152 212 11 1
152 212 6 1
153 213 15 1
153 213 19 1
154 214 24 1
154 214 7 1
155 215 29 1
155 215 16 1
156 216 16 1
156 216 25 1
157 217 7 0
157 217 14 0
158 218 6 1
158 218 11 1
159 219 6 0
159 219 23 1
160 220 25 1
160 220 24 1
161 221 27 1
161 221 29 1
162 222 1 0
162 222 25 1
163 223 4 1
163 223 7 1
164 224 26 1
164 224 13 1
165 225 22 1
165 225 11 1
166 226 29 1
166 226 11 1
167 227 13 1
167 227 9 1
168 228 17 1
168 228 18 0
169 229 16 1
169 229 1 1
170 230 25 1
170 230 28 1
171 231 21 0
171 231 22 1
172 232 6 1
172 232 17 1
173 233 27 0
173 233 5 1
174 234 7 1
174 234 26 0
175 235 11 1
175 235 12 1
176 236 26 1
176 236 7 1
177 237 9 1
177 237 8 1
178 238 1 0
178 238 12 1
179 239 4 1
179 239 29 1
180 240 8 1
180 240 8 0
181 241 19 1
181 241 13 1
182 242 25 1
182 242 26 1
183 243 16 1
183 243 1 1
184 244 26 0
184 244 26 1
185 245 14 0
185 245 22 0
186 246 27 1
186 246 19 1
187 247 7 1
187 247 13 0
188 248 1 0
188 248 7 0
189 249 6 1
189 249 16 1
190 250 9 1
190 250 20 1
191 251 11 1
191 251 27 1
192 252 25 1
192 252 5 1
193 253 19 1
193 253 29 1
194 254 4 0
194 254 28 1
195 255 1 1
195 255 18 1
196 256 16 1
196 256 21 1
197 257 20 0
197 257 20 0
198 258 4 1
198 258 7 1
199 259 25 1
199 259 12 0
200 260 13 1
200 260 19 1
201 261 11 1
201 261 11 1
202 262 26 1
202 262 12 1
203 263 25 1
203 263 9 1
204 264 4 1
204 264 23 1
205 265 17 1
205 265 22 1
206 266 7 1
206 266 14 1
207 267 9 1
207 267 26 1
208 268 13 1
208 268 9 1
209 269 12 1
209 269 18 1
210 270 14 0
210 270 7 1
211 271 16 0
211 271 25 1
212 272 11 0
212 272 12 0
213 273 6 0
213 273 6 0
214 274 4 0
214 274 4 0
215 275 20 0
215 275 16 1
216 276 7 0
216 276 4 0
217 277 1 1
217 277 24 0
218 278 9 0
218 278 28 0
219 279 13 0
219 279 9 0
220 280 23 0
220 280 13 0
221 281 21 0
221 281 17 1
222 282 16 0
222 282 1 0
223 283 25 0
223 283 16 0
224 284 13 0
224 284 24 0
225 285 19 0
225 285 2 0
226 286 27 1
226 286 15 0
227 287 7 0
227 287 24 0
228 288 4 1
228 288 21 1
229 289 10 0
229 289 16 0
230 290 23 1
230 290 20 0
231 291 13 1
231 291 18 0
232 292 4 0
232 292 13 0
233 293 23 1
233 293 22 1
234 294 22 1
234 294 13 0
235 295 7 0
235 295 7 0
236 296 15 0
236 296 23 0
237 297 12 0
237 297 4 1
238 298 24 0
238 298 9 0
239 299 15 0
239 299 19 0
240 300 9 0
240 300 24 0
241 301 21 0
241 301 7 0
242 302 4 0
242 302 13 1
243 303 12 0
243 303 11 0
244 304 25 0
244 304 4 0
245 305 23 0
245 305 10 0
246 306 27 0
246 306 21 1
247 307 16 0
247 307 11 0
248 308 6 1
248 308 0 1
249 309 23 0
249 309 1 1
250 310 27 0
250 310 9 0
251 311 25 0
251 311 19 0
252 312 13 0
252 312 1 0
253 313 14 1
253 313 26 0
254 314 17 0
254 314 6 0
255 315 11 0
255 315 16 0
256 316 22 0
256 316 6 0
257 317 3 0
257 317 1 1
258 318 21 0
258 318 21 0
259 319 4 0
259 319 13 1
260 320 18 0
260 320 17 1
261 321 12 0
261 321 18 0
262 322 12 0
262 322 11 0
263 323 16 0
263 323 1 0
264 324 23 1
264 324 6 0
265 325 11 0
265 325 13 0
266 326 7 0
266 326 7 0
267 327 7 0
267 327 6 0
268 328 9 1
268 328 7 0
269 329 16 0
269 329 6 0
270 330 29 0
270 330 17 0
271 331 9 0
271 331 6 0
272 332 6 1
272 332 15 1
273 333 4 0
273 333 25 0
274 334 16 1
274 334 13 1
275 335 17 1
275 335 20 0
276 336 9 1
276 336 11 1
277 337 18 0
277 337 11 1
278 338 16 0
278 338 4 1
279 339 4 0
279 339 14 0
280 340 1 1
280 340 19 1
281 341 14 1
281 341 2 1
282 342 7 1
282 342 11 1
283 343 25 1
283 343 19 1
284 344 17 0
284 344 16 1
285 345 1 1
285 345 16 1
286 346 9 0
286 346 23 1
287 347 15 1
287 347 12 1
288 348 11 1
288 348 23 1
289 349 4 1
289 349 27 1
290 350 1 0
290 350 21 1
291 351 27 1
291 351 23 1
292 352 9 1
292 352 11 1
293 353 17 0
293 353 6 0
294 354 18 0
294 354 9 0
295 355 15 1
295 355 26 1
296 356 21 1
296 356 17 0
297 357 6 1
297 357 14 1
298 358 24 1
298 358 9 1
299 359 16 0
299 359 5 0
300 360 5 1
300 360 7 1
301 361 24 1
301 361 8 1
302 362 9 0
302 362 28 1
303 363 8 1
303 363 17 1
304 364 15 1
304 364 11 1
305 365 7 1
305 365 8 1
306 366 21 1
306 366 0 1
307 367 26 1
307 367 25 1
308 368 9 1
308 368 7 1
309 369 17 0
309 369 17 1
310 370 9 1
310 370 25 1
311 371 15 1
311 371 2 1
312 372 16 1
312 372 17 1
313 373 26 0
313 373 25 0
314 374 21 1
314 374 7 1
315 375 11 0
315 375 13 1
316 376 12 1
316 376 9 1
317 377 19 1
317 377 19 0
318 378 14 1
318 378 22 1
319 379 12 1
319 379 26 1
320 380 9 1
320 380 26 1
321 381 5 0
321 381 28 1
322 382 14 1
322 382 9 1
323 383 7 1
323 383 11 1
324 384 18 1
324 384 16 1
325 385 11 1
325 385 4 0
326 386 22 1
326 386 7 1
327 387 20 1
327 387 16 0
328 388 13 1
328 388 17 1
329 389 6 1
329 389 16 1
330 390 16 1
330 390 17 1
331 391 16 1
331 391 9 1
332 392 14 0
332 392 8 1
333 393 12 1
333 393 7 0
334 394 28 1
334 394 11 0
335 395 19 0
335 395 7 0
336 396 25 0
336 396 26 1
337 397 6 0
337 397 1 1
338 398 12 0
338 398 17 0
339 399 6 1
339 399 15 1
340 400 13 1
340 400 23 1
341 401 17 0
341 401 11 1
342 402 25 0
342 402 4 1
343 403 26 1
343 403 1 0
344 404 6 0
344 404 14 0
345 405 7 0
345 405 4 0
346 406 11 0
346 406 4 0
347 407 11 0
347 407 25 1
348 408 11 1
348 408 4 0
349 409 16 0
349 409 6 1
350 410 4 0
350 410 22 0
351 411 8 0
351 411 17 0
352 412 7 0
352 412 19 0
353 413 7 0
353 413 15 1
354 414 11 1
354 414 11 0
355 415 9 0
355 415 0 0
356 416 18 1
356 416 25 0
357 417 9 0
357 417 29 0
358 418 25 0
358 418 2 0
359 419 12 0
359 419 26 0
360 420 4 0
360 420 18 0
361 421 9 0
361 421 4 1
362 422 25 0
362 422 11 1
363 423 20 0
363 423 13 0
364 424 14 0
364 424 18 0
365 425 23 0
365 425 6 0
366 426 27 0
366 426 1 0
367 427 26 0
367 427 8 0
368 428 22 0
368 428 9 0
369 429 19 0
369 429 15 1
370 430 7 0
370 430 7 0
371 431 20 0
371 431 23 0
372 432 21 1
372 432 13 0
373 433 17 0
373 433 29 0
374 434 20 1
374 434 26 0
375 435 19 1
375 435 7 0
376 436 13 0
376 436 25 1
377 437 7 0
377 437 6 1
378 438 12 0
378 438 20 0
379 439 16 0
379 439 17 1
380 440 22 1
380 440 12 0
381 441 1 0
381 441 9 0
382 442 25 1
382 442 16 0
383 443 26 0
383 443 29 0
384 444 0 0
384 444 11 0
385 445 26 0
385 445 9 0
386 446 16 0
386 446 7 0
387 447 16 1
387 447 19 0
388 448 7 0
388 448 15 1
389 449 13 0
389 449 27 0
390 450 7 0
390 450 11 0
391 451 9 0
391 451 20 0
392 452 19 0
392 452 26 0
393 453 25 0
393 453 12 0
394 454 13 0
394 454 16 0
395 455 6 0
395 455 5 0
396 456 16 1
396 456 9 1
397 457 25 0
397 457 25 1
398 458 7 1
398 458 28 1
399 459 16 0
399 459 7 1
400 460 6 1
400 460 26 0
401 461 29 0
401 461 15 0
402 462 17 0
402 462 26 1
403 463 25 0
403 463 5 1
404 464 29 0
404 464 9 1
405 465 7 1
405 465 16 1
406 466 4 0
406 466 2 1
407 467 23 0
407 467 7 1
408 468 25 1
408 468 1 1
409 469 25 0
409 469 24 0
410 470 1 1
410 470 21 1
411 471 3 1
411 471 15 1
412 472 12 1
412 472 17 0
413 473 6 0
413 473 19 0
414 474 26 1
414 474 12 1
415 475 29 1
415 475 17 0
416 476 26 1
416 476 25 1
417 477 25 1
417 477 16 0
418 478 11 1
418 478 9 1
419 479 9 1
419 479 21 0
420 480 16 1
420 480 8 0
421 481 7 1
421 481 7 1
422 482 11 1
422 482 6 1
423 483 27 1
423 483 20 1
424 484 4 1
424 484 25 1
425 485 18 1
425 485 20 1
426 486 27 0
426 486 22 1
427 487 7 1
427 487 21 1
428 488 4 1
428 488 26 1
429 489 4 1
429 489 26 0
430 490 6 1
430 490 19 0
431 491 19 0
431 491 16 1
432 492 1 1
432 492 6 1
433 493 27 1
433 493 23 1
434 494 17 1
434 494 19 1
435 495 6 1
435 495 28 1
436 496 7 1
436 496 25 1
437 497 28 1
437 497 4 1
438 498 11 1
438 498 28 1
439 499 26 1
439 499 4 1
440 500 11 0
440 500 4 1
441 501 8 0
441 501 21 1
442 502 16 0
442 502 4 1
443 503 16 0
443 503 1 0
444 504 20 1
444 504 29 1
445 505 16 1
445 505 2 1
446 506 9 1
446 506 4 0
447 507 21 1
447 507 19 1
448 508 20 1
448 508 27 0
449 509 16 1
449 509 19 1
450 510 6 1
450 510 28 1
451 511 21 0
451 511 22 1
452 512 11 0
452 512 24 0
453 513 15 1
453 513 24 1
454 514 6 1
454 514 1 0
455 515 7 1
455 515 22 1
456 516 6 1
456 516 19 0
457 517 4 1
457 517 9 1
458 518 9 1
458 518 25 0
459 519 17 1
459 519 11 1
460 520 4 1
460 520 29 1
461 521 2 1
461 521 10 1
462 522 24 1
462 522 22 0
463 523 12 1
463 523 8 1
464 524 25 1
464 524 27 1
465 525 2 0
465 525 11 1
466 526 26 0
466 526 19 1
467 527 26 0
467 527 13 0
468 528 1 0
468 528 23 0
469 529 7 1
469 529 9 1
470 530 22 1
470 530 16 1
471 531 7 0
471 531 16 0
472 532 12 0
472 532 20 0
473 533 7 1
473 533 26 0
474 534 11 0
474 534 16 0
475 535 6 1
475 535 23 0
476 536 8 0
476 536 18 0
477 537 27 1
477 537 19 1
478 538 7 1
478 538 25 0
479 539 19 1
479 539 23 0
480 540 12 0
480 540 6 0
481 541 25 0
481 541 28 0
482 542 25 0
482 542 6 0
483 543 9 0
483 543 16 1
484 544 13 1
484 544 26 0
485 545 21 0
485 545 11 0
486 546 7 0
486 546 29 1
487 547 23 0
487 547 20 0
488 548 18 0
488 548 26 0
489 549 9 0
489 549 17 0
490 550 5 0
490 550 26 0
491 551 4 0
491 551 25 1
492 552 7 0
492 552 25 0
493 553 18 0
493 553 29 0
494 554 22 1
494 554 25 0
495 555 29 0
495 555 26 0
496 556 6 0
496 556 4 0
497 557 21 0
497 557 7 0
498 558 29 1
498 558 19 0
499 559 17 0
499 559 11 0
500 560 6 0
500 560 9 0
501 561 21 0
501 561 19 1
502 562 20 0
502 562 16 0
503 563 19 1
503 563 16 0
504 564 21 1
504 564 1 0
505 565 26 0
505 565 6 1
506 566 27 0
506 566 7 0
507 567 19 1
507 567 9 0
508 568 28 0
508 568 25 0
509 569 4 1
509 569 26 1
510 570 25 1
510 570 6 0
511 571 11 0
511 571 14 1
512 572 13 1
512 572 17 0
513 573 29 0
513 573 22 0
514 574 27 0
514 574 15 0
515 575 22 0
515 575 9 0
516 576 18 0
516 576 4 0
517 577 9 0
517 577 6 0
518 578 26 0
518 578 11 0
519 579 17 0
519 579 15 0
520 580 5 1
520 580 18 0
521 581 16 0
521 581 19 0
522 582 15 0
522 582 16 0
523 583 7 0
523 583 7 0
524 584 0 1
524 584 11 0
525 585 6 0
525 585 4 0
526 586 25 1
526 586 17 1
527 587 18 0
527 587 2 0
528 588 12 1
528 588 1 1
529 589 25 1
529 589 21 0
530 590 15 0
530 590 22 0
531 591 19 1
531 591 11 0
532 592 16 1
532 592 11 1
533 593 25 1
533 593 1 0
534 594 26 1
534 594 17 1
535 595 5 1
535 595 16 1
536 596 6 1
536 596 17 1
537 597 1 1
537 597 1 0
538 598 15 0
538 598 21 0
539 599 4 0
539 599 4 1
540 600 13 1
540 600 6 1
541 601 22 1
541 601 9 1
542 602 1 1
542 602 27 0
543 603 8 1
543 603 27 1
544 604 7 1
544 604 16 0
545 605 26 1
545 605 22 1
546 606 6 1
546 606 21 0
547 607 9 1
547 607 7 1
548 608 17 1
548 608 23 0
549 609 29 1
549 609 26 1
550 610 7 1
550 610 17 1
551 611 22 1
551 611 17 1
552 612 9 0
552 612 21 1
553 613 16 1
553 613 17 1
554 614 1 0
554 614 12 0
555 615 7 1
555 615 24 1
556 616 12 1
556 616 18 1
557 617 13 1
557 617 18 0
558 618 1 1
558 618 17 1
559 619 19 0
559 619 27 0
560 620 28 0
560 620 8 1
561 621 23 1
561 621 4 1
562 622 11 1
562 622 7 0
563 623 17 1
563 623 15 1
564 624 3 1
564 624 26 1
565 625 6 1
565 625 26 1
566 626 14 1
566 626 25 1
567 627 13 1
567 627 7 1
568 628 29 1
568 628 25 1
569 629 23 1
569 629 13 0
570 630 7 0
570 630 14 0
571 631 28 0
571 631 16 1
572 632 12 1
572 632 16 1
573 633 19 1
573 633 19 1
574 634 8 1
574 634 7 0
575 635 19 1
575 635 9 0
576 636 27 1
576 636 20 1
577 637 16 1
577 637 6 1
578 638 0 1
578 638 7 1
579 639 18 1
579 639 20 1
580 640 14 1
580 640 9 1
581 641 18 1
581 641 0 1
582 642 13 1
582 642 13 1
583 643 21 0
583 643 12 1
584 644 17 1
584 644 2 1
585 645 11 1
585 645 1 1
586 646 11 0
586 646 7 0
587 647 6 1
587 647 9 1
588 648 7 1
588 648 0 1
589 649 16 1
589 649 25 0
590 650 16 0
590 650 6 1
591 651 0 1
591 651 11 0
592 652 19 1
592 652 24 0
593 653 19 0
593 653 13 0
594 654 11 0
594 654 6 0
595 655 29 0
595 655 11 0
596 656 9 0
596 656 9 0
597 657 18 0
597 657 1 0
598 658 4 1
598 658 4 1
599 659 15 1
599 659 26 0
600 660 14 1
600 660 13 0
601 661 12 0
601 661 13 1
602 662 3 0
602 662 25 0
603 663 4 0
603 663 29 0
604 664 25 0
604 664 25 0
605 665 19 1
605 665 9 1
606 666 13 1
606 666 6 0
607 667 14 0
607 667 6 1
608 668 16 0
608 668 9 0
609 669 14 0
609 669 25 0
610 670 17 0
610 670 13 0
611 671 26 0
611 671 8 0
612 672 0 0
612 672 26 0
613 673 2 0
613 673 15 0
614 674 5 1
614 674 26 1
615 675 23 0
615 675 12 1
616 676 26 0
616 676 18 0
617 677 25 0
617 677 5 1
618 678 7 0
618 678 12 0
619 679 11 0
619 679 19 1
620 680 2 0
620 680 9 1
621 681 16 0
621 681 20 0
622 682 15 0
622 682 27 1
623 683 7 0
623 683 10 0
624 684 7 0
624 684 26 0
625 685 17 0
625 685 29 0
626 686 9 0
626 686 6 0
627 687 7 0
627 687 7 0
628 688 29 0
628 688 7 0
629 689 11 1
629 689 16 0
630 690 11 1
630 690 11 1
631 691 10 1
631 691 6 1
632 692 26 0
632 692 15 0
633 693 9 0
633 693 29 0
634 694 27 1
634 694 21 0
635 695 28 0
635 695 19 1
636 696 1 0
636 696 4 0
637 697 25 1
637 697 17 1
638 698 5 0
638 698 13 0
639 699 23 0
639 699 19 0
640 700 9 0
640 700 20 0
641 701 14 0
641 701 12 0
642 702 4 1
642 702 11 0
643 703 9 0
643 703 29 0
644 704 17 0
644 704 14 0
645 705 15 0
645 705 17 0
646 706 7 0
646 706 29 0
647 707 8 0
647 707 1 0
648 708 17 0
648 708 22 0
649 709 13 1
649 709 22 0
650 710 18 0
650 710 5 0
651 711 19 0
651 711 6 0
652 712 25 1
652 712 27 1
653 713 15 1
653 713 16 0
654 714 24 1
654 714 21 1
655 715 15 0
655 715 12 1
656 716 11 1
656 716 19 1
657 717 22 1
657 717 16 1
658 718 10 1
658 718 8 1
659 719 1 1
659 719 16 1
660 720 27 0
660 720 27 1
661 721 18 0
661 721 16 0
662 722 17 1
662 722 23 1
663 723 8 1
663 723 25 1
664 724 25 1
664 724 19 1
665 725 22 0
665 725 21 0
666 726 24 0
666 726 22 1
667 727 14 1
667 727 6 0
668 728 6 1
668 728 16 0
669 729 20 1
669 729 14 0
670 730 5 1
670 730 17 1
671 731 12 1
671 731 15 0
672 732 13 1
672 732 19 1
673 733 7 1
673 733 25 1
674 734 17 1
674 734 24 1
675 735 16 0
675 735 17 1
676 736 21 0
676 736 6 1
677 737 16 1
677 737 25 1
678 738 7 1
678 738 16 0
679 739 25 1
679 739 18 1
680 740 25 0
680 740 24 1
681 741 19 1
681 741 4 1
682 742 24 1
682 742 13 1
683 743 4 1
683 743 17 1
684 744 26 1
684 744 1 1
685 745 9 1
685 745 26 1
686 746 7 1
686 746 14 1
687 747 17 0
687 747 16 1
688 748 4 1
688 748 1 1
689 749 12 1
689 749 7 1
690 750 28 0
690 750 9 1
691 751 6 0
691 751 15 0
692 752 19 0
692 752 7 1
693 753 12 0
693 753 19 1
694 754 19 1
694 754 15 1
695 755 22 1
695 755 13 0
696 756 21 0
696 756 1 0
697 757 21 1
697 757 25 1
698 758 4 1
698 758 19 0
699 759 23 1
699 759 16 1
700 760 25 1
700 760 4 1
701 761 13 1
701 761 19 0
702 762 28 1
702 762 25 1
703 763 13 1
703 763 4 1
704 764 9 0
704 764 1 1
705 765 7 1
705 765 21 1
706 766 22 1
706 766 9 1
707 767 15 0
707 767 15 1
708 768 19 1
708 768 25 0
709 769 1 0
709 769 26 1
710 770 9 1
710 770 16 1
711 771 6 1
711 771 12 0
712 772 24 1
712 772 12 1
713 773 12 1
713 773 6 1
714 774 6 1
714 774 13 1
715 775 14 1
715 775 25 0
716 776 0 1
716 776 27 0
717 777 26 0
717 777 9 1
718 778 15 0
718 778 29 0
719 779 27 1
719 779 19 0
720 780 4 0
720 780 13 0
721 781 16 0
721 781 13 0
722 782 25 0
722 782 21 0
723 783 7 0
723 783 16 1
724 784 16 1
724 784 19 1
725 785 17 0
725 785 19 0
726 786 20 0
726 786 10 0
727 787 9 1
727 787 9 1
728 788 23 0
728 788 16 0
729 789 11 1
729 789 24 0
730 790 1 0
730 790 7 1
731 791 23 0
731 791 19 0
732 792 6 0
732 792 4 0
733 793 29 1
733 793 19 0
734 794 7 1
734 794 4 0
735 795 9 1
735 795 18 1
736 796 1 0
736 796 13 0
737 797 7 0
737 797 24 0
738 798 27 0
738 798 20 0
739 799 18 0
739 799 22 0
740 800 12 0
740 800 11 0
741 801 6 0
741 801 6 0
742 802 6 1
742 802 16 0
743 803 13 0
743 803 4 0
744 804 24 0
744 804 27 0
745 805 15 1
745 805 25 0
746 806 9 0
746 806 25 0
747 807 4 0
747 807 28 0
748 808 11 1
748 808 6 0
749 809 16 0
749 809 6 0
750 810 22 0
750 810 14 1
751 811 18 1
751 811 4 1
752 812 13 1
752 812 26 0
753 813 19 0
753 813 14 0
754 814 11 0
754 814 17 0
755 815 16 0
755 815 24 0
756 816 15 1
756 816 26 1
757 817 4 0
757 817 27 0
758 818 9 1
758 818 17 1
759 819 7 0
759 819 19 0
760 820 16 0
760 820 25 0
761 821 26 0
761 821 7 0
762 822 6 0
762 822 25 0
763 823 13 0
763 823 13 0
764 824 13 1
764 824 15 1
765 825 8 0
765 825 12 1
766 826 16 0
766 826 16 0
767 827 11 0
767 827 8 0
768 828 13 0
768 828 8 0
769 829 9 1
769 829 13 1
770 830 19 1
770 830 13 0
771 831 7 0
771 831 21 0
772 832 23 0
772 832 1 0
773 833 25 0
773 833 25 1
774 834 26 0
774 834 11 0
775 835 7 0
775 835 7 0
776 836 9 0
776 836 13 0
777 837 17 1
777 837 6 0
778 838 28 1
778 838 15 1
779 839 6 0
779 839 4 1
780 840 12 0
780 840 16 1
781 841 3 1
781 841 21 1
782 842 5 1
782 842 25 1
783 843 26 1
783 843 28 1
784 844 22 0
784 844 21 0
785 845 6 1
785 845 11 1
786 846 26 1
786 846 6 1
787 847 9 0
787 847 20 0
788 848 25 0
788 848 15 1
789 849 1 1
789 849 21 1
790 850 17 1
790 850 28 1
791 851 16 1
791 851 9 0
792 852 21 1
792 852 9 0
793 853 12 0
793 853 6 0
794 854 24 1
794 854 4 1
795 855 21 1
795 855 26 1
796 856 25 0
796 856 24 0
797 857 27 1
797 857 4 1
798 858 1 1
798 858 24 1
799 859 16 1
799 859 16 0
800 860 4 0
800 860 4 0
801 861 9 1
801 861 29 1
802 862 24 0
802 862 4 1
803 863 13 1
803 863 7 1
804 864 26 1
804 864 13 1
805 865 23 1
805 865 9 1
806 866 2 0
806 866 22 0
807 867 16 1
807 867 6 1
808 868 25 1
808 868 4 1
809 869 7 1
809 869 12 1
810 870 12 1
810 870 6 0
811 871 20 1
811 871 3 1
812 872 14 1
812 872 4 1
813 873 9 1
813 873 4 1
814 874 11 1
814 874 12 1
815 875 19 0
815 875 7 1
816 876 21 1
816 876 4 0
817 877 27 1
817 877 11 1
818 878 25 1
818 878 20 1
819 879 9 0
819 879 24 1
820 880 7 1
820 880 2 1
821 881 26 1
821 881 11 0
822 882 20 1
822 882 9 1
823 883 1 1
823 883 4 0
824 884 19 1
824 884 26 0
825 885 12 1
825 885 11 1
826 886 5 1
826 886 18 1
827 887 12 1
827 887 27 0
828 888 1 1
828 888 1 1
829 889 6 0
829 889 23 1
830 890 24 1
830 890 20 1
831 891 18 1
831 891 4 0
832 892 14 1
832 892 25 1
833 893 11 0
833 893 5 0
834 894 9 0
834 894 16 1
835 895 29 1
835 895 26 1
836 896 6 1
836 896 13 1
837 897 11 1
837 897 11 0
838 898 27 1
838 898 8 0
839 899 6 1
839 899 11 1
840 900 7 0
840 900 17 0
841 901 16 1
841 901 20 1
842 902 6 0
842 902 22 0
843 903 12 0
843 903 6 0
844 904 19 0
844 904 19 0
845 905 8 1
845 905 19 1
846 906 6 0
846 906 17 0
847 907 21 1
847 907 11 0
848 908 19 1
848 908 16 1
849 909 26 0
849 909 6 0
850 910 6 0
850 910 16 1
851 911 8 0
851 911 15 1
852 912 22 0
852 912 1 0
853 913 13 0
853 913 22 0
854 914 7 0
854 914 16 0
855 915 21 1
855 915 20 1
856 916 9 0
856 916 11 1
857 917 9 0
857 917 6 0
858 918 9 0
858 918 12 0
859 919 27 0
859 919 4 0
860 920 15 1
860 920 6 1
861 921 1 1
861 921 18 0
862 922 8 1
862 922 27 0
863 923 12 0
863 923 13 0
864 924 13 0
864 924 19 0
865 925 23 0
865 925 5 0
866 926 21 0
866 926 11 1
867 927 15 0
867 927 7 0
868 928 6 0
868 928 9 1
869 929 24 0
869 929 16 0
870 930 4 1
870 930 15 0
871 931 12 0
871 931 28 0
872 932 19 0
872 932 16 0
873 933 13 1
873 933 24 0
874 934 19 0
874 934 5 0
875 935 1 0
875 935 21 0
876 936 26 1
876 936 16 0
877 937 20 0
877 937 16 0
878 938 12 0
878 938 28 0
879 939 20 1
879 939 11 0
880 940 16 0
880 940 27 0
881 941 12 1
881 941 26 0
882 942 13 0
882 942 8 0
883 943 7 0
883 943 24 1
884 944 12 0
884 944 17 0
885 945 22 1
885 945 18 0
886 946 4 0
886 946 4 0
887 947 4 0
887 947 12 0
888 948 21 0
888 948 16 0
889 949 6 1
889 949 16 1
890 950 1 0
890 950 18 0
891 951 21 0
891 951 10 1
892 952 4 0
892 952 4 1
893 953 9 1
893 953 29 0
894 954 28 0
894 954 13 1
895 955 26 1
895 955 13 0
896 956 9 1
896 956 7 0
897 957 4 0
897 957 7 1
898 958 23 0
898 958 12 0
899 959 19 0
899 959 3 0
900 960 11 1
900 960 7 0
901 961 3 0
901 961 3 0
902 962 4 0
902 962 6 1
903 963 25 0
903 963 19 1
904 964 13 1
904 964 9 1
905 965 17 1
905 965 5 1
906 966 9 0
906 966 26 1
907 967 9 1
907 967 16 0
908 968 6 0
908 968 26 1
909 969 25 1
909 969 13 1
910 970 19 1
910 970 18 0
911 971 29 0
911 971 11 1
912 972 13 1
912 972 25 1
913 973 24 1
913 973 25 0
914 974 19 1
914 974 17 1
915 975 19 1
915 975 28 0
916 976 2 0
916 976 17 1
917 977 24 1
917 977 6 1
918 978 26 0
918 978 21 1
919 979 27 1
919 979 9 1
920 980 1 0
920 980 4 0
921 981 2 1
921 981 16 1
922 982 29 0
922 982 8 1
923 983 0 1
923 983 21 1
924 984 11 1
924 984 6 1
925 985 8 1
925 985 17 1
926 986 28 0
926 986 25 0
927 987 27 0
927 987 26 0
928 988 16 1
928 988 29 1
929 989 26 1
929 989 12 1
930 990 27 1
930 990 25 0
931 991 21 0
931 991 14 1
932 992 16 1
932 992 22 1
933 993 25 1
933 993 20 1
934 994 28 1
934 994 22 1
935 995 9 1
935 995 13 1
936 996 22 0
936 996 27 1
937 997 14 1
937 997 29 1
938 998 24 0
938 998 11 1
939 999 9 1
939 999 26 1
940 1000 20 1
940 1000 16 0
941 1001 6 1
941 1001 7 1
942 1002 15 1
942 1002 25 1
943 1003 17 1
943 1003 11 1
944 1004 7 1
944 1004 3 1
945 1005 1 1
945 1005 25 1
946 1006 21 1
946 1006 4 0
947 1007 16 1
947 1007 9 1
948 1008 9 1
948 1008 1 0
949 1009 23 1
949 1009 25 0
950 1010 16 1
950 1010 17 1
951 1011 26 1
951 1011 16 1
952 1012 9 0
952 1012 24 1
953 1013 9 0
953 1013 7 1
954 1014 13 0
954 1014 24 1
955 1015 17 0
955 1015 25 0
956 1016 21 1
956 1016 26 1
957 1017 16 1
957 1017 1 1
958 1018 26 0
958 1018 16 0
959 1019 29 1
959 1019 16 1
960 1020 11 1
960 1020 9 1
961 1021 23 1
961 1021 13 1
962 1022 16 1
962 1022 16 0
963 1023 12 1
963 1023 15 1
964 1024 16 0
964 1024 16 0
965 1025 21 0
965 1025 19 0
966 1026 15 1
966 1026 9 0
967 1027 4 1
967 1027 19 1
968 1028 11 0
968 1028 25 0
969 1029 4 0
969 1029 23 1
970 1030 6 0
970 1030 24 0
971 1031 1 0
971 1031 9 0
972 1032 14 0
972 1032 4 0
973 1033 24 1
973 1033 7 1
974 1034 12 0
974 1034 26 0
975 1035 7 0
975 1035 13 1
976 1036 21 1
976 1036 22 0
977 1037 13 0
977 1037 9 0
978 1038 26 1
978 1038 6 0
979 1039 5 0
979 1039 4 0
980 1040 25 0
980 1040 22 0
981 1041 13 1
981 1041 22 0
982 1042 2 0
982 1042 8 1
983 1043 4 0
983 1043 16 0
984 1044 22 1
984 1044 21 1
985 1045 26 1
985 1045 14 0
986 1046 15 0
986 1046 19 1
987 1047 19 0
987 1047 11 1
988 1048 11 1
988 1048 25 0
989 1049 16 0
989 1049 6 0
990 1050 19 0
990 1050 16 0
991 1051 22 0
991 1051 9 0
992 1052 29 0
992 1052 26 1
993 1053 25 0
993 1053 1 0
994 1054 10 0
994 1054 13 0
995 1055 6 0
995 1055 22 1
996 1056 9 0
996 1056 17 0
997 1057 28 0
997 1057 15 0
998 1058 27 0
998 1058 27 0
999 1059 22 1
999 1059 19 0
1000 1060 21 0
1000 1060 22 1
1001 1061 7 0
1001 1061 19 0
1002 1062 0 0
1002 1062 24 1
1003 1063 19 0
1003 1063 19 1
1004 1064 3 0
1004 1064 20 0
1005 1065 15 0
1005 1065 5 0
1006 1066 29 0
1006 1066 17 1
1007 1067 9 0
1007 1067 12 0
1008 1068 5 0
1008 1068 21 0
1009 1069 22 0
1009 1069 19 0
1010 1070 8 0
1010 1070 13 0
1011 1071 9 0
1011 1071 11 0
1012 1072 17 0
1012 1072 24 0
1013 1073 17 0
1013 1073 19 1
1014 1074 6 0
1014 1074 1 0
1015 1075 17 1
1015 1075 17 1
1016 1076 22 1
1016 1076 27 1
1017 1077 19 0
1017 1077 6 0
1018 1078 26 1
1018 1078 24 0
1019 1079 15 1
1019 1079 16 0
1020 1080 16 1
1020 1080 9 0
1021 1081 14 0
1021 1081 16 0
1022 1082 20 0
1022 1082 7 0
1023 1083 9 0
1023 1083 13 0
1024 1084 20 0
1024 1084 12 0
1025 1085 15 0
1025 1085 0 1
1026 1086 13 1
1026 1086 13 1
1027 1087 9 0
1027 1087 11 1
1028 1088 6 1
1028 1088 25 0
1029 1089 15 1
1029 1089 7 1
1030 1090 25 1
1030 1090 26 1
1031 1091 25 1
1031 1091 19 0
1032 1092 25 1
1032 1092 13 1
1033 1093 24 0
1033 1093 27 0
1034 1094 1 1
1034 1094 25 1
1035 1095 18 1
1035 1095 11 1
1036 1096 25 0
1036 1096 8 0
1037 1097 4 1
1037 1097 20 1
1038 1098 12 1
1038 1098 7 1
1039 1099 20 0
1039 1099 4 1
1040 1100 1 1
1040 1100 12 1
1041 1101 28 1
1041 1101 7 1
1042 1102 22 0
1042 1102 26 1
1043 1103 19 1
1043 1103 15 1
1044 1104 23 0
1044 1104 26 1
1045 1105 14 1
1045 1105 16 0
1046 1106 17 0
1046 1106 19 0
1047 1107 4 0
1047 1107 19 0
1048 1108 6 1
1048 1108 29 1
1049 1109 13 1
1049 1109 22 1
1050 1110 22 1
1050 1110 1 1
1051 1111 22 0
1051 1111 9 1
1052 1112 1 1
1052 1112 26 1
1053 1113 1 1
1053 1113 4 1
1054 1114 3 1
1054 1114 9 1
1055 1115 20 0
1055 1115 20 0
1056 1116 1 1
1056 1116 19 1
1057 1117 6 1
1057 1117 28 1
1058 1118 20 0
1058 1118 21 0
1059 1119 29 1
1059 1119 17 1
1060 1120 16 1
1060 1120 18 1
1061 1121 19 1
1061 1121 9 1
1062 1122 8 1
1062 1122 6 1
1063 1123 16 0
1063 1123 16 0
1064 1124 25 1
1064 1124 17 1
1065 1125 12 1
1065 1125 20 0
1066 1126 4 1
1066 1126 15 1
1067 1127 26 1
1067 1127 13 0
1068 1128 1 1
1068 1128 8 1
1069 1129 25 1
1069 1129 16 1
1070 1130 6 1
1070 1130 4 1
1071 1131 27 1
1071 1131 11 1
1072 1132 21 1
1072 1132 29 0
1073 1133 7 0
1073 1133 26 1
1074 1134 22 0
1074 1134 26 1
1075 1135 24 1
1075 1135 23 1
1076 1136 29 1
1076 1136 14 0
1077 1137 19 1
1077 1137 26 0
1078 1138 23 1
1078 1138 12 1
1079 1139 25 1
1079 1139 27 1
1080 1140 18 1
1080 1140 20 1
1081 1141 7 0
1081 1141 26 1
1082 1142 13 0
1082 1142 9 1
1083 1143 1 1
1083 1143 26 0
1084 1144 19 1
1084 1144 5 1
1085 1145 28 1
1085 1145 27 1
1086 1146 6 1
1086 1146 23 0
1087 1147 6 0
1087 1147 11 1
1088 1148 16 0
1088 1148 17 0
1089 1149 13 1
1089 1149 13 1
1090 1150 1 0
1090 1150 19 0
1091 1151 16 1
1091 1151 7 0
1092 1152 15 0
1092 1152 13 0
1093 1153 24 1
1093 1153 26 1
1094 1154 27 0
1094 1154 26 0
1095 1155 6 0
1095 1155 23 0
1096 1156 1 0
1096 1156 9 0
1097 1157 12 1
1097 1157 11 0
1098 1158 14 0
1098 1158 9 0
1099 1159 4 0
1099 1159 9 0
1100 1160 9 0
1100 1160 6 1
1101 1161 26 0
1101 1161 16 0
1102 1162 18 0
1102 1162 7 0
1103 1163 25 1
1103 1163 18 1
1104 1164 19 0
1104 1164 16 0
1105 1165 17 1
1105 1165 1 1
1106 1166 16 1
1106 1166 17 0
1107 1167 20 1
1107 1167 25 0
1108 1168 25 1
1108 1168 13 1
1109 1169 4 0
1109 1169 14 0
1110 1170 19 0
1110 1170 9 0
1111 1171 1 0
1111 1171 20 0
1112 1172 24 1
1112 1172 7 0
1113 1173 16 1
1113 1173 11 0
1114 1174 6 0
1114 1174 0 0
1115 1175 4 0
1115 1175 21 0
1116 1176 14 0
1116 1176 9 0
1117 1177 24 0
1117 1177 2 1
1118 1178 9 0
1118 1178 26 0
1119 1179 27 1
1119 1179 22 0
1120 1180 25 0
1120 1180 11 0
1121 1181 9 0
1121 1181 1 0
1122 1182 12 0
1122 1182 8 1
1123 1183 26 1
1123 1183 15 0
1124 1184 19 0
1124 1184 22 1
1125 1185 11 1
1125 1185 18 0
1126 1186 26 0
1126 1186 12 0
1127 1187 19 0
1127 1187 21 1
1128 1188 8 0
1128 1188 19 0
1129 1189 21 0
1129 1189 21 0
1130 1190 22 0
1130 1190 11 0
1131 1191 25 0
1131 1191 21 0
1132 1192 13 0
1132 1192 25 0
1133 1193 11 1
1133 1193 21 0
1134 1194 16 0
1134 1194 26 1
1135 1195 16 0
1135 1195 26 0
1136 1196 7 1
1136 1196 24 1
1137 1197 4 1
1137 1197 6 1
1138 1198 12 0
1138 1198 27 0
1139 1199 23 0
1139 1199 13 0
1140 1200 7 1
1140 1200 19 1
1141 1201 24 0
1141 1201 24 0
1142 1202 16 1
1142 1202 4 1
1143 1203 4 0
1143 1203 29 1
1144 1204 22 0
1144 1204 19 0
1145 1205 29 0
1145 1205 18 0
1146 1206 23 0
1146 1206 9 0
1147 1207 20 0
1147 1207 0 0
1148 1208 22 0
1148 1208 29 0
1149 1209 19 0
1149 1209 1 0
1150 1210 9 1
1150 1210 21 1
1151 1211 6 1
1151 1211 28 0
1152 1212 26 1
1152 1212 24 1
1153 1213 28 0
1153 1213 11 0
1154 1214 25 1
1154 1214 24 1
1155 1215 6 1
1155 1215 4 1
1156 1216 14 0
1156 1216 7 1
1157 1217 27 0
1157 1217 6 1
1158 1218 12 0
1158 1218 25 1
1159 1219 17 1
1159 1219 18 1
1160 1220 13 1
1160 1220 19 0
1161 1221 19 1
1161 1221 16 1
1162 1222 29 1
1162 1222 11 1
1163 1223 16 1
1163 1223 9 1
1164 1224 24 0
1164 1224 19 1
1165 1225 19 1
1165 1225 10 1
1166 1226 6 0
1166 1226 16 0
1167 1227 12 1
1167 1227 25 0
1168 1228 22 0
1168 1228 25 1
1169 1229 25 0
1169 1229 11 1
1170 1230 28 1
1170 1230 18 1
1171 1231 17 1
1171 1231 1 0
1172 1232 9 1
1172 1232 1 1
1173 1233 12 0
1173 1233 25 1
1174 1234 28 1
1174 1234 12 1
1175 1235 6 0
1175 1235 14 1
1176 1236 13 1
1176 1236 16 1
1177 1237 26 0
1177 1237 25 0
1178 1238 21 1
1178 1238 25 1
1179 1239 7 1
1179 1239 5 0
1180 1240 4 1
1180 1240 4 1
1181 1241 11 1
1181 1241 7 1
1182 1242 27 0
1182 1242 22 1
1183 1243 15 1
1183 1243 4 1
1184 1244 13 1
1184 1244 20 1
1185 1245 18 1
1185 1245 26 0
1186 1246 4 0
1186 1246 27 1
1187 1247 26 1
1187 1247 13 1
1188 1248 26 0
1188 1248 4 1
1189 1249 22 1
1189 1249 11 1
1190 1250 12 1
1190 1250 27 0
1191 1251 9 1
1191 1251 20 1
1192 1252 24 0
1192 1252 16 1
1193 1253 12 1
1193 1253 13 1
1194 1254 16 0
1194 1254 25 1
1195 1255 20 1
1195 1255 26 1
1196 1256 21 0
1196 1256 13 1
1197 1257 24 1
1197 1257 24 1
1198 1258 16 0
1198 1258 6 1
1199 1259 13 1
1199 1259 15 1
1200 1260 3 0
1200 1260 25 0
1201 1261 21 1
1201 1261 1 1
1202 1262 10 0
1202 1262 20 1
1203 1263 6 1
1203 1263 9 1
1204 1264 16 0
1204 1264 19 0
1205 1265 4 0
1205 1265 16 1
1206 1266 21 1
1206 1266 17 1
1207 1267 26 1
1207 1267 5 1
1208 1268 6 1
1208 1268 21 1
1209 1269 1 1
1209 1269 11 1
1210 1270 25 0
1210 1270 4 1
1211 1271 27 1
1211 1271 9 0
1212 1272 11 0
1212 1272 29 1
1213 1273 26 0
1213 1273 7 0
1214 1274 22 0
1214 1274 25 0
1215 1275 19 1
1215 1275 13 0
1216 1276 6 0
1216 1276 8 1
1217 1277 11 0
1217 1277 13 0
1218 1278 24 1
1218 1278 13 1
1219 1279 7 0
1219 1279 2 0
1220 1280 29 1
1220 1280 25 1
1221 1281 29 0
1221 1281 8 0
1222 1282 19 0
1222 1282 6 0
1223 1283 24 1
1223 1283 1 0
1224 1284 7 1
1224 1284 26 0
1225 1285 9 0
1225 1285 23 1
1226 1286 7 0
1226 1286 15 0
1227 1287 28 1
1227 1287 16 0
1228 1288 26 0
1228 1288 11 0
1229 1289 13 1
1229 1289 6 0
1230 1290 1 0
1230 1290 16 0
1231 1291 11 0
1231 1291 1 0
1232 1292 19 1
1232 1292 11 1
1233 1293 25 0
1233 1293 12 0
1234 1294 17 1
1234 1294 13 0
1235 1295 0 0
1235 1295 1 1
1236 1296 4 0
1236 1296 13 0
1237 1297 13 0
1237 1297 1 1
1238 1298 4 1
1238 1298 19 0
1239 1299 7 0
1239 1299 21 1
1240 1300 4 0
1240 1300 4 0
1241 1301 19 0
1241 1301 12 0
1242 1302 22 0
1242 1302 24 0
1243 1303 26 0
1243 1303 4 0
1244 1304 1 0
1244 1304 17 0
1245 1305 15 1
1245 1305 14 1
1246 1306 24 0
1246 1306 14 0
1247 1307 25 0
1247 1307 6 0
1248 1308 26 1
1248 1308 2 1
1249 1309 9 0
1249 1309 8 0
1250 1310 4 0
1250 1310 7 0
1251 1311 9 0
1251 1311 11 0
1252 1312 25 0
1252 1312 26 1
1253 1313 13 0
1253 1313 11 0
1254 1314 16 1
1254 1314 11 0
1255 1315 26 0
1255 1315 15 0
1256 1316 26 0
1256 1316 24 1
1257 1317 24 1
1257 1317 4 0
1258 1318 26 0
1258 1318 3 1
1259 1319 8 0
1259 1319 26 0
1260 1320 16 1
1260 1320 13 0
1261 1321 20 0
1261 1321 11 0
1262 1322 11 1
1262 1322 22 0
1263 1323 26 0
1263 1323 26 0
1264 1324 18 1
1264 1324 20 1
1265 1325 0 1
1265 1325 16 0
1266 1326 28 0
1266 1326 25 0
1267 1327 22 0
1267 1327 13 0
1268 1328 19 1
1268 1328 11 0
1269 1329 16 0
1269 1329 15 0
1270 1330 27 0
1270 1330 16 1
1271 1331 16 0
1271 1331 1 0
1272 1332 1 1
1272 1332 15 0
1273 1333 1 1
1273 1333 27 1
1274 1334 19 1
1274 1334 11 1
1275 1335 8 0
1275 1335 27 1
1276 1336 17 0
1276 1336 11 1
1277 1337 29 0
1277 1337 12 1
1278 1338 7 1
1278 1338 11 1
1279 1339 12 0
1279 1339 19 0
1280 1340 14 1
1280 1340 4 0
1281 1341 26 0
1281 1341 14 1
1282 1342 3 1
1282 1342 8 1
1283 1343 22 0
1283 1343 24 1
1284 1344 18 1
1284 1344 5 1
1285 1345 21 1
1285 1345 12 0
1286 1346 16 1
1286 1346 16 1
1287 1347 10 0
1287 1347 25 0
1288 1348 0 1
1288 1348 25 1
1289 1349 6 1
1289 1349 9 1
1290 1350 23 0
1290 1350 19 1
1291 1351 9 1
1291 1351 19 1
1292 1352 27 0
1292 1352 11 0
1293 1353 7 1
1293 1353 19 1
1294 1354 26 0
1294 1354 6 1
1295 1355 6 1
1295 1355 16 1
1296 1356 27 1
1296 1356 9 0
1297 1357 19 1
1297 1357 25 1
1298 1358 14 1
1298 1358 9 1
1299 1359 7 0
1299 1359 11 0
1300 1360 6 1
1300 1360 6 1
1301 1361 26 1
1301 1361 4 0
1302 1362 16 1
1302 1362 19 1
1303 1363 4 1
1303 1363 4 1
1304 1364 12 1
1304 1364 25 1
1305 1365 6 0
1305 1365 0 1
1306 1366 26 1
1306 1366 1 0
1307 1367 20 1
1307 1367 16 1
1308 1368 16 1
1308 1368 29 0
1309 1369 20 1
1309 1369 16 1
1310 1370 6 1
1310 1370 25 1
1311 1371 23 1
1311 1371 25 1
1312 1372 1 0
1312 1372 6 1
1313 1373 6 1
1313 1373 14 0
1314 1374 12 1
1314 1374 15 1
1315 1375 1 1
1315 1375 18 0
1316 1376 13 1
1316 1376 12 1
1317 1377 2 0
1317 1377 9 1
1318 1378 29 1
1318 1378 4 1
1319 1379 17 1
1319 1379 17 0
1320 1380 4 1
1320 1380 25 0
1321 1381 24 1
1321 1381 24 1
1322 1382 19 0
1322 1382 11 1
1323 1383 16 1
1323 1383 11 1
1324 1384 16 0
1324 1384 26 0
1325 1385 26 0
1325 1385 26 1
1326 1386 13 0
1326 1386 28 0
1327 1387 16 1
1327 1387 1 0
1328 1388 20 1
1328 1388 18 1
1329 1389 24 1
1329 1389 7 1
1330 1390 29 1
1330 1390 17 1
1331 1391 18 1
1331 1391 14 1
1332 1392 12 1
1332 1392 27 1
1333 1393 25 1
1333 1393 9 1
1334 1394 18 0
1334 1394 19 0
1335 1395 22 0
1335 1395 27 0
1336 1396 19 0
1336 1396 3 1
1337 1397 8 0
1337 1397 21 0
1338 1398 17 0
1338 1398 1 0
1339 1399 28 0
1339 1399 12 1
1340 1400 11 0
1340 1400 20 1
1341 1401 14 1
1341 1401 14 0
1342 1402 25 1
1342 1402 12 1
1343 1403 27 1
1343 1403 21 0
1344 1404 15 0
1344 1404 12 0
1345 1405 16 0
1345 1405 7 1
1346 1406 24 0
1346 1406 0 0
1347 1407 16 0
1347 1407 16 1
1348 1408 26 0
1348 1408 25 0
1349 1409 20 0
1349 1409 9 0
1350 1410 6 1
1350 1410 18 0
1351 1411 19 1
1351 1411 1 1
1352 1412 25 1
1352 1412 11 0
1353 1413 15 0
1353 1413 7 1
1354 1414 29 0
1354 1414 27 1
1355 1415 29 0
1355 1415 15 0
1356 1416 3 0
1356 1416 24 0
1357 1417 16 0
1357 1417 7 0
1358 1418 7 0
1358 1418 20 0
1359 1419 9 1
1359 1419 28 1
1360 1420 9 0
1360 1420 16 0
1361 1421 5 0
1361 1421 19 0
1362 1422 26 0
1362 1422 19 1
1363 1423 8 0
1363 1423 24 0
1364 1424 18 0
1364 1424 19 1
1365 1425 19 0
1365 1425 14 0
1366 1426 12 0
1366 1426 11 0
1367 1427 20 1
1367 1427 20 0
1368 1428 11 0
1368 1428 11 0
1369 1429 9 0
1369 1429 7 1
1370 1430 15 0
1370 1430 25 0
1371 1431 4 1
1371 1431 11 0
1372 1432 25 0
1372 1432 16 0
1373 1433 4 0
1373 1433 13 0
1374 1434 11 0
1374 1434 25 0
1375 1435 4 1
1375 1435 23 1
1376 1436 13 1
1376 1436 12 0
1377 1437 23 0
1377 1437 18 0
1378 1438 24 0
1378 1438 24 0
1379 1439 6 1
1379 1439 12 0
1380 1440 17 0
1380 1440 29 0
1381 1441 4 0
1381 1441 17 0
1382 1442 17 0
1382 1442 22 1
1383 1443 13 0
1383 1443 6 0
1384 1444 7 1
1384 1444 21 1
1385 1445 19 1
1385 1445 0 0
1386 1446 28 1
1386 1446 4 0
1387 1447 16 1
1387 1447 25 1
1388 1448 24 0
1388 1448 21 0
1389 1449 3 0
1389 1449 24 0
1390 1450 13 0
1390 1450 27 0
1391 1451 27 0
1391 1451 26 0
1392 1452 29 0
1392 1452 25 0
1393 1453 11 0
1393 1453 25 0
1394 1454 20 1
1394 1454 19 1
1395 1455 24 1
1395 1455 9 1
1396 1456 13 0
1396 1456 14 0
1397 1457 24 1
1397 1457 1 1
1398 1458 27 1
1398 1458 7 1
1399 1459 9 1
1399 1459 21 0
1400 1460 11 1
1400 1460 19 1
1401 1461 4 0
1401 1461 9 1
1402 1462 25 1
1402 1462 7 0
1403 1463 25 0
1403 1463 8 0
1404 1464 21 1
1404 1464 24 0
1405 1465 1 1
1405 1465 13 1
1406 1466 18 1
1406 1466 8 1
1407 1467 6 0
1407 1467 1 1
1408 1468 19 0
1408 1468 13 1
1409 1469 6 1
1409 1469 17 1
1410 1470 9 1
1410 1470 28 0
1411 1471 28 0
1411 1471 17 0
1412 1472 16 0
1412 1472 9 1
1413 1473 4 1
1413 1473 8 0
1414 1474 1 0
1414 1474 26 1
1415 1475 29 1
1415 1475 25 1
1416 1476 7 1
1416 1476 28 1
1417 1477 23 1
1417 1477 21 1
1418 1478 26 0
1418 1478 18 0
1419 1479 12 1
1419 1479 3 1
1420 1480 26 1
1420 1480 13 1
1421 1481 13 1
1421 1481 23 1
1422 1482 19 1
1422 1482 26 1
1423 1483 4 1
1423 1483 16 1
1424 1484 1 1
1424 1484 1 0
1425 1485 0 1
1425 1485 17 0
1426 1486 3 1
1426 1486 9 0
1427 1487 8 1
1427 1487 16 0
1428 1488 1 1
1428 1488 7 1
1429 1489 16 1
1429 1489 21 1
1430 1490 22 1
1430 1490 20 0
1431 1491 17 1
1431 1491 7 0
1432 1492 16 1
1432 1492 22 1
1433 1493 13 1
1433 1493 0 1
1434 1494 11 1
1434 1494 29 1
1435 1495 6 0
1435 1495 16 0
1436 1496 6 0
1436 1496 7 0
1437 1497 18 1
1437 1497 29 1
1438 1498 26 1
1438 1498 4 1
1439 1499 16 1
1439 1499 6 0
1440 1500 16 1
1440 1500 25 1
1441 1501 14 1
1441 1501 7 1
1442 1502 13 1
1442 1502 14 1
1443 1503 26 1
1443 1503 9 1
1444 1504 3 1
1444 1504 7 1
1445 1505 7 1
1445 1505 17 0
1446 1506 7 0
1446 1506 7 1
1447 1507 11 0
1447 1507 21 0
1448 1508 23 0
1448 1508 7 1
1449 1509 26 1
1449 1509 24 1
1450 1510 25 1
1450 1510 23 1
1451 1511 9 1
1451 1511 7 1
1452 1512 16 1
1452 1512 19 1
1453 1513 14 1
1453 1513 1 1
1454 1514 25 0
1454 1514 25 1
1455 1515 15 0
1455 1515 16 1
1456 1516 16 0
1456 1516 25 0
1457 1517 0 1
1457 1517 4 0
1458 1518 15 1
1458 1518 15 0
1459 1519 26 0
1459 1519 19 0
1460 1520 6 0
1460 1520 1 0
1461 1521 5 1
1461 1521 18 0
1462 1522 20 1
1462 1522 7 1
1463 1523 7 1
1463 1523 25 0
1464 1524 11 0
1464 1524 16 0
1465 1525 11 0
1465 1525 7 1
1466 1526 18 0
1466 1526 11 0
1467 1527 27 1
1467 1527 25 1
1468 1528 13 0
1468 1528 18 0
1469 1529 14 0
1469 1529 25 1
1470 1530 1 1
1470 1530 9 1
1471 1531 27 0
1471 1531 26 0
1472 1532 20 1
1472 1532 19 0
1473 1533 19 0
1473 1533 14 1
1474 1534 14 0
1474 1534 20 0
1475 1535 25 1
1475 1535 16 0
1476 1536 6 0
1476 1536 2 1
1477 1537 12 1
1477 1537 3 0
1478 1538 23 0
1478 1538 9 1
1479 1539 24 0
1479 1539 16 0
1480 1540 27 0
1480 1540 6 0
1481 1541 6 0
1481 1541 7 0
1482 1542 13 1
1482 1542 21 0
1483 1543 26 0
1483 1543 21 1
1484 1544 5 0
1484 1544 16 0
1485 1545 16 0
1485 1545 9 1
1486 1546 6 0
1486 1546 9 0
1487 1547 17 0
1487 1547 1 0
1488 1548 6 1
1488 1548 8 0
1489 1549 23 0
1489 1549 4 0
1490 1550 1 0
1490 1550 7 0
1491 1551 3 0
1491 1551 20 1
1492 1552 25 1
1492 1552 4 0
1493 1553 13 0
1493 1553 6 0
1494 1554 16 0
1494 1554 12 0
1495 1555 19 1
1495 1555 26 0
1496 1556 21 0
1496 1556 21 1
1497 1557 6 1
1497 1557 19 0
1498 1558 7 1
1498 1558 19 0
1499 1559 12 1
1499 1559 9 0
1500 1560 9 0
1500 1560 6 0
1501 1561 17 0
1501 1561 19 0
1502 1562 9 0
1502 1562 7 0
1503 1563 17 0
1503 1563 20 0
1504 1564 1 0
1504 1564 8 0
1505 1565 4 0
1505 1565 25 0
1506 1566 7 0
1506 1566 6 1
1507 1567 25 0
1507 1567 4 1
1508 1568 13 1
1508 1568 29 1
1509 1569 29 0
1509 1569 20 1
1510 1570 27 1
1510 1570 22 0
1511 1571 6 0
1511 1571 11 0
1512 1572 8 1
1512 1572 7 0
1513 1573 12 0
1513 1573 4 0
1514 1574 19 0
1514 1574 25 0
1515 1575 6 0
1515 1575 7 0
1516 1576 20 0
1516 1576 28 1
1517 1577 26 1
1517 1577 19 0
1518 1578 12 0
1518 1578 20 1
1519 1579 9 1
1519 1579 6 0
1520 1580 29 1
1520 1580 11 1
1521 1581 24 1
1521 1581 25 1
1522 1582 13 1
1522 1582 6 0
1523 1583 16 0
1523 1583 14 1
1524 1584 21 0
1524 1584 11 0
1525 1585 25 1
1525 1585 19 0
1526 1586 16 1
1526 1586 9 1
1527 1587 9 0
1527 1587 19 0
1528 1588 19 1
1528 1588 6 1
1529 1589 19 1
1529 1589 13 1
1530 1590 16 0
1530 1590 15 0
1531 1591 16 1
1531 1591 29 1
1532 1592 16 0
1532 1592 26 1
1533 1593 11 1
1533 1593 16 1
1534 1594 12 0
1534 1594 25 1
1535 1595 16 0
1535 1595 4 1
1536 1596 4 1
1536 1596 22 1
1537 1597 22 0
1537 1597 12 1
1538 1598 16 1
1538 1598 9 0
1539 1599 0 1
1539 1599 19 1
1540 1600 11 0
1540 1600 15 1
1541 1601 9 0
1541 1601 20 1
1542 1602 4 1
1542 1602 13 1
1543 1603 26 1
1543 1603 9 1
1544 1604 28 1
1544 1604 11 0
1545 1605 20 0
1545 1605 13 0
1546 1606 19 1
1546 1606 25 1
1547 1607 2 1
1547 1607 18 1
1548 1608 25 1
1548 1608 16 1
1549 1609 18 1
1549 1609 13 0
1550 1610 4 1
1550 1610 16 0
1551 1611 6 1
1551 1611 6 1
1552 1612 26 1
1552 1612 14 0
1553 1613 7 1
1553 1613 12 0
1554 1614 21 1
1554 1614 17 1
1555 1615 23 1
1555 1615 22 1
1556 1616 25 1
1556 1616 9 1
1557 1617 6 0
1557 1617 12 1
1558 1618 29 0
1558 1618 19 1
1559 1619 23 1
1559 1619 4 1
1560 1620 17 0
1560 1620 26 1
1561 1621 29 1
1561 1621 15 0
1562 1622 27 0
1562 1622 19 0
1563 1623 15 1
1563 1623 29 1
1564 1624 27 1
1564 1624 7 1
1565 1625 12 1
1565 1625 27 1
1566 1626 9 0
1566 1626 1 0
1567 1627 7 1
1567 1627 7 1
1568 1628 13 1
1568 1628 24 1
1569 1629 27 1
1569 1629 27 0
1570 1630 9 0
1570 1630 6 1
1571 1631 17 1
1571 1631 15 1
1572 1632 21 1
1572 1632 26 0
1573 1633 24 0
1573 1633 27 1
1574 1634 25 1
1574 1634 19 1
1575 1635 20 1
1575 1635 7 1
1576 1636 16 1
1576 1636 21 0
1577 1637 27 0
1577 1637 12 1
1578 1638 16 1
1578 1638 6 1
1579 1639 12 0
1579 1639 7 0
1580 1640 21 0
1580 1640 17 1
1581 1641 11 1
1581 1641 13 1
1582 1642 2 0
1582 1642 13 0
1583 1643 9 1
1583 1643 20 0
1584 1644 12 1
1584 1644 1 0
1585 1645 9 1
1585 1645 21 1
1586 1646 26 0
1586 1646 1 1
1587 1647 6 0
1587 1647 1 0
1588 1648 3 0
1588 1648 12 1
1589 1649 24 0
1589 1649 24 0
1590 1650 24 1
1590 1650 4 0
1591 1651 11 0
1591 1651 22 1
1592 1652 12 1
1592 1652 29 0
1593 1653 19 1
1593 1653 24 0
1594 1654 6 0
1594 1654 25 0
1595 1655 13 1
1595 1655 11 0
1596 1656 9 0
1596 1656 4 0
1597 1657 9 1
1597 1657 16 1
1598 1658 15 0
1598 1658 12 1
1599 1659 29 0
1599 1659 6 0
1600 1660 7 0
1600 1660 13 0
1601 1661 21 1
1601 1661 19 0
1602 1662 5 0
1602 1662 4 0
1603 1663 1 1
1603 1663 12 1
1604 1664 27 1
1604 1664 12 0
1605 1665 7 0
1605 1665 7 0
1606 1666 4 0
1606 1666 16 0
1607 1667 18 0
1607 1667 18 0
1608 1668 17 0
1608 1668 13 0
1609 1669 20 0
1609 1669 26 1
1610 1670 26 1
1610 1670 17 0
1611 1671 6 0
1611 1671 29 0
1612 1672 1 0
1612 1672 26 1
1613 1673 26 0
1613 1673 27 1
1614 1674 13 0
1614 1674 1 0
1615 1675 4 0
1615 1675 7 0
1616 1676 17 0
1616 1676 26 0
1617 1677 7 0
1617 1677 22 0
1618 1678 10 1
1618 1678 26 0
1619 1679 23 0
1619 1679 26 0
1620 1680 12 0
1620 1680 16 1
1621 1681 0 1
1621 1681 27 1
1622 1682 16 1
1622 1682 25 1
1623 1683 14 0
1623 1683 8 0
1624 1684 22 1
1624 1684 7 0
1625 1685 9 0
1625 1685 26 0
1626 1686 17 1
1626 1686 5 1
1627 1687 13 0
1627 1687 16 1
1628 1688 29 0
1628 1688 13 0
1629 1689 8 0
1629 1689 20 0
1630 1690 4 0
1630 1690 19 0
1631 1691 17 0
1631 1691 25 0
1632 1692 24 1
1632 1692 2 0
1633 1693 1 1
1633 1693 26 1
1634 1694 28 0
1634 1694 7 1
1635 1695 17 0
1635 1695 16 0
1636 1696 6 1
1636 1696 9 0
1637 1697 12 0
1637 1697 25 0
1638 1698 25 0
1638 1698 27 0
1639 1699 1 0
1639 1699 26 1
1640 1700 0 1
1640 1700 8 1
1641 1701 7 0
1641 1701 9 0
1642 1702 24 1
1642 1702 16 0
1643 1703 13 1
1643 1703 22 0
1644 1704 14 0
1644 1704 26 1
1645 1705 19 0
1645 1705 9 0
1646 1706 13 0
1646 1706 7 0
1647 1707 4 1
1647 1707 15 1
1648 1708 17 1
1648 1708 17 0
1649 1709 19 1
1649 1709 18 1
1650 1710 7 0
1650 1710 6 0
1651 1711 19 0
1651 1711 25 1
1652 1712 22 1
1652 1712 16 1
1653 1713 3 0
1653 1713 9 1
1654 1714 13 1
1654 1714 8 1
1655 1715 18 1
1655 1715 13 0
1656 1716 10 1
1656 1716 20 1
1657 1717 24 0
1657 1717 1 0
1658 1718 6 1
1658 1718 16 1
1659 1719 7 0
1659 1719 20 1
1660 1720 26 1
1660 1720 19 1
1661 1721 5 1
1661 1721 8 1
1662 1722 26 1
1662 1722 15 0
1663 1723 16 0
1663 1723 21 1
1664 1724 19 0
1664 1724 1 0
1665 1725 29 0
1665 1725 17 1
1666 1726 9 1
1666 1726 16 0
1667 1727 17 0
1667 1727 7 1
1668 1728 13 1
1668 1728 11 1
1669 1729 25 1
1669 1729 24 1
1670 1730 9 1
1670 1730 19 1
1671 1731 9 1
1671 1731 7 1
1672 1732 13 1
1672 1732 27 1
1673 1733 19 0
1673 1733 3 1
1674 1734 27 1
1674 1734 26 1
1675 1735 16 1
1675 1735 8 1
1676 1736 19 1
1676 1736 28 1
1677 1737 13 1
1677 1737 19 1
1678 1738 20 0
1678 1738 6 1
1679 1739 7 1
1679 1739 25 0
1680 1740 16 1
1680 1740 6 1
1681 1741 22 1
1681 1741 9 1
1682 1742 7 0
1682 1742 11 1
1683 1743 26 0
1683 1743 17 0
1684 1744 21 0
1684 1744 26 0
1685 1745 1 1
1685 1745 15 1
1686 1746 16 1
1686 1746 13 0
1687 1747 24 1
1687 1747 12 1
1688 1748 21 0
1688 1748 16 0
1689 1749 28 0
1689 1749 17 1
1690 1750 21 1
1690 1750 1 0
1691 1751 2 1
1691 1751 16 1
1692 1752 8 1
1692 1752 6 0
1693 1753 26 1
1693 1753 15 1
1694 1754 6 1
1694 1754 11 1
1695 1755 26 1
1695 1755 7 1
1696 1756 7 1
1696 1756 11 1
1697 1757 9 0
1697 1757 16 1
1698 1758 19 1
1698 1758 16 0
1699 1759 19 1
1699 1759 13 1
1700 1760 24 0
1700 1760 21 0
1701 1761 20 1
1701 1761 7 0
1702 1762 20 1
1702 1762 4 1
1703 1763 12 0
1703 1763 6 0
1704 1764 13 1
1704 1764 27 0
1705 1765 25 1
1705 1765 20 1
1706 1766 12 0
1706 1766 4 1
1707 1767 19 1
1707 1767 29 0
1708 1768 6 1
1708 1768 13 0
1709 1769 11 1
1709 1769 9 1
1710 1770 12 0
1710 1770 13 0
1711 1771 11 1
1711 1771 29 1
1712 1772 14 1
1712 1772 24 0
1713 1773 26 1
1713 1773 23 1
1714 1774 26 1
1714 1774 25 0
1715 1775 5 0
1715 1775 26 0
1716 1776 6 0
1716 1776 9 0
1717 1777 1 0
1717 1777 21 0
1718 1778 6 0
1718 1778 2 1
1719 1779 21 0
1719 1779 19 0
1720 1780 26 1
1720 1780 19 0
1721 1781 17 0
1721 1781 11 1
1722 1782 17 0
1722 1782 24 0
1723 1783 1 1
1723 1783 4 0
1724 1784 12 0
1724 1784 13 1
1725 1785 6 1
1725 1785 14 0
1726 1786 11 0
1726 1786 26 1
1727 1787 15 1
1727 1787 9 0
1728 1788 18 0
1728 1788 26 1
1729 1789 19 0
1729 1789 12 0
1730 1790 18 0
1730 1790 15 0
1731 1791 19 0
1731 1791 8 0
1732 1792 11 0
1732 1792 0 0
1733 1793 29 1
1733 1793 13 0
1734 1794 25 0
1734 1794 21 0
1735 1795 25 1
1735 1795 13 0
1736 1796 13 0
1736 1796 6 1
1737 1797 4 1
1737 1797 26 0
1738 1798 24 0
1738 1798 13 0
1739 1799 27 0
1739 1799 28 0
1740 1800 15 0
1740 1800 16 0
1741 1801 19 0
1741 1801 12 0
1742 1802 8 0
1742 1802 26 0
1743 1803 11 0
1743 1803 16 1
1744 1804 9 1
1744 1804 7 1
1745 1805 9 0
1745 1805 15 0
1746 1806 25 0
1746 1806 17 0
1747 1807 26 0
1747 1807 17 0
1748 1808 14 0
1748 1808 24 1
1749 1809 22 0
1749 1809 2 1
1750 1810 25 0
1750 1810 7 1
1751 1811 17 1
1751 1811 18 0
1752 1812 16 1
1752 1812 12 1
1753 1813 17 0
1753 1813 26 0
1754 1814 22 1
1754 1814 8 1
1755 1815 15 1
1755 1815 27 0
1756 1816 12 0
1756 1816 19 0
1757 1817 16 0
1757 1817 1 0
1758 1818 21 0
1758 1818 7 0
1759 1819 25 0
1759 1819 9 0
1760 1820 7 0
1760 1820 2 0
1761 1821 10 1
1761 1821 0 1
1762 1822 16 0
1762 1822 20 0
1763 1823 13 1
1763 1823 27 1
1764 1824 16 1
1764 1824 9 1
1765 1825 26 0
1765 1825 4 0
1766 1826 11 0
1766 1826 25 0
1767 1827 16 0
1767 1827 6 1
1768 1828 24 0
1768 1828 20 1
1769 1829 8 0
1769 1829 17 0
1770 1830 19 0
1770 1830 11 1
1771 1831 7 1
1771 1831 6 1
1772 1832 26 0
1772 1832 26 0
1773 1833 29 0
1773 1833 13 0
1774 1834 7 0
1774 1834 9 1
1775 1835 0 1
1775 1835 21 0
1776 1836 12 1
1776 1836 25 1
1777 1837 23 0
1777 1837 24 1
1778 1838 22 1
1778 1838 16 1
1779 1839 7 1
1779 1839 4 1
1780 1840 13 1
1780 1840 24 1
1781 1841 19 0
1781 1841 25 1
1782 1842 6 0
1782 1842 21 1
1783 1843 9 1
1783 1843 15 1
1784 1844 7 1
1784 1844 6 0
1785 1845 26 0
1785 1845 1 1
1786 1846 4 1
1786 1846 27 1
1787 1847 7 0
1787 1847 27 0
1788 1848 25 0
1788 1848 13 1
1789 1849 15 1
1789 1849 29 1
1790 1850 24 1
1790 1850 1 1
1791 1851 16 1
1791 1851 26 1
1792 1852 9 1
1792 1852 26 1
1793 1853 4 0
1793 1853 25 1
1794 1854 29 1
1794 1854 4 1
1795 1855 11 1
1795 1855 25 1
1796 1856 6 0
1796 1856 24 0
1797 1857 13 1
1797 1857 11 1
1798 1858 11 1
1798 1858 11 0
1799 1859 4 1
1799 1859 0 0
1800 1860 13 0
1800 1860 16 0
1801 1861 5 1
1801 1861 24 1
1802 1862 25 1
1802 1862 7 1
1803 1863 26 0
1803 1863 21 1
1804 1864 17 1
1804 1864 12 1
1805 1865 11 0
1805 1865 7 1
1806 1866 7 1
1806 1866 6 1
1807 1867 19 1
1807 1867 9 1
1808 1868 4 0
1808 1868 20 1
1809 1869 19 1
1809 1869 26 1
1810 1870 9 1
1810 1870 6 1
1811 1871 20 0
1811 1871 9 1
1812 1872 13 0
1812 1872 12 0
1813 1873 16 0
1813 1873 23 1
1814 1874 6 1
1814 1874 13 0
1815 1875 0 1
1815 1875 13 1
1816 1876 8 0
1816 1876 9 1
1817 1877 9 1
1817 1877 4 1
1818 1878 29 1
1818 1878 26 0
1819 1879 28 1
1819 1879 13 0
1820 1880 7 1
1820 1880 21 1
1821 1881 3 1
1821 1881 25 1
1822 1882 13 1
1822 1882 14 0
1823 1883 11 0
1823 1883 6 1
1824 1884 25 0
1824 1884 6 0
1825 1885 6 1
1825 1885 28 1
1826 1886 4 1
1826 1886 7 1
1827 1887 6 1
1827 1887 1 1
1828 1888 22 0
1828 1888 6 1
1829 1889 27 0
1829 1889 5 0
1830 1890 9 1
1830 1890 5 1
1831 1891 13 0
1831 1891 25 0
1832 1892 27 1
1832 1892 7 1
1833 1893 7 1
1833 1893 14 1
1834 1894 17 1
1834 1894 26 0
1835 1895 4 1
1835 1895 11 0
1836 1896 26 0
1836 1896 26 0
1837 1897 7 0
1837 1897 24 1
1838 1898 15 0
1838 1898 8 0
1839 1899 26 0
1839 1899 25 1
1840 1900 17 1
1840 1900 4 0
1841 1901 1 0
1841 1901 16 0
1842 1902 27 1
1842 1902 20 0
1843 1903 12 0
1843 1903 20 0
1844 1904 22 0
1844 1904 7 0
1845 1905 26 1
1845 1905 29 1
1846 1906 13 0
1846 1906 19 0
1847 1907 22 0
1847 1907 8 1
1848 1908 4 0
1848 1908 1 1
1849 1909 13 0
1849 1909 20 0
1850 1910 15 0
1850 1910 17 0
1851 1911 1 0
1851 1911 13 0
1852 1912 16 1
1852 1912 7 0
1853 1913 25 0
1853 1913 26 0
1854 1914 9 1
1854 1914 1 0
1855 1915 6 0
1855 1915 15 0
1856 1916 9 0
1856 1916 29 0
1857 1917 9 1
1857 1917 16 1
1858 1918 23 0
1858 1918 21 0
1859 1919 17 1
1859 1919 20 0
1860 1920 25 1
1860 1920 8 1
1861 1921 7 0
1861 1921 23 1
1862 1922 16 0
1862 1922 16 1
1863 1923 24 0
1863 1923 25 0
1864 1924 13 1
1864 1924 21 1
1865 1925 5 0
1865 1925 20 0
1866 1926 9 0
1866 1926 9 0
1867 1927 7 0
1867 1927 4 0
1868 1928 29 0
1868 1928 13 0
1869 1929 22 0
1869 1929 22 0
1870 1930 19 0
1870 1930 6 1
1871 1931 4 1
1871 1931 1 1
1872 1932 9 0
1872 1932 3 0
1873 1933 22 0
1873 1933 8 0
1874 1934 11 1
1874 1934 19 0
1875 1935 28 0
1875 1935 25 0
1876 1936 4 1
1876 1936 26 0
1877 1937 20 0
1877 1937 28 0
1878 1938 26 1
1878 1938 13 1
1879 1939 26 0
1879 1939 9 0
1880 1940 20 0
1880 1940 22 1
1881 1941 11 0
1881 1941 17 0
1882 1942 7 0
1882 1942 25 0
1883 1943 24 0
1883 1943 1 1
1884 1944 3 0
1884 1944 14 1
1885 1945 16 1
1885 1945 4 1
1886 1946 29 0
1886 1946 7 0
1887 1947 4 1
1887 1947 21 0
1888 1948 16 0
1888 1948 1 1
1889 1949 4 0
1889 1949 16 0
1890 1950 12 1
1890 1950 16 0
1891 1951 6 0
1891 1951 4 1
1892 1952 6 0
1892 1952 0 1
1893 1953 6 0
1893 1953 13 0
1894 1954 10 0
1894 1954 16 1
1895 1955 15 0
1895 1955 26 0
1896 1956 26 1
1896 1956 19 1
1897 1957 16 0
1897 1957 29 0
1898 1958 21 1
1898 1958 7 1
1899 1959 10 1
1899 1959 13 0
1900 1960 17 0
1900 1960 16 1
1901 1961 18 1
1901 1961 8 1
1902 1962 7 1
1902 1962 8 1
1903 1963 16 0
1903 1963 16 1
1904 1964 9 1
1904 1964 7 1
1905 1965 1 0
1905 1965 25 1
1906 1966 0 0
1906 1966 19 1
1907 1967 11 1
1907 1967 28 0
1908 1968 0 1
1908 1968 11 1
1909 1969 13 1
1909 1969 9 1
1910 1970 1 1
1910 1970 6 1
1911 1971 7 1
1911 1971 12 0
1912 1972 12 1
1912 1972 18 1
1913 1973 9 1
1913 1973 2 1
1914 1974 27 0
1914 1974 9 0
1915 1975 22 1
1915 1975 16 1
1916 1976 26 1
1916 1976 17 0
1917 1977 4 1
1917 1977 7 1
1918 1978 1 1
1918 1978 9 0
1919 1979 9 1
1919 1979 6 1
1920 1980 2 0
1920 1980 29 1
1921 1981 6 0
1921 1981 13 0
1922 1982 13 0
1922 1982 16 1
1923 1983 7 1
1923 1983 27 1
1924 1984 1 0
1924 1984 1 1
1925 1985 28 1
1925 1985 27 1
1926 1986 11 1
1926 1986 25 1
1927 1987 4 0
1927 1987 6 0
1928 1988 6 1
1928 1988 29 1
1929 1989 12 1
1929 1989 14 1
1930 1990 9 1
1930 1990 26 1
1931 1991 17 0
1931 1991 4 0
1932 1992 6 0
1932 1992 17 1
1933 1993 29 1
1933 1993 28 1
1934 1994 5 1
1934 1994 9 1
1935 1995 12 1
1935 1995 27 1
1936 1996 25 0
1936 1996 5 1
1937 1997 8 1
1937 1997 29 0
1938 1998 17 1
1938 1998 22 1
1939 1999 26 1
1939 1999 7 0
1940 2000 14 0
1940 2000 1 1
1941 2001 7 0
1941 2001 10 0
1942 2002 22 0
1942 2002 24 1
1943 2003 9 1
1943 2003 6 1
1944 2004 20 1
1944 2004 22 1
1945 2005 14 0
1945 2005 11 0
1946 2006 16 1
1946 2006 13 1
1947 2007 21 1
1947 2007 15 1
1948 2008 5 0
1948 2008 15 0
1949 2009 1 0
1949 2009 15 1
1950 2010 13 1
1950 2010 25 1
1951 2011 17 1
1951 2011 14 1
1952 2012 16 1
1952 2012 11 0
1953 2013 12 1
1953 2013 6 0
1954 2014 24 1
1954 2014 7 1
1955 2015 20 1
1955 2015 19 1
1956 2016 26 0
1956 2016 21 1
1957 2017 9 1
1957 2017 25 1
1958 2018 19 0
1958 2018 13 0
1959 2019 26 0
1959 2019 1 0
1960 2020 11 0
1960 2020 22 1
1961 2021 9 0
1961 2021 2 1
1962 2022 7 0
1962 2022 11 0
1963 2023 26 0
1963 2023 13 1
1964 2024 6 0
1964 2024 9 0
1965 2025 4 0
1965 2025 21 0
1966 2026 2 0
1966 2026 19 0
1967 2027 20 1
1967 2027 29 1
1968 2028 21 1
1968 2028 13 0
1969 2029 16 0
1969 2029 10 0
1970 2030 1 0
1970 2030 16 0
1971 2031 9 0
1971 2031 1 1
1972 2032 24 0
1972 2032 25 0
1973 2033 25 0
1973 2033 21 0
1974 2034 25 1
1974 2034 29 1
1975 2035 13 0
1975 2035 16 0
1976 2036 9 0
1976 2036 7 0
1977 2037 4 1
1977 2037 28 1
1978 2038 7 0
1978 2038 14 1
1979 2039 7 0
1979 2039 13 0
1980 2040 20 1
1980 2040 18 0
1981 2041 29 0
1981 2041 15 0
1982 2042 7 1
1982 2042 12 1
1983 2043 26 0
1983 2043 27 0
1984 2044 7 0
1984 2044 25 1
1985 2045 9 0
1985 2045 2 0
1986 2046 11 0
1986 2046 21 0
1987 2047 2 1
1987 2047 4 0
1988 2048 7 0
1988 2048 25 0
1989 2049 4 0
1989 2049 13 0
1990 2050 26 0
1990 2050 26 1
1991 2051 12 0
1991 2051 4 1
1992 2052 20 1
1992 2052 19 1
1993 2053 17 0
1993 2053 21 0
1994 2054 25 0
1994 2054 13 0
1995 2055 22 0
1995 2055 25 0
1996 2056 9 0
1996 2056 9 0
1997 2057 26 0
1997 2057 4 0
1998 2058 26 1
1998 2058 28 1
1999 2059 12 0
1999 2059 26 0
2000 2060 1 0
2000 2060 4 0
2001 2061 8 1
2001 2061 7 1
2002 2062 26 1
2002 2062 1 1
2003 2063 7 0
2003 2063 29 0
2004 2064 26 0
2004 2064 16 1
2005 2065 22 0
2005 2065 9 0
2006 2066 25 0
2006 2066 25 0
2007 2067 19 1
2007 2067 7 0
2008 2068 9 0
2008 2068 23 1
2009 2069 18 0
2009 2069 22 0
2010 2070 4 1
2010 2070 6 0
2011 2071 21 1
2011 2071 21 0
2012 2072 7 0
2012 2072 11 0
2013 2073 10 1
2013 2073 6 1
2014 2074 4 1
2014 2074 23 0
2015 2075 1 0
2015 2075 4 0
2016 2076 25 0
2016 2076 13 0
2017 2077 19 0
2017 2077 16 0
2018 2078 26 1
2018 2078 20 1
2019 2079 1 1
2019 2079 11 1
2020 2080 9 0
2020 2080 26 1
2021 2081 6 0
2021 2081 9 0
2022 2082 23 0
2022 2082 19 1
2023 2083 6 1
2023 2083 7 0
2024 2084 4 1
2024 2084 10 1
2025 2085 15 1
2025 2085 9 0
2026 2086 11 1
2026 2086 12 1
2027 2087 26 1
2027 2087 9 1
2028 2088 20 1
2028 2088 7 1
2029 2089 13 1
2029 2089 16 1
2030 2090 7 1
2030 2090 4 1
2031 2091 9 1
2031 2091 13 1
2032 2092 7 0
2032 2092 16 0
2033 2093 1 1
2033 2093 1 1
2034 2094 17 0
2034 2094 4 0
2035 2095 4 1
2035 2095 2 1
2036 2096 26 1
2036 2096 12 1
2037 2097 29 1
2037 2097 16 0
2038 2098 10 0
2038 2098 16 1
2039 2099 11 0
2039 2099 17 1
2040 2100 13 1
2040 2100 13 1
2041 2101 7 1
2041 2101 7 1
2042 2102 13 0
2042 2102 13 1
2043 2103 12 0
2043 2103 24 0
2044 2104 29 1
2044 2104 6 1
2045 2105 26 1
2045 2105 24 1
2046 2106 17 1
2046 2106 26 1
2047 2107 6 0
2047 2107 12 0
2048 2108 23 1
2048 2108 26 1
2049 2109 9 1
2049 2109 19 1
2050 2110 20 1
2050 2110 15 1
2051 2111 18 1
2051 2111 9 1
2052 2112 7 0
2052 2112 19 0
2053 2113 16 0
2053 2113 27 1
2054 2114 22 1
2054 2114 1 1
2055 2115 26 0
2055 2115 20 1
2056 2116 26 1
2056 2116 6 1
2057 2117 13 1
2057 2117 7 0
2058 2118 6 0
2058 2118 9 1
2059 2119 19 1
2059 2119 4 1
2060 2120 2 1
2060 2120 15 1
2061 2121 25 1
2061 2121 4 1
2062 2122 14 0
2062 2122 20 0
2063 2123 21 1
2063 2123 25 1
2064 2124 26 0
2064 2124 17 0
2065 2125 4 1
2065 2125 12 1
2066 2126 6 1
2066 2126 9 1
2067 2127 5 1
2067 2127 1 0
2068 2128 15 1
2068 2128 4 0
2069 2129 0 1
2069 2129 1 1
2070 2130 19 0
2070 2130 15 0
2071 2131 19 1
2071 2131 28 1
2072 2132 6 1
2072 2132 15 1
2073 2133 25 0
2073 2133 8 0
2074 2134 19 1
2074 2134 25 1
2075 2135 6 1
2075 2135 21 1
2076 2136 13 0
2076 2136 9 1
2077 2137 24 1
2077 2137 27 0
2078 2138 16 0
2078 2138 26 1
2079 2139 20 0
2079 2139 29 0
2080 2140 21 1
2080 2140 14 0
2081 2141 11 1
2081 2141 18 1
2082 2142 22 1
2082 2142 6 1
2083 2143 8 0
2083 2143 16 0
2084 2144 26 0
2084 2144 9 0
2085 2145 13 1
2085 2145 25 1
2086 2146 24 0
2086 2146 10 0
2087 2147 19 0
2087 2147 21 0
2088 2148 10 0
2088 2148 29 1
2089 2149 7 0
2089 2149 22 1
2090 2150 1 0
2090 2150 4 0
2091 2151 25 0
2091 2151 4 0
2092 2152 29 0
2092 2152 15 0
2093 2153 23 0
2093 2153 24 0
2094 2154 4 0
2094 2154 20 1
2095 2155 2 0
2095 2155 29 0
2096 2156 12 0
2096 2156 28 0
2097 2157 9 1
2097 2157 23 1
2098 2158 26 0
2098 2158 24 0
2099 2159 25 1
2099 2159 22 0
2100 2160 8 0
2100 2160 9 1
2101 2161 6 0
2101 2161 20 0
2102 2162 7 1
2102 2162 13 0
2103 2163 25 0
2103 2163 27 0
2104 2164 21 1
2104 2164 12 1
2105 2165 21 0
2105 2165 8 1
2106 2166 24 0
2106 2166 4 0
2107 2167 22 1
2107 2167 11 0
2108 2168 13 0
2108 2168 7 1
2109 2169 15 0
2109 2169 12 0
2110 2170 21 1
2110 2170 27 0
2111 2171 6 0
2111 2171 9 0
2112 2172 27 0
2112 2172 20 0
2113 2173 21 1
2113 2173 19 0
2114 2174 13 0
2114 2174 7 0
2115 2175 9 0
2115 2175 26 0
2116 2176 1 0
2116 2176 14 0
2117 2177 17 1
2117 2177 6 1
2118 2178 17 0
2118 2178 0 1
2119 2179 1 0
2119 2179 6 0
2120 2180 8 1
2120 2180 8 0
2121 2181 7 0
2121 2181 16 0
2122 2182 7 1
2122 2182 20 0
2123 2183 16 1
2123 2183 19 0
2124 2184 27 0
2124 2184 4 0
2125 2185 12 0
2125 2185 21 0
2126 2186 26 0
2126 2186 22 0
2127 2187 25 1
2127 2187 7 1
2128 2188 4 0
2128 2188 28 0
2129 2189 11 0
2129 2189 26 0
2130 2190 16 1
2130 2190 26 1
2131 2191 19 0
2131 2191 26 0
2132 2192 16 0
2132 2192 18 0
2133 2193 6 0
2133 2193 17 1
2134 2194 20 0
2134 2194 7 0
2135 2195 16 0
2135 2195 7 1
2136 2196 8 0
2136 2196 26 0
2137 2197 24 1
2137 2197 6 1
2138 2198 15 1
2138 2198 6 0
2139 2199 13 1
2139 2199 24 1
2140 2200 4 0
2140 2200 24 1
2141 2201 4 0
2141 2201 6 1
2142 2202 15 0
2142 2202 19 0
2143 2203 16 0
2143 2203 20 1
2144 2204 18 1
2144 2204 7 1
2145 2205 27 1
2145 2205 0 1
2146 2206 26 0
2146 2206 15 0
2147 2207 16 1
2147 2207 7 1
2148 2208 27 0
2148 2208 4 0
2149 2209 25 0
2149 2209 19 1
2150 2210 12 1
2150 2210 4 1
2151 2211 26 1
2151 2211 22 1
2152 2212 8 1
2152 2212 19 1
2153 2213 4 1
2153 2213 26 1
2154 2214 7 1
2154 2214 6 1
2155 2215 5 1
2155 2215 9 1
2156 2216 20 1
2156 2216 4 1
2157 2217 12 0
2157 2217 20 0
2158 2218 16 1
2158 2218 7 1
2159 2219 17 1
2159 2219 26 0
2160 2220 19 1
2160 2220 11 0
2161 2221 22 1
2161 2221 24 0
2162 2222 26 0
2162 2222 9 1
2163 2223 6 0
2163 2223 4 1
2164 2224 13 1
2164 2224 13 1
2165 2225 20 0
2165 2225 27 1
2166 2226 29 1
2166 2226 9 1
2167 2227 20 0
2167 2227 4 1
2168 2228 7 1
2168 2228 6 0
2169 2229 26 1
2169 2229 6 1
2170 2230 18 0
2170 2230 9 1
2171 2231 29 0
2171 2231 8 1
2172 2232 21 0
2172 2232 7 0
2173 2233 14 1
2173 2233 27 1
2174 2234 26 1
2174 2234 7 1
2175 2235 26 1
2175 2235 11 1
2176 2236 11 1
2176 2236 4 1
2177 2237 12 1
2177 2237 12 1
2178 2238 29 0
2178 2238 4 1
2179 2239 4 1
2179 2239 4 1
2180 2240 1 1
2180 2240 16 1
2181 2241 12 0
2181 2241 24 0
2182 2242 6 1
2182 2242 1 1
2183 2243 15 0
2183 2243 7 0
2184 2244 13 0
2184 2244 0 1
2185 2245 16 1
2185 2245 4 1
2186 2246 25 1
2186 2246 6 1
2187 2247 27 0
2187 2247 1 1
2188 2248 20 1
2188 2248 29 0
2189 2249 0 1
2189 2249 20 1
2190 2250 20 1
2190 2250 22 0
2191 2251 11 1
2191 2251 6 0
2192 2252 5 1
2192 2252 8 1
2193 2253 8 1
2193 2253 9 1
2194 2254 6 1
2194 2254 19 1
2195 2255 11 1
2195 2255 1 1
2196 2256 16 1
2196 2256 19 1
2197 2257 17 1
2197 2257 24 0
2198 2258 25 0
2198 2258 22 0
2199 2259 15 0
2199 2259 25 0
2200 2260 13 1
2200 2260 9 1
2201 2261 25 0
2201 2261 26 0
2202 2262 7 1
2202 2262 24 1
2203 2263 25 0
2203 2263 12 1
2204 2264 6 0
2204 2264 24 1
2205 2265 16 0
2205 2265 6 0
2206 2266 18 1
2206 2266 12 1
2207 2267 16 0
2207 2267 16 0
2208 2268 3 1
2208 2268 16 1
2209 2269 5 0
2209 2269 25 1
2210 2270 8 0
2210 2270 20 0
2211 2271 23 0
2211 2271 13 0
2212 2272 27 0
2212 2272 16 0
2213 2273 21 0
2213 2273 19 0
2214 2274 6 1
2214 2274 25 0
2215 2275 27 0
2215 2275 26 0
2216 2276 27 0
2216 2276 4 0
2217 2277 0 0
2217 2277 17 1
2218 2278 25 0
2218 2278 27 0
2219 2279 12 0
2219 2279 26 0
2220 2280 17 1
2220 2280 15 0
2221 2281 9 0
2221 2281 26 1
2222 2282 25 1
2222 2282 8 0
2223 2283 9 1
2223 2283 22 0
2224 2284 18 0
2224 2284 7 1
2225 2285 9 0
2225 2285 24 1
2226 2286 22 0
2226 2286 16 0
2227 2287 16 0
2227 2287 22 0
2228 2288 1 1
2228 2288 7 0
2229 2289 24 0
2229 2289 19 0
2230 2290 16 1
2230 2290 19 1
2231 2291 4 1
2231 2291 29 0
2232 2292 26 0
2232 2292 20 1
2233 2293 25 1
2233 2293 9 1
2234 2294 2 0
2234 2294 7 0
2235 2295 24 0
2235 2295 19 0
2236 2296 27 0
2236 2296 9 0
2237 2297 20 0
2237 2297 16 0
2238 2298 13 0
2238 2298 1 0
2239 2299 13 0
2239 2299 24 0
2240 2300 11 0
2240 2300 10 1
2241 2301 9 0
2241 2301 28 0
2242 2302 2 1
2242 2302 9 0
2243 2303 4 1
2243 2303 22 1
2244 2304 9 0
2244 2304 6 1
2245 2305 17 0
2245 2305 26 0
2246 2306 9 0
2246 2306 23 0
2247 2307 16 0
2247 2307 8 0
2248 2308 26 0
2248 2308 24 0
2249 2309 4 0
2249 2309 13 0
2250 2310 26 1
2250 2310 16 1
2251 2311 25 1
2251 2311 1 1
2252 2312 11 0
2252 2312 13 0
2253 2313 12 1
2253 2313 6 0
2254 2314 19 0
2254 2314 22 1
2255 2315 16 0
2255 2315 6 1
2256 2316 17 0
2256 2316 23 0
2257 2317 19 0
2257 2317 24 0
2258 2318 9 0
2258 2318 16 0
2259 2319 16 0
2259 2319 17 1
2260 2320 20 0
2260 2320 11 0
2261 2321 24 1
2261 2321 16 1
2262 2322 7 0
2262 2322 17 0
2263 2323 11 1
2263 2323 6 1
2264 2324 7 0
2264 2324 5 0
2265 2325 4 1
2265 2325 6 1
2266 2326 14 0
2266 2326 6 0
2267 2327 4 0
2267 2327 27 1
2268 2328 25 0
2268 2328 11 1
2269 2329 4 0
2269 2329 7 1
2270 2330 25 1
2270 2330 17 1
2271 2331 17 1
2271 2331 13 1
2272 2332 1 1
2272 2332 9 1
2273 2333 14 1
2273 2333 25 1
2274 2334 12 0
2274 2334 25 0
2275 2335 17 1
2275 2335 7 1
2276 2336 4 1
2276 2336 26 1
2277 2337 20 0
2277 2337 13 1
2278 2338 5 1
2278 2338 26 1
2279 2339 19 1
2279 2339 6 0
2280 2340 12 1
2280 2340 4 1
2281 2341 26 0
2281 2341 17 1
2282 2342 9 1
2282 2342 24 0
2283 2343 16 1
2283 2343 25 1
2284 2344 27 0
2284 2344 0 1
2285 2345 12 0
2285 2345 25 0
2286 2346 15 1
2286 2346 11 1
2287 2347 3 0
2287 2347 19 1
2288 2348 16 1
2288 2348 7 0
2289 2349 24 1
2289 2349 20 1
2290 2350 24 1
2290 2350 9 1
2291 2351 16 1
2291 2351 9 1
2292 2352 2 0
2292 2352 19 0
2293 2353 16 0
2293 2353 16 0
2294 2354 24 1
2294 2354 27 1
2295 2355 4 0
2295 2355 2 1
2296 2356 28 1
2296 2356 26 1
2297 2357 27 1
2297 2357 26 1
2298 2358 6 1
2298 2358 25 1
2299 2359 21 1
2299 2359 26 1
2300 2360 22 1
2300 2360 14 1
2301 2361 23 1
2301 2361 25 0
2302 2362 17 1
2302 2362 6 1
2303 2363 21 0
2303 2363 9 0
2304 2364 13 1
2304 2364 7 0
2305 2365 1 1
2305 2365 4 0
2306 2366 13 0
2306 2366 9 1
2307 2367 6 0
2307 2367 9 1
2308 2368 6 1
2308 2368 24 1
2309 2369 7 1
2309 2369 26 1
2310 2370 27 1
2310 2370 7 1
2311 2371 1 1
2311 2371 25 0
2312 2372 21 0
2312 2372 2 1
2313 2373 16 1
2313 2373 13 1
2314 2374 4 0
2314 2374 18 0
2315 2375 14 1
2315 2375 6 1
2316 2376 6 1
2316 2376 29 1
2317 2377 25 1
2317 2377 13 0
2318 2378 19 1
2318 2378 13 1
2319 2379 1 1
2319 2379 6 0
2320 2380 15 1
2320 2380 4 1
2321 2381 6 0
2321 2381 16 0
2322 2382 6 1
2322 2382 22 1
2323 2383 26 1
2323 2383 27 1
2324 2384 1 1
2324 2384 4 1
2325 2385 26 0
2325 2385 10 1
2326 2386 12 0
2326 2386 7 0
2327 2387 13 1
2327 2387 16 1
2328 2388 12 0
2328 2388 6 0
2329 2389 8 0
2329 2389 27 1
2330 2390 16 0
2330 2390 9 0
2331 2391 4 1
2331 2391 11 0
2332 2392 12 0
2332 2392 25 0
2333 2393 22 1
2333 2393 16 1
2334 2394 25 0
2334 2394 2 0
2335 2395 8 0
2335 2395 22 0
2336 2396 5 0
2336 2396 17 0
2337 2397 4 0
2337 2397 27 1
2338 2398 6 0
2338 2398 22 0
2339 2399 13 1
2339 2399 14 0
2340 2400 7 0
2340 2400 9 0
2341 2401 19 0
2341 2401 12 1
2342 2402 12 0
2342 2402 1 0
2343 2403 26 0
2343 2403 9 0
2344 2404 4 0
2344 2404 22 1
2345 2405 16 0
2345 2405 6 1
2346 2406 25 0
2346 2406 13 0
2347 2407 12 1
2347 2407 7 1
2348 2408 19 0
2348 2408 14 1
2349 2409 7 0
2349 2409 4 1
2350 2410 17 0
2350 2410 11 0
2351 2411 5 0
2351 2411 18 1
2352 2412 6 0
2352 2412 4 0
2353 2413 5 1
2353 2413 6 1
2354 2414 13 0
2354 2414 13 0
2355 2415 1 0
2355 2415 13 0
2356 2416 26 1
2356 2416 12 1
2357 2417 7 1
2357 2417 21 1
2358 2418 4 0
2358 2418 7 0
2359 2419 16 0
2359 2419 13 0
2360 2420 11 0
2360 2420 1 0
2361 2421 25 0
2361 2421 26 0
2362 2422 9 0
2362 2422 4 0
2363 2423 26 0
2363 2423 7 1
2364 2424 24 0
2364 2424 1 1
2365 2425 16 0
2365 2425 13 0
2366 2426 14 0
2366 2426 24 1
2367 2427 17 1
2367 2427 9 0
2368 2428 4 0
2368 2428 11 0
2369 2429 7 0
2369 2429 29 1
2370 2430 21 0
2370 2430 27 0
2371 2431 8 0
2371 2431 6 0
2372 2432 8 0
2372 2432 13 0
2373 2433 4 1
2373 2433 29 1
2374 2434 12 1
2374 2434 29 1
2375 2435 4 0
2375 2435 20 0
2376 2436 13 0
2376 2436 1 0
2377 2437 2 0
2377 2437 10 0
2378 2438 25 0
2378 2438 29 1
2379 2439 5 0
2379 2439 7 0
2380 2440 27 1
2380 2440 19 0
2381 2441 24 0
2381 2441 3 1
2382 2442 7 0
2382 2442 16 1
2383 2443 6 0
2383 2443 21 0
2384 2444 1 0
2384 2444 6 0
2385 2445 26 0
2385 2445 6 0
2386 2446 28 0
2386 2446 6 0
2387 2447 29 1
2387 2447 7 0
2388 2448 26 1
2388 2448 1 1
2389 2449 4 1
2389 2449 26 1
2390 2450 16 1
2390 2450 9 0
2391 2451 7 1
2391 2451 5 1
2392 2452 27 0
2392 2452 6 0
2393 2453 9 0
2393 2453 19 1
2394 2454 4 1
2394 2454 21 1
2395 2455 6 1
2395 2455 16 1
2396 2456 16 1
2396 2456 13 1
2397 2457 4 1
2397 2457 9 1
2398 2458 17 1
2398 2458 9 1
2399 2459 25 1
2399 2459 25 1
2400 2460 13 1
2400 2460 29 0
2401 2461 13 0
2401 2461 23 0
2402 2462 28 1
2402 2462 29 1
2403 2463 15 1
2403 2463 13 1
2404 2464 26 0
2404 2464 6 1
2405 2465 1 0
2405 2465 1 1
2406 2466 29 1
2406 2466 6 1
2407 2467 26 0
2407 2467 16 0
2408 2468 11 1
2408 2468 6 1
2409 2469 13 0
2409 2469 7 1
2410 2470 24 1
2410 2470 27 0
2411 2471 15 1
2411 2471 18 0
2412 2472 7 1
2412 2472 11 1
2413 2473 18 1
2413 2473 13 1
2414 2474 18 1
2414 2474 1 0
2415 2475 9 1
2415 2475 2 0
2416 2476 13 0
2416 2476 24 0
2417 2477 25 1
2417 2477 1 0
2418 2478 16 1
2418 2478 25 1
2419 2479 13 0
2419 2479 26 1
2420 2480 4 0
2420 2480 20 1
2421 2481 11 1
2421 2481 13 1
2422 2482 6 1
2422 2482 7 1
2423 2483 22 1
2423 2483 17 1
2424 2484 19 1
2424 2484 11 1
2425 2485 26 1
2425 2485 6 1
2426 2486 28 0
2426 2486 6 0
2427 2487 24 1
2427 2487 16 1
2428 2488 26 1
2428 2488 19 1
2429 2489 7 1
2429 2489 29 1
2430 2490 21 0
2430 2490 1 0
2431 2491 4 0
2431 2491 7 1
2432 2492 26 1
2432 2492 24 0
2433 2493 12 1
2433 2493 18 1
2434 2494 20 1
2434 2494 26 0
2435 2495 21 1
2435 2495 19 1
2436 2496 13 1
2436 2496 26 0
2437 2497 12 1
2437 2497 9 0
2438 2498 9 0
2438 2498 11 1
2439 2499 12 0
2439 2499 24 1
2440 2500 26 1
2440 2500 4 1
2441 2501 19 1
2441 2501 6 1
2442 2502 28 0
2442 2502 26 1
2443 2503 4 1
2443 2503 4 0
2444 2504 6 0
2444 2504 22 1
2445 2505 8 1
2445 2505 9 0
2446 2506 25 1
2446 2506 1 1
2447 2507 19 1
2447 2507 12 1
2448 2508 25 1
2448 2508 21 1
2449 2509 1 0
2449 2509 22 0
2450 2510 15 1
2450 2510 7 0
2451 2511 14 1
2451 2511 7 0
2452 2512 4 1
2452 2512 25 1
2453 2513 26 1
2453 2513 20 0
2454 2514 21 1
2454 2514 17 1
2455 2515 4 0
2455 2515 26 0
2456 2516 6 0
2456 2516 4 0
2457 2517 16 1
2457 2517 14 0
2458 2518 28 0
2458 2518 7 0
2459 2519 16 1
2459 2519 27 0
2460 2520 4 0
2460 2520 17 0
2461 2521 24 0
2461 2521 17 0
2462 2522 15 0
2462 2522 28 0
2463 2523 1 0
2463 2523 9 0
2464 2524 7 0
2464 2524 7 0
2465 2525 26 0
2465 2525 6 1
2466 2526 25 0
2466 2526 13 0
2467 2527 15 0
2467 2527 19 1
2468 2528 7 1
2468 2528 4 0
2469 2529 19 1
2469 2529 24 0
2470 2530 25 1
2470 2530 0 0
2471 2531 14 1
2471 2531 25 1
2472 2532 7 0
2472 2532 25 0
2473 2533 22 1
2473 2533 29 1
2474 2534 16 0
2474 2534 19 0
2475 2535 27 1
2475 2535 9 0
2476 2536 11 1
2476 2536 9 0
2477 2537 11 0
2477 2537 25 0
2478 2538 15 0
2478 2538 6 1
2479 2539 15 0
2479 2539 6 0
2480 2540 8 1
2480 2540 26 1
2481 2541 14 0
2481 2541 4 0
2482 2542 26 0
2482 2542 29 1
2483 2543 12 0
2483 2543 17 0
2484 2544 25 0
2484 2544 7 0
2485 2545 13 0
2485 2545 4 0
2486 2546 16 0
2486 2546 24 0
2487 2547 11 0
2487 2547 10 0
2488 2548 25 1
2488 2548 9 0
2489 2549 24 0
2489 2549 6 0
2490 2550 6 0
2490 2550 29 0
2491 2551 9 0
2491 2551 23 1
2492 2552 3 0
2492 2552 19 0
2493 2553 27 1
2493 2553 26 1
2494 2554 26 1
2494 2554 16 0
2495 2555 19 0
2495 2555 13 0
2496 2556 7 0
2496 2556 20 1
2497 2557 16 0
2497 2557 26 1
2498 2558 6 1
2498 2558 15 1
2499 2559 7 0
2499 2559 18 0
2500 2560 16 0
2500 2560 25 1
2501 2561 13 0
2501 2561 11 1
2502 2562 17 0
2502 2562 29 0
2503 2563 18 0
2503 2563 29 0
2504 2564 18 0
2504 2564 17 1
2505 2565 21 1
2505 2565 19 0
2506 2566 27 0
2506 2566 23 1
2507 2567 17 1
2507 2567 26 0
2508 2568 12 0
2508 2568 26 1
2509 2569 25 0
2509 2569 22 0
2510 2570 15 0
2510 2570 7 0
2511 2571 0 1
2511 2571 1 1
2512 2572 21 0
2512 2572 1 0
2513 2573 13 0
2513 2573 4 0
2514 2574 19 1
2514 2574 11 0
2515 2575 12 1
2515 2575 6 0
2516 2576 1 1
2516 2576 26 1
2517 2577 26 1
2517 2577 4 0
2518 2578 16 1
2518 2578 1 0
2519 2579 17 1
2519 2579 16 1
2520 2580 25 1
2520 2580 6 1
2521 2581 12 0
2521 2581 11 0
2522 2582 6 1
2522 2582 7 1
2523 2583 19 1
2523 2583 7 0
2524 2584 19 1
2524 2584 8 1
2525 2585 27 0
2525 2585 2 0
2526 2586 7 1
2526 2586 22 1
2527 2587 27 1
2527 2587 26 1
2528 2588 27 1
2528 2588 1 1
2529 2589 12 1
2529 2589 20 1
2530 2590 4 1
2530 2590 16 1
2531 2591 19 0
2531 2591 6 0
2532 2592 6 1
2532 2592 6 1
2533 2593 24 1
2533 2593 11 1
2534 2594 26 1
2534 2594 21 0
2535 2595 7 1
2535 2595 4 1
2536 2596 9 0
2536 2596 11 0
2537 2597 13 0
2537 2597 14 1
2538 2598 1 0
2538 2598 12 1
2539 2599 16 1
2539 2599 19 1
2540 2600 17 1
2540 2600 14 0
2541 2601 22 0
2541 2601 27 1
2542 2602 11 1
2542 2602 0 0
2543 2603 26 0
2543 2603 4 1
2544 2604 7 1
2544 2604 18 1
2545 2605 15 1
2545 2605 29 1
2546 2606 17 0
2546 2606 11 1
2547 2607 24 1
2547 2607 24 1
2548 2608 9 1
2548 2608 25 0
2549 2609 5 1
2549 2609 4 0
2550 2610 26 1
2550 2610 7 1
2551 2611 19 0
2551 2611 1 1
2552 2612 23 1
2552 2612 7 1
2553 2613 24 1
2553 2613 16 1
2554 2614 26 1
2554 2614 6 1
2555 2615 9 1
2555 2615 20 1
2556 2616 6 1
2556 2616 20 1
2557 2617 8 0
2557 2617 17 0
2558 2618 16 1
2558 2618 8 0
2559 2619 6 1
2559 2619 7 1
2560 2620 7 0
2560 2620 25 0
2561 2621 22 1
2561 2621 17 0
2562 2622 27 1
2562 2622 11 1
2563 2623 4 1
2563 2623 19 1
2564 2624 1 1
2564 2624 17 0
2565 2625 21 0
2565 2625 13 1
2566 2626 25 0
2566 2626 8 1
2567 2627 14 1
2567 2627 25 0
2568 2628 20 0
2568 2628 19 0
2569 2629 4 1
2569 2629 4 1
2570 2630 15 1
2570 2630 16 0
2571 2631 29 1
2571 2631 11 1
2572 2632 14 1
2572 2632 6 1
2573 2633 25 0
2573 2633 20 1
2574 2634 15 0
2574 2634 15 1
2575 2635 17 1
2575 2635 26 1
2576 2636 12 0
2576 2636 19 0
2577 2637 7 1
2577 2637 20 0
2578 2638 26 1
2578 2638 28 0
2579 2639 16 1
2579 2639 26 0
2580 2640 9 0
2580 2640 19 0
2581 2641 25 1
2581 2641 9 0
2582 2642 29 0
2582 2642 25 0
2583 2643 21 0
2583 2643 29 0
2584 2644 26 0
2584 2644 6 0
2585 2645 4 1
2585 2645 5 1
2586 2646 9 0
2586 2646 20 1
2587 2647 6 0
2587 2647 7 0
2588 2648 17 0
2588 2648 26 0
2589 2649 28 0
2589 2649 26 1
2590 2650 9 0
2590 2650 19 1
2591 2651 28 0
2591 2651 12 0
2592 2652 24 0
2592 2652 21 1
2593 2653 26 0
2593 2653 6 0
2594 2654 16 0
2594 2654 9 1
2595 2655 8 0
2595 2655 4 0
2596 2656 11 1
2596 2656 19 0
2597 2657 11 1
2597 2657 6 1
2598 2658 27 0
2598 2658 14 1
2599 2659 24 1
2599 2659 27 0
2600 2660 19 0
2600 2660 7 0
2601 2661 9 0
2601 2661 27 0
2602 2662 19 0
2602 2662 9 0
2603 2663 18 1
2603 2663 26 1
2604 2664 16 0
2604 2664 16 0
2605 2665 24 0
2605 2665 15 0
2606 2666 17 1
2606 2666 4 1
2607 2667 21 0
2607 2667 11 1
2608 2668 29 0
2608 2668 25 1
2609 2669 1 0
2609 2669 22 0
2610 2670 25 0
2610 2670 12 0
2611 2671 16 0
2611 2671 17 0
2612 2672 7 1
2612 2672 26 1
2613 2673 20 1
2613 2673 22 1
2614 2674 24 0
2614 2674 12 0
2615 2675 4 0
2615 2675 7 0
2616 2676 7 0
2616 2676 22 1
2617 2677 17 0
2617 2677 23 0
2618 2678 11 0
2618 2678 17 0
2619 2679 24 0
2619 2679 29 1
2620 2680 22 0
2620 2680 17 0
2621 2681 29 0
2621 2681 14 0
2622 2682 4 0
2622 2682 11 0
2623 2683 19 0
2623 2683 16 0
2624 2684 29 0
2624 2684 12 0
2625 2685 13 1
2625 2685 15 1
2626 2686 6 0
2626 2686 20 1
2627 2687 13 1
2627 2687 13 0
2628 2688 19 1
2628 2688 19 1
2629 2689 4 0
2629 2689 26 0
2630 2690 20 0
2630 2690 9 0
2631 2691 20 0
2631 2691 11 1
2632 2692 1 0
2632 2692 29 0
2633 2693 4 0
2633 2693 16 1
2634 2694 19 1
2634 2694 24 1
2635 2695 26 0
2635 2695 4 0
2636 2696 24 1
2636 2696 19 1
2637 2697 12 0
2637 2697 1 0
2638 2698 13 1
2638 2698 12 0
2639 2699 16 0
2639 2699 22 0
2640 2700 26 1
2640 2700 16 0
2641 2701 27 1
2641 2701 23 1
2642 2702 11 1
2642 2702 6 1
2643 2703 23 1
2643 2703 13 1
2644 2704 26 1
2644 2704 9 1
2645 2705 22 0
2645 2705 6 1
2646 2706 15 0
2646 2706 7 0
2647 2707 25 1
2647 2707 11 1
2648 2708 25 1
2648 2708 12 1
2649 2709 18 1
2649 2709 9 1
2650 2710 26 1
2650 2710 9 1
2651 2711 25 1
2651 2711 16 0
2652 2712 26 1
2652 2712 2 1
2653 2713 6 0
2653 2713 26 1
2654 2714 17 0
2654 2714 26 0
2655 2715 8 1
2655 2715 19 1
2656 2716 15 0
2656 2716 25 0
2657 2717 16 1
2657 2717 16 1
2658 2718 26 1
2658 2718 19 0
2659 2719 26 0
2659 2719 7 0
2660 2720 1 1
2660 2720 6 1
2661 2721 4 1
2661 2721 7 0
2662 2722 27 1
2662 2722 19 1
2663 2723 18 1
2663 2723 24 1
2664 2724 6 0
2664 2724 13 1
2665 2725 25 1
2665 2725 8 1
2666 2726 7 1
2666 2726 4 0
2667 2727 24 1
2667 2727 20 1
2668 2728 17 0
2668 2728 17 0
2669 2729 11 1
2669 2729 9 1
2670 2730 16 1
2670 2730 24 0
2671 2731 9 0
2671 2731 19 1
2672 2732 6 0
2672 2732 22 0
2673 2733 14 0
2673 2733 13 1
2674 2734 2 1
2674 2734 25 1
2675 2735 7 1
2675 2735 17 1
2676 2736 8 1
2676 2736 4 1
2677 2737 1 0
2677 2737 6 1
2678 2738 7 1
2678 2738 26 1
2679 2739 19 1
2679 2739 17 1
2680 2740 12 1
2680 2740 1 1
2681 2741 15 1
2681 2741 16 1
2682 2742 25 1
2682 2742 6 1
2683 2743 6 0
2683 2743 18 1
2684 2744 7 0
2684 2744 8 0
2685 2745 8 1
2685 2745 13 1
2686 2746 25 1
2686 2746 16 1
2687 2747 4 1
2687 2747 16 0
2688 2748 25 0
2688 2748 26 0
2689 2749 15 0
2689 2749 15 1
2690 2750 25 1
2690 2750 19 1
2691 2751 16 1
2691 2751 16 0
2692 2752 16 1
2692 2752 9 1
2693 2753 18 0
2693 2753 9 1
2694 2754 27 1
2694 2754 21 0
2695 2755 27 1
2695 2755 11 1
2696 2756 20 0
2696 2756 16 0
2697 2757 4 1
2697 2757 21 0
2698 2758 13 1
2698 2758 6 0
2699 2759 25 1
2699 2759 20 1
2700 2760 16 1
2700 2760 20 0
2701 2761 11 1
2701 2761 11 1
2702 2762 16 0
2702 2762 4 0
2703 2763 9 0
2703 2763 26 0
2704 2764 18 0
2704 2764 9 0
2705 2765 4 1
2705 2765 11 0
2706 2766 25 1
2706 2766 7 0
2707 2767 19 1
2707 2767 17 0
2708 2768 24 0
2708 2768 26 0
2709 2769 16 1
2709 2769 6 1
2710 2770 13 0
2710 2770 26 0
2711 2771 17 0
2711 2771 29 1
2712 2772 19 1
2712 2772 24 0
2713 2773 0 0
2713 2773 14 0
2714 2774 6 0
2714 2774 24 0
2715 2775 9 0
2715 2775 26 0
2716 2776 20 0
2716 2776 14 0
2717 2777 20 1
2717 2777 25 0
2718 2778 4 1
2718 2778 19 0
2719 2779 11 1
2719 2779 25 0
2720 2780 24 0
2720 2780 25 0
2721 2781 24 1
2721 2781 29 0
2722 2782 23 0
2722 2782 4 1
2723 2783 29 0
2723 2783 16 0
2724 2784 6 1
2724 2784 6 0
2725 2785 29 0
2725 2785 18 0
2726 2786 24 0
2726 2786 0 0
2727 2787 6 1
2727 2787 22 0
2728 2788 29 1
2728 2788 13 1
2729 2789 4 1
2729 2789 6 1
2730 2790 4 0
2730 2790 7 0
2731 2791 5 0
2731 2791 16 0
2732 2792 6 1
2732 2792 20 1
2733 2793 16 0
2733 2793 6 1
2734 2794 25 0
2734 2794 6 1
2735 2795 16 1
2735 2795 25 0
2736 2796 17 0
2736 2796 23 0
2737 2797 13 0
2737 2797 19 0
2738 2798 9 0
2738 2798 22 0
2739 2799 6 0
2739 2799 23 0
2740 2800 9 0
2740 2800 26 0
2741 2801 12 0
2741 2801 19 0
2742 2802 13 0
2742 2802 16 0
2743 2803 9 1
2743 2803 11 1
2744 2804 4 0
2744 2804 7 1
2745 2805 19 0
2745 2805 25 0
2746 2806 5 0
2746 2806 20 0
2747 2807 8 0
2747 2807 4 1
2748 2808 16 0
2748 2808 6 1
2749 2809 24 0
2749 2809 27 0
2750 2810 26 1
2750 2810 7 0
2751 2811 23 1
2751 2811 28 1
2752 2812 13 0
2752 2812 11 0
2753 2813 8 0
2753 2813 13 0
2754 2814 4 1
2754 2814 29 0
2755 2815 15 0
2755 2815 9 1
2756 2816 19 0
2756 2816 7 1
2757 2817 29 1
2757 2817 13 1
2758 2818 26 1
2758 2818 24 1
2759 2819 23 0
2759 2819 19 0
2760 2820 20 1
2760 2820 7 0
2761 2821 6 0
2761 2821 25 0
2762 2822 25 0
2762 2822 16 0
2763 2823 9 1
2763 2823 24 1
2764 2824 16 1
2764 2824 24 1
2765 2825 25 0
2765 2825 7 1
2766 2826 12 0
2766 2826 6 1
2767 2827 6 1
2767 2827 9 0
2768 2828 12 1
2768 2828 19 0
2769 2829 26 1
2769 2829 14 0
2770 2830 16 1
2770 2830 12 1
2771 2831 16 0
2771 2831 2 0
2772 2832 16 1
2772 2832 22 1
2773 2833 24 1
2773 2833 11 0
2774 2834 13 1
2774 2834 12 1
2775 2835 13 1
2775 2835 25 1
2776 2836 24 0
2776 2836 19 1
2777 2837 26 0
2777 2837 19 0
2778 2838 14 1
2778 2838 13 1
2779 2839 16 1
2779 2839 25 0
2780 2840 6 1
2780 2840 16 1
2781 2841 17 1
2781 2841 29 1
2782 2842 19 1
2782 2842 1 1
2783 2843 15 1
2783 2843 4 1
2784 2844 5 0
2784 2844 6 0
2785 2845 26 1
2785 2845 22 1
2786 2846 6 1
2786 2846 4 1
2787 2847 13 1
2787 2847 15 0
2788 2848 19 0
2788 2848 19 1
2789 2849 1 1
2789 2849 22 0
2790 2850 16 0
2790 2850 25 1
2791 2851 9 1
2791 2851 22 1
2792 2852 8 0
2792 2852 20 0
2793 2853 1 0
2793 2853 19 1
2794 2854 16 0
2794 2854 19 0
2795 2855 16 1
2795 2855 4 1
2796 2856 25 1
2796 2856 10 1
2797 2857 16 1
2797 2857 16 1
2798 2858 19 1
2798 2858 12 1
2799 2859 18 1
2799 2859 26 1
2800 2860 18 1
2800 2860 3 1
2801 2861 13 1
2801 2861 25 1
2802 2862 0 1
2802 2862 16 1
2803 2863 6 1
2803 2863 2 0
2804 2864 16 0
2804 2864 29 0
2805 2865 27 1
2805 2865 7 1
2806 2866 16 1
2806 2866 27 1
2807 2867 27 1
2807 2867 27 0
2808 2868 7 0
2808 2868 26 1
2809 2869 20 1
2809 2869 29 1
2810 2870 5 0
2810 2870 18 0
2811 2871 19 1
2811 2871 23 1
2812 2872 4 0
2812 2872 9 0
2813 2873 4 0
2813 2873 24 1
2814 2874 27 1
2814 2874 19 0
2815 2875 21 1
2815 2875 1 1
2816 2876 25 1
2816 2876 19 1
2817 2877 28 0
2817 2877 4 1
2818 2878 9 0
2818 2878 26 0
2819 2879 18 0
2819 2879 9 0
2820 2880 11 1
2820 2880 14 1
2821 2881 19 1
2821 2881 26 1
2822 2882 19 1
2822 2882 29 1
2823 2883 21 1
2823 2883 14 1
2824 2884 6 0
2824 2884 4 0
2825 2885 26 1
2825 2885 29 0
2826 2886 8 0
2826 2886 13 0
2827 2887 17 0
2827 2887 16 0
2828 2888 1 0
2828 2888 13 1
2829 2889 1 1
2829 2889 9 0
2830 2890 12 1
2830 2890 6 0
2831 2891 29 0
2831 2891 15 1
2832 2892 26 0
2832 2892 6 0
2833 2893 24 0
2833 2893 12 1
2834 2894 16 0
2834 2894 13 0
2835 2895 16 0
2835 2895 24 1
2836 2896 25 0
2836 2896 27 0
2837 2897 16 1
2837 2897 29 1
2838 2898 6 0
2838 2898 4 0
2839 2899 29 1
2839 2899 6 0
2840 2900 23 0
2840 2900 6 0
2841 2901 1 0
2841 2901 29 0
2842 2902 7 1
2842 2902 26 0
2843 2903 0 0
2843 2903 14 1
2844 2904 11 0
2844 2904 0 0
2845 2905 27 0
2845 2905 24 0
2846 2906 7 0
2846 2906 13 1
2847 2907 16 0
2847 2907 4 0
2848 2908 25 1
2848 2908 24 0
2849 2909 6 1
2849 2909 1 0
2850 2910 12 0
2850 2910 1 1
2851 2911 17 1
2851 2911 22 0
2852 2912 11 1
2852 2912 1 0
2853 2913 1 1
2853 2913 25 1
2854 2914 25 0
2854 2914 26 1
2855 2915 13 0
2855 2915 4 0
2856 2916 25 1
2856 2916 16 0
2857 2917 24 0
2857 2917 11 0
2858 2918 17 0
2858 2918 25 0
2859 2919 6 0
2859 2919 26 0
2860 2920 6 0
2860 2920 19 0
2861 2921 16 0
2861 2921 26 0
2862 2922 27 0
2862 2922 16 0
2863 2923 22 0
2863 2923 25 1
2864 2924 16 1
2864 2924 9 0
2865 2925 16 0
2865 2925 1 0
2866 2926 26 0
2866 2926 16 0
2867 2927 2 1
2867 2927 4 0
2868 2928 19 1
2868 2928 1 0
2869 2929 7 0
2869 2929 16 1
2870 2930 25 1
2870 2930 19 0
2871 2931 22 0
2871 2931 26 0
2872 2932 19 1
2872 2932 10 1
2873 2933 18 0
2873 2933 12 0
2874 2934 27 1
2874 2934 13 1
2875 2935 16 0
2875 2935 15 0
2876 2936 19 0
2876 2936 14 0
2877 2937 6 1
2877 2937 26 1
2878 2938 20 0
2878 2938 14 1
2879 2939 7 1
2879 2939 24 1
2880 2940 4 0
2880 2940 11 0
2881 2941 4 0
2881 2941 6 1
2882 2942 20 0
2882 2942 7 0
2883 2943 12 0
2883 2943 26 0
2884 2944 11 1
2884 2944 6 1
2885 2945 27 0
2885 2945 25 0
2886 2946 11 1
2886 2946 27 1
2887 2947 4 0
2887 2947 24 1
2888 2948 20 1
2888 2948 26 1
2889 2949 15 1
2889 2949 12 0
2890 2950 19 0
2890 2950 16 1
2891 2951 25 0
2891 2951 12 0
2892 2952 29 0
2892 2952 5 1
2893 2953 12 1
2893 2953 25 1
2894 2954 29 1
2894 2954 7 1
2895 2955 3 0
2895 2955 28 1
2896 2956 3 1
2896 2956 17 1
2897 2957 15 0
2897 2957 12 1
2898 2958 4 1
2898 2958 13 1
2899 2959 27 0
2899 2959 16 0
2900 2960 1 0
2900 2960 14 1
2901 2961 23 0
2901 2961 16 1
2902 2962 25 1
2902 2962 6 1
2903 2963 4 1
2903 2963 9 1
2904 2964 11 1
2904 2964 20 1
2905 2965 28 1
2905 2965 15 1
2906 2966 6 1
2906 2966 7 0
2907 2967 12 1
2907 2967 6 1
2908 2968 26 1
2908 2968 7 1
2909 2969 19 1
2909 2969 9 1
2910 2970 10 1
2910 2970 13 0
2911 2971 24 0
2911 2971 1 0
2912 2972 18 0
2912 2972 18 1
2913 2973 17 0
2913 2973 12 0
2914 2974 25 0
2914 2974 13 0
2915 2975 24 0
2915 2975 25 1
2916 2976 22 1
2916 2976 13 1
2917 2977 11 1
2917 2977 6 1
2918 2978 16 1
2918 2978 26 1
2919 2979 9 1
2919 2979 17 1
2920 2980 12 1
2920 2980 25 1
2921 2981 4 1
2921 2981 29 1
2922 2982 29 0
2922 2982 21 0
2923 2983 7 1
2923 2983 26 1
2924 2984 18 1
2924 2984 21 1
2925 2985 24 1
2925 2985 16 1
2926 2986 9 1
2926 2986 24 1
2927 2987 26 0
2927 2987 7 1
2928 2988 12 1
2928 2988 0 0
2929 2989 29 1
2929 2989 7 1
2930 2990 16 0
2930 2990 27 1
2931 2991 22 1
2931 2991 16 1
2932 2992 19 0
2932 2992 21 0
2933 2993 7 1
2933 2993 11 0
2934 2994 25 1
2934 2994 27 1
2935 2995 13 1
2935 2995 19 0
2936 2996 24 1
2936 2996 6 1
2937 2997 16 0
2937 2997 10 0
2938 2998 11 0
2938 2998 12 1
2939 2999 25 1
2939 2999 26 0
2940 3000 1 1
2940 3000 25 1
2941 3001 27 0
2941 3001 29 0
2942 3002 26 1
2942 3002 6 0
2943 3003 11 1
2943 3003 6 1
2944 3004 25 1
2944 3004 19 0
2945 3005 13 1
2945 3005 1 1
2946 3006 20 0
2946 3006 20 0
2947 3007 0 0
2947 3007 19 0
2948 3008 1 0
2948 3008 25 0
2949 3009 20 1
2949 3009 20 1
2950 3010 16 1
2950 3010 27 0
2951 3011 1 0
2951 3011 27 1
2952 3012 26 0
2952 3012 25 1
2953 3013 25 1
2953 3013 16 1
2954 3014 16 0
2954 3014 12 0
2955 3015 29 0
2955 3015 26 0
2956 3016 20 1
2956 3016 28 0
2957 3017 9 1
2957 3017 13 0
2958 3018 14 0
2958 3018 5 0
2959 3019 24 0
2959 3019 7 0
2960 3020 7 1
2960 3020 6 0
2961 3021 4 0
2961 3021 9 1
2962 3022 11 0
2962 3022 11 1
2963 3023 16 1
2963 3023 6 0
2964 3024 27 0
2964 3024 4 1
2965 3025 21 1
2965 3025 7 0
2966 3026 6 0
2966 3026 6 0
2967 3027 27 0
2967 3027 4 0
2968 3028 14 0
2968 3028 5 0
2969 3029 7 0
2969 3029 15 1
2970 3030 4 1
2970 3030 26 0
2971 3031 26 0
2971 3031 19 0
2972 3032 13 0
2972 3032 11 0
2973 3033 16 1
2973 3033 11 1
2974 3034 5 1
2974 3034 29 0
2975 3035 25 1
2975 3035 12 1
2976 3036 9 1
2976 3036 22 1
2977 3037 9 0
2977 3037 6 0
2978 3038 22 0
2978 3038 25 0
2979 3039 25 0
2979 3039 26 0
2980 3040 19 0
2980 3040 2 0
2981 3041 1 0
2981 3041 19 1
2982 3042 9 1
2982 3042 20 0
2983 3043 25 0
2983 3043 20 1
2984 3044 16 0
2984 3044 12 0
2985 3045 7 0
2985 3045 17 0
2986 3046 10 0
2986 3046 13 0
2987 3047 16 1
2987 3047 13 1
2988 3048 18 0
2988 3048 23 1
2989 3049 20 0
2989 3049 5 1
2990 3050 7 0
2990 3050 17 0
2991 3051 25 1
2991 3051 21 0
2992 3052 26 0
2992 3052 6 0
2993 3053 13 0
2993 3053 4 0
2994 3054 29 0
2994 3054 16 0
2995 3055 13 0
2995 3055 16 0
2996 3056 7 0
2996 3056 29 0
2997 3057 1 1
2997 3057 16 0
2998 3058 28 0
2998 3058 16 1
2999 3059 12 1
2999 3059 6 0
3000 3060 13 0
3000 3060 9 0
3001 3061 29 1
3001 3061 7 1
3002 3062 7 0
3002 3062 19 1
3003 3063 0 0
3003 3063 12 0
3004 3064 16 1
3004 3064 19 1
3005 3065 12 0
3005 3065 13 0
3006 3066 18 0
3006 3066 7 1
3007 3067 6 1
3007 3067 7 1
3008 3068 25 0
3008 3068 11 1
3009 3069 28 1
3009 3069 25 1
3010 3070 13 0
3010 3070 13 1
3011 3071 4 0
3011 3071 20 0
3012 3072 9 1
3012 3072 9 0
3013 3073 6 1
3013 3073 11 1
3014 3074 16 1
3014 3074 6 0
3015 3075 25 0
3015 3075 27 0
3016 3076 18 1
3016 3076 9 1
3017 3077 9 0
3017 3077 26 1
3018 3078 24 0
3018 3078 3 0
3019 3079 17 1
3019 3079 7 1
3020 3080 13 1
3020 3080 0 1
3021 3081 7 1
3021 3081 4 1
3022 3082 13 1
3022 3082 7 0
3023 3083 9 0
3023 3083 20 0
3024 3084 19 1
3024 3084 4 1
3025 3085 26 1
3025 3085 15 0
3026 3086 19 1
3026 3086 18 1
3027 3087 20 1
3027 3087 4 1
3028 3088 6 0
3028 3088 19 0
3029 3089 24 1
3029 3089 9 1
3030 3090 9 1
3030 3090 17 1
3031 3091 22 1
3031 3091 25 1
3032 3092 17 1
3032 3092 4 0
3033 3093 15 0
3033 3093 21 0
3034 3094 19 1
3034 3094 25 1
3035 3095 16 0
3035 3095 16 0
3036 3096 26 0
3036 3096 11 1
3037 3097 9 0
3037 3097 25 0
3038 3098 20 1
3038 3098 25 1
3039 3099 16 1
3039 3099 9 1
3040 3100 22 1
3040 3100 7 1
3041 3101 22 1
3041 3101 22 1
3042 3102 6 1
3042 3102 22 0
3043 3103 25 1
3043 3103 9 0
3044 3104 25 0
3044 3104 13 1
3045 3105 22 0
3045 3105 11 0
3046 3106 12 1
3046 3106 19 1
3047 3107 16 1
3047 3107 25 1
3048 3108 4 1
3048 3108 21 1
3049 3109 6 0
3049 3109 26 0
3050 3110 25 1
3050 3110 25 1
3051 3111 6 1
3051 3111 8 1
3052 3112 12 1
3052 3112 14 1
3053 3113 2 1
3053 3113 22 1
3054 3114 9 1
3054 3114 13 1
3055 3115 6 1
3055 3115 3 1
3056 3116 16 1
3056 3116 1 1
3057 3117 19 1
3057 3117 13 0
3058 3118 12 1
3058 3118 26 1
3059 3119 27 0
3059 3119 4 0
3060 3120 9 1
3060 3120 23 1
3061 3121 29 0
3061 3121 24 0
3062 3122 14 1
3062 3122 0 0
3063 3123 26 1
3063 3123 24 0
3064 3124 25 0
3064 3124 27 0
3065 3125 4 0
3065 3125 19 1
3066 3126 25 1
3066 3126 6 1
3067 3127 7 0
3067 3127 1 0
3068 3128 26 1
3068 3128 16 1
3069 3129 7 0
3069 3129 1 1
3070 3130 13 0
3070 3130 12 0
3071 3131 9 1
3071 3131 20 1
3072 3132 6 1
3072 3132 12 0
3073 3133 10 0
3073 3133 15 1
3074 3134 6 0
3074 3134 11 1
3075 3135 13 1
3075 3135 9 1
3076 3136 24 0
3076 3136 25 0
3077 3137 1 0
3077 3137 13 0
3078 3138 18 1
3078 3138 13 0
3079 3139 16 0
3079 3139 11 1
3080 3140 7 0
3080 3140 26 0
3081 3141 24 1
3081 3141 17 0
3082 3142 25 0
3082 3142 4 1
3083 3143 17 1
3083 3143 0 0
3084 3144 9 0
3084 3144 4 0
3085 3145 9 0
3085 3145 19 0
3086 3146 9 1
3086 3146 19 1
3087 3147 7 0
3087 3147 16 0
3088 3148 20 0
3088 3148 29 1
3089 3149 23 0
3089 3149 6 1
3090 3150 25 0
3090 3150 16 0
3091 3151 16 0
3091 3151 4 0
3092 3152 25 0
3092 3152 1 0
3093 3153 9 1
3093 3153 5 1
3094 3154 26 0
3094 3154 6 0
3095 3155 6 1
3095 3155 6 1
3096 3156 19 0
3096 3156 17 1
3097 3157 16 1
3097 3157 25 0
3098 3158 14 1
3098 3158 16 1
3099 3159 20 0
3099 3159 20 0
3100 3160 1 0
3100 3160 7 0
3101 3161 20 0
3101 3161 9 0
3102 3162 4 0
3102 3162 16 0
3103 3163 17 1
3103 3163 7 1
3104 3164 9 0
3104 3164 24 0
3105 3165 24 1
3105 3165 9 1
3106 3166 9 0
3106 3166 16 0
3107 3167 15 0
3107 3167 19 1
3108 3168 13 0
3108 3168 18 0
3109 3169 16 0
3109 3169 25 1
3110 3170 22 0
3110 3170 9 1
3111 3171 28 0
3111 3171 6 0
3112 3172 13 0
3112 3172 9 0
3113 3173 12 0
3113 3173 25 0
3114 3174 9 1
3114 3174 6 0
3115 3175 11 1
3115 3175 14 1
3116 3176 14 1
3116 3176 17 1
3117 3177 4 0
3117 3177 16 0
3118 3178 25 0
3118 3178 7 0
3119 3179 22 1
3119 3179 25 0
3120 3180 20 1
3120 3180 16 1
3121 3181 17 0
3121 3181 17 0
3122 3182 22 0
3122 3182 8 1
3123 3183 16 0
3123 3183 25 1
3124 3184 13 0
3124 3184 13 0
3125 3185 9 0
3125 3185 25 0
3126 3186 14 0
3126 3186 20 1
3127 3187 18 0
3127 3187 11 0
3128 3188 23 0
3128 3188 25 0
3129 3189 8 0
3129 3189 25 1
3130 3190 2 1
3130 3190 28 1
3131 3191 9 0
3131 3191 6 0
3132 3192 12 0
3132 3192 11 1
3133 3193 9 1
3133 3193 15 1
3134 3194 9 1
3134 3194 26 0
3135 3195 9 0
3135 3195 26 0
3136 3196 13 0
3136 3196 9 1
3137 3197 25 0
3137 3197 25 1
3138 3198 25 0
3138 3198 16 0
3139 3199 4 1
3139 3199 26 1
3140 3200 21 1
3140 3200 11 1
3141 3201 6 1
3141 3201 27 1
3142 3202 19 0
3142 3202 25 1
3143 3203 4 0
3143 3203 6 0
3144 3204 25 1
3144 3204 11 0
3145 3205 19 1
3145 3205 1 1
3146 3206 21 1
3146 3206 25 1
3147 3207 7 1
3147 3207 17 1
3148 3208 13 0
3148 3208 26 1
3149 3209 3 1
3149 3209 1 1
3150 3210 6 0
3150 3210 11 0
3151 3211 28 1
3151 3211 20 1
3152 3212 25 1
3152 3212 16 1
3153 3213 26 0
3153 3213 12 0
3154 3214 21 1
3154 3214 19 1
3155 3215 13 1
3155 3215 12 0
3156 3216 9 0
3156 3216 17 1
3157 3217 26 1
3157 3217 9 0
3158 3218 19 0
3158 3218 25 0
3159 3219 0 1
3159 3219 25 0
3160 3220 23 1
3160 3220 11 0
3161 3221 17 1
3161 3221 6 1
3162 3222 7 1
3162 3222 24 1
3163 3223 7 1
3163 3223 1 1
3164 3224 9 1
3164 3224 28 1
3165 3225 13 0
3165 3225 9 1
3166 3226 25 1
3166 3226 13 1
3167 3227 25 0
3167 3227 7 0
3168 3228 4 1
3168 3228 6 0
3169 3229 17 1
3169 3229 27 1
3170 3230 9 0
3170 3230 23 1
3171 3231 8 1
3171 3231 4 1
3172 3232 6 0
3172 3232 5 1
3173 3233 20 1
3173 3233 13 1
3174 3234 1 1
3174 3234 26 0
3175 3235 26 1
3175 3235 21 0
3176 3236 6 0
3176 3236 7 1
3177 3237 16 0
3177 3237 19 0
3178 3238 16 0
3178 3238 17 1
3179 3239 4 1
3179 3239 17 1
3180 3240 16 1
3180 3240 6 0
3181 3241 13 1
3181 3241 26 1
3182 3242 8 0
3182 3242 5 0
3183 3243 19 1
3183 3243 19 1
3184 3244 13 1
3184 3244 29 1
3185 3245 3 1
3185 3245 4 1
3186 3246 21 1
3186 3246 26 1
3187 3247 7 1
3187 3247 6 0
3188 3248 14 1
3188 3248 18 0
3189 3249 14 1
3189 3249 6 1
3190 3250 6 0
3190 3250 6 0
3191 3251 16 1
3191 3251 24 1
3192 3252 2 1
3192 3252 7 1
3193 3253 19 0
3193 3253 26 0
3194 3254 17 0
3194 3254 16 0
3195 3255 26 0
3195 3255 5 1
3196 3256 19 1
3196 3256 7 1
3197 3257 9 0
3197 3257 24 1
3198 3258 4 1
3198 3258 11 1
3199 3259 12 0
3199 3259 22 0
3200 3260 20 1
3200 3260 24 0
3201 3261 9 0
3201 3261 20 0
3202 3262 28 0
3202 3262 9 0
3203 3263 4 0
3203 3263 9 1
3204 3264 29 1
3204 3264 19 0
3205 3265 27 0
3205 3265 6 0
3206 3266 16 1
3206 3266 22 1
3207 3267 9 0
3207 3267 17 0
3208 3268 6 0
3208 3268 27 0
3209 3269 19 0
3209 3269 15 1
3210 3270 7 0
3210 3270 26 0
3211 3271 27 1
3211 3271 6 1
3212 3272 15 0
3212 3272 25 0
3213 3273 9 1
3213 3273 15 0
3214 3274 19 0
3214 3274 22 1
3215 3275 13 0
3215 3275 25 0
3216 3276 19 0
3216 3276 16 1
3217 3277 24 1
3217 3277 14 1
3218 3278 14 0
3218 3278 16 1
3219 3279 23 1
3219 3279 25 1
3220 3280 21 0
3220 3280 19 0
3221 3281 11 1
3221 3281 17 0
3222 3282 23 0
3222 3282 7 0
3223 3283 17 0
3223 3283 17 0
3224 3284 27 1
3224 3284 25 0
3225 3285 9 0
3225 3285 4 1
3226 3286 17 1
3226 3286 13 0
3227 3287 26 0
3227 3287 17 0
3228 3288 9 0
3228 3288 7 0
3229 3289 19 0
3229 3289 19 0
3230 3290 22 1
3230 3290 12 1
3231 3291 3 0
3231 3291 19 1
3232 3292 19 0
3232 3292 23 0
3233 3293 13 0
3233 3293 20 0
3234 3294 1 0
3234 3294 16 0
3235 3295 14 0
3235 3295 28 0
3236 3296 1 1
3236 3296 13 1
3237 3297 27 1
3237 3297 1 1
3238 3298 4 0
3238 3298 5 1
3239 3299 26 0
3239 3299 21 0
3240 3300 16 0
3240 3300 9 1
3241 3301 20 0
3241 3301 3 1
3242 3302 21 1
3242 3302 16 1
3243 3303 4 0
3243 3303 25 0
3244 3304 27 0
3244 3304 9 0
3245 3305 4 0
3245 3305 27 1
3246 3306 9 0
3246 3306 4 0
3247 3307 24 0
3247 3307 24 0
3248 3308 26 0
3248 3308 20 0
3249 3309 24 0
3249 3309 13 0
3250 3310 25 1
3250 3310 11 1
3251 3311 26 0
3251 3311 6 0
3252 3312 19 0
3252 3312 4 1
3253 3313 7 1
3253 3313 16 1
3254 3314 16 1
3254 3314 6 0
3255 3315 18 1
3255 3315 13 0
3256 3316 16 0
3256 3316 3 0
3257 3317 17 1
3257 3317 6 1
3258 3318 24 0
3258 3318 27 0
3259 3319 6 1
3259 3319 1 0
3260 3320 27 1
3260 3320 6 0
3261 3321 6 1
3261 3321 4 0
3262 3322 4 1
3262 3322 1 1
3263 3323 26 1
3263 3323 7 1
3264 3324 15 1
3264 3324 20 1
3265 3325 11 1
3265 3325 19 0
3266 3326 19 0
3266 3326 16 0
3267 3327 27 1
3267 3327 20 0
3268 3328 9 1
3268 3328 3 1
3269 3329 6 1
3269 3329 7 1
3270 3330 22 1
3270 3330 1 1
3271 3331 25 0
3271 3331 1 0
3272 3332 6 1
3272 3332 16 1
3273 3333 6 0
3273 3333 22 0
3274 3334 6 1
3274 3334 20 1
3275 3335 29 1
3275 3335 20 1
3276 3336 25 0
3276 3336 23 1
3277 3337 21 1
3277 3337 17 0
3278 3338 16 1
3278 3338 25 1
3279 3339 9 1
3279 3339 6 0
3280 3340 21 0
3280 3340 20 0
3281 3341 25 0
3281 3341 24 0
3282 3342 20 0
3282 3342 22 0
3283 3343 15 1
3283 3343 25 0
3284 3344 5 1
3284 3344 18 1
3285 3345 6 0
3285 3345 11 1
3286 3346 4 0
3286 3346 11 1
3287 3347 14 1
3287 3347 18 1
3288 3348 19 1
3288 3348 6 1
3289 3349 19 1
3289 3349 29 1
3290 3350 15 0
3290 3350 8 0
3291 3351 9 0
3291 3351 22 1
3292 3352 25 1
3292 3352 18 1
3293 3353 8 1
3293 3353 19 0
3294 3354 7 1
3294 3354 29 1
3295 3355 9 1
3295 3355 19 1
3296 3356 7 1
3296 3356 12 1
3297 3357 4 1
3297 3357 7 0
3298 3358 7 1
3298 3358 4 1
3299 3359 9 1
3299 3359 24 0
3300 3360 3 0
3300 3360 1 0
3301 3361 10 1
3301 3361 7 1
3302 3362 21 0
3302 3362 13 0
3303 3363 25 1
3303 3363 6 0
3304 3364 19 1
3304 3364 10 1
3305 3365 25 1
3305 3365 13 1
3306 3366 13 1
3306 3366 21 1
3307 3367 1 1
3307 3367 5 1
3308 3368 14 0
3308 3368 25 1
3309 3369 29 1
3309 3369 6 0
3310 3370 6 1
3310 3370 3 1
3311 3371 11 1
3311 3371 26 1
3312 3372 20 0
3312 3372 4 1
3313 3373 7 0
3313 3373 29 0
3314 3374 2 1
3314 3374 20 1
3315 3375 21 0
3315 3375 19 1
3316 3376 9 1
3316 3376 20 1
3317 3377 20 0
3317 3377 6 0
3318 3378 4 1
3318 3378 3 0
3319 3379 17 1
3319 3379 16 0
3320 3380 9 0
3320 3380 12 0
3321 3381 4 0
3321 3381 7 0
3322 3382 1 1
3322 3382 26 1
3323 3383 19 1
3323 3383 27 0
3324 3384 11 0
3324 3384 16 0
3325 3385 5 0
3325 3385 20 0
3326 3386 5 1
3326 3386 28 1
3327 3387 29 1
3327 3387 2 1
3328 3388 21 1
3328 3388 20 0
3329 3389 18 1
3329 3389 4 0
3330 3390 25 0
3330 3390 11 0
3331 3391 2 0
3331 3391 27 0
3332 3392 26 0
3332 3392 15 0
3333 3393 26 0
3333 3393 6 1
3334 3394 11 1
3334 3394 6 0
3335 3395 23 0
3335 3395 26 1
3336 3396 20 0
3336 3396 7 0
3337 3397 11 0
3337 3397 28 0
3338 3398 23 0
3338 3398 17 0
3339 3399 4 1
3339 3399 6 0
3340 3400 15 1
3340 3400 8 1
3341 3401 6 0
3341 3401 17 1
3342 3402 1 1
3342 3402 1 1
3343 3403 1 1
3343 3403 14 1
3344 3404 9 0
3344 3404 18 0
3345 3405 17 0
3345 3405 9 0
3346 3406 26 1
3346 3406 9 1
3347 3407 16 0
3347 3407 17 0
3348 3408 6 0
3348 3408 25 1
3349 3409 9 0
3349 3409 3 0
3350 3410 19 1
3350 3410 14 0
3351 3411 0 0
3351 3411 14 0
3352 3412 2 1
3352 3412 17 1
3353 3413 5 0
3353 3413 29 0
3354 3414 11 0
3354 3414 26 0
3355 3415 26 0
3355 3415 15 0
3356 3416 16 0
3356 3416 27 0
3357 3417 16 0
3357 3417 27 0
3358 3418 17 0
3358 3418 20 1
3359 3419 6 1
3359 3419 17 1
3360 3420 19 0
3360 3420 1 0
3361 3421 11 0
3361 3421 16 0
3362 3422 29 1
3362 3422 8 1
3363 3423 28 1
3363 3423 15 1
3364 3424 10 1
3364 3424 20 0
3365 3425 26 0
3365 3425 11 0
3366 3426 27 0
3366 3426 4 0
3367 3427 16 0
3367 3427 26 0
3368 3428 13 0
3368 3428 14 0
3369 3429 21 1
3369 3429 27 0
3370 3430 13 0
3370 3430 12 0
3371 3431 20 0
3371 3431 25 0
3372 3432 12 1
3372 3432 19 1
3373 3433 9 1
3373 3433 6 0
3374 3434 4 0
3374 3434 16 1
3375 3435 17 0
3375 3435 9 0
3376 3436 4 0
3376 3436 29 0
3377 3437 9 1
3377 3437 4 1
3378 3438 22 0
3378 3438 16 1
3379 3439 13 1
3379 3439 0 1
3380 3440 6 1
3380 3440 11 0
3381 3441 29 1
3381 3441 11 1
3382 3442 27 0
3382 3442 1 1
3383 3443 6 0
3383 3443 25 1
3384 3444 11 1
3384 3444 9 1
3385 3445 16 1
3385 3445 25 0
3386 3446 6 0
3386 3446 24 1
3387 3447 4 0
3387 3447 19 0
3388 3448 19 1
3388 3448 1 0
3389 3449 17 0
3389 3449 25 0
3390 3450 20 0
3390 3450 23 1
3391 3451 24 1
3391 3451 19 1
3392 3452 4 1
3392 3452 8 1
3393 3453 25 0
3393 3453 19 1
3394 3454 9 1
3394 3454 12 1
3395 3455 26 0
3395 3455 6 1
3396 3456 16 1
3396 3456 7 1
3397 3457 7 1
3397 3457 15 1
3398 3458 11 1
3398 3458 6 0
3399 3459 6 0
3399 3459 19 0
3400 3460 13 1
3400 3460 26 1
3401 3461 7 0
3401 3461 7 0
3402 3462 11 1
3402 3462 14 0
3403 3463 9 0
3403 3463 20 1
3404 3464 11 0
3404 3464 21 0
3405 3465 1 1
3405 3465 17 1
3406 3466 14 0
3406 3466 9 1
3407 3467 29 1
3407 3467 8 0
3408 3468 26 1
3408 3468 25 1
3409 3469 11 1
3409 3469 7 1
3410 3470 11 0
3410 3470 5 0
3411 3471 15 1
3411 3471 7 1
3412 3472 26 0
3412 3472 16 1
3413 3473 27 1
3413 3473 25 0
3414 3474 16 1
3414 3474 7 1
3415 3475 12 1
3415 3475 13 1
3416 3476 11 1
3416 3476 19 1
3417 3477 7 1
3417 3477 5 0
3418 3478 11 1
3418 3478 11 1
3419 3479 25 0
3419 3479 27 1
3420 3480 25 1
3420 3480 13 1
3421 3481 11 1
3421 3481 18 1
3422 3482 19 1
3422 3482 6 0
3423 3483 7 0
3423 3483 11 0
3424 3484 25 0
3424 3484 6 0
3425 3485 13 1
3425 3485 26 1
3426 3486 11 1
3426 3486 13 1
3427 3487 24 1
3427 3487 4 1
3428 3488 4 1
3428 3488 8 0
3429 3489 20 0
3429 3489 26 1
3430 3490 7 1
3430 3490 15 1
3431 3491 10 1
3431 3491 15 1
3432 3492 22 0
3432 3492 6 0
3433 3493 25 0
3433 3493 7 1
3434 3494 29 1
3434 3494 19 1
3435 3495 25 1
3435 3495 19 1
3436 3496 29 1
3436 3496 6 1
3437 3497 16 0
3437 3497 27 0
3438 3498 4 0
3438 3498 12 0
3439 3499 27 1
3439 3499 1 0
3440 3500 25 1
3440 3500 25 0
3441 3501 7 1
3441 3501 4 0
3442 3502 1 1
3442 3502 16 0
3443 3503 22 1
3443 3503 22 0
3444 3504 19 0
3444 3504 3 0
3445 3505 25 0
3445 3505 18 0
3446 3506 11 1
3446 3506 7 1
3447 3507 19 0
3447 3507 18 1
3448 3508 18 0
3448 3508 9 1
3449 3509 18 1
3449 3509 27 1
3450 3510 21 0
3450 3510 1 1
3451 3511 28 0
3451 3511 6 1
3452 3512 7 0
3452 3512 19 0
3453 3513 19 0
3453 3513 26 0
3454 3514 12 0
3454 3514 6 0
3455 3515 11 0
3455 3515 6 0
3456 3516 23 0
3456 3516 22 0
3457 3517 25 1
3457 3517 11 1
3458 3518 13 0
3458 3518 26 1
3459 3519 25 1
3459 3519 9 1
3460 3520 6 1
3460 3520 1 0
3461 3521 26 0
3461 3521 6 1
3462 3522 9 0
3462 3522 24 0
3463 3523 26 1
3463 3523 18 1
3464 3524 1 0
3464 3524 13 0
3465 3525 2 1
3465 3525 6 1
3466 3526 25 1
3466 3526 26 0
3467 3527 1 0
3467 3527 11 1
3468 3528 21 0
3468 3528 26 0
3469 3529 26 0
3469 3529 1 0
3470 3530 19 1
3470 3530 4 0
3471 3531 25 0
3471 3531 24 0
3472 3532 26 0
3472 3532 14 0
3473 3533 17 1
3473 3533 11 0
3474 3534 20 1
3474 3534 2 1
3475 3535 7 0
3475 3535 21 0
3476 3536 12 0
3476 3536 26 1
3477 3537 16 0
3477 3537 11 0
3478 3538 20 0
3478 3538 13 0
3479 3539 14 0
3479 3539 16 1
3480 3540 13 0
3480 3540 11 0
3481 3541 29 0
3481 3541 10 1
3482 3542 13 1
3482 3542 25 0
3483 3543 19 0
3483 3543 1 0
3484 3544 9 1
3484 3544 28 1
3485 3545 15 0
3485 3545 19 0
3486 3546 11 0
3486 3546 25 1
3487 3547 10 0
3487 3547 11 0
3488 3548 15 1
3488 3548 26 0
3489 3549 19 0
3489 3549 26 0
3490 3550 0 0
3490 3550 19 1
3491 3551 19 0
3491 3551 29 0
3492 3552 6 1
3492 3552 18 0
3493 3553 9 0
3493 3553 6 1
3494 3554 4 0
3494 3554 19 0
3495 3555 17 0
3495 3555 14 0
3496 3556 29 0
3496 3556 28 0
3497 3557 1 1
3497 3557 25 0
3498 3558 9 0
3498 3558 9 1
3499 3559 2 1
3499 3559 24 0
3500 3560 23 1
3500 3560 22 1
3501 3561 16 1
3501 3561 26 1
3502 3562 0 1
3502 3562 19 0
3503 3563 0 0
3503 3563 4 1
3504 3564 29 1
3504 3564 7 1
3505 3565 7 1
3505 3565 28 1
3506 3566 17 0
3506 3566 6 0
3507 3567 19 0
3507 3567 19 0
3508 3568 28 1
3508 3568 21 1
3509 3569 11 0
3509 3569 16 0
3510 3570 7 0
3510 3570 23 1
3511 3571 13 0
3511 3571 25 0
3512 3572 9 1
3512 3572 11 1
3513 3573 16 0
3513 3573 28 1
3514 3574 19 1
3514 3574 1 1
3515 3575 7 1
3515 3575 25 1
3516 3576 26 1
3516 3576 16 1
3517 3577 25 1
3517 3577 14 1
3518 3578 29 0
3518 3578 26 1
3519 3579 6 0
3519 3579 16 0
3520 3580 11 0
3520 3580 4 1
3521 3581 7 0
3521 3581 4 0
3522 3582 24 1
3522 3582 15 1
3523 3583 13 0
3523 3583 7 0
3524 3584 6 0
3524 3584 29 0
3525 3585 11 1
3525 3585 13 1
3526 3586 11 1
3526 3586 11 1
3527 3587 26 0
3527 3587 14 0
3528 3588 9 1
3528 3588 7 0
3529 3589 19 1
3529 3589 17 1
3530 3590 22 1
3530 3590 16 1
3531 3591 16 1
3531 3591 16 1
3532 3592 3 1
3532 3592 5 0
3533 3593 16 1
3533 3593 7 0
3534 3594 9 1
3534 3594 1 1
3535 3595 26 1
3535 3595 1 0
3536 3596 22 1
3536 3596 11 1
3537 3597 11 1
3537 3597 6 0
3538 3598 4 1
3538 3598 6 1
3539 3599 9 0
3539 3599 12 1
3540 3600 16 1
3540 3600 9 0
3541 3601 25 1
3541 3601 20 1
3542 3602 28 1
3542 3602 20 1
3543 3603 22 1
3543 3603 20 1
3544 3604 9 0
3544 3604 16 1
3545 3605 11 1
3545 3605 26 0
3546 3606 11 1
3546 3606 25 0
3547 3607 19 1
3547 3607 7 1
3548 3608 7 0
3548 3608 7 0
3549 3609 9 1
3549 3609 17 1
3550 3610 22 1
3550 3610 27 0
3551 3611 25 1
3551 3611 26 1
3552 3612 16 1
3552 3612 15 0
3553 3613 25 0
3553 3613 5 1
3554 3614 18 1
3554 3614 6 1
3555 3615 26 1
3555 3615 9 1
3556 3616 21 1
3556 3616 2 1
3557 3617 6 1
3557 3617 21 1
3558 3618 16 1
3558 3618 6 1
3559 3619 19 0
3559 3619 9 0
3560 3620 23 0
3560 3620 25 0
3561 3621 11 0
3561 3621 11 0
3562 3622 24 1
3562 3622 26 1
3563 3623 5 0
3563 3623 9 1
3564 3624 1 0
3564 3624 13 0
3565 3625 28 1
3565 3625 6 0
3566 3626 4 1
3566 3626 19 1
3567 3627 19 0
3567 3627 16 0
3568 3628 20 0
3568 3628 26 0
3569 3629 7 1
3569 3629 1 1
3570 3630 9 0
3570 3630 6 1
3571 3631 27 1
3571 3631 9 1
3572 3632 11 0
3572 3632 11 0
3573 3633 0 0
3573 3633 8 1
3574 3634 19 0
3574 3634 28 0
3575 3635 28 0
3575 3635 1 0
3576 3636 16 1
3576 3636 21 0
3577 3637 4 0
3577 3637 14 0
3578 3638 29 0
3578 3638 9 0
3579 3639 13 1
3579 3639 7 1
3580 3640 27 1
3580 3640 8 0
3581 3641 29 1
3581 3641 28 1
3582 3642 26 1
3582 3642 24 0
3583 3643 25 0
3583 3643 0 0
3584 3644 17 1
3584 3644 16 1
3585 3645 4 0
3585 3645 7 0
3586 3646 11 0
3586 3646 17 1
3587 3647 1 0
3587 3647 16 1
3588 3648 8 0
3588 3648 20 1
3589 3649 15 1
3589 3649 6 1
3590 3650 17 1
3590 3650 17 1
3591 3651 20 0
3591 3651 16 0
3592 3652 3 0
3592 3652 29 1
3593 3653 17 0
3593 3653 6 1
3594 3654 15 0
3594 3654 22 0
3595 3655 22 1
3595 3655 16 1
3596 3656 9 0
3596 3656 28 0
3597 3657 19 0
3597 3657 10 1
3598 3658 23 0
3598 3658 22 0
3599 3659 7 0
3599 3659 17 0
