table_size
25,840
580
34,1.79769e+308,32,1.79769e+308,30,1.79769e+308,28,1.79769e+308,26,1.79769e+308,24,1.79769e+308,22,1.79769e+308,20,1.79769e+308,18,1.79769e+308,16,1.79769e+308,14,1.79769e+308,16,1.79769e+308,18,1.79769e+308,20,1.79769e+308,22,1.79769e+308,24,1.79769e+308,26,1.79769e+308,28,1.79769e+308,30,1.79769e+308,32,1.79769e+308,33,1.79769e+308,31,1.79769e+308,29,1.79769e+308,27,1.79769e+308,25,1.79769e+308,23,1.79769e+308,21,1.79769e+308,19,1.79769e+308,17,1.79769e+308,15,1.79769e+308,13,1.79769e+308,15,1.79769e+308,17,1.79769e+308,19,1.79769e+308,21,1.79769e+308,23,1.79769e+308,25,1.79769e+308,27,1.79769e+308,29,1.79769e+308,31,1.79769e+308,32,1.79769e+308,30,1.79769e+308,28,1.79769e+308,26,1.79769e+308,24,1.79769e+308,22,1.79769e+308,20,1.79769e+308,18,1.79769e+308,16,1.79769e+308,14,1.79769e+308,12,1.79769e+308,14,1.79769e+308,16,1.79769e+308,18,1.79769e+308,20,1.79769e+308,22,1.79769e+308,24,1.79769e+308,26,1.79769e+308,28,1.79769e+308,30,1.79769e+308,31,1.79769e+308,29,1.79769e+308,27,1.79769e+308,25,1.79769e+308,23,1.79769e+308,21,1.79769e+308,19,1.79769e+308,17,1.79769e+308,15,1.79769e+308,13,1.79769e+308,11,1.79769e+308,13,1.79769e+308,15,1.79769e+308,17,1.79769e+308,19,1.79769e+308,21,1.79769e+308,23,1.79769e+308,25,1.79769e+308,27,1.79769e+308,29,1.79769e+308,30,1.79769e+308,28,1.79769e+308,26,1.79769e+308,24,1.79769e+308,22,1.79769e+308,20,1.79769e+308,18,1.79769e+308,16,1.79769e+308,14,1.79769e+308,12,1.79769e+308,10,1.79769e+308,12,1.79769e+308,14,1.79769e+308,16,1.79769e+308,18,1.79769e+308,20,1.79769e+308,22,1.79769e+308,24,1.79769e+308,26,1.79769e+308,28,1.79769e+308,29,1.79769e+308,27,1.79769e+308,25,1.79769e+308,23,1.79769e+308,21,1.79769e+308,19,1.79769e+308,17,1.79769e+308,15,1.79769e+308,13,1.79769e+308,11,1.79769e+308,9,1.79769e+308,11,1.79769e+308,13,1.79769e+308,15,1.79769e+308,17,1.79769e+308,19,1.79769e+308,21,1.79769e+308,23,1.79769e+308,25,1.79769e+308,27,1.79769e+308,28,1.79769e+308,26,1.79769e+308,24,1.79769e+308,22,1.79769e+308,20,1.79769e+308,18,1.79769e+308,16,1.79769e+308,14,1.79769e+308,12,1.79769e+308,10,1.79769e+308,8,1.79769e+308,10,1.79769e+308,12,1.79769e+308,14,1.79769e+308,16,1.79769e+308,18,1.79769e+308,20,1.79769e+308,22,1.79769e+308,24,1.79769e+308,26,1.79769e+308,27,1.79769e+308,25,1.79769e+308,23,1.79769e+308,21,1.79769e+308,19,1.79769e+308,17,1.79769e+308,15,1.79769e+308,13,1.79769e+308,11,1.79769e+308,9,1.79769e+308,7,1.79769e+308,9,1.79769e+308,11,1.79769e+308,13,1.79769e+308,15,1.79769e+308,17,1.79769e+308,19,1.79769e+308,21,1.79769e+308,23,1.79769e+308,25,1.79769e+308,26,1.79769e+308,24,1.79769e+308,22,1.79769e+308,20,1.79769e+308,18,1.79769e+308,16,1.79769e+308,14,1.79769e+308,12,1.79769e+308,10,1.79769e+308,8,1.79769e+308,6,1.79769e+308,8,1.79769e+308,10,1.79769e+308,12,1.79769e+308,14,1.79769e+308,16,1.79769e+308,18,1.79769e+308,20,1.79769e+308,22,1.79769e+308,24,1.79769e+308,25,1.79769e+308,23,1.79769e+308,21,1.79769e+308,19,1.79769e+308,17,1.79769e+308,15,1.79769e+308,13,1.79769e+308,11,1.79769e+308,9,1.79769e+308,7,1.79769e+308,5,1.79769e+308,7,1.79769e+308,9,1.79769e+308,11,1.79769e+308,13,1.79769e+308,15,1.79769e+308,17,1.79769e+308,19,1.79769e+308,21,1.79769e+308,23,1.79769e+308,24,1.79769e+308,22,1.79769e+308,20,1.79769e+308,18,1.79769e+308,16,1.79769e+308,14,1.79769e+308,12,1.79769e+308,10,1.79769e+308,8,1.79769e+308,6,1.79769e+308,4,1.79769e+308,6,1.79769e+308,8,1.79769e+308,10,1.79769e+308,12,1.79769e+308,14,1.79769e+308,16,1.79769e+308,18,1.79769e+308,20,1.79769e+308,22,1.79769e+308,23,1.79769e+308,21,1.79769e+308,19,1.79769e+308,17,1.79769e+308,15,1.79769e+308,13,1.79769e+308,11,1.79769e+308,9,1.79769e+308,7,1.79769e+308,5,1.79769e+308,3,1.79769e+308,5,1.79769e+308,7,1.79769e+308,9,1.79769e+308,11,1.79769e+308,13,1.79769e+308,15,1.79769e+308,17,1.79769e+308,19,1.79769e+308,21,1.79769e+308,22,1.79769e+308,20,1.79769e+308,18,1.79769e+308,16,1.79769e+308,14,1.79769e+308,12,1.79769e+308,10,1.79769e+308,8,1.79769e+308,6,1.79769e+308,4,1.79769e+308,2,1.79769e+308,4,1.79769e+308,6,1.79769e+308,8,1.79769e+308,10,1.79769e+308,12,1.79769e+308,14,1.79769e+308,16,1.79769e+308,18,1.79769e+308,20,1.79769e+308,21,20,19,18,17,16,15,14,13,12,11,10,9,8,7,6,5,4,3,2,1,2,3,4,5,6,7,8,9,10,11,12,13,14,15,16,17,18,19,20,20,19,18,17,16,15,14,13,12,11,10,9,8,7,6,5,4,3,2,1,0,1,2,3,4,5,6,7,8,9,10,11,12,13,14,15,16,17,18,19,21,20,19,18,17,16,15,14,13,12,11,10,9,8,7,6,5,4,3,2,1,2,3,4,5,6,7,8,9,10,11,12,13,14,15,16,17,18,19,20,22,1.79769e+308,20,1.79769e+308,18,1.79769e+308,16,1.79769e+308,14,1.79769e+308,12,1.79769e+308,10,1.79769e+308,8,1.79769e+308,6,1.79769e+308,4,1.79769e+308,2,1.79769e+308,4,1.79769e+308,6,1.79769e+308,8,1.79769e+308,10,1.79769e+308,12,1.79769e+308,14,1.79769e+308,16,1.79769e+308,18,1.79769e+308,20,1.79769e+308,23,1.79769e+308,21,1.79769e+308,19,1.79769e+308,17,1.79769e+308,15,1.79769e+308,13,1.79769e+308,11,1.79769e+308,9,1.79769e+308,7,1.79769e+308,5,1.79769e+308,3,1.79769e+308,5,1.79769e+308,7,1.79769e+308,9,1.79769e+308,11,1.79769e+308,13,1.79769e+308,15,1.79769e+308,17,1.79769e+308,19,1.79769e+308,21,1.79769e+308,24,1.79769e+308,22,1.79769e+308,20,1.79769e+308,18,1.79769e+308,16,1.79769e+308,14,1.79769e+308,12,1.79769e+308,10,1.79769e+308,8,1.79769e+308,6,1.79769e+308,4,1.79769e+308,6,1.79769e+308,8,1.79769e+308,10,1.79769e+308,12,1.79769e+308,14,1.79769e+308,16,1.79769e+308,18,1.79769e+308,20,1.79769e+308,22,1.79769e+308,25,1.79769e+308,23,1.79769e+308,21,1.79769e+308,19,1.79769e+308,17,1.79769e+308,15,1.79769e+308,13,1.79769e+308,11,1.79769e+308,9,1.79769e+308,7,1.79769e+308,5,1.79769e+308,7,1.79769e+308,9,1.79769e+308,11,1.79769e+308,13,1.79769e+308,15,1.79769e+308,17,1.79769e+308,19,1.79769e+308,21,1.79769e+308,23,1.79769e+308,26,1.79769e+308,24,1.79769e+308,22,1.79769e+308,20,1.79769e+308,18,1.79769e+308,16,1.79769e+308,14,1.79769e+308,12,1.79769e+308,10,1.79769e+308,8,1.79769e+308,6,1.79769e+308,8,1.79769e+308,10,1.79769e+308,12,1.79769e+308,14,1.79769e+308,16,1.79769e+308,18,1.79769e+308,20,1.79769e+308,22,1.79769e+308,24,1.79769e+308,
582
36,1.79769e+308,34,1.79769e+308,32,1.79769e+308,30,1.79769e+308,28,1.79769e+308,26,1.79769e+308,24,1.79769e+308,22,1.79769e+308,20,1.79769e+308,18,1.79769e+308,16,1.79769e+308,14,1.79769e+308,16,1.79769e+308,18,1.79769e+308,20,1.79769e+308,22,1.79769e+308,24,1.79769e+308,26,1.79769e+308,28,1.79769e+308,30,1.79769e+308,35,1.79769e+308,33,1.79769e+308,31,1.79769e+308,29,1.79769e+308,27,1.79769e+308,25,1.79769e+308,23,1.79769e+308,21,1.79769e+308,19,1.79769e+308,17,1.79769e+308,15,1.79769e+308,13,1.79769e+308,15,1.79769e+308,17,1.79769e+308,19,1.79769e+308,21,1.79769e+308,23,1.79769e+308,25,1.79769e+308,27,1.79769e+308,29,1.79769e+308,34,1.79769e+308,32,1.79769e+308,30,1.79769e+308,28,1.79769e+308,26,1.79769e+308,24,1.79769e+308,22,1.79769e+308,20,1.79769e+308,18,1.79769e+308,16,1.79769e+308,14,1.79769e+308,12,1.79769e+308,14,1.79769e+308,16,1.79769e+308,18,1.79769e+308,20,1.79769e+308,22,1.79769e+308,24,1.79769e+308,26,1.79769e+308,28,1.79769e+308,33,1.79769e+308,31,1.79769e+308,29,1.79769e+308,27,1.79769e+308,25,1.79769e+308,23,1.79769e+308,21,1.79769e+308,19,1.79769e+308,17,1.79769e+308,15,1.79769e+308,13,1.79769e+308,11,1.79769e+308,13,1.79769e+308,15,1.79769e+308,17,1.79769e+308,19,1.79769e+308,21,1.79769e+308,23,1.79769e+308,25,1.79769e+308,27,1.79769e+308,32,1.79769e+308,30,1.79769e+308,28,1.79769e+308,26,1.79769e+308,24,1.79769e+308,22,1.79769e+308,20,1.79769e+308,18,1.79769e+308,16,1.79769e+308,14,1.79769e+308,12,1.79769e+308,10,1.79769e+308,12,1.79769e+308,14,1.79769e+308,16,1.79769e+308,18,1.79769e+308,20,1.79769e+308,22,1.79769e+308,24,1.79769e+308,26,1.79769e+308,31,1.79769e+308,29,1.79769e+308,27,1.79769e+308,25,1.79769e+308,23,1.79769e+308,21,1.79769e+308,19,1.79769e+308,17,1.79769e+308,15,1.79769e+308,13,1.79769e+308,11,1.79769e+308,9,1.79769e+308,11,1.79769e+308,13,1.79769e+308,15,1.79769e+308,17,1.79769e+308,19,1.79769e+308,21,1.79769e+308,23,1.79769e+308,25,1.79769e+308,30,1.79769e+308,28,1.79769e+308,26,1.79769e+308,24,1.79769e+308,22,1.79769e+308,20,1.79769e+308,18,1.79769e+308,16,1.79769e+308,14,1.79769e+308,12,1.79769e+308,10,1.79769e+308,8,1.79769e+308,10,1.79769e+308,12,1.79769e+308,14,1.79769e+308,16,1.79769e+308,18,1.79769e+308,20,1.79769e+308,22,1.79769e+308,24,1.79769e+308,29,1.79769e+308,27,1.79769e+308,25,1.79769e+308,23,1.79769e+308,21,1.79769e+308,19,1.79769e+308,17,1.79769e+308,15,1.79769e+308,13,1.79769e+308,11,1.79769e+308,9,1.79769e+308,7,1.79769e+308,9,1.79769e+308,11,1.79769e+308,13,1.79769e+308,15,1.79769e+308,17,1.79769e+308,19,1.79769e+308,21,1.79769e+308,23,1.79769e+308,28,1.79769e+308,26,1.79769e+308,24,1.79769e+308,22,1.79769e+308,20,1.79769e+308,18,1.79769e+308,16,1.79769e+308,14,1.79769e+308,12,1.79769e+308,10,1.79769e+308,8,1.79769e+308,6,1.79769e+308,8,1.79769e+308,10,1.79769e+308,12,1.79769e+308,14,1.79769e+308,16,1.79769e+308,18,1.79769e+308,20,1.79769e+308,22,1.79769e+308,27,1.79769e+308,25,1.79769e+308,23,1.79769e+308,21,1.79769e+308,19,1.79769e+308,17,1.79769e+308,15,1.79769e+308,13,1.79769e+308,11,1.79769e+308,9,1.79769e+308,7,1.79769e+308,5,1.79769e+308,7,1.79769e+308,9,1.79769e+308,11,1.79769e+308,13,1.79769e+308,15,1.79769e+308,17,1.79769e+308,19,1.79769e+308,21,1.79769e+308,26,1.79769e+308,24,1.79769e+308,22,1.79769e+308,20,1.79769e+308,18,1.79769e+308,16,1.79769e+308,14,1.79769e+308,12,1.79769e+308,10,1.79769e+308,8,1.79769e+308,6,1.79769e+308,4,1.79769e+308,6,1.79769e+308,8,1.79769e+308,10,1.79769e+308,12,1.79769e+308,14,1.79769e+308,16,1.79769e+308,18,1.79769e+308,20,1.79769e+308,25,1.79769e+308,23,1.79769e+308,21,1.79769e+308,19,1.79769e+308,17,1.79769e+308,15,1.79769e+308,13,1.79769e+308,11,1.79769e+308,9,1.79769e+308,7,1.79769e+308,5,1.79769e+308,3,1.79769e+308,5,1.79769e+308,7,1.79769e+308,9,1.79769e+308,11,1.79769e+308,13,1.79769e+308,15,1.79769e+308,17,1.79769e+308,19,1.79769e+308,24,1.79769e+308,22,1.79769e+308,20,1.79769e+308,18,1.79769e+308,16,1.79769e+308,14,1.79769e+308,12,1.79769e+308,10,1.79769e+308,8,1.79769e+308,6,1.79769e+308,4,1.79769e+308,2,1.79769e+308,4,1.79769e+308,6,1.79769e+308,8,1.79769e+308,10,1.79769e+308,12,1.79769e+308,14,1.79769e+308,16,1.79769e+308,18,1.79769e+308,23,22,21,20,19,18,17,16,15,14,13,12,11,10,9,8,7,6,5,4,3,2,1,2,3,4,5,6,7,8,9,10,11,12,13,14,15,16,17,18,22,21,20,19,18,17,16,15,14,13,12,11,10,9,8,7,6,5,4,3,2,1,0,1,2,3,4,5,6,7,8,9,10,11,12,13,14,15,16,17,23,22,21,20,19,18,17,16,15,14,13,12,11,10,9,8,7,6,5,4,3,2,1,2,3,4,5,6,7,8,9,10,11,12,13,14,15,16,17,18,24,1.79769e+308,22,1.79769e+308,20,1.79769e+308,18,1.79769e+308,16,1.79769e+308,14,1.79769e+308,12,1.79769e+308,10,1.79769e+308,8,1.79769e+308,6,1.79769e+308,4,1.79769e+308,2,1.79769e+308,4,1.79769e+308,6,1.79769e+308,8,1.79769e+308,10,1.79769e+308,12,1.79769e+308,14,1.79769e+308,16,1.79769e+308,18,1.79769e+308,25,1.79769e+308,23,1.79769e+308,21,1.79769e+308,19,1.79769e+308,17,1.79769e+308,15,1.79769e+308,13,1.79769e+308,11,1.79769e+308,9,1.79769e+308,7,1.79769e+308,5,1.79769e+308,3,1.79769e+308,5,1.79769e+308,7,1.79769e+308,9,1.79769e+308,11,1.79769e+308,13,1.79769e+308,15,1.79769e+308,17,1.79769e+308,19,1.79769e+308,26,1.79769e+308,24,1.79769e+308,22,1.79769e+308,20,1.79769e+308,18,1.79769e+308,16,1.79769e+308,14,1.79769e+308,12,1.79769e+308,10,1.79769e+308,8,1.79769e+308,6,1.79769e+308,4,1.79769e+308,6,1.79769e+308,8,1.79769e+308,10,1.79769e+308,12,1.79769e+308,14,1.79769e+308,16,1.79769e+308,18,1.79769e+308,20,1.79769e+308,27,1.79769e+308,25,1.79769e+308,23,1.79769e+308,21,1.79769e+308,19,1.79769e+308,17,1.79769e+308,15,1.79769e+308,13,1.79769e+308,11,1.79769e+308,9,1.79769e+308,7,1.79769e+308,5,1.79769e+308,7,1.79769e+308,9,1.79769e+308,11,1.79769e+308,13,1.79769e+308,15,1.79769e+308,17,1.79769e+308,19,1.79769e+308,21,1.79769e+308,28,1.79769e+308,26,1.79769e+308,24,1.79769e+308,22,1.79769e+308,20,1.79769e+308,18,1.79769e+308,16,1.79769e+308,14,1.79769e+308,12,1.79769e+308,10,1.79769e+308,8,1.79769e+308,6,1.79769e+308,8,1.79769e+308,10,1.79769e+308,12,1.79769e+308,14,1.79769e+308,16,1.79769e+308,18,1.79769e+308,20,1.79769e+308,22,1.79769e+308,
583
37,1.79769e+308,35,1.79769e+308,33,1.79769e+308,31,1.79769e+308,29,1.79769e+308,27,1.79769e+308,25,1.79769e+308,23,1.79769e+308,21,1.79769e+308,19,1.79769e+308,17,1.79769e+308,15,1.79769e+308,15,1.79769e+308,17,1.79769e+308,19,1.79769e+308,21,1.79769e+308,23,1.79769e+308,25,1.79769e+308,27,1.79769e+308,29,1.79769e+308,36,1.79769e+308,34,1.79769e+308,32,1.79769e+308,30,1.79769e+308,28,1.79769e+308,26,1.79769e+308,24,1.79769e+308,22,1.79769e+308,20,1.79769e+308,18,1.79769e+308,16,1.79769e+308,14,1.79769e+308,14,1.79769e+308,16,1.79769e+308,18,1.79769e+308,20,1.79769e+308,22,1.79769e+308,24,1.79769e+308,26,1.79769e+308,28,1.79769e+308,35,1.79769e+308,33,1.79769e+308,31,1.79769e+308,29,1.79769e+308,27,1.79769e+308,25,1.79769e+308,23,1.79769e+308,21,1.79769e+308,19,1.79769e+308,17,1.79769e+308,15,1.79769e+308,13,1.79769e+308,13,1.79769e+308,15,1.79769e+308,17,1.79769e+308,19,1.79769e+308,21,1.79769e+308,23,1.79769e+308,25,1.79769e+308,27,1.79769e+308,34,1.79769e+308,32,1.79769e+308,30,1.79769e+308,28,1.79769e+308,26,1.79769e+308,24,1.79769e+308,22,1.79769e+308,20,1.79769e+308,18,1.79769e+308,16,1.79769e+308,14,1.79769e+308,12,1.79769e+308,12,1.79769e+308,14,1.79769e+308,16,1.79769e+308,18,1.79769e+308,20,1.79769e+308,22,1.79769e+308,24,1.79769e+308,26,1.79769e+308,33,1.79769e+308,31,1.79769e+308,29,1.79769e+308,27,1.79769e+308,25,1.79769e+308,23,1.79769e+308,21,1.79769e+308,19,1.79769e+308,17,1.79769e+308,15,1.79769e+308,13,1.79769e+308,11,1.79769e+308,11,1.79769e+308,13,1.79769e+308,15,1.79769e+308,17,1.79769e+308,19,1.79769e+308,21,1.79769e+308,23,1.79769e+308,25,1.79769e+308,32,1.79769e+308,30,1.79769e+308,28,1.79769e+308,26,1.79769e+308,24,1.79769e+308,22,1.79769e+308,20,1.79769e+308,18,1.79769e+308,16,1.79769e+308,14,1.79769e+308,12,1.79769e+308,10,1.79769e+308,10,1.79769e+308,12,1.79769e+308,14,1.79769e+308,16,1.79769e+308,18,1.79769e+308,20,1.79769e+308,22,1.79769e+308,24,1.79769e+308,31,1.79769e+308,29,1.79769e+308,27,1.79769e+308,25,1.79769e+308,23,1.79769e+308,21,1.79769e+308,19,1.79769e+308,17,1.79769e+308,15,1.79769e+308,13,1.79769e+308,11,1.79769e+308,9,1.79769e+308,9,1.79769e+308,11,1.79769e+308,13,1.79769e+308,15,1.79769e+308,17,1.79769e+308,19,1.79769e+308,21,1.79769e+308,23,1.79769e+308,30,1.79769e+308,28,1.79769e+308,26,1.79769e+308,24,1.79769e+308,22,1.79769e+308,20,1.79769e+308,18,1.79769e+308,16,1.79769e+308,14,1.79769e+308,12,1.79769e+308,10,1.79769e+308,8,1.79769e+308,8,1.79769e+308,10,1.79769e+308,12,1.79769e+308,14,1.79769e+308,16,1.79769e+308,18,1.79769e+308,20,1.79769e+308,22,1.79769e+308,29,1.79769e+308,27,1.79769e+308,25,1.79769e+308,23,1.79769e+308,21,1.79769e+308,19,1.79769e+308,17,1.79769e+308,15,1.79769e+308,13,1.79769e+308,11,1.79769e+308,9,1.79769e+308,7,1.79769e+308,7,1.79769e+308,9,1.79769e+308,11,1.79769e+308,13,1.79769e+308,15,1.79769e+308,17,1.79769e+308,19,1.79769e+308,21,1.79769e+308,28,1.79769e+308,26,1.79769e+308,24,1.79769e+308,22,1.79769e+308,20,1.79769e+308,18,1.79769e+308,16,1.79769e+308,14,1.79769e+308,12,1.79769e+308,10,1.79769e+308,8,1.79769e+308,6,1.79769e+308,6,1.79769e+308,8,1.79769e+308,10,1.79769e+308,12,1.79769e+308,14,1.79769e+308,16,1.79769e+308,18,1.79769e+308,20,1.79769e+308,27,1.79769e+308,25,1.79769e+308,23,1.79769e+308,21,1.79769e+308,19,1.79769e+308,17,1.79769e+308,15,1.79769e+308,13,1.79769e+308,11,1.79769e+308,9,1.79769e+308,7,1.79769e+308,5,1.79769e+308,5,1.79769e+308,7,1.79769e+308,9,1.79769e+308,11,1.79769e+308,13,1.79769e+308,15,1.79769e+308,17,1.79769e+308,19,1.79769e+308,26,1.79769e+308,24,1.79769e+308,22,1.79769e+308,20,1.79769e+308,18,1.79769e+308,16,1.79769e+308,14,1.79769e+308,12,1.79769e+308,10,1.79769e+308,8,1.79769e+308,6,1.79769e+308,4,1.79769e+308,4,1.79769e+308,6,1.79769e+308,8,1.79769e+308,10,1.79769e+308,12,1.79769e+308,14,1.79769e+308,16,1.79769e+308,18,1.79769e+308,25,1.79769e+308,23,1.79769e+308,21,1.79769e+308,19,1.79769e+308,17,1.79769e+308,15,1.79769e+308,13,1.79769e+308,11,1.79769e+308,9,1.79769e+308,7,1.79769e+308,5,1.79769e+308,3,1.79769e+308,3,1.79769e+308,5,1.79769e+308,7,1.79769e+308,9,1.79769e+308,11,1.79769e+308,13,1.79769e+308,15,1.79769e+308,17,1.79769e+308,24,23,22,21,20,19,18,17,16,15,14,13,12,11,10,9,8,7,6,5,4,3,2,1,2,3,4,5,6,7,8,9,10,11,12,13,14,15,16,17,23,22,21,20,19,18,17,16,15,14,13,12,11,10,9,8,7,6,5,4,3,2,1,0,1,2,3,4,5,6,7,8,9,10,11,12,13,14,15,16,24,23,22,21,20,19,18,17,16,15,14,13,12,11,10,9,8,7,6,5,4,3,2,1,2,3,4,5,6,7,8,9,10,11,12,13,14,15,16,17,25,1.79769e+308,23,1.79769e+308,21,1.79769e+308,19,1.79769e+308,17,1.79769e+308,15,1.79769e+308,13,1.79769e+308,11,1.79769e+308,9,1.79769e+308,7,1.79769e+308,5,1.79769e+308,3,1.79769e+308,3,1.79769e+308,5,1.79769e+308,7,1.79769e+308,9,1.79769e+308,11,1.79769e+308,13,1.79769e+308,15,1.79769e+308,17,1.79769e+308,26,1.79769e+308,24,1.79769e+308,22,1.79769e+308,20,1.79769e+308,18,1.79769e+308,16,1.79769e+308,14,1.79769e+308,12,1.79769e+308,10,1.79769e+308,8,1.79769e+308,6,1.79769e+308,4,1.79769e+308,4,1.79769e+308,6,1.79769e+308,8,1.79769e+308,10,1.79769e+308,12,1.79769e+308,14,1.79769e+308,16,1.79769e+308,18,1.79769e+308,27,1.79769e+308,25,1.79769e+308,23,1.79769e+308,21,1.79769e+308,19,1.79769e+308,17,1.79769e+308,15,1.79769e+308,13,1.79769e+308,11,1.79769e+308,9,1.79769e+308,7,1.79769e+308,5,1.79769e+308,5,1.79769e+308,7,1.79769e+308,9,1.79769e+308,11,1.79769e+308,13,1.79769e+308,15,1.79769e+308,17,1.79769e+308,19,1.79769e+308,28,1.79769e+308,26,1.79769e+308,24,1.79769e+308,22,1.79769e+308,20,1.79769e+308,18,1.79769e+308,16,1.79769e+308,14,1.79769e+308,12,1.79769e+308,10,1.79769e+308,8,1.79769e+308,6,1.79769e+308,6,1.79769e+308,8,1.79769e+308,10,1.79769e+308,12,1.79769e+308,14,1.79769e+308,16,1.79769e+308,18,1.79769e+308,20,1.79769e+308,29,1.79769e+308,27,1.79769e+308,25,1.79769e+308,23,1.79769e+308,21,1.79769e+308,19,1.79769e+308,17,1.79769e+308,15,1.79769e+308,13,1.79769e+308,11,1.79769e+308,9,1.79769e+308,7,1.79769e+308,7,1.79769e+308,9,1.79769e+308,11,1.79769e+308,13,1.79769e+308,15,1.79769e+308,17,1.79769e+308,19,1.79769e+308,21,1.79769e+308,
584
38,1.79769e+308,36,1.79769e+308,34,1.79769e+308,32,1.79769e+308,30,1.79769e+308,28,1.79769e+308,26,1.79769e+308,24,1.79769e+308,22,1.79769e+308,20,1.79769e+308,18,1.79769e+308,16,1.79769e+308,14,1.79769e+308,16,1.79769e+308,18,1.79769e+308,20,1.79769e+308,22,1.79769e+308,24,1.79769e+308,26,1.79769e+308,28,1.79769e+308,37,1.79769e+308,35,1.79769e+308,33,1.79769e+308,31,1.79769e+308,29,1.79769e+308,27,1.79769e+308,25,1.79769e+308,23,1.79769e+308,21,1.79769e+308,19,1.79769e+308,17,1.79769e+308,15,1.79769e+308,13,1.79769e+308,15,1.79769e+308,17,1.79769e+308,19,1.79769e+308,21,1.79769e+308,23,1.79769e+308,25,1.79769e+308,27,1.79769e+308,36,1.79769e+308,34,1.79769e+308,32,1.79769e+308,30,1.79769e+308,28,1.79769e+308,26,1.79769e+308,24,1.79769e+308,22,1.79769e+308,20,1.79769e+308,18,1.79769e+308,16,1.79769e+308,14,1.79769e+308,12,1.79769e+308,14,1.79769e+308,16,1.79769e+308,18,1.79769e+308,20,1.79769e+308,22,1.79769e+308,24,1.79769e+308,26,1.79769e+308,35,1.79769e+308,33,1.79769e+308,31,1.79769e+308,29,1.79769e+308,27,1.79769e+308,25,1.79769e+308,23,1.79769e+308,21,1.79769e+308,19,1.79769e+308,17,1.79769e+308,15,1.79769e+308,13,1.79769e+308,11,1.79769e+308,13,1.79769e+308,15,1.79769e+308,17,1.79769e+308,19,1.79769e+308,21,1.79769e+308,23,1.79769e+308,25,1.79769e+308,34,1.79769e+308,32,1.79769e+308,30,1.79769e+308,28,1.79769e+308,26,1.79769e+308,24,1.79769e+308,22,1.79769e+308,20,1.79769e+308,18,1.79769e+308,16,1.79769e+308,14,1.79769e+308,12,1.79769e+308,10,1.79769e+308,12,1.79769e+308,14,1.79769e+308,16,1.79769e+308,18,1.79769e+308,20,1.79769e+308,22,1.79769e+308,24,1.79769e+308,33,1.79769e+308,31,1.79769e+308,29,1.79769e+308,27,1.79769e+308,25,1.79769e+308,23,1.79769e+308,21,1.79769e+308,19,1.79769e+308,17,1.79769e+308,15,1.79769e+308,13,1.79769e+308,11,1.79769e+308,9,1.79769e+308,11,1.79769e+308,13,1.79769e+308,15,1.79769e+308,17,1.79769e+308,19,1.79769e+308,21,1.79769e+308,23,1.79769e+308,32,1.79769e+308,30,1.79769e+308,28,1.79769e+308,26,1.79769e+308,24,1.79769e+308,22,1.79769e+308,20,1.79769e+308,18,1.79769e+308,16,1.79769e+308,14,1.79769e+308,12,1.79769e+308,10,1.79769e+308,8,1.79769e+308,10,1.79769e+308,12,1.79769e+308,14,1.79769e+308,16,1.79769e+308,18,1.79769e+308,20,1.79769e+308,22,1.79769e+308,31,1.79769e+308,29,1.79769e+308,27,1.79769e+308,25,1.79769e+308,23,1.79769e+308,21,1.79769e+308,19,1.79769e+308,17,1.79769e+308,15,1.79769e+308,13,1.79769e+308,11,1.79769e+308,9,1.79769e+308,7,1.79769e+308,9,1.79769e+308,11,1.79769e+308,13,1.79769e+308,15,1.79769e+308,17,1.79769e+308,19,1.79769e+308,21,1.79769e+308,30,1.79769e+308,28,1.79769e+308,26,1.79769e+308,24,1.79769e+308,22,1.79769e+308,20,1.79769e+308,18,1.79769e+308,16,1.79769e+308,14,1.79769e+308,12,1.79769e+308,10,1.79769e+308,8,1.79769e+308,6,1.79769e+308,8,1.79769e+308,10,1.79769e+308,12,1.79769e+308,14,1.79769e+308,16,1.79769e+308,18,1.79769e+308,20,1.79769e+308,29,1.79769e+308,27,1.79769e+308,25,1.79769e+308,23,1.79769e+308,21,1.79769e+308,19,1.79769e+308,17,1.79769e+308,15,1.79769e+308,13,1.79769e+308,11,1.79769e+308,9,1.79769e+308,7,1.79769e+308,5,1.79769e+308,7,1.79769e+308,9,1.79769e+308,11,1.79769e+308,13,1.79769e+308,15,1.79769e+308,17,1.79769e+308,19,1.79769e+308,28,1.79769e+308,26,1.79769e+308,24,1.79769e+308,22,1.79769e+308,20,1.79769e+308,18,1.79769e+308,16,1.79769e+308,14,1.79769e+308,12,1.79769e+308,10,1.79769e+308,8,1.79769e+308,6,1.79769e+308,4,1.79769e+308,6,1.79769e+308,8,1.79769e+308,10,1.79769e+308,12,1.79769e+308,14,1.79769e+308,16,1.79769e+308,18,1.79769e+308,27,1.79769e+308,25,1.79769e+308,23,1.79769e+308,21,1.79769e+308,19,1.79769e+308,17,1.79769e+308,15,1.79769e+308,13,1.79769e+308,11,1.79769e+308,9,1.79769e+308,7,1.79769e+308,5,1.79769e+308,3,1.79769e+308,5,1.79769e+308,7,1.79769e+308,9,1.79769e+308,11,1.79769e+308,13,1.79769e+308,15,1.79769e+308,17,1.79769e+308,26,1.79769e+308,24,1.79769e+308,22,1.79769e+308,20,1.79769e+308,18,1.79769e+308,16,1.79769e+308,14,1.79769e+308,12,1.79769e+308,10,1.79769e+308,8,1.79769e+308,6,1.79769e+308,4,1.79769e+308,2,1.79769e+308,4,1.79769e+308,6,1.79769e+308,8,1.79769e+308,10,1.79769e+308,12,1.79769e+308,14,1.79769e+308,16,1.79769e+308,25,24,23,22,21,20,19,18,17,16,15,14,13,12,11,10,9,8,7,6,5,4,3,2,1,2,3,4,5,6,7,8,9,10,11,12,13,14,15,16,24,23,22,21,20,19,18,17,16,15,14,13,12,11,10,9,8,7,6,5,4,3,2,1,0,1,2,3,4,5,6,7,8,9,10,11,12,13,14,15,25,24,23,22,21,20,19,18,17,16,15,14,13,12,11,10,9,8,7,6,5,4,3,2,1,2,3,4,5,6,7,8,9,10,11,12,13,14,15,16,26,1.79769e+308,24,1.79769e+308,22,1.79769e+308,20,1.79769e+308,18,1.79769e+308,16,1.79769e+308,14,1.79769e+308,12,1.79769e+308,10,1.79769e+308,8,1.79769e+308,6,1.79769e+308,4,1.79769e+308,2,1.79769e+308,4,1.79769e+308,6,1.79769e+308,8,1.79769e+308,10,1.79769e+308,12,1.79769e+308,14,1.79769e+308,16,1.79769e+308,27,1.79769e+308,25,1.79769e+308,23,1.79769e+308,21,1.79769e+308,19,1.79769e+308,17,1.79769e+308,15,1.79769e+308,13,1.79769e+308,11,1.79769e+308,9,1.79769e+308,7,1.79769e+308,5,1.79769e+308,3,1.79769e+308,5,1.79769e+308,7,1.79769e+308,9,1.79769e+308,11,1.79769e+308,13,1.79769e+308,15,1.79769e+308,17,1.79769e+308,28,1.79769e+308,26,1.79769e+308,24,1.79769e+308,22,1.79769e+308,20,1.79769e+308,18,1.79769e+308,16,1.79769e+308,14,1.79769e+308,12,1.79769e+308,10,1.79769e+308,8,1.79769e+308,6,1.79769e+308,4,1.79769e+308,6,1.79769e+308,8,1.79769e+308,10,1.79769e+308,12,1.79769e+308,14,1.79769e+308,16,1.79769e+308,18,1.79769e+308,29,1.79769e+308,27,1.79769e+308,25,1.79769e+308,23,1.79769e+308,21,1.79769e+308,19,1.79769e+308,17,1.79769e+308,15,1.79769e+308,13,1.79769e+308,11,1.79769e+308,9,1.79769e+308,7,1.79769e+308,5,1.79769e+308,7,1.79769e+308,9,1.79769e+308,11,1.79769e+308,13,1.79769e+308,15,1.79769e+308,17,1.79769e+308,19,1.79769e+308,30,1.79769e+308,28,1.79769e+308,26,1.79769e+308,24,1.79769e+308,22,1.79769e+308,20,1.79769e+308,18,1.79769e+308,16,1.79769e+308,14,1.79769e+308,12,1.79769e+308,10,1.79769e+308,8,1.79769e+308,6,1.79769e+308,8,1.79769e+308,10,1.79769e+308,12,1.79769e+308,14,1.79769e+308,16,1.79769e+308,18,1.79769e+308,20,1.79769e+308,
586
40,1.79769e+308,38,1.79769e+308,36,1.79769e+308,34,1.79769e+308,32,1.79769e+308,30,1.79769e+308,28,1.79769e+308,26,1.79769e+308,24,1.79769e+308,22,1.79769e+308,20,1.79769e+308,18,1.79769e+308,16,1.79769e+308,14,1.79769e+308,16,1.79769e+308,18,1.79769e+308,20,1.79769e+308,22,1.79769e+308,24,1.79769e+308,26,1.79769e+308,39,1.79769e+308,37,1.79769e+308,35,1.79769e+308,33,1.79769e+308,31,1.79769e+308,29,1.79769e+308,27,1.79769e+308,25,1.79769e+308,23,1.79769e+308,21,1.79769e+308,19,1.79769e+308,17,1.79769e+308,15,1.79769e+308,13,1.79769e+308,15,1.79769e+308,17,1.79769e+308,19,1.79769e+308,21,1.79769e+308,23,1.79769e+308,25,1.79769e+308,38,1.79769e+308,36,1.79769e+308,34,1.79769e+308,32,1.79769e+308,30,1.79769e+308,28,1.79769e+308,26,1.79769e+308,24,1.79769e+308,22,1.79769e+308,20,1.79769e+308,18,1.79769e+308,16,1.79769e+308,14,1.79769e+308,12,1.79769e+308,14,1.79769e+308,16,1.79769e+308,18,1.79769e+308,20,1.79769e+308,22,1.79769e+308,24,1.79769e+308,37,1.79769e+308,35,1.79769e+308,33,1.79769e+308,31,1.79769e+308,29,1.79769e+308,27,1.79769e+308,25,1.79769e+308,23,1.79769e+308,21,1.79769e+308,19,1.79769e+308,17,1.79769e+308,15,1.79769e+308,13,1.79769e+308,11,1.79769e+308,13,1.79769e+308,15,1.79769e+308,17,1.79769e+308,19,1.79769e+308,21,1.79769e+308,23,1.79769e+308,36,1.79769e+308,34,1.79769e+308,32,1.79769e+308,30,1.79769e+308,28,1.79769e+308,26,1.79769e+308,24,1.79769e+308,22,1.79769e+308,20,1.79769e+308,18,1.79769e+308,16,1.79769e+308,14,1.79769e+308,12,1.79769e+308,10,1.79769e+308,12,1.79769e+308,14,1.79769e+308,16,1.79769e+308,18,1.79769e+308,20,1.79769e+308,22,1.79769e+308,35,1.79769e+308,33,1.79769e+308,31,1.79769e+308,29,1.79769e+308,27,1.79769e+308,25,1.79769e+308,23,1.79769e+308,21,1.79769e+308,19,1.79769e+308,17,1.79769e+308,15,1.79769e+308,13,1.79769e+308,11,1.79769e+308,9,1.79769e+308,11,1.79769e+308,13,1.79769e+308,15,1.79769e+308,17,1.79769e+308,19,1.79769e+308,21,1.79769e+308,34,1.79769e+308,32,1.79769e+308,30,1.79769e+308,28,1.79769e+308,26,1.79769e+308,24,1.79769e+308,22,1.79769e+308,20,1.79769e+308,18,1.79769e+308,16,1.79769e+308,14,1.79769e+308,12,1.79769e+308,10,1.79769e+308,8,1.79769e+308,10,1.79769e+308,12,1.79769e+308,14,1.79769e+308,16,1.79769e+308,18,1.79769e+308,20,1.79769e+308,33,1.79769e+308,31,1.79769e+308,29,1.79769e+308,27,1.79769e+308,25,1.79769e+308,23,1.79769e+308,21,1.79769e+308,19,1.79769e+308,17,1.79769e+308,15,1.79769e+308,13,1.79769e+308,11,1.79769e+308,9,1.79769e+308,7,1.79769e+308,9,1.79769e+308,11,1.79769e+308,13,1.79769e+308,15,1.79769e+308,17,1.79769e+308,19,1.79769e+308,32,1.79769e+308,30,1.79769e+308,28,1.79769e+308,26,1.79769e+308,24,1.79769e+308,22,1.79769e+308,20,1.79769e+308,18,1.79769e+308,16,1.79769e+308,14,1.79769e+308,12,1.79769e+308,10,1.79769e+308,8,1.79769e+308,6,1.79769e+308,8,1.79769e+308,10,1.79769e+308,12,1.79769e+308,14,1.79769e+308,16,1.79769e+308,18,1.79769e+308,31,1.79769e+308,29,1.79769e+308,27,1.79769e+308,25,1.79769e+308,23,1.79769e+308,21,1.79769e+308,19,1.79769e+308,17,1.79769e+308,15,1.79769e+308,13,1.79769e+308,11,1.79769e+308,9,1.79769e+308,7,1.79769e+308,5,1.79769e+308,7,1.79769e+308,9,1.79769e+308,11,1.79769e+308,13,1.79769e+308,15,1.79769e+308,17,1.79769e+308,30,1.79769e+308,28,1.79769e+308,26,1.79769e+308,24,1.79769e+308,22,1.79769e+308,20,1.79769e+308,18,1.79769e+308,16,1.79769e+308,14,1.79769e+308,12,1.79769e+308,10,1.79769e+308,8,1.79769e+308,6,1.79769e+308,4,1.79769e+308,6,1.79769e+308,8,1.79769e+308,10,1.79769e+308,12,1.79769e+308,14,1.79769e+308,16,1.79769e+308,29,1.79769e+308,27,1.79769e+308,25,1.79769e+308,23,1.79769e+308,21,1.79769e+308,19,1.79769e+308,17,1.79769e+308,15,1.79769e+308,13,1.79769e+308,11,1.79769e+308,9,1.79769e+308,7,1.79769e+308,5,1.79769e+308,3,1.79769e+308,5,1.79769e+308,7,1.79769e+308,9,1.79769e+308,11,1.79769e+308,13,1.79769e+308,15,1.79769e+308,28,1.79769e+308,26,1.79769e+308,24,1.79769e+308,22,1.79769e+308,20,1.79769e+308,18,1.79769e+308,16,1.79769e+308,14,1.79769e+308,12,1.79769e+308,10,1.79769e+308,8,1.79769e+308,6,1.79769e+308,4,1.79769e+308,2,1.79769e+308,4,1.79769e+308,6,1.79769e+308,8,1.79769e+308,10,1.79769e+308,12,1.79769e+308,14,1.79769e+308,27,26,25,24,23,22,21,20,19,18,17,16,15,14,13,12,11,10,9,8,7,6,5,4,3,2,1,2,3,4,5,6,7,8,9,10,11,12,13,14,26,25,24,23,22,21,20,19,18,17,16,15,14,13,12,11,10,9,8,7,6,5,4,3,2,1,0,1,2,3,4,5,6,7,8,9,10,11,12,13,27,26,25,24,23,22,21,20,19,18,17,16,15,14,13,12,11,10,9,8,7,6,5,4,3,2,1,2,3,4,5,6,7,8,9,10,11,12,13,14,28,1.79769e+308,26,1.79769e+308,24,1.79769e+308,22,1.79769e+308,20,1.79769e+308,18,1.79769e+308,16,1.79769e+308,14,1.79769e+308,12,1.79769e+308,10,1.79769e+308,8,1.79769e+308,6,1.79769e+308,4,1.79769e+308,2,1.79769e+308,4,1.79769e+308,6,1.79769e+308,8,1.79769e+308,10,1.79769e+308,12,1.79769e+308,14,1.79769e+308,29,1.79769e+308,27,1.79769e+308,25,1.79769e+308,23,1.79769e+308,21,1.79769e+308,19,1.79769e+308,17,1.79769e+308,15,1.79769e+308,13,1.79769e+308,11,1.79769e+308,9,1.79769e+308,7,1.79769e+308,5,1.79769e+308,3,1.79769e+308,5,1.79769e+308,7,1.79769e+308,9,1.79769e+308,11,1.79769e+308,13,1.79769e+308,15,1.79769e+308,30,1.79769e+308,28,1.79769e+308,26,1.79769e+308,24,1.79769e+308,22,1.79769e+308,20,1.79769e+308,18,1.79769e+308,16,1.79769e+308,14,1.79769e+308,12,1.79769e+308,10,1.79769e+308,8,1.79769e+308,6,1.79769e+308,4,1.79769e+308,6,1.79769e+308,8,1.79769e+308,10,1.79769e+308,12,1.79769e+308,14,1.79769e+308,16,1.79769e+308,31,1.79769e+308,29,1.79769e+308,27,1.79769e+308,25,1.79769e+308,23,1.79769e+308,21,1.79769e+308,19,1.79769e+308,17,1.79769e+308,15,1.79769e+308,13,1.79769e+308,11,1.79769e+308,9,1.79769e+308,7,1.79769e+308,5,1.79769e+308,7,1.79769e+308,9,1.79769e+308,11,1.79769e+308,13,1.79769e+308,15,1.79769e+308,17,1.79769e+308,32,1.79769e+308,30,1.79769e+308,28,1.79769e+308,26,1.79769e+308,24,1.79769e+308,22,1.79769e+308,20,1.79769e+308,18,1.79769e+308,16,1.79769e+308,14,1.79769e+308,12,1.79769e+308,10,1.79769e+308,8,1.79769e+308,6,1.79769e+308,8,1.79769e+308,10,1.79769e+308,12,1.79769e+308,14,1.79769e+308,16,1.79769e+308,18,1.79769e+308,
588
42,1.79769e+308,40,1.79769e+308,38,1.79769e+308,36,1.79769e+308,34,1.79769e+308,32,1.79769e+308,30,1.79769e+308,28,1.79769e+308,26,1.79769e+308,24,1.79769e+308,22,1.79769e+308,20,1.79769e+308,18,1.79769e+308,16,1.79769e+308,14,1.79769e+308,16,1.79769e+308,18,1.79769e+308,20,1.79769e+308,22,1.79769e+308,24,1.79769e+308,41,1.79769e+308,39,1.79769e+308,37,1.79769e+308,35,1.79769e+308,33,1.79769e+308,31,1.79769e+308,29,1.79769e+308,27,1.79769e+308,25,1.79769e+308,23,1.79769e+308,21,1.79769e+308,19,1.79769e+308,17,1.79769e+308,15,1.79769e+308,13,1.79769e+308,15,1.79769e+308,17,1.79769e+308,19,1.79769e+308,21,1.79769e+308,23,1.79769e+308,40,1.79769e+308,38,1.79769e+308,36,1.79769e+308,34,1.79769e+308,32,1.79769e+308,30,1.79769e+308,28,1.79769e+308,26,1.79769e+308,24,1.79769e+308,22,1.79769e+308,20,1.79769e+308,18,1.79769e+308,16,1.79769e+308,14,1.79769e+308,12,1.79769e+308,14,1.79769e+308,16,1.79769e+308,18,1.79769e+308,20,1.79769e+308,22,1.79769e+308,39,1.79769e+308,37,1.79769e+308,35,1.79769e+308,33,1.79769e+308,31,1.79769e+308,29,1.79769e+308,27,1.79769e+308,25,1.79769e+308,23,1.79769e+308,21,1.79769e+308,19,1.79769e+308,17,1.79769e+308,15,1.79769e+308,13,1.79769e+308,11,1.79769e+308,13,1.79769e+308,15,1.79769e+308,17,1.79769e+308,19,1.79769e+308,21,1.79769e+308,38,1.79769e+308,36,1.79769e+308,34,1.79769e+308,32,1.79769e+308,30,1.79769e+308,28,1.79769e+308,26,1.79769e+308,24,1.79769e+308,22,1.79769e+308,20,1.79769e+308,18,1.79769e+308,16,1.79769e+308,14,1.79769e+308,12,1.79769e+308,10,1.79769e+308,12,1.79769e+308,14,1.79769e+308,16,1.79769e+308,18,1.79769e+308,20,1.79769e+308,37,1.79769e+308,35,1.79769e+308,33,1.79769e+308,31,1.79769e+308,29,1.79769e+308,27,1.79769e+308,25,1.79769e+308,23,1.79769e+308,21,1.79769e+308,19,1.79769e+308,17,1.79769e+308,15,1.79769e+308,13,1.79769e+308,11,1.79769e+308,9,1.79769e+308,11,1.79769e+308,13,1.79769e+308,15,1.79769e+308,17,1.79769e+308,19,1.79769e+308,36,1.79769e+308,34,1.79769e+308,32,1.79769e+308,30,1.79769e+308,28,1.79769e+308,26,1.79769e+308,24,1.79769e+308,22,1.79769e+308,20,1.79769e+308,18,1.79769e+308,16,1.79769e+308,14,1.79769e+308,12,1.79769e+308,10,1.79769e+308,8,1.79769e+308,10,1.79769e+308,12,1.79769e+308,14,1.79769e+308,16,1.79769e+308,18,1.79769e+308,35,1.79769e+308,33,1.79769e+308,31,1.79769e+308,29,1.79769e+308,27,1.79769e+308,25,1.79769e+308,23,1.79769e+308,21,1.79769e+308,19,1.79769e+308,17,1.79769e+308,15,1.79769e+308,13,1.79769e+308,11,1.79769e+308,9,1.79769e+308,7,1.79769e+308,9,1.79769e+308,11,1.79769e+308,13,1.79769e+308,15,1.79769e+308,17,1.79769e+308,34,1.79769e+308,32,1.79769e+308,30,1.79769e+308,28,1.79769e+308,26,1.79769e+308,24,1.79769e+308,22,1.79769e+308,20,1.79769e+308,18,1.79769e+308,16,1.79769e+308,14,1.79769e+308,12,1.79769e+308,10,1.79769e+308,8,1.79769e+308,6,1.79769e+308,8,1.79769e+308,10,1.79769e+308,12,1.79769e+308,14,1.79769e+308,16,1.79769e+308,33,1.79769e+308,31,1.79769e+308,29,1.79769e+308,27,1.79769e+308,25,1.79769e+308,23,1.79769e+308,21,1.79769e+308,19,1.79769e+308,17,1.79769e+308,15,1.79769e+308,13,1.79769e+308,11,1.79769e+308,9,1.79769e+308,7,1.79769e+308,5,1.79769e+308,7,1.79769e+308,9,1.79769e+308,11,1.79769e+308,13,1.79769e+308,15,1.79769e+308,32,1.79769e+308,30,1.79769e+308,28,1.79769e+308,26,1.79769e+308,24,1.79769e+308,22,1.79769e+308,20,1.79769e+308,18,1.79769e+308,16,1.79769e+308,14,1.79769e+308,12,1.79769e+308,10,1.79769e+308,8,1.79769e+308,6,1.79769e+308,4,1.79769e+308,6,1.79769e+308,8,1.79769e+308,10,1.79769e+308,12,1.79769e+308,14,1.79769e+308,31,1.79769e+308,29,1.79769e+308,27,1.79769e+308,25,1.79769e+308,23,1.79769e+308,21,1.79769e+308,19,1.79769e+308,17,1.79769e+308,15,1.79769e+308,13,1.79769e+308,11,1.79769e+308,9,1.79769e+308,7,1.79769e+308,5,1.79769e+308,3,1.79769e+308,5,1.79769e+308,7,1.79769e+308,9,1.79769e+308,11,1.79769e+308,13,1.79769e+308,30,1.79769e+308,28,1.79769e+308,26,1.79769e+308,24,1.79769e+308,22,1.79769e+308,20,1.79769e+308,18,1.79769e+308,16,1.79769e+308,14,1.79769e+308,12,1.79769e+308,10,1.79769e+308,8,1.79769e+308,6,1.79769e+308,4,1.79769e+308,2,1.79769e+308,4,1.79769e+308,6,1.79769e+308,8,1.79769e+308,10,1.79769e+308,12,1.79769e+308,29,28,27,26,25,24,23,22,21,20,19,18,17,16,15,14,13,12,11,10,9,8,7,6,5,4,3,2,1,2,3,4,5,6,7,8,9,10,11,12,28,27,26,25,24,23,22,21,20,19,18,17,16,15,14,13,12,11,10,9,8,7,6,5,4,3,2,1,0,1,2,3,4,5,6,7,8,9,10,11,29,28,27,26,25,24,23,22,21,20,19,18,17,16,15,14,13,12,11,10,9,8,7,6,5,4,3,2,1,2,3,4,5,6,7,8,9,10,11,12,30,1.79769e+308,28,1.79769e+308,26,1.79769e+308,24,1.79769e+308,22,1.79769e+308,20,1.79769e+308,18,1.79769e+308,16,1.79769e+308,14,1.79769e+308,12,1.79769e+308,10,1.79769e+308,8,1.79769e+308,6,1.79769e+308,4,1.79769e+308,2,1.79769e+308,4,1.79769e+308,6,1.79769e+308,8,1.79769e+308,10,1.79769e+308,12,1.79769e+308,31,1.79769e+308,29,1.79769e+308,27,1.79769e+308,25,1.79769e+308,23,1.79769e+308,21,1.79769e+308,19,1.79769e+308,17,1.79769e+308,15,1.79769e+308,13,1.79769e+308,11,1.79769e+308,9,1.79769e+308,7,1.79769e+308,5,1.79769e+308,3,1.79769e+308,5,1.79769e+308,7,1.79769e+308,9,1.79769e+308,11,1.79769e+308,13,1.79769e+308,32,1.79769e+308,30,1.79769e+308,28,1.79769e+308,26,1.79769e+308,24,1.79769e+308,22,1.79769e+308,20,1.79769e+308,18,1.79769e+308,16,1.79769e+308,14,1.79769e+308,12,1.79769e+308,10,1.79769e+308,8,1.79769e+308,6,1.79769e+308,4,1.79769e+308,6,1.79769e+308,8,1.79769e+308,10,1.79769e+308,12,1.79769e+308,14,1.79769e+308,33,1.79769e+308,31,1.79769e+308,29,1.79769e+308,27,1.79769e+308,25,1.79769e+308,23,1.79769e+308,21,1.79769e+308,19,1.79769e+308,17,1.79769e+308,15,1.79769e+308,13,1.79769e+308,11,1.79769e+308,9,1.79769e+308,7,1.79769e+308,5,1.79769e+308,7,1.79769e+308,9,1.79769e+308,11,1.79769e+308,13,1.79769e+308,15,1.79769e+308,34,1.79769e+308,32,1.79769e+308,30,1.79769e+308,28,1.79769e+308,26,1.79769e+308,24,1.79769e+308,22,1.79769e+308,20,1.79769e+308,18,1.79769e+308,16,1.79769e+308,14,1.79769e+308,12,1.79769e+308,10,1.79769e+308,8,1.79769e+308,6,1.79769e+308,8,1.79769e+308,10,1.79769e+308,12,1.79769e+308,14,1.79769e+308,16,1.79769e+308,
590
44,1.79769e+308,42,1.79769e+308,40,1.79769e+308,38,1.79769e+308,36,1.79769e+308,34,1.79769e+308,32,1.79769e+308,30,1.79769e+308,28,1.79769e+308,26,1.79769e+308,24,1.79769e+308,22,1.79769e+308,20,1.79769e+308,18,1.79769e+308,16,1.79769e+308,14,1.79769e+308,16,1.79769e+308,18,1.79769e+308,20,1.79769e+308,22,1.79769e+308,43,1.79769e+308,41,1.79769e+308,39,1.79769e+308,37,1.79769e+308,35,1.79769e+308,33,1.79769e+308,31,1.79769e+308,29,1.79769e+308,27,1.79769e+308,25,1.79769e+308,23,1.79769e+308,21,1.79769e+308,19,1.79769e+308,17,1.79769e+308,15,1.79769e+308,13,1.79769e+308,15,1.79769e+308,17,1.79769e+308,19,1.79769e+308,21,1.79769e+308,42,1.79769e+308,40,1.79769e+308,38,1.79769e+308,36,1.79769e+308,34,1.79769e+308,32,1.79769e+308,30,1.79769e+308,28,1.79769e+308,26,1.79769e+308,24,1.79769e+308,22,1.79769e+308,20,1.79769e+308,18,1.79769e+308,16,1.79769e+308,14,1.79769e+308,12,1.79769e+308,14,1.79769e+308,16,1.79769e+308,18,1.79769e+308,20,1.79769e+308,41,1.79769e+308,39,1.79769e+308,37,1.79769e+308,35,1.79769e+308,33,1.79769e+308,31,1.79769e+308,29,1.79769e+308,27,1.79769e+308,25,1.79769e+308,23,1.79769e+308,21,1.79769e+308,19,1.79769e+308,17,1.79769e+308,15,1.79769e+308,13,1.79769e+308,11,1.79769e+308,13,1.79769e+308,15,1.79769e+308,17,1.79769e+308,19,1.79769e+308,40,1.79769e+308,38,1.79769e+308,36,1.79769e+308,34,1.79769e+308,32,1.79769e+308,30,1.79769e+308,28,1.79769e+308,26,1.79769e+308,24,1.79769e+308,22,1.79769e+308,20,1.79769e+308,18,1.79769e+308,16,1.79769e+308,14,1.79769e+308,12,1.79769e+308,10,1.79769e+308,12,1.79769e+308,14,1.79769e+308,16,1.79769e+308,18,1.79769e+308,39,1.79769e+308,37,1.79769e+308,35,1.79769e+308,33,1.79769e+308,31,1.79769e+308,29,1.79769e+308,27,1.79769e+308,25,1.79769e+308,23,1.79769e+308,21,1.79769e+308,19,1.79769e+308,17,1.79769e+308,15,1.79769e+308,13,1.79769e+308,11,1.79769e+308,9,1.79769e+308,11,1.79769e+308,13,1.79769e+308,15,1.79769e+308,17,1.79769e+308,38,1.79769e+308,36,1.79769e+308,34,1.79769e+308,32,1.79769e+308,30,1.79769e+308,28,1.79769e+308,26,1.79769e+308,24,1.79769e+308,22,1.79769e+308,20,1.79769e+308,18,1.79769e+308,16,1.79769e+308,14,1.79769e+308,12,1.79769e+308,10,1.79769e+308,8,1.79769e+308,10,1.79769e+308,12,1.79769e+308,14,1.79769e+308,16,1.79769e+308,37,1.79769e+308,35,1.79769e+308,33,1.79769e+308,31,1.79769e+308,29,1.79769e+308,27,1.79769e+308,25,1.79769e+308,23,1.79769e+308,21,1.79769e+308,19,1.79769e+308,17,1.79769e+308,15,1.79769e+308,13,1.79769e+308,11,1.79769e+308,9,1.79769e+308,7,1.79769e+308,9,1.79769e+308,11,1.79769e+308,13,1.79769e+308,15,1.79769e+308,36,1.79769e+308,34,1.79769e+308,32,1.79769e+308,30,1.79769e+308,28,1.79769e+308,26,1.79769e+308,24,1.79769e+308,22,1.79769e+308,20,1.79769e+308,18,1.79769e+308,16,1.79769e+308,14,1.79769e+308,12,1.79769e+308,10,1.79769e+308,8,1.79769e+308,6,1.79769e+308,8,1.79769e+308,10,1.79769e+308,12,1.79769e+308,14,1.79769e+308,35,1.79769e+308,33,1.79769e+308,31,1.79769e+308,29,1.79769e+308,27,1.79769e+308,25,1.79769e+308,23,1.79769e+308,21,1.79769e+308,19,1.79769e+308,17,1.79769e+308,15,1.79769e+308,13,1.79769e+308,11,1.79769e+308,9,1.79769e+308,7,1.79769e+308,5,1.79769e+308,7,1.79769e+308,9,1.79769e+308,11,1.79769e+308,13,1.79769e+308,34,1.79769e+308,32,1.79769e+308,30,1.79769e+308,28,1.79769e+308,26,1.79769e+308,24,1.79769e+308,22,1.79769e+308,20,1.79769e+308,18,1.79769e+308,16,1.79769e+308,14,1.79769e+308,12,1.79769e+308,10,1.79769e+308,8,1.79769e+308,6,1.79769e+308,4,1.79769e+308,6,1.79769e+308,8,1.79769e+308,10,1.79769e+308,12,1.79769e+308,33,1.79769e+308,31,1.79769e+308,29,1.79769e+308,27,1.79769e+308,25,1.79769e+308,23,1.79769e+308,21,1.79769e+308,19,1.79769e+308,17,1.79769e+308,15,1.79769e+308,13,1.79769e+308,11,1.79769e+308,9,1.79769e+308,7,1.79769e+308,5,1.79769e+308,3,1.79769e+308,5,1.79769e+308,7,1.79769e+308,9,1.79769e+308,11,1.79769e+308,32,1.79769e+308,30,1.79769e+308,28,1.79769e+308,26,1.79769e+308,24,1.79769e+308,22,1.79769e+308,20,1.79769e+308,18,1.79769e+308,16,1.79769e+308,14,1.79769e+308,12,1.79769e+308,10,1.79769e+308,8,1.79769e+308,6,1.79769e+308,4,1.79769e+308,2,1.79769e+308,4,1.79769e+308,6,1.79769e+308,8,1.79769e+308,10,1.79769e+308,31,30,29,28,27,26,25,24,23,22,21,20,19,18,17,16,15,14,13,12,11,10,9,8,7,6,5,4,3,2,1,2,3,4,5,6,7,8,9,10,30,29,28,27,26,25,24,23,22,21,20,19,18,17,16,15,14,13,12,11,10,9,8,7,6,5,4,3,2,1,0,1,2,3,4,5,6,7,8,9,31,30,29,28,27,26,25,24,23,22,21,20,19,18,17,16,15,14,13,12,11,10,9,8,7,6,5,4,3,2,1,2,3,4,5,6,7,8,9,10,32,1.79769e+308,30,1.79769e+308,28,1.79769e+308,26,1.79769e+308,24,1.79769e+308,22,1.79769e+308,20,1.79769e+308,18,1.79769e+308,16,1.79769e+308,14,1.79769e+308,12,1.79769e+308,10,1.79769e+308,8,1.79769e+308,6,1.79769e+308,4,1.79769e+308,2,1.79769e+308,4,1.79769e+308,6,1.79769e+308,8,1.79769e+308,10,1.79769e+308,33,1.79769e+308,31,1.79769e+308,29,1.79769e+308,27,1.79769e+308,25,1.79769e+308,23,1.79769e+308,21,1.79769e+308,19,1.79769e+308,17,1.79769e+308,15,1.79769e+308,13,1.79769e+308,11,1.79769e+308,9,1.79769e+308,7,1.79769e+308,5,1.79769e+308,3,1.79769e+308,5,1.79769e+308,7,1.79769e+308,9,1.79769e+308,11,1.79769e+308,34,1.79769e+308,32,1.79769e+308,30,1.79769e+308,28,1.79769e+308,26,1.79769e+308,24,1.79769e+308,22,1.79769e+308,20,1.79769e+308,18,1.79769e+308,16,1.79769e+308,14,1.79769e+308,12,1.79769e+308,10,1.79769e+308,8,1.79769e+308,6,1.79769e+308,4,1.79769e+308,6,1.79769e+308,8,1.79769e+308,10,1.79769e+308,12,1.79769e+308,35,1.79769e+308,33,1.79769e+308,31,1.79769e+308,29,1.79769e+308,27,1.79769e+308,25,1.79769e+308,23,1.79769e+308,21,1.79769e+308,19,1.79769e+308,17,1.79769e+308,15,1.79769e+308,13,1.79769e+308,11,1.79769e+308,9,1.79769e+308,7,1.79769e+308,5,1.79769e+308,7,1.79769e+308,9,1.79769e+308,11,1.79769e+308,13,1.79769e+308,36,1.79769e+308,34,1.79769e+308,32,1.79769e+308,30,1.79769e+308,28,1.79769e+308,26,1.79769e+308,24,1.79769e+308,22,1.79769e+308,20,1.79769e+308,18,1.79769e+308,16,1.79769e+308,14,1.79769e+308,12,1.79769e+308,10,1.79769e+308,8,1.79769e+308,6,1.79769e+308,8,1.79769e+308,10,1.79769e+308,12,1.79769e+308,14,1.79769e+308,
561
15,1.79769e+308,15,1.79769e+308,17,1.79769e+308,19,1.79769e+308,21,1.79769e+308,23,1.79769e+308,25,1.79769e+308,27,1.79769e+308,29,1.79769e+308,31,1.79769e+308,33,1.79769e+308,35,1.79769e+308,37,1.79769e+308,39,1.79769e+308,41,1.79769e+308,43,1.79769e+308,45,1.79769e+308,47,1.79769e+308,49,1.79769e+308,51,1.79769e+308,14,1.79769e+308,14,1.79769e+308,16,1.79769e+308,18,1.79769e+308,20,1.79769e+308,22,1.79769e+308,24,1.79769e+308,26,1.79769e+308,28,1.79769e+308,30,1.79769e+308,32,1.79769e+308,34,1.79769e+308,36,1.79769e+308,38,1.79769e+308,40,1.79769e+308,42,1.79769e+308,44,1.79769e+308,46,1.79769e+308,48,1.79769e+308,50,1.79769e+308,13,1.79769e+308,13,1.79769e+308,15,1.79769e+308,17,1.79769e+308,19,1.79769e+308,21,1.79769e+308,23,1.79769e+308,25,1.79769e+308,27,1.79769e+308,29,1.79769e+308,31,1.79769e+308,33,1.79769e+308,35,1.79769e+308,37,1.79769e+308,39,1.79769e+308,41,1.79769e+308,43,1.79769e+308,45,1.79769e+308,47,1.79769e+308,49,1.79769e+308,12,1.79769e+308,12,1.79769e+308,14,1.79769e+308,16,1.79769e+308,18,1.79769e+308,20,1.79769e+308,22,1.79769e+308,24,1.79769e+308,26,1.79769e+308,28,1.79769e+308,30,1.79769e+308,32,1.79769e+308,34,1.79769e+308,36,1.79769e+308,38,1.79769e+308,40,1.79769e+308,42,1.79769e+308,44,1.79769e+308,46,1.79769e+308,48,1.79769e+308,11,1.79769e+308,11,1.79769e+308,13,1.79769e+308,15,1.79769e+308,17,1.79769e+308,19,1.79769e+308,21,1.79769e+308,23,1.79769e+308,25,1.79769e+308,27,1.79769e+308,29,1.79769e+308,31,1.79769e+308,33,1.79769e+308,35,1.79769e+308,37,1.79769e+308,39,1.79769e+308,41,1.79769e+308,43,1.79769e+308,45,1.79769e+308,47,1.79769e+308,10,1.79769e+308,10,1.79769e+308,12,1.79769e+308,14,1.79769e+308,16,1.79769e+308,18,1.79769e+308,20,1.79769e+308,22,1.79769e+308,24,1.79769e+308,26,1.79769e+308,28,1.79769e+308,30,1.79769e+308,32,1.79769e+308,34,1.79769e+308,36,1.79769e+308,38,1.79769e+308,40,1.79769e+308,42,1.79769e+308,44,1.79769e+308,46,1.79769e+308,9,1.79769e+308,9,1.79769e+308,11,1.79769e+308,13,1.79769e+308,15,1.79769e+308,17,1.79769e+308,19,1.79769e+308,21,1.79769e+308,23,1.79769e+308,25,1.79769e+308,27,1.79769e+308,29,1.79769e+308,31,1.79769e+308,33,1.79769e+308,35,1.79769e+308,37,1.79769e+308,39,1.79769e+308,41,1.79769e+308,43,1.79769e+308,45,1.79769e+308,8,1.79769e+308,8,1.79769e+308,10,1.79769e+308,12,1.79769e+308,14,1.79769e+308,16,1.79769e+308,18,1.79769e+308,20,1.79769e+308,22,1.79769e+308,24,1.79769e+308,26,1.79769e+308,28,1.79769e+308,30,1.79769e+308,32,1.79769e+308,34,1.79769e+308,36,1.79769e+308,38,1.79769e+308,40,1.79769e+308,42,1.79769e+308,44,1.79769e+308,7,1.79769e+308,7,1.79769e+308,9,1.79769e+308,11,1.79769e+308,13,1.79769e+308,15,1.79769e+308,17,1.79769e+308,19,1.79769e+308,21,1.79769e+308,23,1.79769e+308,25,1.79769e+308,27,1.79769e+308,29,1.79769e+308,31,1.79769e+308,33,1.79769e+308,35,1.79769e+308,37,1.79769e+308,39,1.79769e+308,41,1.79769e+308,43,1.79769e+308,6,1.79769e+308,6,1.79769e+308,8,1.79769e+308,10,1.79769e+308,12,1.79769e+308,14,1.79769e+308,16,1.79769e+308,18,1.79769e+308,20,1.79769e+308,22,1.79769e+308,24,1.79769e+308,26,1.79769e+308,28,1.79769e+308,30,1.79769e+308,32,1.79769e+308,34,1.79769e+308,36,1.79769e+308,38,1.79769e+308,40,1.79769e+308,42,1.79769e+308,5,1.79769e+308,5,1.79769e+308,7,1.79769e+308,9,1.79769e+308,11,1.79769e+308,13,1.79769e+308,15,1.79769e+308,17,1.79769e+308,19,1.79769e+308,21,1.79769e+308,23,1.79769e+308,25,1.79769e+308,27,1.79769e+308,29,1.79769e+308,31,1.79769e+308,33,1.79769e+308,35,1.79769e+308,37,1.79769e+308,39,1.79769e+308,41,1.79769e+308,4,1.79769e+308,4,1.79769e+308,6,1.79769e+308,8,1.79769e+308,10,1.79769e+308,12,1.79769e+308,14,1.79769e+308,16,1.79769e+308,18,1.79769e+308,20,1.79769e+308,22,1.79769e+308,24,1.79769e+308,26,1.79769e+308,28,1.79769e+308,30,1.79769e+308,32,1.79769e+308,34,1.79769e+308,36,1.79769e+308,38,1.79769e+308,40,1.79769e+308,3,1.79769e+308,3,1.79769e+308,5,1.79769e+308,7,1.79769e+308,9,1.79769e+308,11,1.79769e+308,13,1.79769e+308,15,1.79769e+308,17,1.79769e+308,19,1.79769e+308,21,1.79769e+308,23,1.79769e+308,25,1.79769e+308,27,1.79769e+308,29,1.79769e+308,31,1.79769e+308,33,1.79769e+308,35,1.79769e+308,37,1.79769e+308,39,1.79769e+308,2,1,2,3,4,5,6,7,8,9,10,11,12,13,14,15,16,17,18,19,20,21,22,23,24,25,26,27,28,29,30,31,32,33,34,35,36,37,38,39,1,0,1,2,3,4,5,6,7,8,9,10,11,12,13,14,15,16,17,18,19,20,21,22,23,24,25,26,27,28,29,30,31,32,33,34,35,36,37,38,2,1,2,3,4,5,6,7,8,9,10,11,12,13,14,15,16,17,18,19,20,21,22,23,24,25,26,27,28,29,30,31,32,33,34,35,36,37,38,39,3,1.79769e+308,3,1.79769e+308,5,1.79769e+308,7,1.79769e+308,9,1.79769e+308,11,1.79769e+308,13,1.79769e+308,15,1.79769e+308,17,1.79769e+308,19,1.79769e+308,21,1.79769e+308,23,1.79769e+308,25,1.79769e+308,27,1.79769e+308,29,1.79769e+308,31,1.79769e+308,33,1.79769e+308,35,1.79769e+308,37,1.79769e+308,39,1.79769e+308,4,1.79769e+308,4,1.79769e+308,6,1.79769e+308,8,1.79769e+308,10,1.79769e+308,12,1.79769e+308,14,1.79769e+308,16,1.79769e+308,18,1.79769e+308,20,1.79769e+308,22,1.79769e+308,24,1.79769e+308,26,1.79769e+308,28,1.79769e+308,30,1.79769e+308,32,1.79769e+308,34,1.79769e+308,36,1.79769e+308,38,1.79769e+308,40,1.79769e+308,5,1.79769e+308,5,1.79769e+308,7,1.79769e+308,9,1.79769e+308,11,1.79769e+308,13,1.79769e+308,15,1.79769e+308,17,1.79769e+308,19,1.79769e+308,21,1.79769e+308,23,1.79769e+308,25,1.79769e+308,27,1.79769e+308,29,1.79769e+308,31,1.79769e+308,33,1.79769e+308,35,1.79769e+308,37,1.79769e+308,39,1.79769e+308,41,1.79769e+308,6,1.79769e+308,6,1.79769e+308,8,1.79769e+308,10,1.79769e+308,12,1.79769e+308,14,1.79769e+308,16,1.79769e+308,18,1.79769e+308,20,1.79769e+308,22,1.79769e+308,24,1.79769e+308,26,1.79769e+308,28,1.79769e+308,30,1.79769e+308,32,1.79769e+308,34,1.79769e+308,36,1.79769e+308,38,1.79769e+308,40,1.79769e+308,42,1.79769e+308,7,1.79769e+308,7,1.79769e+308,9,1.79769e+308,11,1.79769e+308,13,1.79769e+308,15,1.79769e+308,17,1.79769e+308,19,1.79769e+308,21,1.79769e+308,23,1.79769e+308,25,1.79769e+308,27,1.79769e+308,29,1.79769e+308,31,1.79769e+308,33,1.79769e+308,35,1.79769e+308,37,1.79769e+308,39,1.79769e+308,41,1.79769e+308,43,1.79769e+308,
591
45,1.79769e+308,43,1.79769e+308,41,1.79769e+308,39,1.79769e+308,37,1.79769e+308,35,1.79769e+308,33,1.79769e+308,31,1.79769e+308,29,1.79769e+308,27,1.79769e+308,25,1.79769e+308,23,1.79769e+308,21,1.79769e+308,19,1.79769e+308,17,1.79769e+308,15,1.79769e+308,15,1.79769e+308,17,1.79769e+308,19,1.79769e+308,21,1.79769e+308,44,1.79769e+308,42,1.79769e+308,40,1.79769e+308,38,1.79769e+308,36,1.79769e+308,34,1.79769e+308,32,1.79769e+308,30,1.79769e+308,28,1.79769e+308,26,1.79769e+308,24,1.79769e+308,22,1.79769e+308,20,1.79769e+308,18,1.79769e+308,16,1.79769e+308,14,1.79769e+308,14,1.79769e+308,16,1.79769e+308,18,1.79769e+308,20,1.79769e+308,43,1.79769e+308,41,1.79769e+308,39,1.79769e+308,37,1.79769e+308,35,1.79769e+308,33,1.79769e+308,31,1.79769e+308,29,1.79769e+308,27,1.79769e+308,25,1.79769e+308,23,1.79769e+308,21,1.79769e+308,19,1.79769e+308,17,1.79769e+308,15,1.79769e+308,13,1.79769e+308,13,1.79769e+308,15,1.79769e+308,17,1.79769e+308,19,1.79769e+308,42,1.79769e+308,40,1.79769e+308,38,1.79769e+308,36,1.79769e+308,34,1.79769e+308,32,1.79769e+308,30,1.79769e+308,28,1.79769e+308,26,1.79769e+308,24,1.79769e+308,22,1.79769e+308,20,1.79769e+308,18,1.79769e+308,16,1.79769e+308,14,1.79769e+308,12,1.79769e+308,12,1.79769e+308,14,1.79769e+308,16,1.79769e+308,18,1.79769e+308,41,1.79769e+308,39,1.79769e+308,37,1.79769e+308,35,1.79769e+308,33,1.79769e+308,31,1.79769e+308,29,1.79769e+308,27,1.79769e+308,25,1.79769e+308,23,1.79769e+308,21,1.79769e+308,19,1.79769e+308,17,1.79769e+308,15,1.79769e+308,13,1.79769e+308,11,1.79769e+308,11,1.79769e+308,13,1.79769e+308,15,1.79769e+308,17,1.79769e+308,40,1.79769e+308,38,1.79769e+308,36,1.79769e+308,34,1.79769e+308,32,1.79769e+308,30,1.79769e+308,28,1.79769e+308,26,1.79769e+308,24,1.79769e+308,22,1.79769e+308,20,1.79769e+308,18,1.79769e+308,16,1.79769e+308,14,1.79769e+308,12,1.79769e+308,10,1.79769e+308,10,1.79769e+308,12,1.79769e+308,14,1.79769e+308,16,1.79769e+308,39,1.79769e+308,37,1.79769e+308,35,1.79769e+308,33,1.79769e+308,31,1.79769e+308,29,1.79769e+308,27,1.79769e+308,25,1.79769e+308,23,1.79769e+308,21,1.79769e+308,19,1.79769e+308,17,1.79769e+308,15,1.79769e+308,13,1.79769e+308,11,1.79769e+308,9,1.79769e+308,9,1.79769e+308,11,1.79769e+308,13,1.79769e+308,15,1.79769e+308,38,1.79769e+308,36,1.79769e+308,34,1.79769e+308,32,1.79769e+308,30,1.79769e+308,28,1.79769e+308,26,1.79769e+308,24,1.79769e+308,22,1.79769e+308,20,1.79769e+308,18,1.79769e+308,16,1.79769e+308,14,1.79769e+308,12,1.79769e+308,10,1.79769e+308,8,1.79769e+308,8,1.79769e+308,10,1.79769e+308,12,1.79769e+308,14,1.79769e+308,37,1.79769e+308,35,1.79769e+308,33,1.79769e+308,31,1.79769e+308,29,1.79769e+308,27,1.79769e+308,25,1.79769e+308,23,1.79769e+308,21,1.79769e+308,19,1.79769e+308,17,1.79769e+308,15,1.79769e+308,13,1.79769e+308,11,1.79769e+308,9,1.79769e+308,7,1.79769e+308,7,1.79769e+308,9,1.79769e+308,11,1.79769e+308,13,1.79769e+308,36,1.79769e+308,34,1.79769e+308,32,1.79769e+308,30,1.79769e+308,28,1.79769e+308,26,1.79769e+308,24,1.79769e+308,22,1.79769e+308,20,1.79769e+308,18,1.79769e+308,16,1.79769e+308,14,1.79769e+308,12,1.79769e+308,10,1.79769e+308,8,1.79769e+308,6,1.79769e+308,6,1.79769e+308,8,1.79769e+308,10,1.79769e+308,12,1.79769e+308,35,1.79769e+308,33,1.79769e+308,31,1.79769e+308,29,1.79769e+308,27,1.79769e+308,25,1.79769e+308,23,1.79769e+308,21,1.79769e+308,19,1.79769e+308,17,1.79769e+308,15,1.79769e+308,13,1.79769e+308,11,1.79769e+308,9,1.79769e+308,7,1.79769e+308,5,1.79769e+308,5,1.79769e+308,7,1.79769e+308,9,1.79769e+308,11,1.79769e+308,34,1.79769e+308,32,1.79769e+308,30,1.79769e+308,28,1.79769e+308,26,1.79769e+308,24,1.79769e+308,22,1.79769e+308,20,1.79769e+308,18,1.79769e+308,16,1.79769e+308,14,1.79769e+308,12,1.79769e+308,10,1.79769e+308,8,1.79769e+308,6,1.79769e+308,4,1.79769e+308,4,1.79769e+308,6,1.79769e+308,8,1.79769e+308,10,1.79769e+308,33,1.79769e+308,31,1.79769e+308,29,1.79769e+308,27,1.79769e+308,25,1.79769e+308,23,1.79769e+308,21,1.79769e+308,19,1.79769e+308,17,1.79769e+308,15,1.79769e+308,13,1.79769e+308,11,1.79769e+308,9,1.79769e+308,7,1.79769e+308,5,1.79769e+308,3,1.79769e+308,3,1.79769e+308,5,1.79769e+308,7,1.79769e+308,9,1.79769e+308,32,31,30,29,28,27,26,25,24,23,22,21,20,19,18,17,16,15,14,13,12,11,10,9,8,7,6,5,4,3,2,1,2,3,4,5,6,7,8,9,31,30,29,28,27,26,25,24,23,22,21,20,19,18,17,16,15,14,13,12,11,10,9,8,7,6,5,4,3,2,1,0,1,2,3,4,5,6,7,8,32,31,30,29,28,27,26,25,24,23,22,21,20,19,18,17,16,15,14,13,12,11,10,9,8,7,6,5,4,3,2,1,2,3,4,5,6,7,8,9,33,1.79769e+308,31,1.79769e+308,29,1.79769e+308,27,1.79769e+308,25,1.79769e+308,23,1.79769e+308,21,1.79769e+308,19,1.79769e+308,17,1.79769e+308,15,1.79769e+308,13,1.79769e+308,11,1.79769e+308,9,1.79769e+308,7,1.79769e+308,5,1.79769e+308,3,1.79769e+308,3,1.79769e+308,5,1.79769e+308,7,1.79769e+308,9,1.79769e+308,34,1.79769e+308,32,1.79769e+308,30,1.79769e+308,28,1.79769e+308,26,1.79769e+308,24,1.79769e+308,22,1.79769e+308,20,1.79769e+308,18,1.79769e+308,16,1.79769e+308,14,1.79769e+308,12,1.79769e+308,10,1.79769e+308,8,1.79769e+308,6,1.79769e+308,4,1.79769e+308,4,1.79769e+308,6,1.79769e+308,8,1.79769e+308,10,1.79769e+308,35,1.79769e+308,33,1.79769e+308,31,1.79769e+308,29,1.79769e+308,27,1.79769e+308,25,1.79769e+308,23,1.79769e+308,21,1.79769e+308,19,1.79769e+308,17,1.79769e+308,15,1.79769e+308,13,1.79769e+308,11,1.79769e+308,9,1.79769e+308,7,1.79769e+308,5,1.79769e+308,5,1.79769e+308,7,1.79769e+308,9,1.79769e+308,11,1.79769e+308,36,1.79769e+308,34,1.79769e+308,32,1.79769e+308,30,1.79769e+308,28,1.79769e+308,26,1.79769e+308,24,1.79769e+308,22,1.79769e+308,20,1.79769e+308,18,1.79769e+308,16,1.79769e+308,14,1.79769e+308,12,1.79769e+308,10,1.79769e+308,8,1.79769e+308,6,1.79769e+308,6,1.79769e+308,8,1.79769e+308,10,1.79769e+308,12,1.79769e+308,37,1.79769e+308,35,1.79769e+308,33,1.79769e+308,31,1.79769e+308,29,1.79769e+308,27,1.79769e+308,25,1.79769e+308,23,1.79769e+308,21,1.79769e+308,19,1.79769e+308,17,1.79769e+308,15,1.79769e+308,13,1.79769e+308,11,1.79769e+308,9,1.79769e+308,7,1.79769e+308,7,1.79769e+308,9,1.79769e+308,11,1.79769e+308,13,1.79769e+308,
562
16,1.79769e+308,14,1.79769e+308,16,1.79769e+308,18,1.79769e+308,20,1.79769e+308,22,1.79769e+308,24,1.79769e+308,26,1.79769e+308,28,1.79769e+308,30,1.79769e+308,32,1.79769e+308,34,1.79769e+308,36,1.79769e+308,38,1.79769e+308,40,1.79769e+308,42,1.79769e+308,44,1.79769e+308,46,1.79769e+308,48,1.79769e+308,50,1.79769e+308,15,1.79769e+308,13,1.79769e+308,15,1.79769e+308,17,1.79769e+308,19,1.79769e+308,21,1.79769e+308,23,1.79769e+308,25,1.79769e+308,27,1.79769e+308,29,1.79769e+308,31,1.79769e+308,33,1.79769e+308,35,1.79769e+308,37,1.79769e+308,39,1.79769e+308,41,1.79769e+308,43,1.79769e+308,45,1.79769e+308,47,1.79769e+308,49,1.79769e+308,14,1.79769e+308,12,1.79769e+308,14,1.79769e+308,16,1.79769e+308,18,1.79769e+308,20,1.79769e+308,22,1.79769e+308,24,1.79769e+308,26,1.79769e+308,28,1.79769e+308,30,1.79769e+308,32,1.79769e+308,34,1.79769e+308,36,1.79769e+308,38,1.79769e+308,40,1.79769e+308,42,1.79769e+308,44,1.79769e+308,46,1.79769e+308,48,1.79769e+308,13,1.79769e+308,11,1.79769e+308,13,1.79769e+308,15,1.79769e+308,17,1.79769e+308,19,1.79769e+308,21,1.79769e+308,23,1.79769e+308,25,1.79769e+308,27,1.79769e+308,29,1.79769e+308,31,1.79769e+308,33,1.79769e+308,35,1.79769e+308,37,1.79769e+308,39,1.79769e+308,41,1.79769e+308,43,1.79769e+308,45,1.79769e+308,47,1.79769e+308,12,1.79769e+308,10,1.79769e+308,12,1.79769e+308,14,1.79769e+308,16,1.79769e+308,18,1.79769e+308,20,1.79769e+308,22,1.79769e+308,24,1.79769e+308,26,1.79769e+308,28,1.79769e+308,30,1.79769e+308,32,1.79769e+308,34,1.79769e+308,36,1.79769e+308,38,1.79769e+308,40,1.79769e+308,42,1.79769e+308,44,1.79769e+308,46,1.79769e+308,11,1.79769e+308,9,1.79769e+308,11,1.79769e+308,13,1.79769e+308,15,1.79769e+308,17,1.79769e+308,19,1.79769e+308,21,1.79769e+308,23,1.79769e+308,25,1.79769e+308,27,1.79769e+308,29,1.79769e+308,31,1.79769e+308,33,1.79769e+308,35,1.79769e+308,37,1.79769e+308,39,1.79769e+308,41,1.79769e+308,43,1.79769e+308,45,1.79769e+308,10,1.79769e+308,8,1.79769e+308,10,1.79769e+308,12,1.79769e+308,14,1.79769e+308,16,1.79769e+308,18,1.79769e+308,20,1.79769e+308,22,1.79769e+308,24,1.79769e+308,26,1.79769e+308,28,1.79769e+308,30,1.79769e+308,32,1.79769e+308,34,1.79769e+308,36,1.79769e+308,38,1.79769e+308,40,1.79769e+308,42,1.79769e+308,44,1.79769e+308,9,1.79769e+308,7,1.79769e+308,9,1.79769e+308,11,1.79769e+308,13,1.79769e+308,15,1.79769e+308,17,1.79769e+308,19,1.79769e+308,21,1.79769e+308,23,1.79769e+308,25,1.79769e+308,27,1.79769e+308,29,1.79769e+308,31,1.79769e+308,33,1.79769e+308,35,1.79769e+308,37,1.79769e+308,39,1.79769e+308,41,1.79769e+308,43,1.79769e+308,8,1.79769e+308,6,1.79769e+308,8,1.79769e+308,10,1.79769e+308,12,1.79769e+308,14,1.79769e+308,16,1.79769e+308,18,1.79769e+308,20,1.79769e+308,22,1.79769e+308,24,1.79769e+308,26,1.79769e+308,28,1.79769e+308,30,1.79769e+308,32,1.79769e+308,34,1.79769e+308,36,1.79769e+308,38,1.79769e+308,40,1.79769e+308,42,1.79769e+308,7,1.79769e+308,5,1.79769e+308,7,1.79769e+308,9,1.79769e+308,11,1.79769e+308,13,1.79769e+308,15,1.79769e+308,17,1.79769e+308,19,1.79769e+308,21,1.79769e+308,23,1.79769e+308,25,1.79769e+308,27,1.79769e+308,29,1.79769e+308,31,1.79769e+308,33,1.79769e+308,35,1.79769e+308,37,1.79769e+308,39,1.79769e+308,41,1.79769e+308,6,1.79769e+308,4,1.79769e+308,6,1.79769e+308,8,1.79769e+308,10,1.79769e+308,12,1.79769e+308,14,1.79769e+308,16,1.79769e+308,18,1.79769e+308,20,1.79769e+308,22,1.79769e+308,24,1.79769e+308,26,1.79769e+308,28,1.79769e+308,30,1.79769e+308,32,1.79769e+308,34,1.79769e+308,36,1.79769e+308,38,1.79769e+308,40,1.79769e+308,5,1.79769e+308,3,1.79769e+308,5,1.79769e+308,7,1.79769e+308,9,1.79769e+308,11,1.79769e+308,13,1.79769e+308,15,1.79769e+308,17,1.79769e+308,19,1.79769e+308,21,1.79769e+308,23,1.79769e+308,25,1.79769e+308,27,1.79769e+308,29,1.79769e+308,31,1.79769e+308,33,1.79769e+308,35,1.79769e+308,37,1.79769e+308,39,1.79769e+308,4,1.79769e+308,2,1.79769e+308,4,1.79769e+308,6,1.79769e+308,8,1.79769e+308,10,1.79769e+308,12,1.79769e+308,14,1.79769e+308,16,1.79769e+308,18,1.79769e+308,20,1.79769e+308,22,1.79769e+308,24,1.79769e+308,26,1.79769e+308,28,1.79769e+308,30,1.79769e+308,32,1.79769e+308,34,1.79769e+308,36,1.79769e+308,38,1.79769e+308,3,2,1,2,3,4,5,6,7,8,9,10,11,12,13,14,15,16,17,18,19,20,21,22,23,24,25,26,27,28,29,30,31,32,33,34,35,36,37,38,2,1,0,1,2,3,4,5,6,7,8,9,10,11,12,13,14,15,16,17,18,19,20,21,22,23,24,25,26,27,28,29,30,31,32,33,34,35,36,37,3,2,1,2,3,4,5,6,7,8,9,10,11,12,13,14,15,16,17,18,19,20,21,22,23,24,25,26,27,28,29,30,31,32,33,34,35,36,37,38,4,1.79769e+308,2,1.79769e+308,4,1.79769e+308,6,1.79769e+308,8,1.79769e+308,10,1.79769e+308,12,1.79769e+308,14,1.79769e+308,16,1.79769e+308,18,1.79769e+308,20,1.79769e+308,22,1.79769e+308,24,1.79769e+308,26,1.79769e+308,28,1.79769e+308,30,1.79769e+308,32,1.79769e+308,34,1.79769e+308,36,1.79769e+308,38,1.79769e+308,5,1.79769e+308,3,1.79769e+308,5,1.79769e+308,7,1.79769e+308,9,1.79769e+308,11,1.79769e+308,13,1.79769e+308,15,1.79769e+308,17,1.79769e+308,19,1.79769e+308,21,1.79769e+308,23,1.79769e+308,25,1.79769e+308,27,1.79769e+308,29,1.79769e+308,31,1.79769e+308,33,1.79769e+308,35,1.79769e+308,37,1.79769e+308,39,1.79769e+308,6,1.79769e+308,4,1.79769e+308,6,1.79769e+308,8,1.79769e+308,10,1.79769e+308,12,1.79769e+308,14,1.79769e+308,16,1.79769e+308,18,1.79769e+308,20,1.79769e+308,22,1.79769e+308,24,1.79769e+308,26,1.79769e+308,28,1.79769e+308,30,1.79769e+308,32,1.79769e+308,34,1.79769e+308,36,1.79769e+308,38,1.79769e+308,40,1.79769e+308,7,1.79769e+308,5,1.79769e+308,7,1.79769e+308,9,1.79769e+308,11,1.79769e+308,13,1.79769e+308,15,1.79769e+308,17,1.79769e+308,19,1.79769e+308,21,1.79769e+308,23,1.79769e+308,25,1.79769e+308,27,1.79769e+308,29,1.79769e+308,31,1.79769e+308,33,1.79769e+308,35,1.79769e+308,37,1.79769e+308,39,1.79769e+308,41,1.79769e+308,8,1.79769e+308,6,1.79769e+308,8,1.79769e+308,10,1.79769e+308,12,1.79769e+308,14,1.79769e+308,16,1.79769e+308,18,1.79769e+308,20,1.79769e+308,22,1.79769e+308,24,1.79769e+308,26,1.79769e+308,28,1.79769e+308,30,1.79769e+308,32,1.79769e+308,34,1.79769e+308,36,1.79769e+308,38,1.79769e+308,40,1.79769e+308,42,1.79769e+308,
564
18,1.79769e+308,16,1.79769e+308,14,1.79769e+308,16,1.79769e+308,18,1.79769e+308,20,1.79769e+308,22,1.79769e+308,24,1.79769e+308,26,1.79769e+308,28,1.79769e+308,30,1.79769e+308,32,1.79769e+308,34,1.79769e+308,36,1.79769e+308,38,1.79769e+308,40,1.79769e+308,42,1.79769e+308,44,1.79769e+308,46,1.79769e+308,48,1.79769e+308,17,1.79769e+308,15,1.79769e+308,13,1.79769e+308,15,1.79769e+308,17,1.79769e+308,19,1.79769e+308,21,1.79769e+308,23,1.79769e+308,25,1.79769e+308,27,1.79769e+308,29,1.79769e+308,31,1.79769e+308,33,1.79769e+308,35,1.79769e+308,37,1.79769e+308,39,1.79769e+308,41,1.79769e+308,43,1.79769e+308,45,1.79769e+308,47,1.79769e+308,16,1.79769e+308,14,1.79769e+308,12,1.79769e+308,14,1.79769e+308,16,1.79769e+308,18,1.79769e+308,20,1.79769e+308,22,1.79769e+308,24,1.79769e+308,26,1.79769e+308,28,1.79769e+308,30,1.79769e+308,32,1.79769e+308,34,1.79769e+308,36,1.79769e+308,38,1.79769e+308,40,1.79769e+308,42,1.79769e+308,44,1.79769e+308,46,1.79769e+308,15,1.79769e+308,13,1.79769e+308,11,1.79769e+308,13,1.79769e+308,15,1.79769e+308,17,1.79769e+308,19,1.79769e+308,21,1.79769e+308,23,1.79769e+308,25,1.79769e+308,27,1.79769e+308,29,1.79769e+308,31,1.79769e+308,33,1.79769e+308,35,1.79769e+308,37,1.79769e+308,39,1.79769e+308,41,1.79769e+308,43,1.79769e+308,45,1.79769e+308,14,1.79769e+308,12,1.79769e+308,10,1.79769e+308,12,1.79769e+308,14,1.79769e+308,16,1.79769e+308,18,1.79769e+308,20,1.79769e+308,22,1.79769e+308,24,1.79769e+308,26,1.79769e+308,28,1.79769e+308,30,1.79769e+308,32,1.79769e+308,34,1.79769e+308,36,1.79769e+308,38,1.79769e+308,40,1.79769e+308,42,1.79769e+308,44,1.79769e+308,13,1.79769e+308,11,1.79769e+308,9,1.79769e+308,11,1.79769e+308,13,1.79769e+308,15,1.79769e+308,17,1.79769e+308,19,1.79769e+308,21,1.79769e+308,23,1.79769e+308,25,1.79769e+308,27,1.79769e+308,29,1.79769e+308,31,1.79769e+308,33,1.79769e+308,35,1.79769e+308,37,1.79769e+308,39,1.79769e+308,41,1.79769e+308,43,1.79769e+308,12,1.79769e+308,10,1.79769e+308,8,1.79769e+308,10,1.79769e+308,12,1.79769e+308,14,1.79769e+308,16,1.79769e+308,18,1.79769e+308,20,1.79769e+308,22,1.79769e+308,24,1.79769e+308,26,1.79769e+308,28,1.79769e+308,30,1.79769e+308,32,1.79769e+308,34,1.79769e+308,36,1.79769e+308,38,1.79769e+308,40,1.79769e+308,42,1.79769e+308,11,1.79769e+308,9,1.79769e+308,7,1.79769e+308,9,1.79769e+308,11,1.79769e+308,13,1.79769e+308,15,1.79769e+308,17,1.79769e+308,19,1.79769e+308,21,1.79769e+308,23,1.79769e+308,25,1.79769e+308,27,1.79769e+308,29,1.79769e+308,31,1.79769e+308,33,1.79769e+308,35,1.79769e+308,37,1.79769e+308,39,1.79769e+308,41,1.79769e+308,10,1.79769e+308,8,1.79769e+308,6,1.79769e+308,8,1.79769e+308,10,1.79769e+308,12,1.79769e+308,14,1.79769e+308,16,1.79769e+308,18,1.79769e+308,20,1.79769e+308,22,1.79769e+308,24,1.79769e+308,26,1.79769e+308,28,1.79769e+308,30,1.79769e+308,32,1.79769e+308,34,1.79769e+308,36,1.79769e+308,38,1.79769e+308,40,1.79769e+308,9,1.79769e+308,7,1.79769e+308,5,1.79769e+308,7,1.79769e+308,9,1.79769e+308,11,1.79769e+308,13,1.79769e+308,15,1.79769e+308,17,1.79769e+308,19,1.79769e+308,21,1.79769e+308,23,1.79769e+308,25,1.79769e+308,27,1.79769e+308,29,1.79769e+308,31,1.79769e+308,33,1.79769e+308,35,1.79769e+308,37,1.79769e+308,39,1.79769e+308,8,1.79769e+308,6,1.79769e+308,4,1.79769e+308,6,1.79769e+308,8,1.79769e+308,10,1.79769e+308,12,1.79769e+308,14,1.79769e+308,16,1.79769e+308,18,1.79769e+308,20,1.79769e+308,22,1.79769e+308,24,1.79769e+308,26,1.79769e+308,28,1.79769e+308,30,1.79769e+308,32,1.79769e+308,34,1.79769e+308,36,1.79769e+308,38,1.79769e+308,7,1.79769e+308,5,1.79769e+308,3,1.79769e+308,5,1.79769e+308,7,1.79769e+308,9,1.79769e+308,11,1.79769e+308,13,1.79769e+308,15,1.79769e+308,17,1.79769e+308,19,1.79769e+308,21,1.79769e+308,23,1.79769e+308,25,1.79769e+308,27,1.79769e+308,29,1.79769e+308,31,1.79769e+308,33,1.79769e+308,35,1.79769e+308,37,1.79769e+308,6,1.79769e+308,4,1.79769e+308,2,1.79769e+308,4,1.79769e+308,6,1.79769e+308,8,1.79769e+308,10,1.79769e+308,12,1.79769e+308,14,1.79769e+308,16,1.79769e+308,18,1.79769e+308,20,1.79769e+308,22,1.79769e+308,24,1.79769e+308,26,1.79769e+308,28,1.79769e+308,30,1.79769e+308,32,1.79769e+308,34,1.79769e+308,36,1.79769e+308,5,4,3,2,1,2,3,4,5,6,7,8,9,10,11,12,13,14,15,16,17,18,19,20,21,22,23,24,25,26,27,28,29,30,31,32,33,34,35,36,4,3,2,1,0,1,2,3,4,5,6,7,8,9,10,11,12,13,14,15,16,17,18,19,20,21,22,23,24,25,26,27,28,29,30,31,32,33,34,35,5,4,3,2,1,2,3,4,5,6,7,8,9,10,11,12,13,14,15,16,17,18,19,20,21,22,23,24,25,26,27,28,29,30,31,32,33,34,35,36,6,1.79769e+308,4,1.79769e+308,2,1.79769e+308,4,1.79769e+308,6,1.79769e+308,8,1.79769e+308,10,1.79769e+308,12,1.79769e+308,14,1.79769e+308,16,1.79769e+308,18,1.79769e+308,20,1.79769e+308,22,1.79769e+308,24,1.79769e+308,26,1.79769e+308,28,1.79769e+308,30,1.79769e+308,32,1.79769e+308,34,1.79769e+308,36,1.79769e+308,7,1.79769e+308,5,1.79769e+308,3,1.79769e+308,5,1.79769e+308,7,1.79769e+308,9,1.79769e+308,11,1.79769e+308,13,1.79769e+308,15,1.79769e+308,17,1.79769e+308,19,1.79769e+308,21,1.79769e+308,23,1.79769e+308,25,1.79769e+308,27,1.79769e+308,29,1.79769e+308,31,1.79769e+308,33,1.79769e+308,35,1.79769e+308,37,1.79769e+308,8,1.79769e+308,6,1.79769e+308,4,1.79769e+308,6,1.79769e+308,8,1.79769e+308,10,1.79769e+308,12,1.79769e+308,14,1.79769e+308,16,1.79769e+308,18,1.79769e+308,20,1.79769e+308,22,1.79769e+308,24,1.79769e+308,26,1.79769e+308,28,1.79769e+308,30,1.79769e+308,32,1.79769e+308,34,1.79769e+308,36,1.79769e+308,38,1.79769e+308,9,1.79769e+308,7,1.79769e+308,5,1.79769e+308,7,1.79769e+308,9,1.79769e+308,11,1.79769e+308,13,1.79769e+308,15,1.79769e+308,17,1.79769e+308,19,1.79769e+308,21,1.79769e+308,23,1.79769e+308,25,1.79769e+308,27,1.79769e+308,29,1.79769e+308,31,1.79769e+308,33,1.79769e+308,35,1.79769e+308,37,1.79769e+308,39,1.79769e+308,10,1.79769e+308,8,1.79769e+308,6,1.79769e+308,8,1.79769e+308,10,1.79769e+308,12,1.79769e+308,14,1.79769e+308,16,1.79769e+308,18,1.79769e+308,20,1.79769e+308,22,1.79769e+308,24,1.79769e+308,26,1.79769e+308,28,1.79769e+308,30,1.79769e+308,32,1.79769e+308,34,1.79769e+308,36,1.79769e+308,38,1.79769e+308,40,1.79769e+308,
593
47,1.79769e+308,45,1.79769e+308,43,1.79769e+308,41,1.79769e+308,39,1.79769e+308,37,1.79769e+308,35,1.79769e+308,33,1.79769e+308,31,1.79769e+308,29,1.79769e+308,27,1.79769e+308,25,1.79769e+308,23,1.79769e+308,21,1.79769e+308,19,1.79769e+308,17,1.79769e+308,15,1.79769e+308,15,1.79769e+308,17,1.79769e+308,19,1.79769e+308,46,1.79769e+308,44,1.79769e+308,42,1.79769e+308,40,1.79769e+308,38,1.79769e+308,36,1.79769e+308,34,1.79769e+308,32,1.79769e+308,30,1.79769e+308,28,1.79769e+308,26,1.79769e+308,24,1.79769e+308,22,1.79769e+308,20,1.79769e+308,18,1.79769e+308,16,1.79769e+308,14,1.79769e+308,14,1.79769e+308,16,1.79769e+308,18,1.79769e+308,45,1.79769e+308,43,1.79769e+308,41,1.79769e+308,39,1.79769e+308,37,1.79769e+308,35,1.79769e+308,33,1.79769e+308,31,1.79769e+308,29,1.79769e+308,27,1.79769e+308,25,1.79769e+308,23,1.79769e+308,21,1.79769e+308,19,1.79769e+308,17,1.79769e+308,15,1.79769e+308,13,1.79769e+308,13,1.79769e+308,15,1.79769e+308,17,1.79769e+308,44,1.79769e+308,42,1.79769e+308,40,1.79769e+308,38,1.79769e+308,36,1.79769e+308,34,1.79769e+308,32,1.79769e+308,30,1.79769e+308,28,1.79769e+308,26,1.79769e+308,24,1.79769e+308,22,1.79769e+308,20,1.79769e+308,18,1.79769e+308,16,1.79769e+308,14,1.79769e+308,12,1.79769e+308,12,1.79769e+308,14,1.79769e+308,16,1.79769e+308,43,1.79769e+308,41,1.79769e+308,39,1.79769e+308,37,1.79769e+308,35,1.79769e+308,33,1.79769e+308,31,1.79769e+308,29,1.79769e+308,27,1.79769e+308,25,1.79769e+308,23,1.79769e+308,21,1.79769e+308,19,1.79769e+308,17,1.79769e+308,15,1.79769e+308,13,1.79769e+308,11,1.79769e+308,11,1.79769e+308,13,1.79769e+308,15,1.79769e+308,42,1.79769e+308,40,1.79769e+308,38,1.79769e+308,36,1.79769e+308,34,1.79769e+308,32,1.79769e+308,30,1.79769e+308,28,1.79769e+308,26,1.79769e+308,24,1.79769e+308,22,1.79769e+308,20,1.79769e+308,18,1.79769e+308,16,1.79769e+308,14,1.79769e+308,12,1.79769e+308,10,1.79769e+308,10,1.79769e+308,12,1.79769e+308,14,1.79769e+308,41,1.79769e+308,39,1.79769e+308,37,1.79769e+308,35,1.79769e+308,33,1.79769e+308,31,1.79769e+308,29,1.79769e+308,27,1.79769e+308,25,1.79769e+308,23,1.79769e+308,21,1.79769e+308,19,1.79769e+308,17,1.79769e+308,15,1.79769e+308,13,1.79769e+308,11,1.79769e+308,9,1.79769e+308,9,1.79769e+308,11,1.79769e+308,13,1.79769e+308,40,1.79769e+308,38,1.79769e+308,36,1.79769e+308,34,1.79769e+308,32,1.79769e+308,30,1.79769e+308,28,1.79769e+308,26,1.79769e+308,24,1.79769e+308,22,1.79769e+308,20,1.79769e+308,18,1.79769e+308,16,1.79769e+308,14,1.79769e+308,12,1.79769e+308,10,1.79769e+308,8,1.79769e+308,8,1.79769e+308,10,1.79769e+308,12,1.79769e+308,39,1.79769e+308,37,1.79769e+308,35,1.79769e+308,33,1.79769e+308,31,1.79769e+308,29,1.79769e+308,27,1.79769e+308,25,1.79769e+308,23,1.79769e+308,21,1.79769e+308,19,1.79769e+308,17,1.79769e+308,15,1.79769e+308,13,1.79769e+308,11,1.79769e+308,9,1.79769e+308,7,1.79769e+308,7,1.79769e+308,9,1.79769e+308,11,1.79769e+308,38,1.79769e+308,36,1.79769e+308,34,1.79769e+308,32,1.79769e+308,30,1.79769e+308,28,1.79769e+308,26,1.79769e+308,24,1.79769e+308,22,1.79769e+308,20,1.79769e+308,18,1.79769e+308,16,1.79769e+308,14,1.79769e+308,12,1.79769e+308,10,1.79769e+308,8,1.79769e+308,6,1.79769e+308,6,1.79769e+308,8,1.79769e+308,10,1.79769e+308,37,1.79769e+308,35,1.79769e+308,33,1.79769e+308,31,1.79769e+308,29,1.79769e+308,27,1.79769e+308,25,1.79769e+308,23,1.79769e+308,21,1.79769e+308,19,1.79769e+308,17,1.79769e+308,15,1.79769e+308,13,1.79769e+308,11,1.79769e+308,9,1.79769e+308,7,1.79769e+308,5,1.79769e+308,5,1.79769e+308,7,1.79769e+308,9,1.79769e+308,36,1.79769e+308,34,1.79769e+308,32,1.79769e+308,30,1.79769e+308,28,1.79769e+308,26,1.79769e+308,24,1.79769e+308,22,1.79769e+308,20,1.79769e+308,18,1.79769e+308,16,1.79769e+308,14,1.79769e+308,12,1.79769e+308,10,1.79769e+308,8,1.79769e+308,6,1.79769e+308,4,1.79769e+308,4,1.79769e+308,6,1.79769e+308,8,1.79769e+308,35,1.79769e+308,33,1.79769e+308,31,1.79769e+308,29,1.79769e+308,27,1.79769e+308,25,1.79769e+308,23,1.79769e+308,21,1.79769e+308,19,1.79769e+308,17,1.79769e+308,15,1.79769e+308,13,1.79769e+308,11,1.79769e+308,9,1.79769e+308,7,1.79769e+308,5,1.79769e+308,3,1.79769e+308,3,1.79769e+308,5,1.79769e+308,7,1.79769e+308,34,33,32,31,30,29,28,27,26,25,24,23,22,21,20,19,18,17,16,15,14,13,12,11,10,9,8,7,6,5,4,3,2,1,2,3,4,5,6,7,33,32,31,30,29,28,27,26,25,24,23,22,21,20,19,18,17,16,15,14,13,12,11,10,9,8,7,6,5,4,3,2,1,0,1,2,3,4,5,6,34,33,32,31,30,29,28,27,26,25,24,23,22,21,20,19,18,17,16,15,14,13,12,11,10,9,8,7,6,5,4,3,2,1,2,3,4,5,6,7,35,1.79769e+308,33,1.79769e+308,31,1.79769e+308,29,1.79769e+308,27,1.79769e+308,25,1.79769e+308,23,1.79769e+308,21,1.79769e+308,19,1.79769e+308,17,1.79769e+308,15,1.79769e+308,13,1.79769e+308,11,1.79769e+308,9,1.79769e+308,7,1.79769e+308,5,1.79769e+308,3,1.79769e+308,3,1.79769e+308,5,1.79769e+308,7,1.79769e+308,36,1.79769e+308,34,1.79769e+308,32,1.79769e+308,30,1.79769e+308,28,1.79769e+308,26,1.79769e+308,24,1.79769e+308,22,1.79769e+308,20,1.79769e+308,18,1.79769e+308,16,1.79769e+308,14,1.79769e+308,12,1.79769e+308,10,1.79769e+308,8,1.79769e+308,6,1.79769e+308,4,1.79769e+308,4,1.79769e+308,6,1.79769e+308,8,1.79769e+308,37,1.79769e+308,35,1.79769e+308,33,1.79769e+308,31,1.79769e+308,29,1.79769e+308,27,1.79769e+308,25,1.79769e+308,23,1.79769e+308,21,1.79769e+308,19,1.79769e+308,17,1.79769e+308,15,1.79769e+308,13,1.79769e+308,11,1.79769e+308,9,1.79769e+308,7,1.79769e+308,5,1.79769e+308,5,1.79769e+308,7,1.79769e+308,9,1.79769e+308,38,1.79769e+308,36,1.79769e+308,34,1.79769e+308,32,1.79769e+308,30,1.79769e+308,28,1.79769e+308,26,1.79769e+308,24,1.79769e+308,22,1.79769e+308,20,1.79769e+308,18,1.79769e+308,16,1.79769e+308,14,1.79769e+308,12,1.79769e+308,10,1.79769e+308,8,1.79769e+308,6,1.79769e+308,6,1.79769e+308,8,1.79769e+308,10,1.79769e+308,39,1.79769e+308,37,1.79769e+308,35,1.79769e+308,33,1.79769e+308,31,1.79769e+308,29,1.79769e+308,27,1.79769e+308,25,1.79769e+308,23,1.79769e+308,21,1.79769e+308,19,1.79769e+308,17,1.79769e+308,15,1.79769e+308,13,1.79769e+308,11,1.79769e+308,9,1.79769e+308,7,1.79769e+308,7,1.79769e+308,9,1.79769e+308,11,1.79769e+308,
594
48,1.79769e+308,46,1.79769e+308,44,1.79769e+308,42,1.79769e+308,40,1.79769e+308,38,1.79769e+308,36,1.79769e+308,34,1.79769e+308,32,1.79769e+308,30,1.79769e+308,28,1.79769e+308,26,1.79769e+308,24,1.79769e+308,22,1.79769e+308,20,1.79769e+308,18,1.79769e+308,16,1.79769e+308,14,1.79769e+308,16,1.79769e+308,18,1.79769e+308,47,1.79769e+308,45,1.79769e+308,43,1.79769e+308,41,1.79769e+308,39,1.79769e+308,37,1.79769e+308,35,1.79769e+308,33,1.79769e+308,31,1.79769e+308,29,1.79769e+308,27,1.79769e+308,25,1.79769e+308,23,1.79769e+308,21,1.79769e+308,19,1.79769e+308,17,1.79769e+308,15,1.79769e+308,13,1.79769e+308,15,1.79769e+308,17,1.79769e+308,46,1.79769e+308,44,1.79769e+308,42,1.79769e+308,40,1.79769e+308,38,1.79769e+308,36,1.79769e+308,34,1.79769e+308,32,1.79769e+308,30,1.79769e+308,28,1.79769e+308,26,1.79769e+308,24,1.79769e+308,22,1.79769e+308,20,1.79769e+308,18,1.79769e+308,16,1.79769e+308,14,1.79769e+308,12,1.79769e+308,14,1.79769e+308,16,1.79769e+308,45,1.79769e+308,43,1.79769e+308,41,1.79769e+308,39,1.79769e+308,37,1.79769e+308,35,1.79769e+308,33,1.79769e+308,31,1.79769e+308,29,1.79769e+308,27,1.79769e+308,25,1.79769e+308,23,1.79769e+308,21,1.79769e+308,19,1.79769e+308,17,1.79769e+308,15,1.79769e+308,13,1.79769e+308,11,1.79769e+308,13,1.79769e+308,15,1.79769e+308,44,1.79769e+308,42,1.79769e+308,40,1.79769e+308,38,1.79769e+308,36,1.79769e+308,34,1.79769e+308,32,1.79769e+308,30,1.79769e+308,28,1.79769e+308,26,1.79769e+308,24,1.79769e+308,22,1.79769e+308,20,1.79769e+308,18,1.79769e+308,16,1.79769e+308,14,1.79769e+308,12,1.79769e+308,10,1.79769e+308,12,1.79769e+308,14,1.79769e+308,43,1.79769e+308,41,1.79769e+308,39,1.79769e+308,37,1.79769e+308,35,1.79769e+308,33,1.79769e+308,31,1.79769e+308,29,1.79769e+308,27,1.79769e+308,25,1.79769e+308,23,1.79769e+308,21,1.79769e+308,19,1.79769e+308,17,1.79769e+308,15,1.79769e+308,13,1.79769e+308,11,1.79769e+308,9,1.79769e+308,11,1.79769e+308,13,1.79769e+308,42,1.79769e+308,40,1.79769e+308,38,1.79769e+308,36,1.79769e+308,34,1.79769e+308,32,1.79769e+308,30,1.79769e+308,28,1.79769e+308,26,1.79769e+308,24,1.79769e+308,22,1.79769e+308,20,1.79769e+308,18,1.79769e+308,16,1.79769e+308,14,1.79769e+308,12,1.79769e+308,10,1.79769e+308,8,1.79769e+308,10,1.79769e+308,12,1.79769e+308,41,1.79769e+308,39,1.79769e+308,37,1.79769e+308,35,1.79769e+308,33,1.79769e+308,31,1.79769e+308,29,1.79769e+308,27,1.79769e+308,25,1.79769e+308,23,1.79769e+308,21,1.79769e+308,19,1.79769e+308,17,1.79769e+308,15,1.79769e+308,13,1.79769e+308,11,1.79769e+308,9,1.79769e+308,7,1.79769e+308,9,1.79769e+308,11,1.79769e+308,40,1.79769e+308,38,1.79769e+308,36,1.79769e+308,34,1.79769e+308,32,1.79769e+308,30,1.79769e+308,28,1.79769e+308,26,1.79769e+308,24,1.79769e+308,22,1.79769e+308,20,1.79769e+308,18,1.79769e+308,16,1.79769e+308,14,1.79769e+308,12,1.79769e+308,10,1.79769e+308,8,1.79769e+308,6,1.79769e+308,8,1.79769e+308,10,1.79769e+308,39,1.79769e+308,37,1.79769e+308,35,1.79769e+308,33,1.79769e+308,31,1.79769e+308,29,1.79769e+308,27,1.79769e+308,25,1.79769e+308,23,1.79769e+308,21,1.79769e+308,19,1.79769e+308,17,1.79769e+308,15,1.79769e+308,13,1.79769e+308,11,1.79769e+308,9,1.79769e+308,7,1.79769e+308,5,1.79769e+308,7,1.79769e+308,9,1.79769e+308,38,1.79769e+308,36,1.79769e+308,34,1.79769e+308,32,1.79769e+308,30,1.79769e+308,28,1.79769e+308,26,1.79769e+308,24,1.79769e+308,22,1.79769e+308,20,1.79769e+308,18,1.79769e+308,16,1.79769e+308,14,1.79769e+308,12,1.79769e+308,10,1.79769e+308,8,1.79769e+308,6,1.79769e+308,4,1.79769e+308,6,1.79769e+308,8,1.79769e+308,37,1.79769e+308,35,1.79769e+308,33,1.79769e+308,31,1.79769e+308,29,1.79769e+308,27,1.79769e+308,25,1.79769e+308,23,1.79769e+308,21,1.79769e+308,19,1.79769e+308,17,1.79769e+308,15,1.79769e+308,13,1.79769e+308,11,1.79769e+308,9,1.79769e+308,7,1.79769e+308,5,1.79769e+308,3,1.79769e+308,5,1.79769e+308,7,1.79769e+308,36,1.79769e+308,34,1.79769e+308,32,1.79769e+308,30,1.79769e+308,28,1.79769e+308,26,1.79769e+308,24,1.79769e+308,22,1.79769e+308,20,1.79769e+308,18,1.79769e+308,16,1.79769e+308,14,1.79769e+308,12,1.79769e+308,10,1.79769e+308,8,1.79769e+308,6,1.79769e+308,4,1.79769e+308,2,1.79769e+308,4,1.79769e+308,6,1.79769e+308,35,34,33,32,31,30,29,28,27,26,25,24,23,22,21,20,19,18,17,16,15,14,13,12,11,10,9,8,7,6,5,4,3,2,1,2,3,4,5,6,34,33,32,31,30,29,28,27,26,25,24,23,22,21,20,19,18,17,16,15,14,13,12,11,10,9,8,7,6,5,4,3,2,1,0,1,2,3,4,5,35,34,33,32,31,30,29,28,27,26,25,24,23,22,21,20,19,18,17,16,15,14,13,12,11,10,9,8,7,6,5,4,3,2,1,2,3,4,5,6,36,1.79769e+308,34,1.79769e+308,32,1.79769e+308,30,1.79769e+308,28,1.79769e+308,26,1.79769e+308,24,1.79769e+308,22,1.79769e+308,20,1.79769e+308,18,1.79769e+308,16,1.79769e+308,14,1.79769e+308,12,1.79769e+308,10,1.79769e+308,8,1.79769e+308,6,1.79769e+308,4,1.79769e+308,2,1.79769e+308,4,1.79769e+308,6,1.79769e+308,37,1.79769e+308,35,1.79769e+308,33,1.79769e+308,31,1.79769e+308,29,1.79769e+308,27,1.79769e+308,25,1.79769e+308,23,1.79769e+308,21,1.79769e+308,19,1.79769e+308,17,1.79769e+308,15,1.79769e+308,13,1.79769e+308,11,1.79769e+308,9,1.79769e+308,7,1.79769e+308,5,1.79769e+308,3,1.79769e+308,5,1.79769e+308,7,1.79769e+308,38,1.79769e+308,36,1.79769e+308,34,1.79769e+308,32,1.79769e+308,30,1.79769e+308,28,1.79769e+308,26,1.79769e+308,24,1.79769e+308,22,1.79769e+308,20,1.79769e+308,18,1.79769e+308,16,1.79769e+308,14,1.79769e+308,12,1.79769e+308,10,1.79769e+308,8,1.79769e+308,6,1.79769e+308,4,1.79769e+308,6,1.79769e+308,8,1.79769e+308,39,1.79769e+308,37,1.79769e+308,35,1.79769e+308,33,1.79769e+308,31,1.79769e+308,29,1.79769e+308,27,1.79769e+308,25,1.79769e+308,23,1.79769e+308,21,1.79769e+308,19,1.79769e+308,17,1.79769e+308,15,1.79769e+308,13,1.79769e+308,11,1.79769e+308,9,1.79769e+308,7,1.79769e+308,5,1.79769e+308,7,1.79769e+308,9,1.79769e+308,40,1.79769e+308,38,1.79769e+308,36,1.79769e+308,34,1.79769e+308,32,1.79769e+308,30,1.79769e+308,28,1.79769e+308,26,1.79769e+308,24,1.79769e+308,22,1.79769e+308,20,1.79769e+308,18,1.79769e+308,16,1.79769e+308,14,1.79769e+308,12,1.79769e+308,10,1.79769e+308,8,1.79769e+308,6,1.79769e+308,8,1.79769e+308,10,1.79769e+308,
566
20,1.79769e+308,18,1.79769e+308,16,1.79769e+308,14,1.79769e+308,16,1.79769e+308,18,1.79769e+308,20,1.79769e+308,22,1.79769e+308,24,1.79769e+308,26,1.79769e+308,28,1.79769e+308,30,1.79769e+308,32,1.79769e+308,34,1.79769e+308,36,1.79769e+308,38,1.79769e+308,40,1.79769e+308,42,1.79769e+308,44,1.79769e+308,46,1.79769e+308,19,1.79769e+308,17,1.79769e+308,15,1.79769e+308,13,1.79769e+308,15,1.79769e+308,17,1.79769e+308,19,1.79769e+308,21,1.79769e+308,23,1.79769e+308,25,1.79769e+308,27,1.79769e+308,29,1.79769e+308,31,1.79769e+308,33,1.79769e+308,35,1.79769e+308,37,1.79769e+308,39,1.79769e+308,41,1.79769e+308,43,1.79769e+308,45,1.79769e+308,18,1.79769e+308,16,1.79769e+308,14,1.79769e+308,12,1.79769e+308,14,1.79769e+308,16,1.79769e+308,18,1.79769e+308,20,1.79769e+308,22,1.79769e+308,24,1.79769e+308,26,1.79769e+308,28,1.79769e+308,30,1.79769e+308,32,1.79769e+308,34,1.79769e+308,36,1.79769e+308,38,1.79769e+308,40,1.79769e+308,42,1.79769e+308,44,1.79769e+308,17,1.79769e+308,15,1.79769e+308,13,1.79769e+308,11,1.79769e+308,13,1.79769e+308,15,1.79769e+308,17,1.79769e+308,19,1.79769e+308,21,1.79769e+308,23,1.79769e+308,25,1.79769e+308,27,1.79769e+308,29,1.79769e+308,31,1.79769e+308,33,1.79769e+308,35,1.79769e+308,37,1.79769e+308,39,1.79769e+308,41,1.79769e+308,43,1.79769e+308,16,1.79769e+308,14,1.79769e+308,12,1.79769e+308,10,1.79769e+308,12,1.79769e+308,14,1.79769e+308,16,1.79769e+308,18,1.79769e+308,20,1.79769e+308,22,1.79769e+308,24,1.79769e+308,26,1.79769e+308,28,1.79769e+308,30,1.79769e+308,32,1.79769e+308,34,1.79769e+308,36,1.79769e+308,38,1.79769e+308,40,1.79769e+308,42,1.79769e+308,15,1.79769e+308,13,1.79769e+308,11,1.79769e+308,9,1.79769e+308,11,1.79769e+308,13,1.79769e+308,15,1.79769e+308,17,1.79769e+308,19,1.79769e+308,21,1.79769e+308,23,1.79769e+308,25,1.79769e+308,27,1.79769e+308,29,1.79769e+308,31,1.79769e+308,33,1.79769e+308,35,1.79769e+308,37,1.79769e+308,39,1.79769e+308,41,1.79769e+308,14,1.79769e+308,12,1.79769e+308,10,1.79769e+308,8,1.79769e+308,10,1.79769e+308,12,1.79769e+308,14,1.79769e+308,16,1.79769e+308,18,1.79769e+308,20,1.79769e+308,22,1.79769e+308,24,1.79769e+308,26,1.79769e+308,28,1.79769e+308,30,1.79769e+308,32,1.79769e+308,34,1.79769e+308,36,1.79769e+308,38,1.79769e+308,40,1.79769e+308,13,1.79769e+308,11,1.79769e+308,9,1.79769e+308,7,1.79769e+308,9,1.79769e+308,11,1.79769e+308,13,1.79769e+308,15,1.79769e+308,17,1.79769e+308,19,1.79769e+308,21,1.79769e+308,23,1.79769e+308,25,1.79769e+308,27,1.79769e+308,29,1.79769e+308,31,1.79769e+308,33,1.79769e+308,35,1.79769e+308,37,1.79769e+308,39,1.79769e+308,12,1.79769e+308,10,1.79769e+308,8,1.79769e+308,6,1.79769e+308,8,1.79769e+308,10,1.79769e+308,12,1.79769e+308,14,1.79769e+308,16,1.79769e+308,18,1.79769e+308,20,1.79769e+308,22,1.79769e+308,24,1.79769e+308,26,1.79769e+308,28,1.79769e+308,30,1.79769e+308,32,1.79769e+308,34,1.79769e+308,36,1.79769e+308,38,1.79769e+308,11,1.79769e+308,9,1.79769e+308,7,1.79769e+308,5,1.79769e+308,7,1.79769e+308,9,1.79769e+308,11,1.79769e+308,13,1.79769e+308,15,1.79769e+308,17,1.79769e+308,19,1.79769e+308,21,1.79769e+308,23,1.79769e+308,25,1.79769e+308,27,1.79769e+308,29,1.79769e+308,31,1.79769e+308,33,1.79769e+308,35,1.79769e+308,37,1.79769e+308,10,1.79769e+308,8,1.79769e+308,6,1.79769e+308,4,1.79769e+308,6,1.79769e+308,8,1.79769e+308,10,1.79769e+308,12,1.79769e+308,14,1.79769e+308,16,1.79769e+308,18,1.79769e+308,20,1.79769e+308,22,1.79769e+308,24,1.79769e+308,26,1.79769e+308,28,1.79769e+308,30,1.79769e+308,32,1.79769e+308,34,1.79769e+308,36,1.79769e+308,9,1.79769e+308,7,1.79769e+308,5,1.79769e+308,3,1.79769e+308,5,1.79769e+308,7,1.79769e+308,9,1.79769e+308,11,1.79769e+308,13,1.79769e+308,15,1.79769e+308,17,1.79769e+308,19,1.79769e+308,21,1.79769e+308,23,1.79769e+308,25,1.79769e+308,27,1.79769e+308,29,1.79769e+308,31,1.79769e+308,33,1.79769e+308,35,1.79769e+308,8,1.79769e+308,6,1.79769e+308,4,1.79769e+308,2,1.79769e+308,4,1.79769e+308,6,1.79769e+308,8,1.79769e+308,10,1.79769e+308,12,1.79769e+308,14,1.79769e+308,16,1.79769e+308,18,1.79769e+308,20,1.79769e+308,22,1.79769e+308,24,1.79769e+308,26,1.79769e+308,28,1.79769e+308,30,1.79769e+308,32,1.79769e+308,34,1.79769e+308,7,6,5,4,3,2,1,2,3,4,5,6,7,8,9,10,11,12,13,14,15,16,17,18,19,20,21,22,23,24,25,26,27,28,29,30,31,32,33,34,6,5,4,3,2,1,0,1,2,3,4,5,6,7,8,9,10,11,12,13,14,15,16,17,18,19,20,21,22,23,24,25,26,27,28,29,30,31,32,33,7,6,5,4,3,2,1,2,3,4,5,6,7,8,9,10,11,12,13,14,15,16,17,18,19,20,21,22,23,24,25,26,27,28,29,30,31,32,33,34,8,1.79769e+308,6,1.79769e+308,4,1.79769e+308,2,1.79769e+308,4,1.79769e+308,6,1.79769e+308,8,1.79769e+308,10,1.79769e+308,12,1.79769e+308,14,1.79769e+308,16,1.79769e+308,18,1.79769e+308,20,1.79769e+308,22,1.79769e+308,24,1.79769e+308,26,1.79769e+308,28,1.79769e+308,30,1.79769e+308,32,1.79769e+308,34,1.79769e+308,9,1.79769e+308,7,1.79769e+308,5,1.79769e+308,3,1.79769e+308,5,1.79769e+308,7,1.79769e+308,9,1.79769e+308,11,1.79769e+308,13,1.79769e+308,15,1.79769e+308,17,1.79769e+308,19,1.79769e+308,21,1.79769e+308,23,1.79769e+308,25,1.79769e+308,27,1.79769e+308,29,1.79769e+308,31,1.79769e+308,33,1.79769e+308,35,1.79769e+308,10,1.79769e+308,8,1.79769e+308,6,1.79769e+308,4,1.79769e+308,6,1.79769e+308,8,1.79769e+308,10,1.79769e+308,12,1.79769e+308,14,1.79769e+308,16,1.79769e+308,18,1.79769e+308,20,1.79769e+308,22,1.79769e+308,24,1.79769e+308,26,1.79769e+308,28,1.79769e+308,30,1.79769e+308,32,1.79769e+308,34,1.79769e+308,36,1.79769e+308,11,1.79769e+308,9,1.79769e+308,7,1.79769e+308,5,1.79769e+308,7,1.79769e+308,9,1.79769e+308,11,1.79769e+308,13,1.79769e+308,15,1.79769e+308,17,1.79769e+308,19,1.79769e+308,21,1.79769e+308,23,1.79769e+308,25,1.79769e+308,27,1.79769e+308,29,1.79769e+308,31,1.79769e+308,33,1.79769e+308,35,1.79769e+308,37,1.79769e+308,12,1.79769e+308,10,1.79769e+308,8,1.79769e+308,6,1.79769e+308,8,1.79769e+308,10,1.79769e+308,12,1.79769e+308,14,1.79769e+308,16,1.79769e+308,18,1.79769e+308,20,1.79769e+308,22,1.79769e+308,24,1.79769e+308,26,1.79769e+308,28,1.79769e+308,30,1.79769e+308,32,1.79769e+308,34,1.79769e+308,36,1.79769e+308,38,1.79769e+308,
567
21,1.79769e+308,19,1.79769e+308,17,1.79769e+308,15,1.79769e+308,15,1.79769e+308,17,1.79769e+308,19,1.79769e+308,21,1.79769e+308,23,1.79769e+308,25,1.79769e+308,27,1.79769e+308,29,1.79769e+308,31,1.79769e+308,33,1.79769e+308,35,1.79769e+308,37,1.79769e+308,39,1.79769e+308,41,1.79769e+308,43,1.79769e+308,45,1.79769e+308,20,1.79769e+308,18,1.79769e+308,16,1.79769e+308,14,1.79769e+308,14,1.79769e+308,16,1.79769e+308,18,1.79769e+308,20,1.79769e+308,22,1.79769e+308,24,1.79769e+308,26,1.79769e+308,28,1.79769e+308,30,1.79769e+308,32,1.79769e+308,34,1.79769e+308,36,1.79769e+308,38,1.79769e+308,40,1.79769e+308,42,1.79769e+308,44,1.79769e+308,19,1.79769e+308,17,1.79769e+308,15,1.79769e+308,13,1.79769e+308,13,1.79769e+308,15,1.79769e+308,17,1.79769e+308,19,1.79769e+308,21,1.79769e+308,23,1.79769e+308,25,1.79769e+308,27,1.79769e+308,29,1.79769e+308,31,1.79769e+308,33,1.79769e+308,35,1.79769e+308,37,1.79769e+308,39,1.79769e+308,41,1.79769e+308,43,1.79769e+308,18,1.79769e+308,16,1.79769e+308,14,1.79769e+308,12,1.79769e+308,12,1.79769e+308,14,1.79769e+308,16,1.79769e+308,18,1.79769e+308,20,1.79769e+308,22,1.79769e+308,24,1.79769e+308,26,1.79769e+308,28,1.79769e+308,30,1.79769e+308,32,1.79769e+308,34,1.79769e+308,36,1.79769e+308,38,1.79769e+308,40,1.79769e+308,42,1.79769e+308,17,1.79769e+308,15,1.79769e+308,13,1.79769e+308,11,1.79769e+308,11,1.79769e+308,13,1.79769e+308,15,1.79769e+308,17,1.79769e+308,19,1.79769e+308,21,1.79769e+308,23,1.79769e+308,25,1.79769e+308,27,1.79769e+308,29,1.79769e+308,31,1.79769e+308,33,1.79769e+308,35,1.79769e+308,37,1.79769e+308,39,1.79769e+308,41,1.79769e+308,16,1.79769e+308,14,1.79769e+308,12,1.79769e+308,10,1.79769e+308,10,1.79769e+308,12,1.79769e+308,14,1.79769e+308,16,1.79769e+308,18,1.79769e+308,20,1.79769e+308,22,1.79769e+308,24,1.79769e+308,26,1.79769e+308,28,1.79769e+308,30,1.79769e+308,32,1.79769e+308,34,1.79769e+308,36,1.79769e+308,38,1.79769e+308,40,1.79769e+308,15,1.79769e+308,13,1.79769e+308,11,1.79769e+308,9,1.79769e+308,9,1.79769e+308,11,1.79769e+308,13,1.79769e+308,15,1.79769e+308,17,1.79769e+308,19,1.79769e+308,21,1.79769e+308,23,1.79769e+308,25,1.79769e+308,27,1.79769e+308,29,1.79769e+308,31,1.79769e+308,33,1.79769e+308,35,1.79769e+308,37,1.79769e+308,39,1.79769e+308,14,1.79769e+308,12,1.79769e+308,10,1.79769e+308,8,1.79769e+308,8,1.79769e+308,10,1.79769e+308,12,1.79769e+308,14,1.79769e+308,16,1.79769e+308,18,1.79769e+308,20,1.79769e+308,22,1.79769e+308,24,1.79769e+308,26,1.79769e+308,28,1.79769e+308,30,1.79769e+308,32,1.79769e+308,34,1.79769e+308,36,1.79769e+308,38,1.79769e+308,13,1.79769e+308,11,1.79769e+308,9,1.79769e+308,7,1.79769e+308,7,1.79769e+308,9,1.79769e+308,11,1.79769e+308,13,1.79769e+308,15,1.79769e+308,17,1.79769e+308,19,1.79769e+308,21,1.79769e+308,23,1.79769e+308,25,1.79769e+308,27,1.79769e+308,29,1.79769e+308,31,1.79769e+308,33,1.79769e+308,35,1.79769e+308,37,1.79769e+308,12,1.79769e+308,10,1.79769e+308,8,1.79769e+308,6,1.79769e+308,6,1.79769e+308,8,1.79769e+308,10,1.79769e+308,12,1.79769e+308,14,1.79769e+308,16,1.79769e+308,18,1.79769e+308,20,1.79769e+308,22,1.79769e+308,24,1.79769e+308,26,1.79769e+308,28,1.79769e+308,30,1.79769e+308,32,1.79769e+308,34,1.79769e+308,36,1.79769e+308,11,1.79769e+308,9,1.79769e+308,7,1.79769e+308,5,1.79769e+308,5,1.79769e+308,7,1.79769e+308,9,1.79769e+308,11,1.79769e+308,13,1.79769e+308,15,1.79769e+308,17,1.79769e+308,19,1.79769e+308,21,1.79769e+308,23,1.79769e+308,25,1.79769e+308,27,1.79769e+308,29,1.79769e+308,31,1.79769e+308,33,1.79769e+308,35,1.79769e+308,10,1.79769e+308,8,1.79769e+308,6,1.79769e+308,4,1.79769e+308,4,1.79769e+308,6,1.79769e+308,8,1.79769e+308,10,1.79769e+308,12,1.79769e+308,14,1.79769e+308,16,1.79769e+308,18,1.79769e+308,20,1.79769e+308,22,1.79769e+308,24,1.79769e+308,26,1.79769e+308,28,1.79769e+308,30,1.79769e+308,32,1.79769e+308,34,1.79769e+308,9,1.79769e+308,7,1.79769e+308,5,1.79769e+308,3,1.79769e+308,3,1.79769e+308,5,1.79769e+308,7,1.79769e+308,9,1.79769e+308,11,1.79769e+308,13,1.79769e+308,15,1.79769e+308,17,1.79769e+308,19,1.79769e+308,21,1.79769e+308,23,1.79769e+308,25,1.79769e+308,27,1.79769e+308,29,1.79769e+308,31,1.79769e+308,33,1.79769e+308,8,7,6,5,4,3,2,1,2,3,4,5,6,7,8,9,10,11,12,13,14,15,16,17,18,19,20,21,22,23,24,25,26,27,28,29,30,31,32,33,7,6,5,4,3,2,1,0,1,2,3,4,5,6,7,8,9,10,11,12,13,14,15,16,17,18,19,20,21,22,23,24,25,26,27,28,29,30,31,32,8,7,6,5,4,3,2,1,2,3,4,5,6,7,8,9,10,11,12,13,14,15,16,17,18,19,20,21,22,23,24,25,26,27,28,29,30,31,32,33,9,1.79769e+308,7,1.79769e+308,5,1.79769e+308,3,1.79769e+308,3,1.79769e+308,5,1.79769e+308,7,1.79769e+308,9,1.79769e+308,11,1.79769e+308,13,1.79769e+308,15,1.79769e+308,17,1.79769e+308,19,1.79769e+308,21,1.79769e+308,23,1.79769e+308,25,1.79769e+308,27,1.79769e+308,29,1.79769e+308,31,1.79769e+308,33,1.79769e+308,10,1.79769e+308,8,1.79769e+308,6,1.79769e+308,4,1.79769e+308,4,1.79769e+308,6,1.79769e+308,8,1.79769e+308,10,1.79769e+308,12,1.79769e+308,14,1.79769e+308,16,1.79769e+308,18,1.79769e+308,20,1.79769e+308,22,1.79769e+308,24,1.79769e+308,26,1.79769e+308,28,1.79769e+308,30,1.79769e+308,32,1.79769e+308,34,1.79769e+308,11,1.79769e+308,9,1.79769e+308,7,1.79769e+308,5,1.79769e+308,5,1.79769e+308,7,1.79769e+308,9,1.79769e+308,11,1.79769e+308,13,1.79769e+308,15,1.79769e+308,17,1.79769e+308,19,1.79769e+308,21,1.79769e+308,23,1.79769e+308,25,1.79769e+308,27,1.79769e+308,29,1.79769e+308,31,1.79769e+308,33,1.79769e+308,35,1.79769e+308,12,1.79769e+308,10,1.79769e+308,8,1.79769e+308,6,1.79769e+308,6,1.79769e+308,8,1.79769e+308,10,1.79769e+308,12,1.79769e+308,14,1.79769e+308,16,1.79769e+308,18,1.79769e+308,20,1.79769e+308,22,1.79769e+308,24,1.79769e+308,26,1.79769e+308,28,1.79769e+308,30,1.79769e+308,32,1.79769e+308,34,1.79769e+308,36,1.79769e+308,13,1.79769e+308,11,1.79769e+308,9,1.79769e+308,7,1.79769e+308,7,1.79769e+308,9,1.79769e+308,11,1.79769e+308,13,1.79769e+308,15,1.79769e+308,17,1.79769e+308,19,1.79769e+308,21,1.79769e+308,23,1.79769e+308,25,1.79769e+308,27,1.79769e+308,29,1.79769e+308,31,1.79769e+308,33,1.79769e+308,35,1.79769e+308,37,1.79769e+308,
596
50,1.79769e+308,48,1.79769e+308,46,1.79769e+308,44,1.79769e+308,42,1.79769e+308,40,1.79769e+308,38,1.79769e+308,36,1.79769e+308,34,1.79769e+308,32,1.79769e+308,30,1.79769e+308,28,1.79769e+308,26,1.79769e+308,24,1.79769e+308,22,1.79769e+308,20,1.79769e+308,18,1.79769e+308,16,1.79769e+308,14,1.79769e+308,16,1.79769e+308,49,1.79769e+308,47,1.79769e+308,45,1.79769e+308,43,1.79769e+308,41,1.79769e+308,39,1.79769e+308,37,1.79769e+308,35,1.79769e+308,33,1.79769e+308,31,1.79769e+308,29,1.79769e+308,27,1.79769e+308,25,1.79769e+308,23,1.79769e+308,21,1.79769e+308,19,1.79769e+308,17,1.79769e+308,15,1.79769e+308,13,1.79769e+308,15,1.79769e+308,48,1.79769e+308,46,1.79769e+308,44,1.79769e+308,42,1.79769e+308,40,1.79769e+308,38,1.79769e+308,36,1.79769e+308,34,1.79769e+308,32,1.79769e+308,30,1.79769e+308,28,1.79769e+308,26,1.79769e+308,24,1.79769e+308,22,1.79769e+308,20,1.79769e+308,18,1.79769e+308,16,1.79769e+308,14,1.79769e+308,12,1.79769e+308,14,1.79769e+308,47,1.79769e+308,45,1.79769e+308,43,1.79769e+308,41,1.79769e+308,39,1.79769e+308,37,1.79769e+308,35,1.79769e+308,33,1.79769e+308,31,1.79769e+308,29,1.79769e+308,27,1.79769e+308,25,1.79769e+308,23,1.79769e+308,21,1.79769e+308,19,1.79769e+308,17,1.79769e+308,15,1.79769e+308,13,1.79769e+308,11,1.79769e+308,13,1.79769e+308,46,1.79769e+308,44,1.79769e+308,42,1.79769e+308,40,1.79769e+308,38,1.79769e+308,36,1.79769e+308,34,1.79769e+308,32,1.79769e+308,30,1.79769e+308,28,1.79769e+308,26,1.79769e+308,24,1.79769e+308,22,1.79769e+308,20,1.79769e+308,18,1.79769e+308,16,1.79769e+308,14,1.79769e+308,12,1.79769e+308,10,1.79769e+308,12,1.79769e+308,45,1.79769e+308,43,1.79769e+308,41,1.79769e+308,39,1.79769e+308,37,1.79769e+308,35,1.79769e+308,33,1.79769e+308,31,1.79769e+308,29,1.79769e+308,27,1.79769e+308,25,1.79769e+308,23,1.79769e+308,21,1.79769e+308,19,1.79769e+308,17,1.79769e+308,15,1.79769e+308,13,1.79769e+308,11,1.79769e+308,9,1.79769e+308,11,1.79769e+308,44,1.79769e+308,42,1.79769e+308,40,1.79769e+308,38,1.79769e+308,36,1.79769e+308,34,1.79769e+308,32,1.79769e+308,30,1.79769e+308,28,1.79769e+308,26,1.79769e+308,24,1.79769e+308,22,1.79769e+308,20,1.79769e+308,18,1.79769e+308,16,1.79769e+308,14,1.79769e+308,12,1.79769e+308,10,1.79769e+308,8,1.79769e+308,10,1.79769e+308,43,1.79769e+308,41,1.79769e+308,39,1.79769e+308,37,1.79769e+308,35,1.79769e+308,33,1.79769e+308,31,1.79769e+308,29,1.79769e+308,27,1.79769e+308,25,1.79769e+308,23,1.79769e+308,21,1.79769e+308,19,1.79769e+308,17,1.79769e+308,15,1.79769e+308,13,1.79769e+308,11,1.79769e+308,9,1.79769e+308,7,1.79769e+308,9,1.79769e+308,42,1.79769e+308,40,1.79769e+308,38,1.79769e+308,36,1.79769e+308,34,1.79769e+308,32,1.79769e+308,30,1.79769e+308,28,1.79769e+308,26,1.79769e+308,24,1.79769e+308,22,1.79769e+308,20,1.79769e+308,18,1.79769e+308,16,1.79769e+308,14,1.79769e+308,12,1.79769e+308,10,1.79769e+308,8,1.79769e+308,6,1.79769e+308,8,1.79769e+308,41,1.79769e+308,39,1.79769e+308,37,1.79769e+308,35,1.79769e+308,33,1.79769e+308,31,1.79769e+308,29,1.79769e+308,27,1.79769e+308,25,1.79769e+308,23,1.79769e+308,21,1.79769e+308,19,1.79769e+308,17,1.79769e+308,15,1.79769e+308,13,1.79769e+308,11,1.79769e+308,9,1.79769e+308,7,1.79769e+308,5,1.79769e+308,7,1.79769e+308,40,1.79769e+308,38,1.79769e+308,36,1.79769e+308,34,1.79769e+308,32,1.79769e+308,30,1.79769e+308,28,1.79769e+308,26,1.79769e+308,24,1.79769e+308,22,1.79769e+308,20,1.79769e+308,18,1.79769e+308,16,1.79769e+308,14,1.79769e+308,12,1.79769e+308,10,1.79769e+308,8,1.79769e+308,6,1.79769e+308,4,1.79769e+308,6,1.79769e+308,39,1.79769e+308,37,1.79769e+308,35,1.79769e+308,33,1.79769e+308,31,1.79769e+308,29,1.79769e+308,27,1.79769e+308,25,1.79769e+308,23,1.79769e+308,21,1.79769e+308,19,1.79769e+308,17,1.79769e+308,15,1.79769e+308,13,1.79769e+308,11,1.79769e+308,9,1.79769e+308,7,1.79769e+308,5,1.79769e+308,3,1.79769e+308,5,1.79769e+308,38,1.79769e+308,36,1.79769e+308,34,1.79769e+308,32,1.79769e+308,30,1.79769e+308,28,1.79769e+308,26,1.79769e+308,24,1.79769e+308,22,1.79769e+308,20,1.79769e+308,18,1.79769e+308,16,1.79769e+308,14,1.79769e+308,12,1.79769e+308,10,1.79769e+308,8,1.79769e+308,6,1.79769e+308,4,1.79769e+308,2,1.79769e+308,4,1.79769e+308,37,36,35,34,33,32,31,30,29,28,27,26,25,24,23,22,21,20,19,18,17,16,15,14,13,12,11,10,9,8,7,6,5,4,3,2,1,2,3,4,36,35,34,33,32,31,30,29,28,27,26,25,24,23,22,21,20,19,18,17,16,15,14,13,12,11,10,9,8,7,6,5,4,3,2,1,0,1,2,3,37,36,35,34,33,32,31,30,29,28,27,26,25,24,23,22,21,20,19,18,17,16,15,14,13,12,11,10,9,8,7,6,5,4,3,2,1,2,3,4,38,1.79769e+308,36,1.79769e+308,34,1.79769e+308,32,1.79769e+308,30,1.79769e+308,28,1.79769e+308,26,1.79769e+308,24,1.79769e+308,22,1.79769e+308,20,1.79769e+308,18,1.79769e+308,16,1.79769e+308,14,1.79769e+308,12,1.79769e+308,10,1.79769e+308,8,1.79769e+308,6,1.79769e+308,4,1.79769e+308,2,1.79769e+308,4,1.79769e+308,39,1.79769e+308,37,1.79769e+308,35,1.79769e+308,33,1.79769e+308,31,1.79769e+308,29,1.79769e+308,27,1.79769e+308,25,1.79769e+308,23,1.79769e+308,21,1.79769e+308,19,1.79769e+308,17,1.79769e+308,15,1.79769e+308,13,1.79769e+308,11,1.79769e+308,9,1.79769e+308,7,1.79769e+308,5,1.79769e+308,3,1.79769e+308,5,1.79769e+308,40,1.79769e+308,38,1.79769e+308,36,1.79769e+308,34,1.79769e+308,32,1.79769e+308,30,1.79769e+308,28,1.79769e+308,26,1.79769e+308,24,1.79769e+308,22,1.79769e+308,20,1.79769e+308,18,1.79769e+308,16,1.79769e+308,14,1.79769e+308,12,1.79769e+308,10,1.79769e+308,8,1.79769e+308,6,1.79769e+308,4,1.79769e+308,6,1.79769e+308,41,1.79769e+308,39,1.79769e+308,37,1.79769e+308,35,1.79769e+308,33,1.79769e+308,31,1.79769e+308,29,1.79769e+308,27,1.79769e+308,25,1.79769e+308,23,1.79769e+308,21,1.79769e+308,19,1.79769e+308,17,1.79769e+308,15,1.79769e+308,13,1.79769e+308,11,1.79769e+308,9,1.79769e+308,7,1.79769e+308,5,1.79769e+308,7,1.79769e+308,42,1.79769e+308,40,1.79769e+308,38,1.79769e+308,36,1.79769e+308,34,1.79769e+308,32,1.79769e+308,30,1.79769e+308,28,1.79769e+308,26,1.79769e+308,24,1.79769e+308,22,1.79769e+308,20,1.79769e+308,18,1.79769e+308,16,1.79769e+308,14,1.79769e+308,12,1.79769e+308,10,1.79769e+308,8,1.79769e+308,6,1.79769e+308,8,1.79769e+308,
569
23,1.79769e+308,21,1.79769e+308,19,1.79769e+308,17,1.79769e+308,15,1.79769e+308,15,1.79769e+308,17,1.79769e+308,19,1.79769e+308,21,1.79769e+308,23,1.79769e+308,25,1.79769e+308,27,1.79769e+308,29,1.79769e+308,31,1.79769e+308,33,1.79769e+308,35,1.79769e+308,37,1.79769e+308,39,1.79769e+308,41,1.79769e+308,43,1.79769e+308,22,1.79769e+308,20,1.79769e+308,18,1.79769e+308,16,1.79769e+308,14,1.79769e+308,14,1.79769e+308,16,1.79769e+308,18,1.79769e+308,20,1.79769e+308,22,1.79769e+308,24,1.79769e+308,26,1.79769e+308,28,1.79769e+308,30,1.79769e+308,32,1.79769e+308,34,1.79769e+308,36,1.79769e+308,38,1.79769e+308,40,1.79769e+308,42,1.79769e+308,21,1.79769e+308,19,1.79769e+308,17,1.79769e+308,15,1.79769e+308,13,1.79769e+308,13,1.79769e+308,15,1.79769e+308,17,1.79769e+308,19,1.79769e+308,21,1.79769e+308,23,1.79769e+308,25,1.79769e+308,27,1.79769e+308,29,1.79769e+308,31,1.79769e+308,33,1.79769e+308,35,1.79769e+308,37,1.79769e+308,39,1.79769e+308,41,1.79769e+308,20,1.79769e+308,18,1.79769e+308,16,1.79769e+308,14,1.79769e+308,12,1.79769e+308,12,1.79769e+308,14,1.79769e+308,16,1.79769e+308,18,1.79769e+308,20,1.79769e+308,22,1.79769e+308,24,1.79769e+308,26,1.79769e+308,28,1.79769e+308,30,1.79769e+308,32,1.79769e+308,34,1.79769e+308,36,1.79769e+308,38,1.79769e+308,40,1.79769e+308,19,1.79769e+308,17,1.79769e+308,15,1.79769e+308,13,1.79769e+308,11,1.79769e+308,11,1.79769e+308,13,1.79769e+308,15,1.79769e+308,17,1.79769e+308,19,1.79769e+308,21,1.79769e+308,23,1.79769e+308,25,1.79769e+308,27,1.79769e+308,29,1.79769e+308,31,1.79769e+308,33,1.79769e+308,35,1.79769e+308,37,1.79769e+308,39,1.79769e+308,18,1.79769e+308,16,1.79769e+308,14,1.79769e+308,12,1.79769e+308,10,1.79769e+308,10,1.79769e+308,12,1.79769e+308,14,1.79769e+308,16,1.79769e+308,18,1.79769e+308,20,1.79769e+308,22,1.79769e+308,24,1.79769e+308,26,1.79769e+308,28,1.79769e+308,30,1.79769e+308,32,1.79769e+308,34,1.79769e+308,36,1.79769e+308,38,1.79769e+308,17,1.79769e+308,15,1.79769e+308,13,1.79769e+308,11,1.79769e+308,9,1.79769e+308,9,1.79769e+308,11,1.79769e+308,13,1.79769e+308,15,1.79769e+308,17,1.79769e+308,19,1.79769e+308,21,1.79769e+308,23,1.79769e+308,25,1.79769e+308,27,1.79769e+308,29,1.79769e+308,31,1.79769e+308,33,1.79769e+308,35,1.79769e+308,37,1.79769e+308,16,1.79769e+308,14,1.79769e+308,12,1.79769e+308,10,1.79769e+308,8,1.79769e+308,8,1.79769e+308,10,1.79769e+308,12,1.79769e+308,14,1.79769e+308,16,1.79769e+308,18,1.79769e+308,20,1.79769e+308,22,1.79769e+308,24,1.79769e+308,26,1.79769e+308,28,1.79769e+308,30,1.79769e+308,32,1.79769e+308,34,1.79769e+308,36,1.79769e+308,15,1.79769e+308,13,1.79769e+308,11,1.79769e+308,9,1.79769e+308,7,1.79769e+308,7,1.79769e+308,9,1.79769e+308,11,1.79769e+308,13,1.79769e+308,15,1.79769e+308,17,1.79769e+308,19,1.79769e+308,21,1.79769e+308,23,1.79769e+308,25,1.79769e+308,27,1.79769e+308,29,1.79769e+308,31,1.79769e+308,33,1.79769e+308,35,1.79769e+308,14,1.79769e+308,12,1.79769e+308,10,1.79769e+308,8,1.79769e+308,6,1.79769e+308,6,1.79769e+308,8,1.79769e+308,10,1.79769e+308,12,1.79769e+308,14,1.79769e+308,16,1.79769e+308,18,1.79769e+308,20,1.79769e+308,22,1.79769e+308,24,1.79769e+308,26,1.79769e+308,28,1.79769e+308,30,1.79769e+308,32,1.79769e+308,34,1.79769e+308,13,1.79769e+308,11,1.79769e+308,9,1.79769e+308,7,1.79769e+308,5,1.79769e+308,5,1.79769e+308,7,1.79769e+308,9,1.79769e+308,11,1.79769e+308,13,1.79769e+308,15,1.79769e+308,17,1.79769e+308,19,1.79769e+308,21,1.79769e+308,23,1.79769e+308,25,1.79769e+308,27,1.79769e+308,29,1.79769e+308,31,1.79769e+308,33,1.79769e+308,12,1.79769e+308,10,1.79769e+308,8,1.79769e+308,6,1.79769e+308,4,1.79769e+308,4,1.79769e+308,6,1.79769e+308,8,1.79769e+308,10,1.79769e+308,12,1.79769e+308,14,1.79769e+308,16,1.79769e+308,18,1.79769e+308,20,1.79769e+308,22,1.79769e+308,24,1.79769e+308,26,1.79769e+308,28,1.79769e+308,30,1.79769e+308,32,1.79769e+308,11,1.79769e+308,9,1.79769e+308,7,1.79769e+308,5,1.79769e+308,3,1.79769e+308,3,1.79769e+308,5,1.79769e+308,7,1.79769e+308,9,1.79769e+308,11,1.79769e+308,13,1.79769e+308,15,1.79769e+308,17,1.79769e+308,19,1.79769e+308,21,1.79769e+308,23,1.79769e+308,25,1.79769e+308,27,1.79769e+308,29,1.79769e+308,31,1.79769e+308,10,9,8,7,6,5,4,3,2,1,2,3,4,5,6,7,8,9,10,11,12,13,14,15,16,17,18,19,20,21,22,23,24,25,26,27,28,29,30,31,9,8,7,6,5,4,3,2,1,0,1,2,3,4,5,6,7,8,9,10,11,12,13,14,15,16,17,18,19,20,21,22,23,24,25,26,27,28,29,30,10,9,8,7,6,5,4,3,2,1,2,3,4,5,6,7,8,9,10,11,12,13,14,15,16,17,18,19,20,21,22,23,24,25,26,27,28,29,30,31,11,1.79769e+308,9,1.79769e+308,7,1.79769e+308,5,1.79769e+308,3,1.79769e+308,3,1.79769e+308,5,1.79769e+308,7,1.79769e+308,9,1.79769e+308,11,1.79769e+308,13,1.79769e+308,15,1.79769e+308,17,1.79769e+308,19,1.79769e+308,21,1.79769e+308,23,1.79769e+308,25,1.79769e+308,27,1.79769e+308,29,1.79769e+308,31,1.79769e+308,12,1.79769e+308,10,1.79769e+308,8,1.79769e+308,6,1.79769e+308,4,1.79769e+308,4,1.79769e+308,6,1.79769e+308,8,1.79769e+308,10,1.79769e+308,12,1.79769e+308,14,1.79769e+308,16,1.79769e+308,18,1.79769e+308,20,1.79769e+308,22,1.79769e+308,24,1.79769e+308,26,1.79769e+308,28,1.79769e+308,30,1.79769e+308,32,1.79769e+308,13,1.79769e+308,11,1.79769e+308,9,1.79769e+308,7,1.79769e+308,5,1.79769e+308,5,1.79769e+308,7,1.79769e+308,9,1.79769e+308,11,1.79769e+308,13,1.79769e+308,15,1.79769e+308,17,1.79769e+308,19,1.79769e+308,21,1.79769e+308,23,1.79769e+308,25,1.79769e+308,27,1.79769e+308,29,1.79769e+308,31,1.79769e+308,33,1.79769e+308,14,1.79769e+308,12,1.79769e+308,10,1.79769e+308,8,1.79769e+308,6,1.79769e+308,6,1.79769e+308,8,1.79769e+308,10,1.79769e+308,12,1.79769e+308,14,1.79769e+308,16,1.79769e+308,18,1.79769e+308,20,1.79769e+308,22,1.79769e+308,24,1.79769e+308,26,1.79769e+308,28,1.79769e+308,30,1.79769e+308,32,1.79769e+308,34,1.79769e+308,15,1.79769e+308,13,1.79769e+308,11,1.79769e+308,9,1.79769e+308,7,1.79769e+308,7,1.79769e+308,9,1.79769e+308,11,1.79769e+308,13,1.79769e+308,15,1.79769e+308,17,1.79769e+308,19,1.79769e+308,21,1.79769e+308,23,1.79769e+308,25,1.79769e+308,27,1.79769e+308,29,1.79769e+308,31,1.79769e+308,33,1.79769e+308,35,1.79769e+308,
598
52,1.79769e+308,50,1.79769e+308,48,1.79769e+308,46,1.79769e+308,44,1.79769e+308,42,1.79769e+308,40,1.79769e+308,38,1.79769e+308,36,1.79769e+308,34,1.79769e+308,32,1.79769e+308,30,1.79769e+308,28,1.79769e+308,26,1.79769e+308,24,1.79769e+308,22,1.79769e+308,20,1.79769e+308,18,1.79769e+308,16,1.79769e+308,14,1.79769e+308,51,1.79769e+308,49,1.79769e+308,47,1.79769e+308,45,1.79769e+308,43,1.79769e+308,41,1.79769e+308,39,1.79769e+308,37,1.79769e+308,35,1.79769e+308,33,1.79769e+308,31,1.79769e+308,29,1.79769e+308,27,1.79769e+308,25,1.79769e+308,23,1.79769e+308,21,1.79769e+308,19,1.79769e+308,17,1.79769e+308,15,1.79769e+308,13,1.79769e+308,50,1.79769e+308,48,1.79769e+308,46,1.79769e+308,44,1.79769e+308,42,1.79769e+308,40,1.79769e+308,38,1.79769e+308,36,1.79769e+308,34,1.79769e+308,32,1.79769e+308,30,1.79769e+308,28,1.79769e+308,26,1.79769e+308,24,1.79769e+308,22,1.79769e+308,20,1.79769e+308,18,1.79769e+308,16,1.79769e+308,14,1.79769e+308,12,1.79769e+308,49,1.79769e+308,47,1.79769e+308,45,1.79769e+308,43,1.79769e+308,41,1.79769e+308,39,1.79769e+308,37,1.79769e+308,35,1.79769e+308,33,1.79769e+308,31,1.79769e+308,29,1.79769e+308,27,1.79769e+308,25,1.79769e+308,23,1.79769e+308,21,1.79769e+308,19,1.79769e+308,17,1.79769e+308,15,1.79769e+308,13,1.79769e+308,11,1.79769e+308,48,1.79769e+308,46,1.79769e+308,44,1.79769e+308,42,1.79769e+308,40,1.79769e+308,38,1.79769e+308,36,1.79769e+308,34,1.79769e+308,32,1.79769e+308,30,1.79769e+308,28,1.79769e+308,26,1.79769e+308,24,1.79769e+308,22,1.79769e+308,20,1.79769e+308,18,1.79769e+308,16,1.79769e+308,14,1.79769e+308,12,1.79769e+308,10,1.79769e+308,47,1.79769e+308,45,1.79769e+308,43,1.79769e+308,41,1.79769e+308,39,1.79769e+308,37,1.79769e+308,35,1.79769e+308,33,1.79769e+308,31,1.79769e+308,29,1.79769e+308,27,1.79769e+308,25,1.79769e+308,23,1.79769e+308,21,1.79769e+308,19,1.79769e+308,17,1.79769e+308,15,1.79769e+308,13,1.79769e+308,11,1.79769e+308,9,1.79769e+308,46,1.79769e+308,44,1.79769e+308,42,1.79769e+308,40,1.79769e+308,38,1.79769e+308,36,1.79769e+308,34,1.79769e+308,32,1.79769e+308,30,1.79769e+308,28,1.79769e+308,26,1.79769e+308,24,1.79769e+308,22,1.79769e+308,20,1.79769e+308,18,1.79769e+308,16,1.79769e+308,14,1.79769e+308,12,1.79769e+308,10,1.79769e+308,8,1.79769e+308,45,1.79769e+308,43,1.79769e+308,41,1.79769e+308,39,1.79769e+308,37,1.79769e+308,35,1.79769e+308,33,1.79769e+308,31,1.79769e+308,29,1.79769e+308,27,1.79769e+308,25,1.79769e+308,23,1.79769e+308,21,1.79769e+308,19,1.79769e+308,17,1.79769e+308,15,1.79769e+308,13,1.79769e+308,11,1.79769e+308,9,1.79769e+308,7,1.79769e+308,44,1.79769e+308,42,1.79769e+308,40,1.79769e+308,38,1.79769e+308,36,1.79769e+308,34,1.79769e+308,32,1.79769e+308,30,1.79769e+308,28,1.79769e+308,26,1.79769e+308,24,1.79769e+308,22,1.79769e+308,20,1.79769e+308,18,1.79769e+308,16,1.79769e+308,14,1.79769e+308,12,1.79769e+308,10,1.79769e+308,8,1.79769e+308,6,1.79769e+308,43,1.79769e+308,41,1.79769e+308,39,1.79769e+308,37,1.79769e+308,35,1.79769e+308,33,1.79769e+308,31,1.79769e+308,29,1.79769e+308,27,1.79769e+308,25,1.79769e+308,23,1.79769e+308,21,1.79769e+308,19,1.79769e+308,17,1.79769e+308,15,1.79769e+308,13,1.79769e+308,11,1.79769e+308,9,1.79769e+308,7,1.79769e+308,5,1.79769e+308,42,1.79769e+308,40,1.79769e+308,38,1.79769e+308,36,1.79769e+308,34,1.79769e+308,32,1.79769e+308,30,1.79769e+308,28,1.79769e+308,26,1.79769e+308,24,1.79769e+308,22,1.79769e+308,20,1.79769e+308,18,1.79769e+308,16,1.79769e+308,14,1.79769e+308,12,1.79769e+308,10,1.79769e+308,8,1.79769e+308,6,1.79769e+308,4,1.79769e+308,41,1.79769e+308,39,1.79769e+308,37,1.79769e+308,35,1.79769e+308,33,1.79769e+308,31,1.79769e+308,29,1.79769e+308,27,1.79769e+308,25,1.79769e+308,23,1.79769e+308,21,1.79769e+308,19,1.79769e+308,17,1.79769e+308,15,1.79769e+308,13,1.79769e+308,11,1.79769e+308,9,1.79769e+308,7,1.79769e+308,5,1.79769e+308,3,1.79769e+308,40,1.79769e+308,38,1.79769e+308,36,1.79769e+308,34,1.79769e+308,32,1.79769e+308,30,1.79769e+308,28,1.79769e+308,26,1.79769e+308,24,1.79769e+308,22,1.79769e+308,20,1.79769e+308,18,1.79769e+308,16,1.79769e+308,14,1.79769e+308,12,1.79769e+308,10,1.79769e+308,8,1.79769e+308,6,1.79769e+308,4,1.79769e+308,2,1.79769e+308,39,38,37,36,35,34,33,32,31,30,29,28,27,26,25,24,23,22,21,20,19,18,17,16,15,14,13,12,11,10,9,8,7,6,5,4,3,2,1,2,38,37,36,35,34,33,32,31,30,29,28,27,26,25,24,23,22,21,20,19,18,17,16,15,14,13,12,11,10,9,8,7,6,5,4,3,2,1,0,1,39,38,37,36,35,34,33,32,31,30,29,28,27,26,25,24,23,22,21,20,19,18,17,16,15,14,13,12,11,10,9,8,7,6,5,4,3,2,1,2,40,1.79769e+308,38,1.79769e+308,36,1.79769e+308,34,1.79769e+308,32,1.79769e+308,30,1.79769e+308,28,1.79769e+308,26,1.79769e+308,24,1.79769e+308,22,1.79769e+308,20,1.79769e+308,18,1.79769e+308,16,1.79769e+308,14,1.79769e+308,12,1.79769e+308,10,1.79769e+308,8,1.79769e+308,6,1.79769e+308,4,1.79769e+308,2,1.79769e+308,41,1.79769e+308,39,1.79769e+308,37,1.79769e+308,35,1.79769e+308,33,1.79769e+308,31,1.79769e+308,29,1.79769e+308,27,1.79769e+308,25,1.79769e+308,23,1.79769e+308,21,1.79769e+308,19,1.79769e+308,17,1.79769e+308,15,1.79769e+308,13,1.79769e+308,11,1.79769e+308,9,1.79769e+308,7,1.79769e+308,5,1.79769e+308,3,1.79769e+308,42,1.79769e+308,40,1.79769e+308,38,1.79769e+308,36,1.79769e+308,34,1.79769e+308,32,1.79769e+308,30,1.79769e+308,28,1.79769e+308,26,1.79769e+308,24,1.79769e+308,22,1.79769e+308,20,1.79769e+308,18,1.79769e+308,16,1.79769e+308,14,1.79769e+308,12,1.79769e+308,10,1.79769e+308,8,1.79769e+308,6,1.79769e+308,4,1.79769e+308,43,1.79769e+308,41,1.79769e+308,39,1.79769e+308,37,1.79769e+308,35,1.79769e+308,33,1.79769e+308,31,1.79769e+308,29,1.79769e+308,27,1.79769e+308,25,1.79769e+308,23,1.79769e+308,21,1.79769e+308,19,1.79769e+308,17,1.79769e+308,15,1.79769e+308,13,1.79769e+308,11,1.79769e+308,9,1.79769e+308,7,1.79769e+308,5,1.79769e+308,44,1.79769e+308,42,1.79769e+308,40,1.79769e+308,38,1.79769e+308,36,1.79769e+308,34,1.79769e+308,32,1.79769e+308,30,1.79769e+308,28,1.79769e+308,26,1.79769e+308,24,1.79769e+308,22,1.79769e+308,20,1.79769e+308,18,1.79769e+308,16,1.79769e+308,14,1.79769e+308,12,1.79769e+308,10,1.79769e+308,8,1.79769e+308,6,1.79769e+308,
570
24,1.79769e+308,22,1.79769e+308,20,1.79769e+308,18,1.79769e+308,16,1.79769e+308,14,1.79769e+308,16,1.79769e+308,18,1.79769e+308,20,1.79769e+308,22,1.79769e+308,24,1.79769e+308,26,1.79769e+308,28,1.79769e+308,30,1.79769e+308,32,1.79769e+308,34,1.79769e+308,36,1.79769e+308,38,1.79769e+308,40,1.79769e+308,42,1.79769e+308,23,1.79769e+308,21,1.79769e+308,19,1.79769e+308,17,1.79769e+308,15,1.79769e+308,13,1.79769e+308,15,1.79769e+308,17,1.79769e+308,19,1.79769e+308,21,1.79769e+308,23,1.79769e+308,25,1.79769e+308,27,1.79769e+308,29,1.79769e+308,31,1.79769e+308,33,1.79769e+308,35,1.79769e+308,37,1.79769e+308,39,1.79769e+308,41,1.79769e+308,22,1.79769e+308,20,1.79769e+308,18,1.79769e+308,16,1.79769e+308,14,1.79769e+308,12,1.79769e+308,14,1.79769e+308,16,1.79769e+308,18,1.79769e+308,20,1.79769e+308,22,1.79769e+308,24,1.79769e+308,26,1.79769e+308,28,1.79769e+308,30,1.79769e+308,32,1.79769e+308,34,1.79769e+308,36,1.79769e+308,38,1.79769e+308,40,1.79769e+308,21,1.79769e+308,19,1.79769e+308,17,1.79769e+308,15,1.79769e+308,13,1.79769e+308,11,1.79769e+308,13,1.79769e+308,15,1.79769e+308,17,1.79769e+308,19,1.79769e+308,21,1.79769e+308,23,1.79769e+308,25,1.79769e+308,27,1.79769e+308,29,1.79769e+308,31,1.79769e+308,33,1.79769e+308,35,1.79769e+308,37,1.79769e+308,39,1.79769e+308,20,1.79769e+308,18,1.79769e+308,16,1.79769e+308,14,1.79769e+308,12,1.79769e+308,10,1.79769e+308,12,1.79769e+308,14,1.79769e+308,16,1.79769e+308,18,1.79769e+308,20,1.79769e+308,22,1.79769e+308,24,1.79769e+308,26,1.79769e+308,28,1.79769e+308,30,1.79769e+308,32,1.79769e+308,34,1.79769e+308,36,1.79769e+308,38,1.79769e+308,19,1.79769e+308,17,1.79769e+308,15,1.79769e+308,13,1.79769e+308,11,1.79769e+308,9,1.79769e+308,11,1.79769e+308,13,1.79769e+308,15,1.79769e+308,17,1.79769e+308,19,1.79769e+308,21,1.79769e+308,23,1.79769e+308,25,1.79769e+308,27,1.79769e+308,29,1.79769e+308,31,1.79769e+308,33,1.79769e+308,35,1.79769e+308,37,1.79769e+308,18,1.79769e+308,16,1.79769e+308,14,1.79769e+308,12,1.79769e+308,10,1.79769e+308,8,1.79769e+308,10,1.79769e+308,12,1.79769e+308,14,1.79769e+308,16,1.79769e+308,18,1.79769e+308,20,1.79769e+308,22,1.79769e+308,24,1.79769e+308,26,1.79769e+308,28,1.79769e+308,30,1.79769e+308,32,1.79769e+308,34,1.79769e+308,36,1.79769e+308,17,1.79769e+308,15,1.79769e+308,13,1.79769e+308,11,1.79769e+308,9,1.79769e+308,7,1.79769e+308,9,1.79769e+308,11,1.79769e+308,13,1.79769e+308,15,1.79769e+308,17,1.79769e+308,19,1.79769e+308,21,1.79769e+308,23,1.79769e+308,25,1.79769e+308,27,1.79769e+308,29,1.79769e+308,31,1.79769e+308,33,1.79769e+308,35,1.79769e+308,16,1.79769e+308,14,1.79769e+308,12,1.79769e+308,10,1.79769e+308,8,1.79769e+308,6,1.79769e+308,8,1.79769e+308,10,1.79769e+308,12,1.79769e+308,14,1.79769e+308,16,1.79769e+308,18,1.79769e+308,20,1.79769e+308,22,1.79769e+308,24,1.79769e+308,26,1.79769e+308,28,1.79769e+308,30,1.79769e+308,32,1.79769e+308,34,1.79769e+308,15,1.79769e+308,13,1.79769e+308,11,1.79769e+308,9,1.79769e+308,7,1.79769e+308,5,1.79769e+308,7,1.79769e+308,9,1.79769e+308,11,1.79769e+308,13,1.79769e+308,15,1.79769e+308,17,1.79769e+308,19,1.79769e+308,21,1.79769e+308,23,1.79769e+308,25,1.79769e+308,27,1.79769e+308,29,1.79769e+308,31,1.79769e+308,33,1.79769e+308,14,1.79769e+308,12,1.79769e+308,10,1.79769e+308,8,1.79769e+308,6,1.79769e+308,4,1.79769e+308,6,1.79769e+308,8,1.79769e+308,10,1.79769e+308,12,1.79769e+308,14,1.79769e+308,16,1.79769e+308,18,1.79769e+308,20,1.79769e+308,22,1.79769e+308,24,1.79769e+308,26,1.79769e+308,28,1.79769e+308,30,1.79769e+308,32,1.79769e+308,13,1.79769e+308,11,1.79769e+308,9,1.79769e+308,7,1.79769e+308,5,1.79769e+308,3,1.79769e+308,5,1.79769e+308,7,1.79769e+308,9,1.79769e+308,11,1.79769e+308,13,1.79769e+308,15,1.79769e+308,17,1.79769e+308,19,1.79769e+308,21,1.79769e+308,23,1.79769e+308,25,1.79769e+308,27,1.79769e+308,29,1.79769e+308,31,1.79769e+308,12,1.79769e+308,10,1.79769e+308,8,1.79769e+308,6,1.79769e+308,4,1.79769e+308,2,1.79769e+308,4,1.79769e+308,6,1.79769e+308,8,1.79769e+308,10,1.79769e+308,12,1.79769e+308,14,1.79769e+308,16,1.79769e+308,18,1.79769e+308,20,1.79769e+308,22,1.79769e+308,24,1.79769e+308,26,1.79769e+308,28,1.79769e+308,30,1.79769e+308,11,10,9,8,7,6,5,4,3,2,1,2,3,4,5,6,7,8,9,10,11,12,13,14,15,16,17,18,19,20,21,22,23,24,25,26,27,28,29,30,10,9,8,7,6,5,4,3,2,1,0,1,2,3,4,5,6,7,8,9,10,11,12,13,14,15,16,17,18,19,20,21,22,23,24,25,26,27,28,29,11,10,9,8,7,6,5,4,3,2,1,2,3,4,5,6,7,8,9,10,11,12,13,14,15,16,17,18,19,20,21,22,23,24,25,26,27,28,29,30,12,1.79769e+308,10,1.79769e+308,8,1.79769e+308,6,1.79769e+308,4,1.79769e+308,2,1.79769e+308,4,1.79769e+308,6,1.79769e+308,8,1.79769e+308,10,1.79769e+308,12,1.79769e+308,14,1.79769e+308,16,1.79769e+308,18,1.79769e+308,20,1.79769e+308,22,1.79769e+308,24,1.79769e+308,26,1.79769e+308,28,1.79769e+308,30,1.79769e+308,13,1.79769e+308,11,1.79769e+308,9,1.79769e+308,7,1.79769e+308,5,1.79769e+308,3,1.79769e+308,5,1.79769e+308,7,1.79769e+308,9,1.79769e+308,11,1.79769e+308,13,1.79769e+308,15,1.79769e+308,17,1.79769e+308,19,1.79769e+308,21,1.79769e+308,23,1.79769e+308,25,1.79769e+308,27,1.79769e+308,29,1.79769e+308,31,1.79769e+308,14,1.79769e+308,12,1.79769e+308,10,1.79769e+308,8,1.79769e+308,6,1.79769e+308,4,1.79769e+308,6,1.79769e+308,8,1.79769e+308,10,1.79769e+308,12,1.79769e+308,14,1.79769e+308,16,1.79769e+308,18,1.79769e+308,20,1.79769e+308,22,1.79769e+308,24,1.79769e+308,26,1.79769e+308,28,1.79769e+308,30,1.79769e+308,32,1.79769e+308,15,1.79769e+308,13,1.79769e+308,11,1.79769e+308,9,1.79769e+308,7,1.79769e+308,5,1.79769e+308,7,1.79769e+308,9,1.79769e+308,11,1.79769e+308,13,1.79769e+308,15,1.79769e+308,17,1.79769e+308,19,1.79769e+308,21,1.79769e+308,23,1.79769e+308,25,1.79769e+308,27,1.79769e+308,29,1.79769e+308,31,1.79769e+308,33,1.79769e+308,16,1.79769e+308,14,1.79769e+308,12,1.79769e+308,10,1.79769e+308,8,1.79769e+308,6,1.79769e+308,8,1.79769e+308,10,1.79769e+308,12,1.79769e+308,14,1.79769e+308,16,1.79769e+308,18,1.79769e+308,20,1.79769e+308,22,1.79769e+308,24,1.79769e+308,26,1.79769e+308,28,1.79769e+308,30,1.79769e+308,32,1.79769e+308,34,1.79769e+308,
599
53,1.79769e+308,51,1.79769e+308,49,1.79769e+308,47,1.79769e+308,45,1.79769e+308,43,1.79769e+308,41,1.79769e+308,39,1.79769e+308,37,1.79769e+308,35,1.79769e+308,33,1.79769e+308,31,1.79769e+308,29,1.79769e+308,27,1.79769e+308,25,1.79769e+308,23,1.79769e+308,21,1.79769e+308,19,1.79769e+308,17,1.79769e+308,15,1.79769e+308,52,1.79769e+308,50,1.79769e+308,48,1.79769e+308,46,1.79769e+308,44,1.79769e+308,42,1.79769e+308,40,1.79769e+308,38,1.79769e+308,36,1.79769e+308,34,1.79769e+308,32,1.79769e+308,30,1.79769e+308,28,1.79769e+308,26,1.79769e+308,24,1.79769e+308,22,1.79769e+308,20,1.79769e+308,18,1.79769e+308,16,1.79769e+308,14,1.79769e+308,51,1.79769e+308,49,1.79769e+308,47,1.79769e+308,45,1.79769e+308,43,1.79769e+308,41,1.79769e+308,39,1.79769e+308,37,1.79769e+308,35,1.79769e+308,33,1.79769e+308,31,1.79769e+308,29,1.79769e+308,27,1.79769e+308,25,1.79769e+308,23,1.79769e+308,21,1.79769e+308,19,1.79769e+308,17,1.79769e+308,15,1.79769e+308,13,1.79769e+308,50,1.79769e+308,48,1.79769e+308,46,1.79769e+308,44,1.79769e+308,42,1.79769e+308,40,1.79769e+308,38,1.79769e+308,36,1.79769e+308,34,1.79769e+308,32,1.79769e+308,30,1.79769e+308,28,1.79769e+308,26,1.79769e+308,24,1.79769e+308,22,1.79769e+308,20,1.79769e+308,18,1.79769e+308,16,1.79769e+308,14,1.79769e+308,12,1.79769e+308,49,1.79769e+308,47,1.79769e+308,45,1.79769e+308,43,1.79769e+308,41,1.79769e+308,39,1.79769e+308,37,1.79769e+308,35,1.79769e+308,33,1.79769e+308,31,1.79769e+308,29,1.79769e+308,27,1.79769e+308,25,1.79769e+308,23,1.79769e+308,21,1.79769e+308,19,1.79769e+308,17,1.79769e+308,15,1.79769e+308,13,1.79769e+308,11,1.79769e+308,48,1.79769e+308,46,1.79769e+308,44,1.79769e+308,42,1.79769e+308,40,1.79769e+308,38,1.79769e+308,36,1.79769e+308,34,1.79769e+308,32,1.79769e+308,30,1.79769e+308,28,1.79769e+308,26,1.79769e+308,24,1.79769e+308,22,1.79769e+308,20,1.79769e+308,18,1.79769e+308,16,1.79769e+308,14,1.79769e+308,12,1.79769e+308,10,1.79769e+308,47,1.79769e+308,45,1.79769e+308,43,1.79769e+308,41,1.79769e+308,39,1.79769e+308,37,1.79769e+308,35,1.79769e+308,33,1.79769e+308,31,1.79769e+308,29,1.79769e+308,27,1.79769e+308,25,1.79769e+308,23,1.79769e+308,21,1.79769e+308,19,1.79769e+308,17,1.79769e+308,15,1.79769e+308,13,1.79769e+308,11,1.79769e+308,9,1.79769e+308,46,1.79769e+308,44,1.79769e+308,42,1.79769e+308,40,1.79769e+308,38,1.79769e+308,36,1.79769e+308,34,1.79769e+308,32,1.79769e+308,30,1.79769e+308,28,1.79769e+308,26,1.79769e+308,24,1.79769e+308,22,1.79769e+308,20,1.79769e+308,18,1.79769e+308,16,1.79769e+308,14,1.79769e+308,12,1.79769e+308,10,1.79769e+308,8,1.79769e+308,45,1.79769e+308,43,1.79769e+308,41,1.79769e+308,39,1.79769e+308,37,1.79769e+308,35,1.79769e+308,33,1.79769e+308,31,1.79769e+308,29,1.79769e+308,27,1.79769e+308,25,1.79769e+308,23,1.79769e+308,21,1.79769e+308,19,1.79769e+308,17,1.79769e+308,15,1.79769e+308,13,1.79769e+308,11,1.79769e+308,9,1.79769e+308,7,1.79769e+308,44,1.79769e+308,42,1.79769e+308,40,1.79769e+308,38,1.79769e+308,36,1.79769e+308,34,1.79769e+308,32,1.79769e+308,30,1.79769e+308,28,1.79769e+308,26,1.79769e+308,24,1.79769e+308,22,1.79769e+308,20,1.79769e+308,18,1.79769e+308,16,1.79769e+308,14,1.79769e+308,12,1.79769e+308,10,1.79769e+308,8,1.79769e+308,6,1.79769e+308,43,1.79769e+308,41,1.79769e+308,39,1.79769e+308,37,1.79769e+308,35,1.79769e+308,33,1.79769e+308,31,1.79769e+308,29,1.79769e+308,27,1.79769e+308,25,1.79769e+308,23,1.79769e+308,21,1.79769e+308,19,1.79769e+308,17,1.79769e+308,15,1.79769e+308,13,1.79769e+308,11,1.79769e+308,9,1.79769e+308,7,1.79769e+308,5,1.79769e+308,42,1.79769e+308,40,1.79769e+308,38,1.79769e+308,36,1.79769e+308,34,1.79769e+308,32,1.79769e+308,30,1.79769e+308,28,1.79769e+308,26,1.79769e+308,24,1.79769e+308,22,1.79769e+308,20,1.79769e+308,18,1.79769e+308,16,1.79769e+308,14,1.79769e+308,12,1.79769e+308,10,1.79769e+308,8,1.79769e+308,6,1.79769e+308,4,1.79769e+308,41,1.79769e+308,39,1.79769e+308,37,1.79769e+308,35,1.79769e+308,33,1.79769e+308,31,1.79769e+308,29,1.79769e+308,27,1.79769e+308,25,1.79769e+308,23,1.79769e+308,21,1.79769e+308,19,1.79769e+308,17,1.79769e+308,15,1.79769e+308,13,1.79769e+308,11,1.79769e+308,9,1.79769e+308,7,1.79769e+308,5,1.79769e+308,3,1.79769e+308,40,39,38,37,36,35,34,33,32,31,30,29,28,27,26,25,24,23,22,21,20,19,18,17,16,15,14,13,12,11,10,9,8,7,6,5,4,3,2,1,39,38,37,36,35,34,33,32,31,30,29,28,27,26,25,24,23,22,21,20,19,18,17,16,15,14,13,12,11,10,9,8,7,6,5,4,3,2,1,0,40,39,38,37,36,35,34,33,32,31,30,29,28,27,26,25,24,23,22,21,20,19,18,17,16,15,14,13,12,11,10,9,8,7,6,5,4,3,2,1,41,1.79769e+308,39,1.79769e+308,37,1.79769e+308,35,1.79769e+308,33,1.79769e+308,31,1.79769e+308,29,1.79769e+308,27,1.79769e+308,25,1.79769e+308,23,1.79769e+308,21,1.79769e+308,19,1.79769e+308,17,1.79769e+308,15,1.79769e+308,13,1.79769e+308,11,1.79769e+308,9,1.79769e+308,7,1.79769e+308,5,1.79769e+308,3,1.79769e+308,42,1.79769e+308,40,1.79769e+308,38,1.79769e+308,36,1.79769e+308,34,1.79769e+308,32,1.79769e+308,30,1.79769e+308,28,1.79769e+308,26,1.79769e+308,24,1.79769e+308,22,1.79769e+308,20,1.79769e+308,18,1.79769e+308,16,1.79769e+308,14,1.79769e+308,12,1.79769e+308,10,1.79769e+308,8,1.79769e+308,6,1.79769e+308,4,1.79769e+308,43,1.79769e+308,41,1.79769e+308,39,1.79769e+308,37,1.79769e+308,35,1.79769e+308,33,1.79769e+308,31,1.79769e+308,29,1.79769e+308,27,1.79769e+308,25,1.79769e+308,23,1.79769e+308,21,1.79769e+308,19,1.79769e+308,17,1.79769e+308,15,1.79769e+308,13,1.79769e+308,11,1.79769e+308,9,1.79769e+308,7,1.79769e+308,5,1.79769e+308,44,1.79769e+308,42,1.79769e+308,40,1.79769e+308,38,1.79769e+308,36,1.79769e+308,34,1.79769e+308,32,1.79769e+308,30,1.79769e+308,28,1.79769e+308,26,1.79769e+308,24,1.79769e+308,22,1.79769e+308,20,1.79769e+308,18,1.79769e+308,16,1.79769e+308,14,1.79769e+308,12,1.79769e+308,10,1.79769e+308,8,1.79769e+308,6,1.79769e+308,45,1.79769e+308,43,1.79769e+308,41,1.79769e+308,39,1.79769e+308,37,1.79769e+308,35,1.79769e+308,33,1.79769e+308,31,1.79769e+308,29,1.79769e+308,27,1.79769e+308,25,1.79769e+308,23,1.79769e+308,21,1.79769e+308,19,1.79769e+308,17,1.79769e+308,15,1.79769e+308,13,1.79769e+308,11,1.79769e+308,9,1.79769e+308,7,1.79769e+308,
571
25,1.79769e+308,23,1.79769e+308,21,1.79769e+308,19,1.79769e+308,17,1.79769e+308,15,1.79769e+308,15,1.79769e+308,17,1.79769e+308,19,1.79769e+308,21,1.79769e+308,23,1.79769e+308,25,1.79769e+308,27,1.79769e+308,29,1.79769e+308,31,1.79769e+308,33,1.79769e+308,35,1.79769e+308,37,1.79769e+308,39,1.79769e+308,41,1.79769e+308,24,1.79769e+308,22,1.79769e+308,20,1.79769e+308,18,1.79769e+308,16,1.79769e+308,14,1.79769e+308,14,1.79769e+308,16,1.79769e+308,18,1.79769e+308,20,1.79769e+308,22,1.79769e+308,24,1.79769e+308,26,1.79769e+308,28,1.79769e+308,30,1.79769e+308,32,1.79769e+308,34,1.79769e+308,36,1.79769e+308,38,1.79769e+308,40,1.79769e+308,23,1.79769e+308,21,1.79769e+308,19,1.79769e+308,17,1.79769e+308,15,1.79769e+308,13,1.79769e+308,13,1.79769e+308,15,1.79769e+308,17,1.79769e+308,19,1.79769e+308,21,1.79769e+308,23,1.79769e+308,25,1.79769e+308,27,1.79769e+308,29,1.79769e+308,31,1.79769e+308,33,1.79769e+308,35,1.79769e+308,37,1.79769e+308,39,1.79769e+308,22,1.79769e+308,20,1.79769e+308,18,1.79769e+308,16,1.79769e+308,14,1.79769e+308,12,1.79769e+308,12,1.79769e+308,14,1.79769e+308,16,1.79769e+308,18,1.79769e+308,20,1.79769e+308,22,1.79769e+308,24,1.79769e+308,26,1.79769e+308,28,1.79769e+308,30,1.79769e+308,32,1.79769e+308,34,1.79769e+308,36,1.79769e+308,38,1.79769e+308,21,1.79769e+308,19,1.79769e+308,17,1.79769e+308,15,1.79769e+308,13,1.79769e+308,11,1.79769e+308,11,1.79769e+308,13,1.79769e+308,15,1.79769e+308,17,1.79769e+308,19,1.79769e+308,21,1.79769e+308,23,1.79769e+308,25,1.79769e+308,27,1.79769e+308,29,1.79769e+308,31,1.79769e+308,33,1.79769e+308,35,1.79769e+308,37,1.79769e+308,20,1.79769e+308,18,1.79769e+308,16,1.79769e+308,14,1.79769e+308,12,1.79769e+308,10,1.79769e+308,10,1.79769e+308,12,1.79769e+308,14,1.79769e+308,16,1.79769e+308,18,1.79769e+308,20,1.79769e+308,22,1.79769e+308,24,1.79769e+308,26,1.79769e+308,28,1.79769e+308,30,1.79769e+308,32,1.79769e+308,34,1.79769e+308,36,1.79769e+308,19,1.79769e+308,17,1.79769e+308,15,1.79769e+308,13,1.79769e+308,11,1.79769e+308,9,1.79769e+308,9,1.79769e+308,11,1.79769e+308,13,1.79769e+308,15,1.79769e+308,17,1.79769e+308,19,1.79769e+308,21,1.79769e+308,23,1.79769e+308,25,1.79769e+308,27,1.79769e+308,29,1.79769e+308,31,1.79769e+308,33,1.79769e+308,35,1.79769e+308,18,1.79769e+308,16,1.79769e+308,14,1.79769e+308,12,1.79769e+308,10,1.79769e+308,8,1.79769e+308,8,1.79769e+308,10,1.79769e+308,12,1.79769e+308,14,1.79769e+308,16,1.79769e+308,18,1.79769e+308,20,1.79769e+308,22,1.79769e+308,24,1.79769e+308,26,1.79769e+308,28,1.79769e+308,30,1.79769e+308,32,1.79769e+308,34,1.79769e+308,17,1.79769e+308,15,1.79769e+308,13,1.79769e+308,11,1.79769e+308,9,1.79769e+308,7,1.79769e+308,7,1.79769e+308,9,1.79769e+308,11,1.79769e+308,13,1.79769e+308,15,1.79769e+308,17,1.79769e+308,19,1.79769e+308,21,1.79769e+308,23,1.79769e+308,25,1.79769e+308,27,1.79769e+308,29,1.79769e+308,31,1.79769e+308,33,1.79769e+308,16,1.79769e+308,14,1.79769e+308,12,1.79769e+308,10,1.79769e+308,8,1.79769e+308,6,1.79769e+308,6,1.79769e+308,8,1.79769e+308,10,1.79769e+308,12,1.79769e+308,14,1.79769e+308,16,1.79769e+308,18,1.79769e+308,20,1.79769e+308,22,1.79769e+308,24,1.79769e+308,26,1.79769e+308,28,1.79769e+308,30,1.79769e+308,32,1.79769e+308,15,1.79769e+308,13,1.79769e+308,11,1.79769e+308,9,1.79769e+308,7,1.79769e+308,5,1.79769e+308,5,1.79769e+308,7,1.79769e+308,9,1.79769e+308,11,1.79769e+308,13,1.79769e+308,15,1.79769e+308,17,1.79769e+308,19,1.79769e+308,21,1.79769e+308,23,1.79769e+308,25,1.79769e+308,27,1.79769e+308,29,1.79769e+308,31,1.79769e+308,14,1.79769e+308,12,1.79769e+308,10,1.79769e+308,8,1.79769e+308,6,1.79769e+308,4,1.79769e+308,4,1.79769e+308,6,1.79769e+308,8,1.79769e+308,10,1.79769e+308,12,1.79769e+308,14,1.79769e+308,16,1.79769e+308,18,1.79769e+308,20,1.79769e+308,22,1.79769e+308,24,1.79769e+308,26,1.79769e+308,28,1.79769e+308,30,1.79769e+308,13,1.79769e+308,11,1.79769e+308,9,1.79769e+308,7,1.79769e+308,5,1.79769e+308,3,1.79769e+308,3,1.79769e+308,5,1.79769e+308,7,1.79769e+308,9,1.79769e+308,11,1.79769e+308,13,1.79769e+308,15,1.79769e+308,17,1.79769e+308,19,1.79769e+308,21,1.79769e+308,23,1.79769e+308,25,1.79769e+308,27,1.79769e+308,29,1.79769e+308,12,11,10,9,8,7,6,5,4,3,2,1,2,3,4,5,6,7,8,9,10,11,12,13,14,15,16,17,18,19,20,21,22,23,24,25,26,27,28,29,11,10,9,8,7,6,5,4,3,2,1,0,1,2,3,4,5,6,7,8,9,10,11,12,13,14,15,16,17,18,19,20,21,22,23,24,25,26,27,28,12,11,10,9,8,7,6,5,4,3,2,1,2,3,4,5,6,7,8,9,10,11,12,13,14,15,16,17,18,19,20,21,22,23,24,25,26,27,28,29,13,1.79769e+308,11,1.79769e+308,9,1.79769e+308,7,1.79769e+308,5,1.79769e+308,3,1.79769e+308,3,1.79769e+308,5,1.79769e+308,7,1.79769e+308,9,1.79769e+308,11,1.79769e+308,13,1.79769e+308,15,1.79769e+308,17,1.79769e+308,19,1.79769e+308,21,1.79769e+308,23,1.79769e+308,25,1.79769e+308,27,1.79769e+308,29,1.79769e+308,14,1.79769e+308,12,1.79769e+308,10,1.79769e+308,8,1.79769e+308,6,1.79769e+308,4,1.79769e+308,4,1.79769e+308,6,1.79769e+308,8,1.79769e+308,10,1.79769e+308,12,1.79769e+308,14,1.79769e+308,16,1.79769e+308,18,1.79769e+308,20,1.79769e+308,22,1.79769e+308,24,1.79769e+308,26,1.79769e+308,28,1.79769e+308,30,1.79769e+308,15,1.79769e+308,13,1.79769e+308,11,1.79769e+308,9,1.79769e+308,7,1.79769e+308,5,1.79769e+308,5,1.79769e+308,7,1.79769e+308,9,1.79769e+308,11,1.79769e+308,13,1.79769e+308,15,1.79769e+308,17,1.79769e+308,19,1.79769e+308,21,1.79769e+308,23,1.79769e+308,25,1.79769e+308,27,1.79769e+308,29,1.79769e+308,31,1.79769e+308,16,1.79769e+308,14,1.79769e+308,12,1.79769e+308,10,1.79769e+308,8,1.79769e+308,6,1.79769e+308,6,1.79769e+308,8,1.79769e+308,10,1.79769e+308,12,1.79769e+308,14,1.79769e+308,16,1.79769e+308,18,1.79769e+308,20,1.79769e+308,22,1.79769e+308,24,1.79769e+308,26,1.79769e+308,28,1.79769e+308,30,1.79769e+308,32,1.79769e+308,17,1.79769e+308,15,1.79769e+308,13,1.79769e+308,11,1.79769e+308,9,1.79769e+308,7,1.79769e+308,7,1.79769e+308,9,1.79769e+308,11,1.79769e+308,13,1.79769e+308,15,1.79769e+308,17,1.79769e+308,19,1.79769e+308,21,1.79769e+308,23,1.79769e+308,25,1.79769e+308,27,1.79769e+308,29,1.79769e+308,31,1.79769e+308,33,1.79769e+308,
573
27,1.79769e+308,25,1.79769e+308,23,1.79769e+308,21,1.79769e+308,19,1.79769e+308,17,1.79769e+308,15,1.79769e+308,15,1.79769e+308,17,1.79769e+308,19,1.79769e+308,21,1.79769e+308,23,1.79769e+308,25,1.79769e+308,27,1.79769e+308,29,1.79769e+308,31,1.79769e+308,33,1.79769e+308,35,1.79769e+308,37,1.79769e+308,39,1.79769e+308,26,1.79769e+308,24,1.79769e+308,22,1.79769e+308,20,1.79769e+308,18,1.79769e+308,16,1.79769e+308,14,1.79769e+308,14,1.79769e+308,16,1.79769e+308,18,1.79769e+308,20,1.79769e+308,22,1.79769e+308,24,1.79769e+308,26,1.79769e+308,28,1.79769e+308,30,1.79769e+308,32,1.79769e+308,34,1.79769e+308,36,1.79769e+308,38,1.79769e+308,25,1.79769e+308,23,1.79769e+308,21,1.79769e+308,19,1.79769e+308,17,1.79769e+308,15,1.79769e+308,13,1.79769e+308,13,1.79769e+308,15,1.79769e+308,17,1.79769e+308,19,1.79769e+308,21,1.79769e+308,23,1.79769e+308,25,1.79769e+308,27,1.79769e+308,29,1.79769e+308,31,1.79769e+308,33,1.79769e+308,35,1.79769e+308,37,1.79769e+308,24,1.79769e+308,22,1.79769e+308,20,1.79769e+308,18,1.79769e+308,16,1.79769e+308,14,1.79769e+308,12,1.79769e+308,12,1.79769e+308,14,1.79769e+308,16,1.79769e+308,18,1.79769e+308,20,1.79769e+308,22,1.79769e+308,24,1.79769e+308,26,1.79769e+308,28,1.79769e+308,30,1.79769e+308,32,1.79769e+308,34,1.79769e+308,36,1.79769e+308,23,1.79769e+308,21,1.79769e+308,19,1.79769e+308,17,1.79769e+308,15,1.79769e+308,13,1.79769e+308,11,1.79769e+308,11,1.79769e+308,13,1.79769e+308,15,1.79769e+308,17,1.79769e+308,19,1.79769e+308,21,1.79769e+308,23,1.79769e+308,25,1.79769e+308,27,1.79769e+308,29,1.79769e+308,31,1.79769e+308,33,1.79769e+308,35,1.79769e+308,22,1.79769e+308,20,1.79769e+308,18,1.79769e+308,16,1.79769e+308,14,1.79769e+308,12,1.79769e+308,10,1.79769e+308,10,1.79769e+308,12,1.79769e+308,14,1.79769e+308,16,1.79769e+308,18,1.79769e+308,20,1.79769e+308,22,1.79769e+308,24,1.79769e+308,26,1.79769e+308,28,1.79769e+308,30,1.79769e+308,32,1.79769e+308,34,1.79769e+308,21,1.79769e+308,19,1.79769e+308,17,1.79769e+308,15,1.79769e+308,13,1.79769e+308,11,1.79769e+308,9,1.79769e+308,9,1.79769e+308,11,1.79769e+308,13,1.79769e+308,15,1.79769e+308,17,1.79769e+308,19,1.79769e+308,21,1.79769e+308,23,1.79769e+308,25,1.79769e+308,27,1.79769e+308,29,1.79769e+308,31,1.79769e+308,33,1.79769e+308,20,1.79769e+308,18,1.79769e+308,16,1.79769e+308,14,1.79769e+308,12,1.79769e+308,10,1.79769e+308,8,1.79769e+308,8,1.79769e+308,10,1.79769e+308,12,1.79769e+308,14,1.79769e+308,16,1.79769e+308,18,1.79769e+308,20,1.79769e+308,22,1.79769e+308,24,1.79769e+308,26,1.79769e+308,28,1.79769e+308,30,1.79769e+308,32,1.79769e+308,19,1.79769e+308,17,1.79769e+308,15,1.79769e+308,13,1.79769e+308,11,1.79769e+308,9,1.79769e+308,7,1.79769e+308,7,1.79769e+308,9,1.79769e+308,11,1.79769e+308,13,1.79769e+308,15,1.79769e+308,17,1.79769e+308,19,1.79769e+308,21,1.79769e+308,23,1.79769e+308,25,1.79769e+308,27,1.79769e+308,29,1.79769e+308,31,1.79769e+308,18,1.79769e+308,16,1.79769e+308,14,1.79769e+308,12,1.79769e+308,10,1.79769e+308,8,1.79769e+308,6,1.79769e+308,6,1.79769e+308,8,1.79769e+308,10,1.79769e+308,12,1.79769e+308,14,1.79769e+308,16,1.79769e+308,18,1.79769e+308,20,1.79769e+308,22,1.79769e+308,24,1.79769e+308,26,1.79769e+308,28,1.79769e+308,30,1.79769e+308,17,1.79769e+308,15,1.79769e+308,13,1.79769e+308,11,1.79769e+308,9,1.79769e+308,7,1.79769e+308,5,1.79769e+308,5,1.79769e+308,7,1.79769e+308,9,1.79769e+308,11,1.79769e+308,13,1.79769e+308,15,1.79769e+308,17,1.79769e+308,19,1.79769e+308,21,1.79769e+308,23,1.79769e+308,25,1.79769e+308,27,1.79769e+308,29,1.79769e+308,16,1.79769e+308,14,1.79769e+308,12,1.79769e+308,10,1.79769e+308,8,1.79769e+308,6,1.79769e+308,4,1.79769e+308,4,1.79769e+308,6,1.79769e+308,8,1.79769e+308,10,1.79769e+308,12,1.79769e+308,14,1.79769e+308,16,1.79769e+308,18,1.79769e+308,20,1.79769e+308,22,1.79769e+308,24,1.79769e+308,26,1.79769e+308,28,1.79769e+308,15,1.79769e+308,13,1.79769e+308,11,1.79769e+308,9,1.79769e+308,7,1.79769e+308,5,1.79769e+308,3,1.79769e+308,3,1.79769e+308,5,1.79769e+308,7,1.79769e+308,9,1.79769e+308,11,1.79769e+308,13,1.79769e+308,15,1.79769e+308,17,1.79769e+308,19,1.79769e+308,21,1.79769e+308,23,1.79769e+308,25,1.79769e+308,27,1.79769e+308,14,13,12,11,10,9,8,7,6,5,4,3,2,1,2,3,4,5,6,7,8,9,10,11,12,13,14,15,16,17,18,19,20,21,22,23,24,25,26,27,13,12,11,10,9,8,7,6,5,4,3,2,1,0,1,2,3,4,5,6,7,8,9,10,11,12,13,14,15,16,17,18,19,20,21,22,23,24,25,26,14,13,12,11,10,9,8,7,6,5,4,3,2,1,2,3,4,5,6,7,8,9,10,11,12,13,14,15,16,17,18,19,20,21,22,23,24,25,26,27,15,1.79769e+308,13,1.79769e+308,11,1.79769e+308,9,1.79769e+308,7,1.79769e+308,5,1.79769e+308,3,1.79769e+308,3,1.79769e+308,5,1.79769e+308,7,1.79769e+308,9,1.79769e+308,11,1.79769e+308,13,1.79769e+308,15,1.79769e+308,17,1.79769e+308,19,1.79769e+308,21,1.79769e+308,23,1.79769e+308,25,1.79769e+308,27,1.79769e+308,16,1.79769e+308,14,1.79769e+308,12,1.79769e+308,10,1.79769e+308,8,1.79769e+308,6,1.79769e+308,4,1.79769e+308,4,1.79769e+308,6,1.79769e+308,8,1.79769e+308,10,1.79769e+308,12,1.79769e+308,14,1.79769e+308,16,1.79769e+308,18,1.79769e+308,20,1.79769e+308,22,1.79769e+308,24,1.79769e+308,26,1.79769e+308,28,1.79769e+308,17,1.79769e+308,15,1.79769e+308,13,1.79769e+308,11,1.79769e+308,9,1.79769e+308,7,1.79769e+308,5,1.79769e+308,5,1.79769e+308,7,1.79769e+308,9,1.79769e+308,11,1.79769e+308,13,1.79769e+308,15,1.79769e+308,17,1.79769e+308,19,1.79769e+308,21,1.79769e+308,23,1.79769e+308,25,1.79769e+308,27,1.79769e+308,29,1.79769e+308,18,1.79769e+308,16,1.79769e+308,14,1.79769e+308,12,1.79769e+308,10,1.79769e+308,8,1.79769e+308,6,1.79769e+308,6,1.79769e+308,8,1.79769e+308,10,1.79769e+308,12,1.79769e+308,14,1.79769e+308,16,1.79769e+308,18,1.79769e+308,20,1.79769e+308,22,1.79769e+308,24,1.79769e+308,26,1.79769e+308,28,1.79769e+308,30,1.79769e+308,19,1.79769e+308,17,1.79769e+308,15,1.79769e+308,13,1.79769e+308,11,1.79769e+308,9,1.79769e+308,7,1.79769e+308,7,1.79769e+308,9,1.79769e+308,11,1.79769e+308,13,1.79769e+308,15,1.79769e+308,17,1.79769e+308,19,1.79769e+308,21,1.79769e+308,23,1.79769e+308,25,1.79769e+308,27,1.79769e+308,29,1.79769e+308,31,1.79769e+308,
575
29,1.79769e+308,27,1.79769e+308,25,1.79769e+308,23,1.79769e+308,21,1.79769e+308,19,1.79769e+308,17,1.79769e+308,15,1.79769e+308,15,1.79769e+308,17,1.79769e+308,19,1.79769e+308,21,1.79769e+308,23,1.79769e+308,25,1.79769e+308,27,1.79769e+308,29,1.79769e+308,31,1.79769e+308,33,1.79769e+308,35,1.79769e+308,37,1.79769e+308,28,1.79769e+308,26,1.79769e+308,24,1.79769e+308,22,1.79769e+308,20,1.79769e+308,18,1.79769e+308,16,1.79769e+308,14,1.79769e+308,14,1.79769e+308,16,1.79769e+308,18,1.79769e+308,20,1.79769e+308,22,1.79769e+308,24,1.79769e+308,26,1.79769e+308,28,1.79769e+308,30,1.79769e+308,32,1.79769e+308,34,1.79769e+308,36,1.79769e+308,27,1.79769e+308,25,1.79769e+308,23,1.79769e+308,21,1.79769e+308,19,1.79769e+308,17,1.79769e+308,15,1.79769e+308,13,1.79769e+308,13,1.79769e+308,15,1.79769e+308,17,1.79769e+308,19,1.79769e+308,21,1.79769e+308,23,1.79769e+308,25,1.79769e+308,27,1.79769e+308,29,1.79769e+308,31,1.79769e+308,33,1.79769e+308,35,1.79769e+308,26,1.79769e+308,24,1.79769e+308,22,1.79769e+308,20,1.79769e+308,18,1.79769e+308,16,1.79769e+308,14,1.79769e+308,12,1.79769e+308,12,1.79769e+308,14,1.79769e+308,16,1.79769e+308,18,1.79769e+308,20,1.79769e+308,22,1.79769e+308,24,1.79769e+308,26,1.79769e+308,28,1.79769e+308,30,1.79769e+308,32,1.79769e+308,34,1.79769e+308,25,1.79769e+308,23,1.79769e+308,21,1.79769e+308,19,1.79769e+308,17,1.79769e+308,15,1.79769e+308,13,1.79769e+308,11,1.79769e+308,11,1.79769e+308,13,1.79769e+308,15,1.79769e+308,17,1.79769e+308,19,1.79769e+308,21,1.79769e+308,23,1.79769e+308,25,1.79769e+308,27,1.79769e+308,29,1.79769e+308,31,1.79769e+308,33,1.79769e+308,24,1.79769e+308,22,1.79769e+308,20,1.79769e+308,18,1.79769e+308,16,1.79769e+308,14,1.79769e+308,12,1.79769e+308,10,1.79769e+308,10,1.79769e+308,12,1.79769e+308,14,1.79769e+308,16,1.79769e+308,18,1.79769e+308,20,1.79769e+308,22,1.79769e+308,24,1.79769e+308,26,1.79769e+308,28,1.79769e+308,30,1.79769e+308,32,1.79769e+308,23,1.79769e+308,21,1.79769e+308,19,1.79769e+308,17,1.79769e+308,15,1.79769e+308,13,1.79769e+308,11,1.79769e+308,9,1.79769e+308,9,1.79769e+308,11,1.79769e+308,13,1.79769e+308,15,1.79769e+308,17,1.79769e+308,19,1.79769e+308,21,1.79769e+308,23,1.79769e+308,25,1.79769e+308,27,1.79769e+308,29,1.79769e+308,31,1.79769e+308,22,1.79769e+308,20,1.79769e+308,18,1.79769e+308,16,1.79769e+308,14,1.79769e+308,12,1.79769e+308,10,1.79769e+308,8,1.79769e+308,8,1.79769e+308,10,1.79769e+308,12,1.79769e+308,14,1.79769e+308,16,1.79769e+308,18,1.79769e+308,20,1.79769e+308,22,1.79769e+308,24,1.79769e+308,26,1.79769e+308,28,1.79769e+308,30,1.79769e+308,21,1.79769e+308,19,1.79769e+308,17,1.79769e+308,15,1.79769e+308,13,1.79769e+308,11,1.79769e+308,9,1.79769e+308,7,1.79769e+308,7,1.79769e+308,9,1.79769e+308,11,1.79769e+308,13,1.79769e+308,15,1.79769e+308,17,1.79769e+308,19,1.79769e+308,21,1.79769e+308,23,1.79769e+308,25,1.79769e+308,27,1.79769e+308,29,1.79769e+308,20,1.79769e+308,18,1.79769e+308,16,1.79769e+308,14,1.79769e+308,12,1.79769e+308,10,1.79769e+308,8,1.79769e+308,6,1.79769e+308,6,1.79769e+308,8,1.79769e+308,10,1.79769e+308,12,1.79769e+308,14,1.79769e+308,16,1.79769e+308,18,1.79769e+308,20,1.79769e+308,22,1.79769e+308,24,1.79769e+308,26,1.79769e+308,28,1.79769e+308,19,1.79769e+308,17,1.79769e+308,15,1.79769e+308,13,1.79769e+308,11,1.79769e+308,9,1.79769e+308,7,1.79769e+308,5,1.79769e+308,5,1.79769e+308,7,1.79769e+308,9,1.79769e+308,11,1.79769e+308,13,1.79769e+308,15,1.79769e+308,17,1.79769e+308,19,1.79769e+308,21,1.79769e+308,23,1.79769e+308,25,1.79769e+308,27,1.79769e+308,18,1.79769e+308,16,1.79769e+308,14,1.79769e+308,12,1.79769e+308,10,1.79769e+308,8,1.79769e+308,6,1.79769e+308,4,1.79769e+308,4,1.79769e+308,6,1.79769e+308,8,1.79769e+308,10,1.79769e+308,12,1.79769e+308,14,1.79769e+308,16,1.79769e+308,18,1.79769e+308,20,1.79769e+308,22,1.79769e+308,24,1.79769e+308,26,1.79769e+308,17,1.79769e+308,15,1.79769e+308,13,1.79769e+308,11,1.79769e+308,9,1.79769e+308,7,1.79769e+308,5,1.79769e+308,3,1.79769e+308,3,1.79769e+308,5,1.79769e+308,7,1.79769e+308,9,1.79769e+308,11,1.79769e+308,13,1.79769e+308,15,1.79769e+308,17,1.79769e+308,19,1.79769e+308,21,1.79769e+308,23,1.79769e+308,25,1.79769e+308,16,15,14,13,12,11,10,9,8,7,6,5,4,3,2,1,2,3,4,5,6,7,8,9,10,11,12,13,14,15,16,17,18,19,20,21,22,23,24,25,15,14,13,12,11,10,9,8,7,6,5,4,3,2,1,0,1,2,3,4,5,6,7,8,9,10,11,12,13,14,15,16,17,18,19,20,21,22,23,24,16,15,14,13,12,11,10,9,8,7,6,5,4,3,2,1,2,3,4,5,6,7,8,9,10,11,12,13,14,15,16,17,18,19,20,21,22,23,24,25,17,1.79769e+308,15,1.79769e+308,13,1.79769e+308,11,1.79769e+308,9,1.79769e+308,7,1.79769e+308,5,1.79769e+308,3,1.79769e+308,3,1.79769e+308,5,1.79769e+308,7,1.79769e+308,9,1.79769e+308,11,1.79769e+308,13,1.79769e+308,15,1.79769e+308,17,1.79769e+308,19,1.79769e+308,21,1.79769e+308,23,1.79769e+308,25,1.79769e+308,18,1.79769e+308,16,1.79769e+308,14,1.79769e+308,12,1.79769e+308,10,1.79769e+308,8,1.79769e+308,6,1.79769e+308,4,1.79769e+308,4,1.79769e+308,6,1.79769e+308,8,1.79769e+308,10,1.79769e+308,12,1.79769e+308,14,1.79769e+308,16,1.79769e+308,18,1.79769e+308,20,1.79769e+308,22,1.79769e+308,24,1.79769e+308,26,1.79769e+308,19,1.79769e+308,17,1.79769e+308,15,1.79769e+308,13,1.79769e+308,11,1.79769e+308,9,1.79769e+308,7,1.79769e+308,5,1.79769e+308,5,1.79769e+308,7,1.79769e+308,9,1.79769e+308,11,1.79769e+308,13,1.79769e+308,15,1.79769e+308,17,1.79769e+308,19,1.79769e+308,21,1.79769e+308,23,1.79769e+308,25,1.79769e+308,27,1.79769e+308,20,1.79769e+308,18,1.79769e+308,16,1.79769e+308,14,1.79769e+308,12,1.79769e+308,10,1.79769e+308,8,1.79769e+308,6,1.79769e+308,6,1.79769e+308,8,1.79769e+308,10,1.79769e+308,12,1.79769e+308,14,1.79769e+308,16,1.79769e+308,18,1.79769e+308,20,1.79769e+308,22,1.79769e+308,24,1.79769e+308,26,1.79769e+308,28,1.79769e+308,21,1.79769e+308,19,1.79769e+308,17,1.79769e+308,15,1.79769e+308,13,1.79769e+308,11,1.79769e+308,9,1.79769e+308,7,1.79769e+308,7,1.79769e+308,9,1.79769e+308,11,1.79769e+308,13,1.79769e+308,15,1.79769e+308,17,1.79769e+308,19,1.79769e+308,21,1.79769e+308,23,1.79769e+308,25,1.79769e+308,27,1.79769e+308,29,1.79769e+308,
576
30,1.79769e+308,28,1.79769e+308,26,1.79769e+308,24,1.79769e+308,22,1.79769e+308,20,1.79769e+308,18,1.79769e+308,16,1.79769e+308,14,1.79769e+308,16,1.79769e+308,18,1.79769e+308,20,1.79769e+308,22,1.79769e+308,24,1.79769e+308,26,1.79769e+308,28,1.79769e+308,30,1.79769e+308,32,1.79769e+308,34,1.79769e+308,36,1.79769e+308,29,1.79769e+308,27,1.79769e+308,25,1.79769e+308,23,1.79769e+308,21,1.79769e+308,19,1.79769e+308,17,1.79769e+308,15,1.79769e+308,13,1.79769e+308,15,1.79769e+308,17,1.79769e+308,19,1.79769e+308,21,1.79769e+308,23,1.79769e+308,25,1.79769e+308,27,1.79769e+308,29,1.79769e+308,31,1.79769e+308,33,1.79769e+308,35,1.79769e+308,28,1.79769e+308,26,1.79769e+308,24,1.79769e+308,22,1.79769e+308,20,1.79769e+308,18,1.79769e+308,16,1.79769e+308,14,1.79769e+308,12,1.79769e+308,14,1.79769e+308,16,1.79769e+308,18,1.79769e+308,20,1.79769e+308,22,1.79769e+308,24,1.79769e+308,26,1.79769e+308,28,1.79769e+308,30,1.79769e+308,32,1.79769e+308,34,1.79769e+308,27,1.79769e+308,25,1.79769e+308,23,1.79769e+308,21,1.79769e+308,19,1.79769e+308,17,1.79769e+308,15,1.79769e+308,13,1.79769e+308,11,1.79769e+308,13,1.79769e+308,15,1.79769e+308,17,1.79769e+308,19,1.79769e+308,21,1.79769e+308,23,1.79769e+308,25,1.79769e+308,27,1.79769e+308,29,1.79769e+308,31,1.79769e+308,33,1.79769e+308,26,1.79769e+308,24,1.79769e+308,22,1.79769e+308,20,1.79769e+308,18,1.79769e+308,16,1.79769e+308,14,1.79769e+308,12,1.79769e+308,10,1.79769e+308,12,1.79769e+308,14,1.79769e+308,16,1.79769e+308,18,1.79769e+308,20,1.79769e+308,22,1.79769e+308,24,1.79769e+308,26,1.79769e+308,28,1.79769e+308,30,1.79769e+308,32,1.79769e+308,25,1.79769e+308,23,1.79769e+308,21,1.79769e+308,19,1.79769e+308,17,1.79769e+308,15,1.79769e+308,13,1.79769e+308,11,1.79769e+308,9,1.79769e+308,11,1.79769e+308,13,1.79769e+308,15,1.79769e+308,17,1.79769e+308,19,1.79769e+308,21,1.79769e+308,23,1.79769e+308,25,1.79769e+308,27,1.79769e+308,29,1.79769e+308,31,1.79769e+308,24,1.79769e+308,22,1.79769e+308,20,1.79769e+308,18,1.79769e+308,16,1.79769e+308,14,1.79769e+308,12,1.79769e+308,10,1.79769e+308,8,1.79769e+308,10,1.79769e+308,12,1.79769e+308,14,1.79769e+308,16,1.79769e+308,18,1.79769e+308,20,1.79769e+308,22,1.79769e+308,24,1.79769e+308,26,1.79769e+308,28,1.79769e+308,30,1.79769e+308,23,1.79769e+308,21,1.79769e+308,19,1.79769e+308,17,1.79769e+308,15,1.79769e+308,13,1.79769e+308,11,1.79769e+308,9,1.79769e+308,7,1.79769e+308,9,1.79769e+308,11,1.79769e+308,13,1.79769e+308,15,1.79769e+308,17,1.79769e+308,19,1.79769e+308,21,1.79769e+308,23,1.79769e+308,25,1.79769e+308,27,1.79769e+308,29,1.79769e+308,22,1.79769e+308,20,1.79769e+308,18,1.79769e+308,16,1.79769e+308,14,1.79769e+308,12,1.79769e+308,10,1.79769e+308,8,1.79769e+308,6,1.79769e+308,8,1.79769e+308,10,1.79769e+308,12,1.79769e+308,14,1.79769e+308,16,1.79769e+308,18,1.79769e+308,20,1.79769e+308,22,1.79769e+308,24,1.79769e+308,26,1.79769e+308,28,1.79769e+308,21,1.79769e+308,19,1.79769e+308,17,1.79769e+308,15,1.79769e+308,13,1.79769e+308,11,1.79769e+308,9,1.79769e+308,7,1.79769e+308,5,1.79769e+308,7,1.79769e+308,9,1.79769e+308,11,1.79769e+308,13,1.79769e+308,15,1.79769e+308,17,1.79769e+308,19,1.79769e+308,21,1.79769e+308,23,1.79769e+308,25,1.79769e+308,27,1.79769e+308,20,1.79769e+308,18,1.79769e+308,16,1.79769e+308,14,1.79769e+308,12,1.79769e+308,10,1.79769e+308,8,1.79769e+308,6,1.79769e+308,4,1.79769e+308,6,1.79769e+308,8,1.79769e+308,10,1.79769e+308,12,1.79769e+308,14,1.79769e+308,16,1.79769e+308,18,1.79769e+308,20,1.79769e+308,22,1.79769e+308,24,1.79769e+308,26,1.79769e+308,19,1.79769e+308,17,1.79769e+308,15,1.79769e+308,13,1.79769e+308,11,1.79769e+308,9,1.79769e+308,7,1.79769e+308,5,1.79769e+308,3,1.79769e+308,5,1.79769e+308,7,1.79769e+308,9,1.79769e+308,11,1.79769e+308,13,1.79769e+308,15,1.79769e+308,17,1.79769e+308,19,1.79769e+308,21,1.79769e+308,23,1.79769e+308,25,1.79769e+308,18,1.79769e+308,16,1.79769e+308,14,1.79769e+308,12,1.79769e+308,10,1.79769e+308,8,1.79769e+308,6,1.79769e+308,4,1.79769e+308,2,1.79769e+308,4,1.79769e+308,6,1.79769e+308,8,1.79769e+308,10,1.79769e+308,12,1.79769e+308,14,1.79769e+308,16,1.79769e+308,18,1.79769e+308,20,1.79769e+308,22,1.79769e+308,24,1.79769e+308,17,16,15,14,13,12,11,10,9,8,7,6,5,4,3,2,1,2,3,4,5,6,7,8,9,10,11,12,13,14,15,16,17,18,19,20,21,22,23,24,16,15,14,13,12,11,10,9,8,7,6,5,4,3,2,1,0,1,2,3,4,5,6,7,8,9,10,11,12,13,14,15,16,17,18,19,20,21,22,23,17,16,15,14,13,12,11,10,9,8,7,6,5,4,3,2,1,2,3,4,5,6,7,8,9,10,11,12,13,14,15,16,17,18,19,20,21,22,23,24,18,1.79769e+308,16,1.79769e+308,14,1.79769e+308,12,1.79769e+308,10,1.79769e+308,8,1.79769e+308,6,1.79769e+308,4,1.79769e+308,2,1.79769e+308,4,1.79769e+308,6,1.79769e+308,8,1.79769e+308,10,1.79769e+308,12,1.79769e+308,14,1.79769e+308,16,1.79769e+308,18,1.79769e+308,20,1.79769e+308,22,1.79769e+308,24,1.79769e+308,19,1.79769e+308,17,1.79769e+308,15,1.79769e+308,13,1.79769e+308,11,1.79769e+308,9,1.79769e+308,7,1.79769e+308,5,1.79769e+308,3,1.79769e+308,5,1.79769e+308,7,1.79769e+308,9,1.79769e+308,11,1.79769e+308,13,1.79769e+308,15,1.79769e+308,17,1.79769e+308,19,1.79769e+308,21,1.79769e+308,23,1.79769e+308,25,1.79769e+308,20,1.79769e+308,18,1.79769e+308,16,1.79769e+308,14,1.79769e+308,12,1.79769e+308,10,1.79769e+308,8,1.79769e+308,6,1.79769e+308,4,1.79769e+308,6,1.79769e+308,8,1.79769e+308,10,1.79769e+308,12,1.79769e+308,14,1.79769e+308,16,1.79769e+308,18,1.79769e+308,20,1.79769e+308,22,1.79769e+308,24,1.79769e+308,26,1.79769e+308,21,1.79769e+308,19,1.79769e+308,17,1.79769e+308,15,1.79769e+308,13,1.79769e+308,11,1.79769e+308,9,1.79769e+308,7,1.79769e+308,5,1.79769e+308,7,1.79769e+308,9,1.79769e+308,11,1.79769e+308,13,1.79769e+308,15,1.79769e+308,17,1.79769e+308,19,1.79769e+308,21,1.79769e+308,23,1.79769e+308,25,1.79769e+308,27,1.79769e+308,22,1.79769e+308,20,1.79769e+308,18,1.79769e+308,16,1.79769e+308,14,1.79769e+308,12,1.79769e+308,10,1.79769e+308,8,1.79769e+308,6,1.79769e+308,8,1.79769e+308,10,1.79769e+308,12,1.79769e+308,14,1.79769e+308,16,1.79769e+308,18,1.79769e+308,20,1.79769e+308,22,1.79769e+308,24,1.79769e+308,26,1.79769e+308,28,1.79769e+308,
578
32,1.79769e+308,30,1.79769e+308,28,1.79769e+308,26,1.79769e+308,24,1.79769e+308,22,1.79769e+308,20,1.79769e+308,18,1.79769e+308,16,1.79769e+308,14,1.79769e+308,16,1.79769e+308,18,1.79769e+308,20,1.79769e+308,22,1.79769e+308,24,1.79769e+308,26,1.79769e+308,28,1.79769e+308,30,1.79769e+308,32,1.79769e+308,34,1.79769e+308,31,1.79769e+308,29,1.79769e+308,27,1.79769e+308,25,1.79769e+308,23,1.79769e+308,21,1.79769e+308,19,1.79769e+308,17,1.79769e+308,15,1.79769e+308,13,1.79769e+308,15,1.79769e+308,17,1.79769e+308,19,1.79769e+308,21,1.79769e+308,23,1.79769e+308,25,1.79769e+308,27,1.79769e+308,29,1.79769e+308,31,1.79769e+308,33,1.79769e+308,30,1.79769e+308,28,1.79769e+308,26,1.79769e+308,24,1.79769e+308,22,1.79769e+308,20,1.79769e+308,18,1.79769e+308,16,1.79769e+308,14,1.79769e+308,12,1.79769e+308,14,1.79769e+308,16,1.79769e+308,18,1.79769e+308,20,1.79769e+308,22,1.79769e+308,24,1.79769e+308,26,1.79769e+308,28,1.79769e+308,30,1.79769e+308,32,1.79769e+308,29,1.79769e+308,27,1.79769e+308,25,1.79769e+308,23,1.79769e+308,21,1.79769e+308,19,1.79769e+308,17,1.79769e+308,15,1.79769e+308,13,1.79769e+308,11,1.79769e+308,13,1.79769e+308,15,1.79769e+308,17,1.79769e+308,19,1.79769e+308,21,1.79769e+308,23,1.79769e+308,25,1.79769e+308,27,1.79769e+308,29,1.79769e+308,31,1.79769e+308,28,1.79769e+308,26,1.79769e+308,24,1.79769e+308,22,1.79769e+308,20,1.79769e+308,18,1.79769e+308,16,1.79769e+308,14,1.79769e+308,12,1.79769e+308,10,1.79769e+308,12,1.79769e+308,14,1.79769e+308,16,1.79769e+308,18,1.79769e+308,20,1.79769e+308,22,1.79769e+308,24,1.79769e+308,26,1.79769e+308,28,1.79769e+308,30,1.79769e+308,27,1.79769e+308,25,1.79769e+308,23,1.79769e+308,21,1.79769e+308,19,1.79769e+308,17,1.79769e+308,15,1.79769e+308,13,1.79769e+308,11,1.79769e+308,9,1.79769e+308,11,1.79769e+308,13,1.79769e+308,15,1.79769e+308,17,1.79769e+308,19,1.79769e+308,21,1.79769e+308,23,1.79769e+308,25,1.79769e+308,27,1.79769e+308,29,1.79769e+308,26,1.79769e+308,24,1.79769e+308,22,1.79769e+308,20,1.79769e+308,18,1.79769e+308,16,1.79769e+308,14,1.79769e+308,12,1.79769e+308,10,1.79769e+308,8,1.79769e+308,10,1.79769e+308,12,1.79769e+308,14,1.79769e+308,16,1.79769e+308,18,1.79769e+308,20,1.79769e+308,22,1.79769e+308,24,1.79769e+308,26,1.79769e+308,28,1.79769e+308,25,1.79769e+308,23,1.79769e+308,21,1.79769e+308,19,1.79769e+308,17,1.79769e+308,15,1.79769e+308,13,1.79769e+308,11,1.79769e+308,9,1.79769e+308,7,1.79769e+308,9,1.79769e+308,11,1.79769e+308,13,1.79769e+308,15,1.79769e+308,17,1.79769e+308,19,1.79769e+308,21,1.79769e+308,23,1.79769e+308,25,1.79769e+308,27,1.79769e+308,24,1.79769e+308,22,1.79769e+308,20,1.79769e+308,18,1.79769e+308,16,1.79769e+308,14,1.79769e+308,12,1.79769e+308,10,1.79769e+308,8,1.79769e+308,6,1.79769e+308,8,1.79769e+308,10,1.79769e+308,12,1.79769e+308,14,1.79769e+308,16,1.79769e+308,18,1.79769e+308,20,1.79769e+308,22,1.79769e+308,24,1.79769e+308,26,1.79769e+308,23,1.79769e+308,21,1.79769e+308,19,1.79769e+308,17,1.79769e+308,15,1.79769e+308,13,1.79769e+308,11,1.79769e+308,9,1.79769e+308,7,1.79769e+308,5,1.79769e+308,7,1.79769e+308,9,1.79769e+308,11,1.79769e+308,13,1.79769e+308,15,1.79769e+308,17,1.79769e+308,19,1.79769e+308,21,1.79769e+308,23,1.79769e+308,25,1.79769e+308,22,1.79769e+308,20,1.79769e+308,18,1.79769e+308,16,1.79769e+308,14,1.79769e+308,12,1.79769e+308,10,1.79769e+308,8,1.79769e+308,6,1.79769e+308,4,1.79769e+308,6,1.79769e+308,8,1.79769e+308,10,1.79769e+308,12,1.79769e+308,14,1.79769e+308,16,1.79769e+308,18,1.79769e+308,20,1.79769e+308,22,1.79769e+308,24,1.79769e+308,21,1.79769e+308,19,1.79769e+308,17,1.79769e+308,15,1.79769e+308,13,1.79769e+308,11,1.79769e+308,9,1.79769e+308,7,1.79769e+308,5,1.79769e+308,3,1.79769e+308,5,1.79769e+308,7,1.79769e+308,9,1.79769e+308,11,1.79769e+308,13,1.79769e+308,15,1.79769e+308,17,1.79769e+308,19,1.79769e+308,21,1.79769e+308,23,1.79769e+308,20,1.79769e+308,18,1.79769e+308,16,1.79769e+308,14,1.79769e+308,12,1.79769e+308,10,1.79769e+308,8,1.79769e+308,6,1.79769e+308,4,1.79769e+308,2,1.79769e+308,4,1.79769e+308,6,1.79769e+308,8,1.79769e+308,10,1.79769e+308,12,1.79769e+308,14,1.79769e+308,16,1.79769e+308,18,1.79769e+308,20,1.79769e+308,22,1.79769e+308,19,18,17,16,15,14,13,12,11,10,9,8,7,6,5,4,3,2,1,2,3,4,5,6,7,8,9,10,11,12,13,14,15,16,17,18,19,20,21,22,18,17,16,15,14,13,12,11,10,9,8,7,6,5,4,3,2,1,0,1,2,3,4,5,6,7,8,9,10,11,12,13,14,15,16,17,18,19,20,21,19,18,17,16,15,14,13,12,11,10,9,8,7,6,5,4,3,2,1,2,3,4,5,6,7,8,9,10,11,12,13,14,15,16,17,18,19,20,21,22,20,1.79769e+308,18,1.79769e+308,16,1.79769e+308,14,1.79769e+308,12,1.79769e+308,10,1.79769e+308,8,1.79769e+308,6,1.79769e+308,4,1.79769e+308,2,1.79769e+308,4,1.79769e+308,6,1.79769e+308,8,1.79769e+308,10,1.79769e+308,12,1.79769e+308,14,1.79769e+308,16,1.79769e+308,18,1.79769e+308,20,1.79769e+308,22,1.79769e+308,21,1.79769e+308,19,1.79769e+308,17,1.79769e+308,15,1.79769e+308,13,1.79769e+308,11,1.79769e+308,9,1.79769e+308,7,1.79769e+308,5,1.79769e+308,3,1.79769e+308,5,1.79769e+308,7,1.79769e+308,9,1.79769e+308,11,1.79769e+308,13,1.79769e+308,15,1.79769e+308,17,1.79769e+308,19,1.79769e+308,21,1.79769e+308,23,1.79769e+308,22,1.79769e+308,20,1.79769e+308,18,1.79769e+308,16,1.79769e+308,14,1.79769e+308,12,1.79769e+308,10,1.79769e+308,8,1.79769e+308,6,1.79769e+308,4,1.79769e+308,6,1.79769e+308,8,1.79769e+308,10,1.79769e+308,12,1.79769e+308,14,1.79769e+308,16,1.79769e+308,18,1.79769e+308,20,1.79769e+308,22,1.79769e+308,24,1.79769e+308,23,1.79769e+308,21,1.79769e+308,19,1.79769e+308,17,1.79769e+308,15,1.79769e+308,13,1.79769e+308,11,1.79769e+308,9,1.79769e+308,7,1.79769e+308,5,1.79769e+308,7,1.79769e+308,9,1.79769e+308,11,1.79769e+308,13,1.79769e+308,15,1.79769e+308,17,1.79769e+308,19,1.79769e+308,21,1.79769e+308,23,1.79769e+308,25,1.79769e+308,24,1.79769e+308,22,1.79769e+308,20,1.79769e+308,18,1.79769e+308,16,1.79769e+308,14,1.79769e+308,12,1.79769e+308,10,1.79769e+308,8,1.79769e+308,6,1.79769e+308,8,1.79769e+308,10,1.79769e+308,12,1.79769e+308,14,1.79769e+308,16,1.79769e+308,18,1.79769e+308,20,1.79769e+308,22,1.79769e+308,24,1.79769e+308,26,1.79769e+308,
