46 1 1 -1
4 0 2 18
55 1 3 -1
57 0 4 20
46 0 5 24
15 1 6 -1
48 1 7 -1
45 0 8 6
43 1 9 -1
8 0 10 0
28 0 11 42
40 1 12 -1
17 1 13 -1
11 0 14 24
39 0 15 38
46 1 16 -1
22 0 17 14
52 0 18 22
27 1 19 -1
47 0 20 4
52 1 21 -1
24 1 22 -1
27 0 23 36
9 1 24 -1
38 0 25 4
22 0 26 46
8 0 27 34
27 1 28 -1
27 1 29 -1
23 1 30 -1
41 1 31 -1
19 1 32 -1
37 0 33 16
46 0 34 14
30 0 35 30
5 1 36 -1
51 1 37 -1
59 0 38 28
36 0 39 36
26 1 40 -1
44 1 41 -1
7 0 42 20
31 0 43 48
55 1 44 -1
55 0 45 28
3 0 46 12
36 1 47 -1
0 0 48 12
32 1 49 -1
34 0 50 42
0 0 51 26
14 1 52 -1
2 1 53 -1
49 0 54 46
59 1 55 -1
45 0 56 44
39 1 57 -1
39 0 58 20
29 1 59 -1
49 1 60 -1
26 1 61 -1
21 1 62 -1
43 0 63 16
49 0 64 48
39 0 65 34
59 0 66 32
29 1 67 -1
21 1 68 -1
53 0 69 46
16 1 70 -1
20 0 71 0
47 1 72 -1
17 1 73 -1
21 1 74 -1
31 0 75 34
50 0 76 6
41 1 77 -1
59 1 78 -1
3 0 79 40
26 1 80 -1
21 0 81 42
58 1 82 -1
15 0 83 10
12 0 84 6
16 1 85 -1
1 1 86 -1
42 1 87 -1
53 0 88 36
18 0 89 44
10 1 90 -1
19 1 91 -1
30 1 92 -1
21 0 93 0
40 0 94 2
36 0 95 46
32 1 96 -1
1 0 97 12
25 0 98 36
21 1 99 -1
9 0 100 10
35 0 101 22
41 1 102 -1
16 0 103 26
23 1 104 -1
25 0 105 16
57 1 106 -1
40 0 107 34
38 1 108 -1
55 0 109 0
22 1 110 -1
27 1 111 -1
32 1 112 -1
52 1 113 -1
23 0 114 32
30 1 115 -1
32 1 116 -1
49 1 117 -1
55 1 118 -1
10 0 119 34
32 0 120 30
35 0 121 32
9 1 122 -1
25 0 123 44
55 0 124 30
30 0 125 28
44 1 126 -1
40 1 127 -1
17 0 128 8
35 0 129 22
58 0 130 8
40 0 131 32
18 1 132 -1
38 0 133 40
22 1 134 -1
19 0 135 18
6 0 136 16
49 1 137 -1
2 1 138 -1
26 1 139 -1
40 1 140 -1
32 0 141 10
41 1 142 -1
8 0 143 30
8 0 144 32
46 1 145 -1
7 1 146 -1
33 0 147 46
3 1 148 -1
54 0 149 46
8 0 150 20
54 0 151 2
28 0 152 10
5 1 153 -1
53 1 154 -1
28 0 155 4
58 1 156 -1
2 0 157 12
23 0 158 20
7 0 159 40
22 1 160 -1
21 0 161 2
49 0 162 2
19 1 163 -1
49 1 164 -1
16 1 165 -1
33 1 166 -1
31 0 167 14
1 1 168 -1
40 1 169 -1
0 1 170 -1
57 1 171 -1
59 0 172 48
49 0 173 12
30 0 174 24
6 0 175 28
29 0 176 14
32 0 177 42
53 1 178 -1
42 1 179 -1
18 1 180 -1
23 0 181 48
1 1 182 -1
23 1 183 -1
41 1 184 -1
45 1 185 -1
28 0 186 2
32 0 187 16
41 0 188 0
50 0 189 0
2 0 190 30
36 1 191 -1
10 1 192 -1
58 1 193 -1
18 0 194 0
32 0 195 44
16 1 196 -1
22 1 197 -1
14 0 198 28
38 1 199 -1
40 0 200 24
56 1 201 -1
22 1 202 -1
47 1 203 -1
14 0 204 32
55 0 205 30
11 0 206 12
50 1 207 -1
23 0 208 42
44 0 209 24
14 1 210 -1
22 0 211 20
14 1 212 -1
7 1 213 -1
55 1 214 -1
14 0 215 40
1 0 216 34
24 1 217 -1
48 0 218 20
27 1 219 -1
39 0 220 4
38 0 221 12
13 0 222 42
10 1 223 -1
44 1 224 -1
29 1 225 -1
23 0 226 34
55 0 227 46
48 1 228 -1
37 0 229 16
51 1 230 -1
1 1 231 -1
5 0 232 24
42 0 233 8
49 1 234 -1
32 1 235 -1
52 0 236 18
42 0 237 24
44 1 238 -1
41 0 239 36
52 0 240 28
8 1 241 -1
56 1 242 -1
16 1 243 -1
36 0 244 42
15 1 245 -1
38 0 246 48
11 1 247 -1
17 0 248 4
23 0 249 24
57 0 250 34
17 1 251 -1
46 1 252 -1
20 1 253 -1
44 1 254 -1
51 0 255 8
17 0 256 30
37 1 257 -1
51 0 258 34
18 1 259 -1
41 1 260 -1
14 0 261 34
55 1 262 -1
17 0 263 8
52 0 264 14
5 1 265 -1
33 1 266 -1
18 0 267 14
56 0 268 14
29 1 269 -1
33 1 270 -1
44 0 271 28
44 1 272 -1
39 0 273 46
5 0 274 34
15 1 275 -1
59 1 276 -1
31 0 277 40
13 0 278 36
30 1 279 -1
21 0 280 6
13 1 281 -1
9 1 282 -1
10 0 283 38
40 0 284 32
53 1 285 -1
38 0 286 40
51 0 287 10
29 0 288 14
52 0 289 44
58 1 290 -1
22 1 291 -1
28 1 292 -1
49 0 293 38
55 1 294 -1
43 1 295 -1
55 0 296 10
50 1 297 -1
46 0 298 44
13 0 299 24
13 1 300 -1
2 0 301 28
53 1 302 -1
21 1 303 -1
32 1 304 -1
10 0 305 42
13 0 306 28
6 1 307 -1
27 0 308 10
2 1 309 -1
47 1 310 -1
29 0 311 8
39 0 312 10
56 0 313 48
11 1 314 -1
7 1 315 -1
3 0 316 0
15 1 317 -1
16 0 318 36
7 0 319 48
31 0 320 42
43 1 321 -1
24 0 322 46
20 1 323 -1
3 0 324 38
28 0 325 0
13 1 326 -1
47 1 327 -1
33 1 328 -1
25 1 329 -1
0 0 330 26
2 0 331 26
38 1 332 -1
55 0 333 32
10 0 334 34
22 0 335 26
38 1 336 -1
23 1 337 -1
8 1 338 -1
51 1 339 -1
2 0 340 0
15 1 341 -1
47 0 342 28
53 1 343 -1
46 0 344 46
57 1 345 -1
20 0 346 30
15 1 347 -1
59 1 348 -1
30 0 349 32
25 0 350 44
23 0 351 42
38 1 352 -1
3 1 353 -1
19 1 354 -1
17 0 355 34
57 1 356 -1
40 0 357 46
50 0 358 8
37 0 359 10
24 1 360 -1
53 0 361 10
57 0 362 18
4 1 363 -1
47 1 364 -1
17 0 365 46
16 1 366 -1
20 1 367 -1
1 1 368 -1
12 0 369 26
56 0 370 30
50 0 371 38
45 1 372 -1
22 0 373 36
0 0 374 36
50 1 375 -1
14 1 376 -1
8 0 377 46
59 1 378 -1
23 1 379 -1
57 0 380 34
16 1 381 -1
54 1 382 -1
52 0 383 14
38 1 384 -1
52 1 385 -1
55 0 386 24
21 0 387 38
34 1 388 -1
8 0 389 6
56 0 390 42
37 1 391 -1
27 0 392 38
38 1 393 -1
1 0 394 10
6 0 395 4
10 1 396 -1
47 0 397 24
30 1 398 -1
32 0 399 20
14 1 400 -1
46 0 401 22
2 1 402 -1
16 1 403 -1
43 0 404 8
41 0 405 14
3 0 406 4
57 1 407 -1
49 0 408 42
58 1 409 -1
13 0 410 20
33 1 411 -1
57 1 412 -1
7 1 413 -1
47 0 414 38
7 0 415 42
27 1 416 -1
57 1 417 -1
51 1 418 -1
53 0 419 30
55 1 420 -1
5 0 421 0
44 1 422 -1
17 0 423 44
13 0 424 20
1 1 425 -1
16 0 426 30
56 0 427 26
28 1 428 -1
19 0 429 40
41 1 430 -1
57 0 431 46
6 1 432 -1
17 1 433 -1
47 0 434 6
37 1 435 -1
53 0 436 22
3 1 437 -1
10 0 438 0
9 0 439 42
31 1 440 -1
4 0 441 46
12 1 442 -1
40 0 443 30
19 0 444 10
58 1 445 -1
39 1 446 -1
46 0 447 12
16 0 448 46
1 1 449 -1
24 0 450 28
10 1 451 -1
24 1 452 -1
17 1 453 -1
21 0 454 44
36 0 455 16
22 0 456 40
48 0 457 44
17 1 458 -1
32 1 459 -1
57 1 460 -1
47 0 461 44
43 1 462 -1
48 0 463 34
44 0 464 24
13 1 465 -1
41 0 466 26
25 1 467 -1
28 1 468 -1
32 1 469 -1
39 0 470 40
31 0 471 30
57 1 472 -1
37 1 473 -1
53 1 474 -1
18 0 475 42
1 1 476 -1
55 0 477 44
1 0 478 28
7 0 479 28
38 1 480 -1
15 0 481 24
59 1 482 -1
9 0 483 4
6 0 484 42
4 1 485 -1
45 1 486 -1
3 0 487 34
23 1 488 -1
23 0 489 18
27 1 490 -1
54 1 491 -1
15 0 492 16
7 0 493 36
13 1 494 -1
28 0 495 34
4 1 496 -1
34 1 497 -1
2 0 498 6
34 0 499 42
56 1 500 -1
59 0 501 30
49 1 502 -1
40 1 503 -1
12 0 504 26
0 1 505 -1
25 0 506 22
22 0 507 20
8 1 508 -1
49 1 509 -1
16 0 510 8
27 1 511 -1
37 0 512 30
22 1 513 -1
21 0 514 34
15 1 515 -1
23 1 516 -1
7 0 517 14
41 0 518 2
13 1 519 -1
56 0 520 4
48 0 521 22
35 1 522 -1
11 0 523 10
46 1 524 -1
42 0 525 12
58 0 526 46
5 1 527 -1
7 1 528 -1
55 0 529 36
25 1 530 -1
6 1 531 -1
52 1 532 -1
28 0 533 22
56 0 534 32
29 0 535 26
26 0 536 22
46 1 537 -1
40 0 538 12
59 1 539 -1
24 1 540 -1
50 0 541 46
38 1 542 -1
12 0 543 12
2 1 544 -1
32 1 545 -1
3 0 546 32
25 0 547 22
19 1 548 -1
1 0 549 20
2 1 550 -1
47 1 551 -1
45 0 552 22
58 1 553 -1
35 1 554 -1
1 0 555 16
24 0 556 10
33 0 557 36
42 1 558 -1
8 1 559 -1
24 1 560 -1
56 0 561 40
36 0 562 34
40 0 563 12
44 1 564 -1
27 0 565 16
52 1 566 -1
3 1 567 -1
6 0 568 44
50 0 569 8
43 1 570 -1
59 1 571 -1
50 0 572 20
35 0 573 20
15 0 574 26
24 1 575 -1
5 1 576 -1
2 1 577 -1
57 0 578 30
57 1 579 -1
4 1 580 -1
3 0 581 10
39 1 582 -1
1 0 583 20
14 1 584 -1
50 0 585 4
27 0 586 14
5 1 587 -1
47 0 588 14
51 0 589 12
36 1 590 -1
59 1 591 -1
29 1 592 -1
34 0 593 26
24 0 594 10
1 1 595 -1
19 0 596 24
55 1 597 -1
26 0 598 32
54 0 599 12
45 1 600 -1
7 0 601 2
33 1 602 -1
33 0 603 40
18 0 604 8
18 1 605 -1
17 1 606 -1
0 0 607 48
24 0 608 10
36 1 609 -1
10 1 610 -1
33 1 611 -1
0 1 612 -1
55 1 613 -1
2 0 614 18
19 0 615 38
26 0 616 42
30 0 617 24
9 1 618 -1
38 1 619 -1
2 0 620 8
6 1 621 -1
11 0 622 46
1 0 623 28
0 1 624 -1
21 1 625 -1
27 0 626 16
16 1 627 -1
9 1 628 -1
5 0 629 24
50 1 630 -1
29 0 631 16
27 0 632 32
9 0 633 34
33 1 634 -1
52 0 635 24
21 1 636 -1
42 1 637 -1
34 1 638 -1
5 1 639 -1
40 0 640 14
49 0 641 24
52 1 642 -1
57 0 643 22
17 0 644 44
34 1 645 -1
33 1 646 -1
37 0 647 40
58 1 648 -1
14 1 649 -1
49 1 650 -1
58 1 651 -1
39 0 652 44
19 0 653 18
52 0 654 38
52 1 655 -1
6 0 656 18
26 1 657 -1
53 0 658 10
18 1 659 -1
24 0 660 28
32 0 661 8
10 1 662 -1
43 0 663 18
37 0 664 20
27 0 665 20
34 0 666 36
55 1 667 -1
22 0 668 22
7 1 669 -1
4 1 670 -1
26 0 671 0
27 1 672 -1
57 1 673 -1
53 0 674 34
55 0 675 14
23 1 676 -1
55 1 677 -1
50 1 678 -1
57 0 679 2
56 0 680 24
22 0 681 44
41 0 682 2
0 0 683 14
6 1 684 -1
43 1 685 -1
1 1 686 -1
49 1 687 -1
30 1 688 -1
34 0 689 48
37 1 690 -1
42 1 691 -1
31 0 692 40
56 0 693 30
56 0 694 30
7 0 695 46
11 1 696 -1
56 0 697 36
42 1 698 -1
41 1 699 -1
41 0 700 26
53 0 701 36
17 0 702 32
38 1 703 -1
36 0 704 8
22 1 705 -1
7 0 706 2
0 0 707 16
21 1 708 -1
28 1 709 -1
49 1 710 -1
31 0 711 6
17 1 712 -1
7 0 713 36
18 1 714 -1
26 1 715 -1
47 1 716 -1
41 0 717 28
45 1 718 -1
11 0 719 18
6 0 720 26
10 1 721 -1
43 1 722 -1
42 0 723 10
38 1 724 -1
33 0 725 18
10 1 726 -1
1 1 727 -1
23 0 728 22
27 0 729 48
33 0 730 22
31 0 731 34
3 1 732 -1
49 0 733 4
20 0 734 12
16 1 735 -1
31 1 736 -1
40 1 737 -1
45 0 738 10
9 0 739 22
16 0 740 10
3 1 741 -1
22 1 742 -1
59 1 743 -1
7 0 744 8
46 1 745 -1
58 0 746 34
32 1 747 -1
43 1 748 -1
47 0 749 0
17 1 750 -1
4 0 751 42
27 0 752 32
44 0 753 28
8 1 754 -1
58 0 755 30
22 1 756 -1
40 1 757 -1
29 1 758 -1
7 0 759 8
2 1 760 -1
44 0 761 44
1 0 762 32
8 0 763 20
49 1 764 -1
7 0 765 22
20 1 766 -1
48 1 767 -1
51 0 768 0
22 0 769 4
10 0 770 16
14 1 771 -1
51 1 772 -1
54 1 773 -1
54 1 774 -1
33 0 775 22
26 1 776 -1
8 0 777 48
10 0 778 26
44 0 779 6
58 0 780 26
19 1 781 -1
23 1 782 -1
24 0 783 6
41 1 784 -1
54 0 785 14
45 0 786 34
58 1 787 -1
8 1 788 -1
46 0 789 20
48 0 790 6
27 0 791 6
38 1 792 -1
19 1 793 -1
21 0 794 18
25 1 795 -1
0 1 796 -1
33 0 797 46
16 0 798 42
36 1 799 -1
31 0 800 46
25 1 801 -1
39 1 802 -1
31 0 803 42
52 1 804 -1
54 1 805 -1
26 0 806 36
54 1 807 -1
32 0 808 18
22 0 809 22
6 1 810 -1
37 1 811 -1
35 1 812 -1
57 1 813 -1
29 0 814 16
1 1 815 -1
5 0 816 10
42 0 817 26
22 0 818 16
13 1 819 -1
24 0 820 22
57 0 821 8
55 1 822 -1
5 0 823 34
46 0 824 42
39 1 825 -1
11 1 826 -1
22 0 827 14
57 1 828 -1
35 1 829 -1
19 0 830 12
55 1 831 -1
58 0 832 14
27 0 833 36
26 1 834 -1
58 0 835 20
46 1 836 -1
23 1 837 -1
59 1 838 -1
38 0 839 44
16 1 840 -1
21 0 841 6
31 0 842 22
42 1 843 -1
3 1 844 -1
28 0 845 8
15 0 846 0
34 1 847 -1
13 0 848 24
27 1 849 -1
48 0 850 2
27 1 851 -1
10 0 852 32
37 0 853 42
3 1 854 -1
32 1 855 -1
19 0 856 48
19 0 857 14
19 1 858 -1
32 1 859 -1
48 1 860 -1
23 0 861 40
35 1 862 -1
44 0 863 46
37 0 864 36
17 1 865 -1
22 0 866 22
30 1 867 -1
14 0 868 22
38 0 869 36
31 1 870 -1
6 0 871 22
16 1 872 -1
14 1 873 -1
10 0 874 34
48 0 875 10
20 0 876 38
19 1 877 -1
42 1 878 -1
27 1 879 -1
8 0 880 12
0 0 881 6
27 0 882 4
45 1 883 -1
6 1 884 -1
59 0 885 44
44 0 886 10
28 1 887 -1
59 1 888 -1
20 0 889 0
6 1 890 -1
52 0 891 48
30 0 892 36
46 1 893 -1
27 0 894 28
38 1 895 -1
18 0 896 8
15 1 897 -1
48 1 898 -1
45 1 899 -1
30 0 900 14
25 0 901 34
58 1 902 -1
0 0 903 26
36 1 904 -1
1 1 905 -1
13 0 906 28
1 0 907 32
1 1 908 -1
3 0 909 0
13 0 910 30
17 0 911 46
53 1 912 -1
45 1 913 -1
28 0 914 0
57 1 915 -1
55 0 916 24
46 0 917 44
24 1 918 -1
40 0 919 26
19 1 920 -1
56 1 921 -1
39 1 922 -1
45 0 923 12
50 0 924 10
34 1 925 -1
52 1 926 -1
5 0 927 2
49 1 928 -1
9 0 929 44
37 1 930 -1
23 0 931 20
46 1 932 -1
7 1 933 -1
18 0 934 12
16 1 935 -1
23 0 936 4
35 0 937 10
25 1 938 -1
14 0 939 48
22 1 940 -1
41 1 941 -1
49 0 942 12
56 1 943 -1
1 0 944 10
16 0 945 32
45 0 946 22
18 1 947 -1
49 0 948 40
45 1 949 -1
40 1 950 -1
52 0 951 40
5 1 952 -1
57 1 953 -1
17 0 954 2
54 0 955 32
14 0 956 46
13 1 957 -1
3 1 958 -1
37 0 959 10
45 1 960 -1
43 0 961 48
50 1 962 -1
41 0 963 40
42 0 964 30
36 1 965 -1
30 1 966 -1
50 0 967 14
37 0 968 2
21 1 969 -1
59 1 970 -1
28 1 971 -1
42 0 972 22
17 1 973 -1
16 0 974 40
18 0 975 2
34 0 976 0
8 1 977 -1
4 1 978 -1
9 1 979 -1
44 0 980 18
43 1 981 -1
32 1 982 -1
20 0 983 32
27 1 984 -1
41 0 985 16
20 0 986 16
17 0 987 18
46 0 988 14
38 0 989 10
36 1 990 -1
39 1 991 -1
31 1 992 -1
6 1 993 -1
18 0 994 6
51 0 995 24
27 0 996 44
16 0 997 2
31 1 998 -1
50 0 999 2
29 1 1000 -1
43 1 1001 -1
3 1 1002 -1
26 1 1003 -1
45 0 1004 18
5 1 1005 -1
33 1 1006 -1
55 0 1007 30
35 0 1008 44
6 1 1009 -1
23 0 1010 8
39 1 1011 -1
1 0 1012 20
19 0 1013 14
39 1 1014 -1
33 1 1015 -1
37 0 1016 18
10 0 1017 34
44 1 1018 -1
10 0 1019 0
57 1 1020 -1
49 1 1021 -1
23 1 1022 -1
41 0 1023 18
29 0 1024 22
55 0 1025 4
34 0 1026 38
14 0 1027 6
28 1 1028 -1
0 1 1029 -1
20 1 1030 -1
46 1 1031 -1
8 0 1032 14
58 1 1033 -1
33 0 1034 0
40 0 1035 42
56 1 1036 -1
30 1 1037 -1
5 0 1038 2
35 0 1039 22
31 1 1040 -1
38 1 1041 -1
50 0 1042 48
9 1 1043 -1
50 0 1044 40
9 0 1045 40
44 0 1046 48
20 1 1047 -1
58 0 1048 24
39 1 1049 -1
17 0 1050 26
7 1 1051 -1
12 1 1052 -1
59 0 1053 42
18 1 1054 -1
25 0 1055 2
36 1 1056 -1
20 0 1057 36
26 1 1058 -1
33 0 1059 12
54 0 1060 36
51 1 1061 -1
15 1 1062 -1
54 1 1063 -1
13 0 1064 28
11 0 1065 36
16 0 1066 16
7 1 1067 -1
52 1 1068 -1
36 0 1069 2
53 0 1070 12
5 1 1071 -1
41 1 1072 -1
6 1 1073 -1
40 0 1074 48
37 0 1075 48
26 1 1076 -1
0 0 1077 24
52 1 1078 -1
58 0 1079 28
9 0 1080 12
46 1 1081 -1
51 0 1082 6
33 1 1083 -1
48 0 1084 22
22 1 1085 -1
46 1 1086 -1
30 1 1087 -1
31 0 1088 2
1 0 1089 10
33 1 1090 -1
17 0 1091 2
16 0 1092 16
45 1 1093 -1
4 0 1094 46
43 1 1095 -1
16 1 1096 -1
24 1 1097 -1
58 0 1098 22
10 0 1099 48
45 1 1100 -1
49 1 1101 -1
28 1 1102 -1
17 0 1103 28
12 0 1104 6
51 0 1105 8
5 0 1106 48
14 1 1107 -1
19 0 1108 24
6 0 1109 26
23 1 1110 -1
15 1 1111 -1
45 1 1112 -1
44 0 1113 32
44 0 1114 0
32 0 1115 8
43 1 1116 -1
41 1 1117 -1
22 1 1118 -1
19 1 1119 -1
22 0 1120 26
40 0 1121 34
39 1 1122 -1
4 1 1123 -1
32 0 1124 34
1 1 1125 -1
2 0 1126 34
44 0 1127 20
8 1 1128 -1
19 0 1129 4
30 0 1130 2
14 1 1131 -1
10 1 1132 -1
30 1 1133 -1
20 0 1134 44
39 1 1135 -1
29 1 1136 -1
46 0 1137 20
8 0 1138 12
20 1 1139 -1
5 0 1140 18
8 1 1141 -1
5 0 1142 34
16 1 1143 -1
21 0 1144 6
13 0 1145 2
36 1 1146 -1
7 0 1147 28
8 1 1148 -1
21 1 1149 -1
21 1 1150 -1
5 0 1151 14
22 1 1152 -1
6 0 1153 20
42 0 1154 48
14 1 1155 -1
30 1 1156 -1
43 0 1157 24
29 0 1158 48
54 0 1159 14
32 1 1160 -1
46 0 1161 10
35 0 1162 2
51 1 1163 -1
9 1 1164 -1
3 1 1165 -1
32 0 1166 34
21 0 1167 18
18 1 1168 -1
26 0 1169 18
1 0 1170 32
23 1 1171 -1
38 1 1172 -1
54 1 1173 -1
5 0 1174 22
29 1 1175 -1
4 1 1176 -1
8 0 1177 30
43 1 1178 -1
52 0 1179 8
18 0 1180 46
59 0 1181 46
28 1 1182 -1
8 0 1183 12
21 0 1184 48
53 1 1185 -1
44 1 1186 -1
48 1 1187 -1
22 0 1188 18
58 1 1189 -1
10 0 1190 48
24 1 1191 -1
24 1 1192 -1
30 0 1193 32
55 0 1194 32
3 0 1195 6
55 1 1196 -1
26 1 1197 -1
26 1 1198 -1
27 0 1199 4
41 0 1200 4
2 1 1201 -1
19 0 1202 20
8 0 1203 30
23 1 1204 -1
13 0 1205 26
48 1 1206 -1
23 0 1207 0
36 1 1208 -1
9 1 1209 -1
43 0 1210 12
31 1 1211 -1
23 1 1212 -1
7 0 1213 10
55 0 1214 22
19 0 1215 16
12 1 1216 -1
25 0 1217 8
21 1 1218 -1
19 0 1219 42
9 1 1220 -1
40 1 1221 -1
58 1 1222 -1
5 0 1223 8
8 1 1224 -1
30 0 1225 2
51 0 1226 2
51 0 1227 44
18 1 1228 -1
14 1 1229 -1
22 0 1230 40
18 1 1231 -1
40 0 1232 4
5 0 1233 34
20 1 1234 -1
21 0 1235 38
48 1 1236 -1
32 0 1237 24
48 0 1238 42
23 1 1239 -1
14 1 1240 -1
15 0 1241 18
59 1 1242 -1
26 0 1243 48
4 1 1244 -1
18 0 1245 28
45 1 1246 -1
39 1 1247 -1
52 0 1248 16
22 0 1249 48
39 1 1250 -1
1 0 1251 10
33 0 1252 32
26 1 1253 -1
7 1 1254 -1
22 0 1255 32
19 0 1256 10
4 1 1257 -1
23 0 1258 30
35 1 1259 -1
46 0 1260 26
43 1 1261 -1
12 0 1262 26
31 1 1263 -1
59 1 1264 -1
5 1 1265 -1
30 0 1266 0
58 0 1267 28
40 1 1268 -1
42 1 1269 -1
33 0 1270 28
59 0 1271 2
51 1 1272 -1
2 0 1273 26
52 0 1274 10
15 0 1275 48
57 1 1276 -1
2 0 1277 26
8 1 1278 -1
29 1 1279 -1
37 1 1280 -1
29 1 1281 -1
44 0 1282 46
10 0 1283 18
3 1 1284 -1
23 0 1285 42
58 1 1286 -1
24 0 1287 28
17 0 1288 6
21 1 1289 -1
56 0 1290 0
14 1 1291 -1
42 1 1292 -1
35 1 1293 -1
8 0 1294 22
19 1 1295 -1
40 0 1296 32
27 1 1297 -1
11 1 1298 -1
10 0 1299 48
12 1 1300 -1
6 0 1301 26
24 0 1302 12
16 1 1303 -1
49 0 1304 34
53 1 1305 -1
32 0 1306 20
6 1 1307 -1
13 1 1308 -1
9 0 1309 48
17 0 1310 42
9 1 1311 -1
20 0 1312 16
29 0 1313 30
17 0 1314 48
7 0 1315 0
35 1 1316 -1
24 1 1317 -1
3 1 1318 -1
18 0 1319 6
20 1 1320 -1
57 1 1321 -1
42 0 1322 16
54 0 1323 38
15 1 1324 -1
33 1 1325 -1
21 1 1326 -1
49 0 1327 44
39 0 1328 12
5 1 1329 -1
52 0 1330 46
57 0 1331 16
36 0 1332 42
28 1 1333 -1
23 1 1334 -1
46 1 1335 -1
28 0 1336 48
31 1 1337 -1
39 1 1338 -1
16 1 1339 -1
11 0 1340 0
30 0 1341 20
13 0 1342 6
20 0 1343 18
44 1 1344 -1
10 1 1345 -1
32 0 1346 40
5 1 1347 -1
19 0 1348 14
33 1 1349 -1
22 1 1350 -1
10 1 1351 -1
46 0 1352 6
42 0 1353 0
18 0 1354 28
48 0 1355 12
45 0 1356 22
32 1 1357 -1
33 0 1358 36
18 0 1359 22
41 1 1360 -1
29 1 1361 -1
22 1 1362 -1
7 1 1363 -1
45 1 1364 -1
33 1 1365 -1
10 1 1366 -1
43 0 1367 6
51 0 1368 12
27 0 1369 6
7 1 1370 -1
46 1 1371 -1
46 1 1372 -1
13 0 1373 14
37 0 1374 26
39 0 1375 34
58 0 1376 34
11 0 1377 6
36 0 1378 12
58 1 1379 -1
39 0 1380 12
12 1 1381 -1
29 1 1382 -1
35 1 1383 -1
0 1 1384 -1
41 0 1385 48
11 1 1386 -1
39 0 1387 26
46 0 1388 20
20 1 1389 -1
24 0 1390 12
5 0 1391 46
48 1 1392 -1
42 0 1393 10
11 0 1394 24
33 1 1395 -1
48 0 1396 24
10 1 1397 -1
10 0 1398 34
19 1 1399 -1
41 1 1400 -1
16 0 1401 2
14 0 1402 28
40 1 1403 -1
27 0 1404 4
34 1 1405 -1
41 0 1406 46
43 1 1407 -1
19 1 1408 -1
52 0 1409 22
48 0 1410 22
24 1 1411 -1
41 0 1412 42
3 0 1413 24
9 1 1414 -1
38 0 1415 44
41 1 1416 -1
53 1 1417 -1
19 0 1418 38
6 1 1419 -1
58 1 1420 -1
13 0 1421 6
8 1 1422 -1
51 1 1423 -1
38 0 1424 18
42 1 1425 -1
21 0 1426 24
11 0 1427 48
45 1 1428 -1
40 0 1429 2
6 0 1430 40
49 1 1431 -1
46 1 1432 -1
1 0 1433 0
41 0 1434 16
44 1 1435 -1
2 1 1436 -1
58 1 1437 -1
14 0 1438 38
51 0 1439 0
48 1 1440 -1
1 0 1441 34
46 1 1442 -1
4 1 1443 -1
26 0 1444 0
53 1 1445 -1
23 0 1446 14
14 1 1447 -1
54 0 1448 4
11 1 1449 -1
26 0 1450 18
58 1 1451 -1
21 0 1452 20
9 0 1453 32
28 1 1454 -1
1 1 1455 -1
20 0 1456 0
31 0 1457 0
55 1 1458 -1
14 1 1459 -1
57 0 1460 40
31 0 1461 4
39 0 1462 30
20 1 1463 -1
39 1 1464 -1
54 0 1465 40
9 1 1466 -1
28 1 1467 -1
4 0 1468 18
24 0 1469 12
47 1 1470 -1
42 0 1471 38
5 1 1472 -1
12 0 1473 4
4 1 1474 -1
8 1 1475 -1
39 0 1476 8
2 0 1477 30
33 1 1478 -1
42 0 1479 30
40 1 1480 -1
21 0 1481 28
59 1 1482 -1
32 0 1483 16
56 0 1484 48
56 1 1485 -1
54 1 1486 -1
16 0 1487 36
58 1 1488 -1
16 1 1489 -1
20 1 1490 -1
16 0 1491 18
29 0 1492 6
10 1 1493 -1
24 0 1494 44
54 1 1495 -1
0 1 1496 -1
36 0 1497 2
6 0 1498 10
13 0 1499 28
36 1 1500 -1
53 0 1501 42
31 1 1502 -1
49 1 1503 -1
5 0 1504 2
4 0 1505 14
20 1 1506 -1
47 0 1507 24
44 1 1508 -1
7 1 1509 -1
49 0 1510 0
39 1 1511 -1
11 0 1512 4
42 1 1513 -1
37 1 1514 -1
32 0 1515 20
16 1 1516 -1
10 0 1517 16
33 0 1518 12
31 1 1519 -1
6 0 1520 14
53 0 1521 34
33 1 1522 -1
37 0 1523 16
49 1 1524 -1
3 1 1525 -1
12 0 1526 14
28 0 1527 36
31 1 1528 -1
29 0 1529 18
1 1 1530 -1
22 1 1531 -1
12 1 1532 -1
10 0 1533 10
32 0 1534 2
45 1 1535 -1
33 0 1536 10
51 1 1537 -1
27 0 1538 12
19 0 1539 46
18 1 1540 -1
1 1 1541 -1
19 1 1542 -1
32 0 1543 44
1 0 1544 8
24 0 1545 18
54 0 1546 36
15 1 1547 -1
51 0 1548 46
40 1 1549 -1
34 1 1550 -1
16 0 1551 48
48 1 1552 -1
30 1 1553 -1
18 1 1554 -1
44 0 1555 48
36 0 1556 24
39 1 1557 -1
36 0 1558 4
8 0 1559 18
56 1 1560 -1
6 0 1561 44
30 1 1562 -1
29 1 1563 -1
22 1 1564 -1
23 0 1565 26
31 1 1566 -1
29 0 1567 0
23 0 1568 0
39 0 1569 34
35 0 1570 40
17 1 1571 -1
42 1 1572 -1
19 1 1573 -1
31 0 1574 16
28 1 1575 -1
46 0 1576 32
44 0 1577 36
15 1 1578 -1
21 1 1579 -1
31 0 1580 26
5 1 1581 -1
43 1 1582 -1
6 0 1583 34
53 0 1584 10
4 1 1585 -1
30 0 1586 18
20 0 1587 38
29 1 1588 -1
39 1 1589 -1
45 0 1590 38
48 0 1591 4
7 1 1592 -1
36 0 1593 6
3 1 1594 -1
6 0 1595 22
59 1 1596 -1
11 0 1597 44
50 1 1598 -1
14 1 1599 -1
25 1 1600 -1
12 0 1601 46
39 1 1602 -1
17 0 1603 24
54 0 1604 28
19 1 1605 -1
6 1 1606 -1
13 1 1607 -1
9 0 1608 36
26 0 1609 38
45 0 1610 6
50 0 1611 48
14 0 1612 8
25 1 1613 -1
39 0 1614 14
20 1 1615 -1
7 1 1616 -1
55 1 1617 -1
46 0 1618 20
36 0 1619 16
9 1 1620 -1
25 1 1621 -1
53 0 1622 32
39 1 1623 -1
23 0 1624 48
1 0 1625 2
12 1 1626 -1
26 0 1627 24
43 1 1628 -1
9 0 1629 30
45 0 1630 34
54 1 1631 -1
10 1 1632 -1
3 0 1633 0
6 1 1634 -1
29 0 1635 26
55 1 1636 -1
21 1 1637 -1
34 0 1638 28
44 0 1639 12
57 1 1640 -1
16 0 1641 42
44 1 1642 -1
55 0 1643 40
5 1 1644 -1
58 0 1645 14
38 0 1646 2
48 1 1647 -1
22 1 1648 -1
25 0 1649 40
10 1 1650 -1
52 1 1651 -1
38 0 1652 38
52 0 1653 38
31 1 1654 -1
43 1 1655 -1
28 0 1656 14
39 0 1657 2
35 1 1658 -1
34 0 1659 16
16 1 1660 -1
18 0 1661 16
29 0 1662 40
23 1 1663 -1
49 0 1664 22
19 1 1665 -1
16 0 1666 42
57 1 1667 -1
15 0 1668 30
55 1 1669 -1
58 1 1670 -1
31 0 1671 24
15 1 1672 -1
23 1 1673 -1
46 1 1674 -1
32 0 1675 34
19 0 1676 44
25 1 1677 -1
32 0 1678 8
19 0 1679 30
45 0 1680 10
1 1 1681 -1
58 0 1682 10
31 1 1683 -1
8 0 1684 2
29 1 1685 -1
26 1 1686 -1
56 1 1687 -1
57 0 1688 10
0 1 1689 -1
30 0 1690 0
54 0 1691 10
44 1 1692 -1
58 0 1693 10
7 1 1694 -1
6 0 1695 28
33 1 1696 -1
48 1 1697 -1
46 0 1698 4
56 1 1699 -1
28 0 1700 38
38 1 1701 -1
17 1 1702 -1
27 1 1703 -1
44 0 1704 44
36 0 1705 34
54 1 1706 -1
58 0 1707 26
3 0 1708 24
28 0 1709 26
11 1 1710 -1
56 0 1711 20
21 1 1712 -1
17 0 1713 26
0 1 1714 -1
45 0 1715 30
50 1 1716 -1
38 0 1717 32
56 1 1718 -1
51 1 1719 -1
25 0 1720 46
8 1 1721 -1
7 0 1722 38
55 0 1723 22
4 1 1724 -1
16 0 1725 8
43 0 1726 12
50 1 1727 -1
16 1 1728 -1
39 0 1729 28
31 0 1730 32
19 1 1731 -1
22 1 1732 -1
11 1 1733 -1
35 1 1734 -1
28 0 1735 18
39 1 1736 -1
22 0 1737 48
44 0 1738 34
1 0 1739 0
32 1 1740 -1
58 1 1741 -1
34 1 1742 -1
3 0 1743 16
49 0 1744 2
43 0 1745 40
40 1 1746 -1
14 0 1747 26
31 1 1748 -1
29 1 1749 -1
46 0 1750 2
3 0 1751 6
0 1 1752 -1
5 0 1753 24
30 1 1754 -1
52 1 1755 -1
34 1 1756 -1
0 0 1757 24
50 0 1758 0
32 1 1759 -1
48 0 1760 22
23 1 1761 -1
59 0 1762 4
26 0 1763 46
6 0 1764 8
29 0 1765 16
56 1 1766 -1
51 1 1767 -1
23 0 1768 42
27 1 1769 -1
9 0 1770 34
5 1 1771 -1
31 1 1772 -1
7 0 1773 12
45 0 1774 16
2 1 1775 -1
34 1 1776 -1
5 1 1777 -1
38 0 1778 32
57 0 1779 24
42 0 1780 30
17 1 1781 -1
9 0 1782 12
1 0 1783 12
48 1 1784 -1
48 1 1785 -1
38 0 1786 24
57 1 1787 -1
33 1 1788 -1
28 1 1789 -1
2 0 1790 38
21 0 1791 8
53 1 1792 -1
13 1 1793 -1
39 0 1794 38
45 1 1795 -1
52 0 1796 44
36 0 1797 26
48 1 1798 -1
32 0 1799 0
34 0 1800 30
37 1 1801 -1
47 1 1802 -1
57 0 1803 18
55 0 1804 30
13 1 1805 -1
24 1 1806 -1
25 1 1807 -1
47 1 1808 -1
25 0 1809 36
37 0 1810 46
45 1 1811 -1
35 0 1812 30
9 1 1813 -1
36 1 1814 -1
36 0 1815 10
19 1 1816 -1
48 1 1817 -1
45 0 1818 4
20 0 1819 12
10 0 1820 0
14 0 1821 40
14 1 1822 -1
23 1 1823 -1
6 0 1824 20
0 1 1825 -1
40 1 1826 -1
31 0 1827 48
15 0 1828 30
50 0 1829 48
39 0 1830 30
45 1 1831 -1
25 1 1832 -1
32 0 1833 34
53 1 1834 -1
49 0 1835 40
40 0 1836 16
16 0 1837 48
34 1 1838 -1
3 1 1839 -1
55 1 1840 -1
48 0 1841 26
16 0 1842 20
26 1 1843 -1
46 1 1844 -1
26 1 1845 -1
22 0 1846 12
23 0 1847 8
19 0 1848 32
43 0 1849 2
24 1 1850 -1
15 1 1851 -1
55 0 1852 22
8 1 1853 -1
29 1 1854 -1
14 1 1855 -1
5 0 1856 18
30 0 1857 12
53 1 1858 -1
28 1 1859 -1
53 0 1860 42
13 1 1861 -1
40 0 1862 8
0 0 1863 14
6 1 1864 -1
29 0 1865 40
35 1 1866 -1
58 0 1867 46
47 0 1868 14
8 1 1869 -1
55 0 1870 22
3 1 1871 -1
17 1 1872 -1
26 0 1873 46
18 0 1874 42
33 1 1875 -1
5 1 1876 -1
9 1 1877 -1
55 0 1878 14
26 0 1879 46
43 0 1880 16
48 1 1881 -1
28 0 1882 20
40 1 1883 -1
28 0 1884 0
27 1 1885 -1
8 0 1886 40
0 1 1887 -1
54 0 1888 0
37 1 1889 -1
39 0 1890 26
2 1 1891 -1
3 1 1892 -1
16 1 1893 -1
22 0 1894 16
12 0 1895 32
50 1 1896 -1
9 0 1897 24
21 1 1898 -1
42 0 1899 22
5 0 1900 16
44 1 1901 -1
27 1 1902 -1
9 1 1903 -1
36 0 1904 30
17 0 1905 0
16 0 1906 34
16 1 1907 -1
50 1 1908 -1
14 1 1909 -1
15 0 1910 26
48 0 1911 32
39 1 1912 -1
10 0 1913 16
41 1 1914 -1
15 1 1915 -1
27 0 1916 38
16 1 1917 -1
17 1 1918 -1
22 0 1919 6
38 0 1920 4
7 0 1921 48
16 0 1922 6
37 1 1923 -1
12 1 1924 -1
15 0 1925 26
3 0 1926 42
4 0 1927 48
12 0 1928 2
6 1 1929 -1
57 1 1930 -1
24 1 1931 -1
28 0 1932 46
33 1 1933 -1
10 1 1934 -1
31 0 1935 32
17 0 1936 10
57 1 1937 -1
15 0 1938 6
11 0 1939 42
52 1 1940 -1
28 0 1941 38
34 1 1942 -1
27 1 1943 -1
53 0 1944 26
0 0 1945 2
16 0 1946 48
55 1 1947 -1
48 1 1948 -1
23 1 1949 -1
47 1 1950 -1
57 0 1951 26
23 0 1952 2
5 0 1953 20
44 1 1954 -1
32 0 1955 42
36 1 1956 -1
14 1 1957 -1
29 1 1958 -1
14 1 1959 -1
46 1 1960 -1
58 0 1961 44
38 0 1962 22
53 1 1963 -1
38 0 1964 10
29 1 1965 -1
47 1 1966 -1
27 0 1967 6
2 1 1968 -1
35 0 1969 6
49 1 1970 -1
9 0 1971 32
40 0 1972 16
59 1 1973 -1
22 1 1974 -1
44 0 1975 8
59 0 1976 6
17 0 1977 26
59 1 1978 -1
46 0 1979 38
17 1 1980 -1
22 1 1981 -1
29 0 1982 34
36 1 1983 -1
59 1 1984 -1
46 0 1985 44
57 0 1986 24
12 1 1987 -1
11 1 1988 -1
9 0 1989 10
20 0 1990 38
31 1 1991 -1
8 0 1992 4
50 1 1993 -1
32 0 1994 40
2 0 1995 38
8 0 1996 32
1 1 1997 -1
26 1 1998 -1
59 0 1999 8
47 0 2000 16
21 1 2001 -1
35 1 2002 -1
42 1 2003 -1
43 0 2004 48
22 0 2005 40
50 1 2006 -1
31 0 2007 30
26 1 2008 -1
54 1 2009 -1
22 0 2010 26
17 1 2011 -1
27 0 2012 12
13 1 2013 -1
25 1 2014 -1
29 0 2015 10
26 1 2016 -1
2 0 2017 10
9 0 2018 2
52 1 2019 -1
5 0 2020 28
22 1 2021 -1
4 0 2022 24
46 0 2023 38
0 1 2024 -1
38 1 2025 -1
34 1 2026 -1
49 0 2027 8
45 0 2028 8
46 0 2029 10
57 1 2030 -1
49 1 2031 -1
1 1 2032 -1
34 1 2033 -1
42 0 2034 28
41 0 2035 36
3 1 2036 -1
18 1 2037 -1
21 0 2038 46
31 0 2039 16
55 0 2040 8
35 1 2041 -1
4 0 2042 2
47 0 2043 28
50 1 2044 -1
6 0 2045 36
50 1 2046 -1
34 1 2047 -1
56 0 2048 4
31 0 2049 4
57 1 2050 -1
33 1 2051 -1
56 1 2052 -1
57 0 2053 18
25 0 2054 34
49 0 2055 14
50 0 2056 26
11 1 2057 -1
20 1 2058 -1
42 1 2059 -1
6 1 2060 -1
44 0 2061 16
47 1 2062 -1
7 0 2063 10
36 0 2064 2
29 0 2065 22
21 0 2066 16
32 1 2067 -1
45 0 2068 40
58 1 2069 -1
20 1 2070 -1
4 0 2071 10
23 0 2072 44
16 0 2073 18
50 0 2074 18
13 0 2075 46
32 0 2076 42
37 1 2077 -1
0 1 2078 -1
53 1 2079 -1
7 1 2080 -1
2 1 2081 -1
58 0 2082 36
47 1 2083 -1
57 1 2084 -1
29 1 2085 -1
48 1 2086 -1
19 0 2087 38
3 0 2088 32
38 1 2089 -1
11 0 2090 30
18 0 2091 8
48 0 2092 32
46 1 2093 -1
45 0 2094 26
15 1 2095 -1
37 1 2096 -1
46 0 2097 38
39 0 2098 28
36 1 2099 -1
35 1 2100 -1
49 1 2101 -1
28 1 2102 -1
52 0 2103 18
13 0 2104 10
29 0 2105 20
36 0 2106 2
54 1 2107 -1
22 0 2108 24
48 1 2109 -1
17 0 2110 48
49 1 2111 -1
38 1 2112 -1
24 0 2113 16
26 1 2114 -1
2 1 2115 -1
24 0 2116 38
53 1 2117 -1
22 0 2118 28
39 0 2119 34
43 1 2120 -1
58 0 2121 14
29 1 2122 -1
29 1 2123 -1
10 0 2124 4
53 1 2125 -1
9 0 2126 42
6 1 2127 -1
11 0 2128 8
14 0 2129 40
50 1 2130 -1
11 1 2131 -1
31 1 2132 -1
58 0 2133 14
39 0 2134 14
38 1 2135 -1
31 1 2136 -1
38 0 2137 2
9 1 2138 -1
42 1 2139 -1
10 0 2140 10
19 1 2141 -1
53 1 2142 -1
9 0 2143 6
31 1 2144 -1
49 0 2145 48
23 0 2146 14
40 0 2147 36
12 1 2148 -1
5 0 2149 24
11 0 2150 28
0 0 2151 42
42 1 2152 -1
16 0 2153 16
21 1 2154 -1
10 1 2155 -1
45 1 2156 -1
57 0 2157 42
35 1 2158 -1
57 0 2159 40
51 0 2160 12
56 1 2161 -1
8 1 2162 -1
35 1 2163 -1
26 0 2164 20
50 0 2165 26
49 0 2166 28
0 1 2167 -1
36 0 2168 6
48 0 2169 36
0 1 2170 -1
56 0 2171 6
48 1 2172 -1
58 0 2173 6
3 0 2174 8
29 1 2175 -1
5 0 2176 42
11 1 2177 -1
53 0 2178 10
19 1 2179 -1
36 1 2180 -1
49 1 2181 -1
25 0 2182 16
58 1 2183 -1
40 1 2184 -1
16 0 2185 10
3 1 2186 -1
10 0 2187 30
12 1 2188 -1
25 0 2189 34
28 0 2190 34
4 0 2191 16
39 0 2192 30
27 1 2193 -1
19 0 2194 2
22 1 2195 -1
30 1 2196 -1
26 1 2197 -1
35 0 2198 10
51 0 2199 24
10 0 2200 10
48 1 2201 -1
50 1 2202 -1
46 1 2203 -1
49 1 2204 -1
42 0 2205 46
11 0 2206 18
39 1 2207 -1
39 0 2208 30
1 0 2209 18
34 1 2210 -1
39 1 2211 -1
14 0 2212 6
5 1 2213 -1
54 1 2214 -1
27 0 2215 32
12 0 2216 48
22 0 2217 0
4 0 2218 6
43 1 2219 -1
54 0 2220 10
5 1 2221 -1
0 1 2222 -1
59 0 2223 10
42 1 2224 -1
42 1 2225 -1
7 0 2226 44
51 1 2227 -1
33 0 2228 24
53 1 2229 -1
29 0 2230 28
48 0 2231 2
38 0 2232 16
52 1 2233 -1
51 0 2234 16
1 1 2235 -1
27 0 2236 2
36 0 2237 24
18 1 2238 -1
31 1 2239 -1
2 1 2240 -1
22 1 2241 -1
20 1 2242 -1
4 1 2243 -1
29 0 2244 46
15 0 2245 30
52 0 2246 30
2 0 2247 26
37 1 2248 -1
32 1 2249 -1
36 1 2250 -1
7 0 2251 36
38 0 2252 40
34 1 2253 -1
39 1 2254 -1
9 0 2255 36
47 0 2256 10
38 0 2257 46
48 1 2258 -1
17 1 2259 -1
53 0 2260 38
49 0 2261 40
3 1 2262 -1
10 0 2263 10
25 1 2264 -1
58 0 2265 30
21 1 2266 -1
58 0 2267 26
12 0 2268 8
47 1 2269 -1
34 1 2270 -1
19 1 2271 -1
14 0 2272 12
3 0 2273 44
19 1 2274 -1
7 1 2275 -1
19 1 2276 -1
41 1 2277 -1
29 0 2278 36
17 0 2279 34
44 1 2280 -1
54 0 2281 16
38 0 2282 28
39 0 2283 2
10 1 2284 -1
51 1 2285 -1
6 0 2286 32
7 1 2287 -1
0 0 2288 30
19 0 2289 28
26 1 2290 -1
51 1 2291 -1
46 0 2292 24
42 0 2293 30
58 1 2294 -1
45 0 2295 12
4 0 2296 12
6 1 2297 -1
58 1 2298 -1
21 1 2299 -1
7 0 2300 36
2 0 2301 26
48 1 2302 -1
29 1 2303 -1
21 0 2304 8
20 1 2305 -1
8 0 2306 26
6 0 2307 30
56 1 2308 -1
46 1 2309 -1
20 1 2310 -1
8 1 2311 -1
27 0 2312 34
32 0 2313 26
31 0 2314 26
30 0 2315 22
35 1 2316 -1
3 0 2317 18
1 1 2318 -1
3 1 2319 -1
54 0 2320 46
51 0 2321 0
13 0 2322 32
18 0 2323 46
48 0 2324 36
11 1 2325 -1
45 1 2326 -1
36 1 2327 -1
25 0 2328 4
38 1 2329 -1
40 1 2330 -1
12 0 2331 0
4 1 2332 -1
41 0 2333 16
10 0 2334 26
21 1 2335 -1
10 1 2336 -1
40 1 2337 -1
18 1 2338 -1
9 1 2339 -1
3 0 2340 28
2 0 2341 46
14 1 2342 -1
38 0 2343 44
37 1 2344 -1
51 0 2345 34
0 0 2346 28
25 0 2347 22
52 1 2348 -1
6 1 2349 -1
43 1 2350 -1
45 0 2351 26
48 0 2352 30
4 1 2353 -1
29 1 2354 -1
3 0 2355 30
57 0 2356 42
28 1 2357 -1
57 1 2358 -1
8 0 2359 22
44 0 2360 0
45 0 2361 22
38 1 2362 -1
2 1 2363 -1
27 1 2364 -1
4 0 2365 12
52 1 2366 -1
46 0 2367 40
54 1 2368 -1
27 0 2369 44
4 0 2370 18
47 0 2371 2
27 1 2372 -1
29 0 2373 10
8 1 2374 -1
14 0 2375 30
23 1 2376 -1
33 1 2377 -1
34 0 2378 22
16 1 2379 -1
45 0 2380 14
15 0 2381 32
1 1 2382 -1
43 1 2383 -1
31 0 2384 40
21 1 2385 -1
0 0 2386 6
31 1 2387 -1
49 1 2388 -1
26 0 2389 4
42 0 2390 48
57 0 2391 26
17 1 2392 -1
2 1 2393 -1
43 0 2394 4
19 0 2395 48
40 1 2396 -1
4 0 2397 22
20 0 2398 44
54 0 2399 32
1 1 2400 -1
2 1 2401 -1
12 1 2402 -1
16 1 2403 -1
37 0 2404 6
4 1 2405 -1
34 0 2406 20
45 0 2407 0
23 0 2408 4
49 0 2409 12
15 1 2410 -1
53 1 2411 -1
52 1 2412 -1
58 0 2413 42
12 1 2414 -1
29 0 2415 46
17 1 2416 -1
2 0 2417 38
59 0 2418 26
18 1 2419 -1
10 0 2420 6
27 1 2421 -1
34 0 2422 12
32 1 2423 -1
29 1 2424 -1
16 0 2425 16
22 1 2426 -1
5 0 2427 2
21 1 2428 -1
13 1 2429 -1
47 0 2430 40
16 0 2431 6
4 0 2432 38
52 1 2433 -1
51 1 2434 -1
37 1 2435 -1
34 0 2436 46
5 0 2437 22
5 1 2438 -1
0 0 2439 48
10 1 2440 -1
6 0 2441 38
14 1 2442 -1
53 0 2443 6
42 1 2444 -1
38 1 2445 -1
36 1 2446 -1
22 0 2447 44
18 0 2448 22
29 1 2449 -1
24 0 2450 14
29 1 2451 -1
19 0 2452 24
28 0 2453 20
7 0 2454 24
5 1 2455 -1
10 0 2456 24
51 1 2457 -1
22 1 2458 -1
44 1 2459 -1
52 0 2460 24
53 1 2461 -1
59 0 2462 30
19 0 2463 44
52 1 2464 -1
32 1 2465 -1
12 1 2466 -1
38 0 2467 36
50 0 2468 10
31 1 2469 -1
20 1 2470 -1
57 0 2471 46
34 0 2472 46
7 1 2473 -1
15 0 2474 30
9 0 2475 30
45 1 2476 -1
51 1 2477 -1
57 0 2478 20
15 0 2479 34
59 1 2480 -1
36 1 2481 -1
11 0 2482 4
0 1 2483 -1
22 0 2484 36
52 0 2485 8
8 1 2486 -1
38 0 2487 48
15 1 2488 -1
41 1 2489 -1
41 1 2490 -1
48 0 2491 38
15 0 2492 28
11 1 2493 -1
37 1 2494 -1
58 0 2495 22
28 1 2496 -1
5 0 2497 8
6 0 2498 30
20 1 2499 -1
1 0 2500 36
27 1 2501 -1
56 0 2502 0
13 0 2503 42
8 0 2504 18
20 1 2505 -1
50 1 2506 -1
28 1 2507 -1
7 0 2508 34
24 1 2509 -1
34 0 2510 48
10 0 2511 40
53 0 2512 40
27 1 2513 -1
11 1 2514 -1
44 1 2515 -1
52 0 2516 32
49 0 2517 36
49 1 2518 -1
13 1 2519 -1
29 0 2520 40
30 1 2521 -1
26 0 2522 14
8 1 2523 -1
36 1 2524 -1
44 0 2525 34
24 0 2526 18
45 1 2527 -1
20 1 2528 -1
51 0 2529 26
25 1 2530 -1
6 1 2531 -1
40 0 2532 22
8 0 2533 26
59 0 2534 0
10 1 2535 -1
28 1 2536 -1
36 0 2537 36
43 0 2538 34
32 1 2539 -1
4 0 2540 4
28 1 2541 -1
31 0 2542 10
45 0 2543 6
15 0 2544 4
58 1 2545 -1
7 1 2546 -1
29 0 2547 6
39 0 2548 24
28 1 2549 -1
50 0 2550 10
7 1 2551 -1
48 1 2552 -1
32 1 2553 -1
19 1 2554 -1
42 0 2555 36
59 0 2556 48
36 0 2557 42
44 1 2558 -1
27 1 2559 -1
35 0 2560 24
23 1 2561 -1
18 0 2562 32
23 0 2563 28
37 0 2564 26
25 1 2565 -1
36 0 2566 12
47 1 2567 -1
3 1 2568 -1
25 1 2569 -1
58 0 2570 0
52 1 2571 -1
9 0 2572 22
57 1 2573 -1
34 1 2574 -1
8 0 2575 48
12 1 2576 -1
15 0 2577 26
49 0 2578 18
57 1 2579 -1
37 0 2580 12
40 1 2581 -1
41 0 2582 34
17 1 2583 -1
20 0 2584 0
50 1 2585 -1
17 1 2586 -1
33 0 2587 20
44 0 2588 36
31 1 2589 -1
6 1 2590 -1
38 0 2591 18
44 1 2592 -1
14 0 2593 24
36 1 2594 -1
31 0 2595 14
27 1 2596 -1
15 0 2597 14
51 0 2598 32
9 0 2599 16
29 0 2600 18
43 1 2601 -1
14 1 2602 -1
10 0 2603 18
4 0 2604 40
46 1 2605 -1
40 0 2606 2
43 1 2607 -1
41 0 2608 16
34 0 2609 6
31 1 2610 -1
31 1 2611 -1
25 0 2612 22
12 1 2613 -1
12 0 2614 14
44 1 2615 -1
55 1 2616 -1
39 0 2617 8
30 1 2618 -1
5 0 2619 32
5 1 2620 -1
59 0 2621 28
42 1 2622 -1
57 1 2623 -1
25 0 2624 24
19 1 2625 -1
22 0 2626 32
30 1 2627 -1
33 1 2628 -1
33 0 2629 14
11 0 2630 14
48 1 2631 -1
5 1 2632 -1
55 1 2633 -1
46 1 2634 -1
19 0 2635 28
32 0 2636 18
33 0 2637 8
55 0 2638 34
25 1 2639 -1
47 0 2640 8
32 0 2641 32
37 0 2642 4
28 1 2643 -1
19 0 2644 30
27 1 2645 -1
59 1 2646 -1
37 0 2647 24
39 1 2648 -1
19 1 2649 -1
41 1 2650 -1
28 0 2651 10
40 0 2652 36
58 1 2653 -1
56 0 2654 2
21 1 2655 -1
48 1 2656 -1
49 0 2657 10
35 0 2658 18
41 1 2659 -1
45 0 2660 38
43 0 2661 44
51 0 2662 16
39 0 2663 36
28 1 2664 -1
19 1 2665 -1
6 1 2666 -1
17 0 2667 24
30 0 2668 2
40 1 2669 -1
27 1 2670 -1
11 1 2671 -1
11 1 2672 -1
1 0 2673 34
59 0 2674 12
32 0 2675 38
46 0 2676 4
43 1 2677 -1
8 1 2678 -1
34 0 2679 34
10 1 2680 -1
41 0 2681 24
22 1 2682 -1
2 1 2683 -1
5 0 2684 10
44 0 2685 0
59 1 2686 -1
8 0 2687 8
27 1 2688 -1
1 0 2689 24
20 1 2690 -1
12 0 2691 30
37 1 2692 -1
33 1 2693 -1
43 1 2694 -1
33 0 2695 30
38 0 2696 42
40 0 2697 2
21 0 2698 32
14 1 2699 -1
42 1 2700 -1
50 0 2701 34
22 1 2702 -1
32 0 2703 44
11 0 2704 48
14 1 2705 -1
30 0 2706 46
19 1 2707 -1
46 1 2708 -1
11 0 2709 14
19 1 2710 -1
42 0 2711 38
12 1 2712 -1
25 0 2713 30
43 1 2714 -1
40 1 2715 -1
28 0 2716 30
21 0 2717 40
31 1 2718 -1
55 1 2719 -1
58 0 2720 4
26 0 2721 14
44 0 2722 32
49 1 2723 -1
46 0 2724 34
24 1 2725 -1
3 1 2726 -1
43 0 2727 28
22 0 2728 10
11 0 2729 2
49 0 2730 48
50 1 2731 -1
31 1 2732 -1
41 1 2733 -1
11 1 2734 -1
26 0 2735 2
33 1 2736 -1
46 0 2737 12
35 0 2738 34
59 0 2739 18
52 0 2740 6
30 1 2741 -1
22 0 2742 0
13 1 2743 -1
8 1 2744 -1
13 0 2745 14
32 1 2746 -1
12 1 2747 -1
50 1 2748 -1
26 1 2749 -1
47 1 2750 -1
44 0 2751 48
31 0 2752 30
29 0 2753 14
15 1 2754 -1
3 1 2755 -1
35 0 2756 14
2 1 2757 -1
41 0 2758 24
1 0 2759 6
44 1 2760 -1
57 1 2761 -1
8 0 2762 20
3 1 2763 -1
35 0 2764 44
56 0 2765 4
11 1 2766 -1
41 1 2767 -1
36 1 2768 -1
7 0 2769 16
7 1 2770 -1
11 0 2771 22
45 1 2772 -1
36 0 2773 20
56 0 2774 20
55 0 2775 40
46 1 2776 -1
27 0 2777 0
32 1 2778 -1
35 1 2779 -1
57 0 2780 12
53 0 2781 12
59 1 2782 -1
51 1 2783 -1
19 1 2784 -1
34 0 2785 2
6 1 2786 -1
12 1 2787 -1
40 0 2788 48
59 0 2789 26
37 0 2790 20
38 1 2791 -1
2 0 2792 20
34 1 2793 -1
42 0 2794 30
56 0 2795 44
47 1 2796 -1
4 1 2797 -1
51 0 2798 14
33 0 2799 48
0 1 2800 -1
11 1 2801 -1
14 0 2802 12
12 1 2803 -1
26 1 2804 -1
46 0 2805 0
1 0 2806 18
14 0 2807 24
22 1 2808 -1
48 0 2809 24
2 0 2810 22
17 1 2811 -1
21 1 2812 -1
13 1 2813 -1
52 1 2814 -1
59 0 2815 48
54 1 2816 -1
37 0 2817 36
25 1 2818 -1
14 0 2819 30
8 0 2820 20
35 1 2821 -1
34 0 2822 40
35 0 2823 4
33 1 2824 -1
4 0 2825 28
49 1 2826 -1
18 1 2827 -1
7 0 2828 24
9 1 2829 -1
27 0 2830 20
54 1 2831 -1
44 0 2832 10
48 0 2833 24
59 1 2834 -1
10 1 2835 -1
39 1 2836 -1
59 0 2837 46
31 1 2838 -1
50 0 2839 10
27 1 2840 -1
0 0 2841 46
22 1 2842 -1
29 1 2843 -1
33 0 2844 26
13 0 2845 10
38 0 2846 40
19 0 2847 48
34 0 2848 18
37 1 2849 -1
34 1 2850 -1
15 0 2851 28
36 1 2852 -1
13 0 2853 22
1 0 2854 6
19 1 2855 -1
54 1 2856 -1
10 1 2857 -1
39 0 2858 40
50 0 2859 14
25 0 2860 24
43 1 2861 -1
29 1 2862 -1
0 1 2863 -1
59 0 2864 2
13 1 2865 -1
26 1 2866 -1
31 0 2867 24
13 0 2868 4
1 0 2869 42
33 0 2870 48
13 1 2871 -1
49 1 2872 -1
54 0 2873 20
38 1 2874 -1
49 1 2875 -1
7 0 2876 30
18 1 2877 -1
39 0 2878 12
57 1 2879 -1
33 1 2880 -1
32 0 2881 40
18 0 2882 0
34 0 2883 40
30 1 2884 -1
53 1 2885 -1
58 0 2886 44
24 0 2887 26
10 1 2888 -1
0 0 2889 22
41 0 2890 18
13 1 2891 -1
9 1 2892 -1
58 1 2893 -1
50 0 2894 34
32 1 2895 -1
17 1 2896 -1
18 1 2897 -1
3 0 2898 2
26 0 2899 20
43 0 2900 10
46 1 2901 -1
26 1 2902 -1
37 0 2903 22
52 0 2904 30
6 0 2905 22
43 1 2906 -1
12 0 2907 24
7 1 2908 -1
51 1 2909 -1
9 1 2910 -1
54 0 2911 12
19 0 2912 36
54 0 2913 12
35 1 2914 -1
11 1 2915 -1
33 0 2916 38
52 1 2917 -1
42 1 2918 -1
4 1 2919 -1
19 0 2920 6
17 0 2921 40
17 0 2922 26
6 1 2923 -1
18 1 2924 -1
22 0 2925 28
42 0 2926 16
38 1 2927 -1
7 0 2928 30
12 0 2929 44
47 0 2930 6
8 1 2931 -1
30 1 2932 -1
2 0 2933 30
14 1 2934 -1
16 1 2935 -1
25 0 2936 34
33 1 2937 -1
13 0 2938 18
21 1 2939 -1
39 0 2940 32
55 0 2941 34
56 1 2942 -1
46 0 2943 28
16 1 2944 -1
35 1 2945 -1
35 0 2946 48
53 1 2947 -1
38 1 2948 -1
48 0 2949 36
58 0 2950 30
11 1 2951 -1
27 1 2952 -1
4 0 2953 34
56 0 2954 26
35 1 2955 -1
50 0 2956 12
48 0 2957 42
22 1 2958 -1
56 0 2959 20
0 0 2960 44
21 1 2961 -1
27 1 2962 -1
57 0 2963 16
33 0 2964 38
59 1 2965 -1
56 1 2966 -1
38 1 2967 -1
25 1 2968 -1
8 0 2969 4
59 1 2970 -1
58 0 2971 14
11 0 2972 20
54 1 2973 -1
30 0 2974 40
36 0 2975 30
19 0 2976 28
21 1 2977 -1
20 1 2978 -1
18 0 2979 16
48 1 2980 -1
1 0 2981 36
10 1 2982 -1
25 0 2983 22
31 0 2984 2
53 1 2985 -1
17 1 2986 -1
58 0 2987 38
35 0 2988 8
58 1 2989 -1
26 0 2990 12
12 1 2991 -1
34 1 2992 -1
18 0 2993 18
0 1 2994 -1
19 1 2995 -1
29 0 2996 30
29 1 2997 -1
13 0 2998 42
33 1 2999 -1
45 0 3000 2
54 1 3001 -1
30 0 3002 46
2 1 3003 -1
40 0 3004 38
27 1 3005 -1
17 0 3006 44
22 1 3007 -1
56 0 3008 22
39 1 3009 -1
8 1 3010 -1
24 1 3011 -1
39 0 3012 18
0 0 3013 18
13 1 3014 -1
1 0 3015 46
21 0 3016 34
0 1 3017 -1
47 1 3018 -1
20 0 3019 26
22 0 3020 48
37 0 3021 42
25 1 3022 -1
7 1 3023 -1
37 0 3024 18
41 1 3025 -1
39 1 3026 -1
16 0 3027 20
8 0 3028 44
49 1 3029 -1
48 1 3030 -1
56 1 3031 -1
24 0 3032 32
32 1 3033 -1
12 0 3034 26
32 0 3035 16
58 0 3036 8
26 1 3037 -1
53 0 3038 24
8 1 3039 -1
30 1 3040 -1
6 0 3041 14
48 0 3042 22
7 1 3043 -1
2 0 3044 26
12 0 3045 38
22 0 3046 22
50 0 3047 36
18 0 3048 20
48 1 3049 -1
48 1 3050 -1
5 1 3051 -1
22 1 3052 -1
33 0 3053 38
17 1 3054 -1
55 1 3055 -1
5 0 3056 46
34 1 3057 -1
20 0 3058 46
22 1 3059 -1
44 1 3060 -1
14 0 3061 44
45 0 3062 34
53 1 3063 -1
29 0 3064 38
13 0 3065 24
30 1 3066 -1
44 1 3067 -1
29 1 3068 -1
8 0 3069 28
59 0 3070 30
42 0 3071 2
53 1 3072 -1
44 1 3073 -1
14 0 3074 18
34 0 3075 46
26 1 3076 -1
40 1 3077 -1
55 1 3078 -1
53 0 3079 46
23 1 3080 -1
31 0 3081 14
17 0 3082 36
7 0 3083 28
5 1 3084 -1
17 0 3085 16
41 1 3086 -1
12 0 3087 22
53 1 3088 -1
44 0 3089 46
58 0 3090 36
12 1 3091 -1
30 1 3092 -1
53 1 3093 -1
10 0 3094 12
24 1 3095 -1
45 0 3096 22
58 1 3097 -1
49 0 3098 40
44 0 3099 34
7 0 3100 42
3 1 3101 -1
40 1 3102 -1
18 1 3103 -1
36 0 3104 46
47 0 3105 8
3 1 3106 -1
28 1 3107 -1
59 0 3108 22
5 0 3109 30
10 1 3110 -1
0 1 3111 -1
2 0 3112 42
3 1 3113 -1
54 0 3114 4
24 1 3115 -1
47 0 3116 6
44 0 3117 6
48 1 3118 -1
30 0 3119 2
8 1 3120 -1
25 1 3121 -1
48 0 3122 42
31 1 3123 -1
27 0 3124 12
35 1 3125 -1
43 0 3126 18
44 1 3127 -1
16 0 3128 10
15 1 3129 -1
1 1 3130 -1
58 0 3131 4
49 1 3132 -1
43 0 3133 48
5 1 3134 -1
36 0 3135 38
9 1 3136 -1
47 0 3137 16
24 1 3138 -1
8 0 3139 26
6 1 3140 -1
16 1 3141 -1
9 0 3142 26
24 0 3143 44
58 1 3144 -1
51 0 3145 4
6 1 3146 -1
31 0 3147 10
1 0 3148 22
9 1 3149 -1
1 0 3150 6
49 0 3151 6
51 1 3152 -1
1 1 3153 -1
57 0 3154 16
56 1 3155 -1
29 1 3156 -1
21 1 3157 -1
56 0 3158 24
29 0 3159 4
25 0 3160 32
38 0 3161 30
26 1 3162 -1
50 1 3163 -1
9 0 3164 4
35 0 3165 30
9 0 3166 36
59 0 3167 34
55 1 3168 -1
4 1 3169 -1
24 1 3170 -1
38 1 3171 -1
35 0 3172 8
27 1 3173 -1
42 0 3174 4
4 0 3175 6
19 1 3176 -1
43 1 3177 -1
59 0 3178 6
3 1 3179 -1
53 0 3180 28
36 0 3181 48
4 1 3182 -1
25 1 3183 -1
9 1 3184 -1
41 0 3185 22
21 0 3186 26
59 1 3187 -1
55 1 3188 -1
40 0 3189 10
15 0 3190 8
26 0 3191 38
12 0 3192 14
9 1 3193 -1
32 0 3194 36
45 0 3195 40
46 1 3196 -1
56 1 3197 -1
57 1 3198 -1
47 1 3199 -1
14 0 3200 34
49 0 3201 0
23 1 3202 -1
24 0 3203 16
39 1 3204 -1
34 0 3205 44
26 1 3206 -1
13 0 3207 48
4 0 3208 16
3 0 3209 28
32 1 3210 -1
59 1 3211 -1
45 1 3212 -1
0 1 3213 -1
31 0 3214 46
39 1 3215 -1
1 1 3216 -1
45 0 3217 20
33 1 3218 -1
41 0 3219 44
47 0 3220 26
5 0 3221 36
48 0 3222 34
33 1 3223 -1
5 1 3224 -1
35 0 3225 22
57 0 3226 18
39 1 3227 -1
25 1 3228 -1
26 0 3229 48
39 1 3230 -1
35 0 3231 20
14 0 3232 36
19 1 3233 -1
51 1 3234 -1
4 1 3235 -1
5 0 3236 22
41 1 3237 -1
26 1 3238 -1
18 0 3239 40
34 0 3240 48
53 1 3241 -1
49 1 3242 -1
30 0 3243 20
41 0 3244 32
24 1 3245 -1
7 0 3246 20
8 1 3247 -1
31 1 3248 -1
17 0 3249 48
8 0 3250 48
28 1 3251 -1
58 0 3252 20
21 0 3253 14
13 1 3254 -1
40 0 3255 28
37 1 3256 -1
53 1 3257 -1
17 0 3258 36
1 0 3259 8
31 1 3260 -1
46 1 3261 -1
26 0 3262 20
0 1 3263 -1
24 1 3264 -1
22 0 3265 34
25 1 3266 -1
26 0 3267 44
37 1 3268 -1
31 1 3269 -1
44 1 3270 -1
28 0 3271 0
29 0 3272 30
59 0 3273 28
55 1 3274 -1
30 0 3275 32
30 0 3276 2
37 1 3277 -1
0 0 3278 22
56 1 3279 -1
59 0 3280 22
53 1 3281 -1
4 1 3282 -1
24 1 3283 -1
31 0 3284 36
30 1 3285 -1
6 0 3286 4
14 1 3287 -1
56 0 3288 10
1 0 3289 44
9 0 3290 16
19 1 3291 -1
14 0 3292 12
7 0 3293 38
35 1 3294 -1
37 0 3295 30
37 0 3296 36
35 1 3297 -1
12 0 3298 30
46 1 3299 -1
30 0 3300 16
26 1 3301 -1
50 1 3302 -1
46 1 3303 -1
52 0 3304 0
6 0 3305 12
27 1 3306 -1
0 1 3307 -1
45 1 3308 -1
41 0 3309 16
4 1 3310 -1
32 0 3311 26
29 1 3312 -1
56 0 3313 38
1 0 3314 40
43 0 3315 12
43 1 3316 -1
51 0 3317 44
22 1 3318 -1
12 1 3319 -1
23 0 3320 2
19 0 3321 16
1 1 3322 -1
9 1 3323 -1
48 0 3324 32
32 0 3325 18
49 1 3326 -1
1 0 3327 14
3 1 3328 -1
58 0 3329 38
59 1 3330 -1
3 1 3331 -1
28 1 3332 -1
50 0 3333 48
53 1 3334 -1
1 1 3335 -1
56 0 3336 10
26 1 3337 -1
19 1 3338 -1
29 0 3339 36
29 0 3340 12
47 1 3341 -1
51 0 3342 30
16 0 3343 44
58 0 3344 14
23 0 3345 14
40 1 3346 -1
3 0 3347 22
11 1 3348 -1
22 1 3349 -1
39 0 3350 48
48 0 3351 4
55 1 3352 -1
37 0 3353 24
13 1 3354 -1
46 0 3355 0
28 1 3356 -1
59 1 3357 -1
40 0 3358 44
31 1 3359 -1
49 1 3360 -1
5 1 3361 -1
24 0 3362 4
24 0 3363 28
12 1 3364 -1
43 0 3365 28
27 0 3366 36
16 1 3367 -1
1 1 3368 -1
40 0 3369 46
55 0 3370 30
17 1 3371 -1
46 0 3372 38
18 1 3373 -1
54 1 3374 -1
28 0 3375 38
22 0 3376 46
9 0 3377 14
33 1 3378 -1
45 1 3379 -1
8 1 3380 -1
26 0 3381 4
24 0 3382 42
0 1 3383 -1
25 1 3384 -1
10 0 3385 44
3 0 3386 40
1 1 3387 -1
53 0 3388 4
56 1 3389 -1
33 0 3390 28
36 1 3391 -1
11 0 3392 8
37 1 3393 -1
1 0 3394 32
24 1 3395 -1
50 0 3396 32
26 1 3397 -1
57 0 3398 42
16 0 3399 38
15 1 3400 -1
1 0 3401 30
22 1 3402 -1
44 0 3403 12
40 1 3404 -1
37 1 3405 -1
30 0 3406 2
58 1 3407 -1
9 0 3408 2
47 0 3409 6
32 1 3410 -1
38 1 3411 -1
5 0 3412 22
1 1 3413 -1
38 0 3414 48
54 1 3415 -1
22 0 3416 48
35 0 3417 34
43 1 3418 -1
24 0 3419 6
31 0 3420 48
26 1 3421 -1
28 1 3422 -1
21 1 3423 -1
2 1 3424 -1
54 0 3425 42
44 1 3426 -1
45 0 3427 40
12 0 3428 10
31 0 3429 32
20 0 3430 46
50 0 3431 14
15 1 3432 -1
17 1 3433 -1
11 1 3434 -1
36 1 3435 -1
53 1 3436 -1
17 0 3437 32
51 1 3438 -1
21 0 3439 8
58 0 3440 4
50 1 3441 -1
1 1 3442 -1
4 1 3443 -1
45 0 3444 4
49 0 3445 40
25 0 3446 10
57 0 3447 40
23 1 3448 -1
10 0 3449 22
20 0 3450 36
27 0 3451 32
35 1 3452 -1
23 1 3453 -1
36 1 3454 -1
33 0 3455 38
45 1 3456 -1
45 1 3457 -1
32 1 3458 -1
14 0 3459 8
54 1 3460 -1
17 0 3461 24
0 0 3462 6
0 1 3463 -1
51 0 3464 6
37 1 3465 -1
50 0 3466 6
20 0 3467 18
44 0 3468 26
3 1 3469 -1
6 0 3470 40
21 0 3471 30
27 1 3472 -1
53 1 3473 -1
57 0 3474 48
32 1 3475 -1
53 0 3476 18
55 1 3477 -1
10 0 3478 12
23 1 3479 -1
24 1 3480 -1
32 0 3481 18
28 1 3482 -1
26 1 3483 -1
14 0 3484 22
31 1 3485 -1
39 1 3486 -1
49 0 3487 4
46 0 3488 2
21 0 3489 48
47 1 3490 -1
40 0 3491 8
8 0 3492 36
24 1 3493 -1
23 0 3494 38
11 1 3495 -1
17 1 3496 -1
49 0 3497 0
39 0 3498 32
20 1 3499 -1
27 0 3500 42
18 1 3501 -1
39 0 3502 18
21 1 3503 -1
26 1 3504 -1
55 0 3505 10
20 0 3506 6
26 1 3507 -1
40 1 3508 -1
15 1 3509 -1
7 1 3510 -1
49 0 3511 46
39 0 3512 4
35 0 3513 42
8 1 3514 -1
36 1 3515 -1
58 1 3516 -1
34 1 3517 -1
21 1 3518 -1
28 0 3519 4
40 0 3520 26
26 0 3521 10
21 1 3522 -1
20 0 3523 22
28 0 3524 20
11 1 3525 -1
15 0 3526 8
47 1 3527 -1
21 0 3528 2
31 0 3529 22
7 1 3530 -1
39 0 3531 8
10 0 3532 48
49 0 3533 26
55 1 3534 -1
2 1 3535 -1
25 1 3536 -1
23 0 3537 46
7 0 3538 48
17 1 3539 -1
42 1 3540 -1
6 0 3541 30
0 1 3542 -1
25 1 3543 -1
32 0 3544 26
52 0 3545 48
4 0 3546 22
0 0 3547 40
33 1 3548 -1
34 1 3549 -1
19 1 3550 -1
20 1 3551 -1
42 0 3552 38
35 0 3553 2
44 0 3554 28
29 1 3555 -1
39 0 3556 24
22 1 3557 -1
57 1 3558 -1
26 0 3559 48
47 1 3560 -1
48 0 3561 32
32 0 3562 14
49 1 3563 -1
50 1 3564 -1
50 0 3565 8
52 1 3566 -1
46 1 3567 -1
29 1 3568 -1
19 0 3569 48
37 0 3570 46
59 1 3571 -1
48 0 3572 22
31 0 3573 16
0 1 3574 -1
48 1 3575 -1
8 1 3576 -1
6 0 3577 8
25 0 3578 28
18 1 3579 -1
55 0 3580 20
0 0 3581 4
47 0 3582 36
30 1 3583 -1
46 0 3584 10
43 1 3585 -1
29 1 3586 -1
1 0 3587 30
34 0 3588 30
40 1 3589 -1
20 1 3590 -1
54 1 3591 -1
9 0 3592 0
54 0 3593 6
57 1 3594 -1
9 1 3595 -1
37 0 3596 16
51 1 3597 -1
2 0 3598 32
32 1 3599 -1
47 0 3600 22
45 0 3601 46
30 1 3602 -1
12 1 3603 -1
41 1 3604 -1
24 0 3605 26
8 0 3606 28
11 1 3607 -1
58 0 3608 0
56 0 3609 16
31 1 3610 -1
18 0 3611 2
36 0 3612 14
27 1 3613 -1
40 1 3614 -1
30 0 3615 36
31 1 3616 -1
25 0 3617 22
11 1 3618 -1
53 1 3619 -1
46 1 3620 -1
45 0 3621 46
52 0 3622 32
30 0 3623 14
25 1 3624 -1
41 0 3625 44
46 0 3626 2
7 1 3627 -1
34 0 3628 42
8 1 3629 -1
36 1 3630 -1
8 1 3631 -1
44 1 3632 -1
0 0 3633 40
43 0 3634 12
12 1 3635 -1
47 1 3636 -1
43 0 3637 2
5 0 3638 20
57 0 3639 46
11 1 3640 -1
5 0 3641 16
24 0 3642 44
34 1 3643 -1
17 1 3644 -1
54 1 3645 -1
12 0 3646 34
12 1 3647 -1
8 0 3648 20
2 0 3649 8
28 1 3650 -1
29 0 3651 28
51 0 3652 46
52 1 3653 -1
0 0 3654 16
23 0 3655 30
3 1 3656 -1
47 1 3657 -1
39 1 3658 -1
30 1 3659 -1
7 1 3660 -1
21 0 3661 6
40 0 3662 22
36 0 3663 16
49 0 3664 44
52 0 3665 16
39 1 3666 -1
2 1 3667 -1
17 0 3668 42
55 1 3669 -1
48 1 3670 -1
43 1 3671 -1
26 0 3672 34
49 0 3673 20
39 0 3674 44
10 1 3675 -1
20 0 3676 34
56 0 3677 36
3 1 3678 -1
9 1 3679 -1
34 1 3680 -1
40 0 3681 20
36 0 3682 4
2 0 3683 12
47 1 3684 -1
13 0 3685 46
15 1 3686 -1
54 1 3687 -1
12 0 3688 18
41 1 3689 -1
8 1 3690 -1
59 1 3691 -1
3 0 3692 16
52 0 3693 12
57 0 3694 8
15 0 3695 32
15 0 3696 48
3 1 3697 -1
53 1 3698 -1
29 0 3699 0
6 0 3700 18
40 1 3701 -1
52 1 3702 -1
47 1 3703 -1
6 1 3704 -1
18 1 3705 -1
22 1 3706 -1
33 0 3707 0
17 0 3708 2
36 0 3709 4
22 1 3710 -1
26 1 3711 -1
4 0 3712 26
14 1 3713 -1
35 0 3714 2
26 0 3715 42
27 1 3716 -1
52 0 3717 4
32 1 3718 -1
34 1 3719 -1
32 1 3720 -1
57 0 3721 12
9 0 3722 26
50 1 3723 -1
21 0 3724 0
3 0 3725 44
25 1 3726 -1
8 0 3727 46
28 1 3728 -1
10 0 3729 36
20 0 3730 28
37 1 3731 -1
27 1 3732 -1
40 1 3733 -1
53 0 3734 38
28 1 3735 -1
40 1 3736 -1
41 1 3737 -1
9 0 3738 18
50 1 3739 -1
7 0 3740 8
52 1 3741 -1
11 0 3742 26
7 0 3743 36
37 1 3744 -1
22 0 3745 12
44 0 3746 4
4 1 3747 -1
41 0 3748 36
54 0 3749 0
7 1 3750 -1
55 0 3751 4
3 0 3752 42
29 1 3753 -1
49 1 3754 -1
12 1 3755 -1
21 0 3756 18
3 0 3757 8
18 1 3758 -1
56 1 3759 -1
7 0 3760 8
17 0 3761 32
47 0 3762 26
43 1 3763 -1
29 0 3764 24
32 1 3765 -1
36 1 3766 -1
49 1 3767 -1
39 0 3768 44
56 0 3769 0
16 1 3770 -1
27 0 3771 34
48 1 3772 -1
36 1 3773 -1
52 0 3774 14
19 1 3775 -1
10 0 3776 24
30 0 3777 24
55 1 3778 -1
27 0 3779 28
55 1 3780 -1
29 0 3781 28
21 0 3782 28
6 1 3783 -1
20 0 3784 16
34 1 3785 -1
47 0 3786 0
15 1 3787 -1
33 1 3788 -1
26 0 3789 20
23 1 3790 -1
7 0 3791 30
24 0 3792 44
43 0 3793 24
19 1 3794 -1
16 1 3795 -1
0 0 3796 12
31 0 3797 24
14 1 3798 -1
59 1 3799 -1
43 1 3800 -1
39 1 3801 -1
32 0 3802 42
48 0 3803 16
8 0 3804 32
14 1 3805 -1
17 0 3806 12
48 0 3807 26
0 1 3808 -1
30 1 3809 -1
53 1 3810 -1
22 1 3811 -1
21 0 3812 18
34 1 3813 -1
48 0 3814 0
54 1 3815 -1
3 1 3816 -1
15 0 3817 46
0 0 3818 22
13 1 3819 -1
44 1 3820 -1
48 0 3821 16
54 1 3822 -1
34 1 3823 -1
10 1 3824 -1
46 0 3825 6
4 0 3826 40
47 0 3827 24
3 0 3828 28
46 1 3829 -1
14 0 3830 44
49 0 3831 26
37 1 3832 -1
20 0 3833 48
25 0 3834 0
28 1 3835 -1
27 0 3836 32
30 1 3837 -1
32 1 3838 -1
8 1 3839 -1
33 0 3840 10
32 0 3841 2
37 1 3842 -1
3 1 3843 -1
49 0 3844 0
0 1 3845 -1
1 1 3846 -1
53 1 3847 -1
4 1 3848 -1
14 0 3849 32
12 1 3850 -1
36 0 3851 2
4 0 3852 8
16 0 3853 12
21 0 3854 22
40 0 3855 16
3 1 3856 -1
37 1 3857 -1
28 0 3858 32
13 0 3859 28
35 0 3860 24
21 1 3861 -1
6 0 3862 14
48 1 3863 -1
28 0 3864 46
19 1 3865 -1
45 1 3866 -1
29 1 3867 -1
41 0 3868 20
27 1 3869 -1
43 0 3870 4
14 1 3871 -1
4 1 3872 -1
25 0 3873 12
28 0 3874 6
59 0 3875 48
24 0 3876 10
54 1 3877 -1
10 0 3878 0
19 1 3879 -1
34 1 3880 -1
16 0 3881 6
53 0 3882 4
28 1 3883 -1
11 1 3884 -1
41 1 3885 -1
56 1 3886 -1
53 1 3887 -1
46 0 3888 4
9 0 3889 32
20 0 3890 22
40 0 3891 30
48 1 3892 -1
43 0 3893 34
20 1 3894 -1
39 1 3895 -1
31 1 3896 -1
12 0 3897 22
21 0 3898 10
44 1 3899 -1
29 0 3900 38
16 1 3901 -1
20 0 3902 26
14 0 3903 42
2 1 3904 -1
6 0 3905 18
7 1 3906 -1
5 1 3907 -1
14 0 3908 42
34 1 3909 -1
0 0 3910 32
39 1 3911 -1
31 0 3912 48
1 0 3913 16
47 1 3914 -1
54 0 3915 22
22 1 3916 -1
50 0 3917 10
18 1 3918 -1
14 1 3919 -1
59 0 3920 2
41 0 3921 30
18 0 3922 20
29 1 3923 -1
47 1 3924 -1
45 1 3925 -1
3 0 3926 12
32 1 3927 -1
3 0 3928 40
3 1 3929 -1
25 1 3930 -1
50 0 3931 12
54 0 3932 36
45 0 3933 4
57 1 3934 -1
1 1 3935 -1
31 0 3936 24
11 0 3937 10
38 1 3938 -1
58 1 3939 -1
24 1 3940 -1
7 1 3941 -1
40 0 3942 18
22 0 3943 22
38 0 3944 0
29 0 3945 14
3 1 3946 -1
58 1 3947 -1
59 0 3948 26
50 1 3949 -1
7 0 3950 14
21 1 3951 -1
54 1 3952 -1
58 0 3953 12
22 0 3954 38
13 0 3955 40
55 0 3956 46
45 1 3957 -1
21 1 3958 -1
37 1 3959 -1
59 0 3960 26
53 0 3961 22
3 1 3962 -1
15 1 3963 -1
57 0 3964 30
19 0 3965 24
21 1 3966 -1
54 0 3967 46
25 1 3968 -1
24 0 3969 14
28 0 3970 34
11 1 3971 -1
48 1 3972 -1
48 0 3973 24
10 1 3974 -1
38 1 3975 -1
1 0 3976 40
13 1 3977 -1
14 1 3978 -1
5 0 3979 14
23 0 3980 36
8 0 3981 26
45 1 3982 -1
39 1 3983 -1
56 0 3984 0
0 1 3985 -1
16 0 3986 36
24 1 3987 -1
53 0 3988 40
58 0 3989 6
10 1 3990 -1
28 1 3991 -1
33 0 3992 40
33 0 3993 34
48 1 3994 -1
13 1 3995 -1
24 0 3996 24
1 1 3997 -1
29 1 3998 -1
33 0 3999 12
30 0 4000 38
28 1 4001 -1
37 0 4002 22
48 1 4003 -1
52 1 4004 -1
38 1 4005 -1
18 0 4006 8
27 0 4007 38
8 1 4008 -1
12 0 4009 36
32 0 4010 14
2 0 4011 40
12 1 4012 -1
7 0 4013 46
47 0 4014 32
11 1 4015 -1
8 1 4016 -1
49 1 4017 -1
44 0 4018 12
26 0 4019 24
37 0 4020 14
7 1 4021 -1
35 1 4022 -1
48 0 4023 6
19 0 4024 30
50 1 4025 -1
32 1 4026 -1
53 0 4027 2
6 1 4028 -1
54 0 4029 36
13 1 4030 -1
21 0 4031 34
24 1 4032 -1
29 0 4033 24
30 0 4034 22
57 1 4035 -1
43 0 4036 18
57 1 4037 -1
0 1 4038 -1
40 1 4039 -1
54 0 4040 12
55 1 4041 -1
0 1 4042 -1
24 0 4043 14
15 0 4044 26
53 1 4045 -1
31 1 4046 -1
44 0 4047 14
11 0 4048 48
52 0 4049 32
5 1 4050 -1
40 0 4051 2
27 0 4052 44
8 1 4053 -1
38 1 4054 -1
25 0 4055 32
31 0 4056 26
47 1 4057 -1
13 0 4058 48
53 1 4059 -1
11 1 4060 -1
51 1 4061 -1
37 0 4062 6
26 0 4063 18
39 1 4064 -1
11 1 4065 -1
3 0 4066 12
57 1 4067 -1
52 0 4068 6
8 1 4069 -1
56 1 4070 -1
4 0 4071 28
38 0 4072 48
20 0 4073 14
48 1 4074 -1
5 1 4075 -1
49 0 4076 16
25 0 4077 10
39 0 4078 10
33 1 4079 -1
57 1 4080 -1
36 0 4081 14
36 1 4082 -1
40 0 4083 0
31 0 4084 40
37 1 4085 -1
55 1 4086 -1
8 0 4087 2
22 1 4088 -1
7 0 4089 14
39 0 4090 14
24 1 4091 -1
44 1 4092 -1
15 0 4093 46
13 1 4094 -1
20 0 4095 8
54 1 4096 -1
45 0 4097 26
19 0 4098 34
56 0 4099 36
1 1 4100 -1
43 1 4101 -1
32 0 4102 44
33 1 4103 -1
31 1 4104 -1
56 1 4105 -1
11 1 4106 -1
19 1 4107 -1
32 0 4108 8
44 0 4109 4
11 1 4110 -1
43 0 4111 36
31 1 4112 -1
12 0 4113 14
50 0 4114 2
27 1 4115 -1
0 0 4116 12
18 1 4117 -1
53 0 4118 48
51 0 4119 46
29 1 4120 -1
29 0 4121 10
53 0 4122 38
45 1 4123 -1
12 0 4124 40
29 1 4125 -1
31 1 4126 -1
18 0 4127 6
23 1 4128 -1
32 1 4129 -1
24 0 4130 30
37 0 4131 14
29 1 4132 -1
30 1 4133 -1
56 0 4134 40
47 0 4135 46
31 0 4136 34
51 1 4137 -1
28 1 4138 -1
23 1 4139 -1
19 0 4140 40
13 1 4141 -1
6 0 4142 24
14 0 4143 8
57 1 4144 -1
28 1 4145 -1
22 0 4146 22
26 1 4147 -1
35 1 4148 -1
30 0 4149 18
14 0 4150 20
26 0 4151 22
10 0 4152 40
53 1 4153 -1
27 0 4154 18
55 1 4155 -1
26 0 4156 42
39 1 4157 -1
14 0 4158 10
0 0 4159 40
1 1 4160 -1
3 1 4161 -1
20 1 4162 -1
13 0 4163 2
39 1 4164 -1
13 0 4165 30
0 1 4166 -1
31 1 4167 -1
13 1 4168 -1
38 0 4169 36
50 0 4170 48
59 1 4171 -1
23 1 4172 -1
45 1 4173 -1
59 0 4174 16
57 0 4175 20
38 0 4176 46
7 1 4177 -1
45 0 4178 16
22 0 4179 30
59 0 4180 10
34 1 4181 -1
11 1 4182 -1
21 1 4183 -1
45 1 4184 -1
11 0 4185 12
47 0 4186 14
28 1 4187 -1
20 1 4188 -1
39 0 4189 24
26 1 4190 -1
1 0 4191 32
1 0 4192 30
18 1 4193 -1
1 1 4194 -1
47 0 4195 6
5 0 4196 46
59 1 4197 -1
13 0 4198 16
8 0 4199 4
18 1 4200 -1
54 0 4201 48
53 1 4202 -1
32 1 4203 -1
29 0 4204 10
58 1 4205 -1
36 1 4206 -1
31 0 4207 22
1 0 4208 28
3 0 4209 14
31 0 4210 0
13 1 4211 -1
58 1 4212 -1
3 1 4213 -1
18 0 4214 6
12 0 4215 42
12 1 4216 -1
34 1 4217 -1
48 0 4218 38
17 1 4219 -1
59 0 4220 20
7 0 4221 18
35 0 4222 24
11 1 4223 -1
5 1 4224 -1
3 1 4225 -1
18 0 4226 42
8 0 4227 24
40 1 4228 -1
18 0 4229 20
12 0 4230 2
31 1 4231 -1
39 0 4232 2
8 1 4233 -1
7 1 4234 -1
35 0 4235 44
17 0 4236 18
50 1 4237 -1
52 1 4238 -1
32 0 4239 6
43 1 4240 -1
1 1 4241 -1
13 1 4242 -1
53 1 4243 -1
48 1 4244 -1
3 0 4245 0
26 1 4246 -1
14 0 4247 10
33 0 4248 16
32 0 4249 0
29 0 4250 30
5 0 4251 4
36 1 4252 -1
31 0 4253 46
0 1 4254 -1
45 1 4255 -1
12 1 4256 -1
48 0 4257 6
1 0 4258 34
10 1 4259 -1
49 1 4260 -1
14 0 4261 24
23 0 4262 0
51 0 4263 36
37 1 4264 -1
59 0 4265 0
48 0 4266 6
29 1 4267 -1
0 1 4268 -1
41 1 4269 -1
28 0 4270 20
13 1 4271 -1
18 0 4272 6
2 1 4273 -1
41 0 4274 36
53 0 4275 18
12 1 4276 -1
37 0 4277 44
2 1 4278 -1
50 1 4279 -1
52 1 4280 -1
7 0 4281 4
25 0 4282 34
28 0 4283 46
52 1 4284 -1
38 0 4285 24
20 1 4286 -1
53 1 4287 -1
6 1 4288 -1
1 0 4289 4
36 1 4290 -1
10 0 4291 44
2 0 4292 28
53 0 4293 34
17 1 4294 -1
25 1 4295 -1
27 0 4296 20
2 0 4297 8
1 1 4298 -1
5 1 4299 -1
58 0 4300 34
20 0 4301 28
22 1 4302 -1
8 0 4303 22
48 0 4304 30
26 1 4305 -1
12 0 4306 0
23 1 4307 -1
23 1 4308 -1
31 1 4309 -1
12 0 4310 8
52 1 4311 -1
38 0 4312 34
13 0 4313 44
33 1 4314 -1
53 0 4315 30
23 0 4316 20
33 0 4317 6
49 1 4318 -1
10 1 4319 -1
24 1 4320 -1
26 1 4321 -1
3 1 4322 -1
1 0 4323 16
14 0 4324 42
19 0 4325 20
43 1 4326 -1
3 1 4327 -1
37 0 4328 28
58 1 4329 -1
55 1 4330 -1
8 0 4331 8
1 0 4332 42
3 0 4333 4
5 1 4334 -1
26 1 4335 -1
10 0 4336 26
1 1 4337 -1
29 0 4338 24
4 1 4339 -1
43 0 4340 22
26 0 4341 2
14 1 4342 -1
43 1 4343 -1
3 0 4344 46
47 0 4345 26
31 0 4346 40
48 1 4347 -1
14 0 4348 8
27 0 4349 18
46 1 4350 -1
32 1 4351 -1
38 0 4352 42
54 1 4353 -1
14 1 4354 -1
17 0 4355 46
26 0 4356 48
46 1 4357 -1
35 1 4358 -1
24 0 4359 20
6 0 4360 38
6 1 4361 -1
21 0 4362 30
28 1 4363 -1
38 1 4364 -1
46 0 4365 16
32 1 4366 -1
4 0 4367 0
4 1 4368 -1
53 0 4369 8
25 1 4370 -1
26 1 4371 -1
55 0 4372 32
19 1 4373 -1
58 0 4374 44
25 0 4375 22
6 0 4376 18
46 1 4377 -1
46 0 4378 36
19 1 4379 -1
36 0 4380 34
34 1 4381 -1
34 1 4382 -1
55 0 4383 4
13 1 4384 -1
37 0 4385 0
3 0 4386 12
40 1 4387 -1
25 1 4388 -1
2 1 4389 -1
48 0 4390 38
3 1 4391 -1
34 1 4392 -1
33 0 4393 12
42 1 4394 -1
31 0 4395 42
42 1 4396 -1
4 0 4397 16
54 0 4398 44
50 0 4399 40
1 1 4400 -1
55 1 4401 -1
35 0 4402 18
20 0 4403 30
49 1 4404 -1
50 1 4405 -1
26 0 4406 10
37 0 4407 2
37 1 4408 -1
19 0 4409 6
50 0 4410 12
9 1 4411 -1
58 0 4412 38
55 1 4413 -1
5 0 4414 12
12 0 4415 44
30 1 4416 -1
4 0 4417 26
42 1 4418 -1
27 1 4419 -1
16 1 4420 -1
1 0 4421 2
10 1 4422 -1
7 1 4423 -1
37 1 4424 -1
9 0 4425 46
49 0 4426 24
56 1 4427 -1
21 1 4428 -1
36 0 4429 12
19 1 4430 -1
2 0 4431 42
32 0 4432 26
6 1 4433 -1
56 0 4434 18
34 1 4435 -1
45 0 4436 28
6 1 4437 -1
38 1 4438 -1
35 0 4439 40
1 0 4440 0
20 0 4441 46
57 1 4442 -1
47 1 4443 -1
22 1 4444 -1
43 0 4445 22
14 0 4446 16
28 0 4447 24
33 1 4448 -1
54 0 4449 12
35 1 4450 -1
34 1 4451 -1
8 0 4452 34
50 0 4453 8
11 0 4454 42
13 1 4455 -1
33 1 4456 -1
3 1 4457 -1
16 0 4458 16
51 1 4459 -1
34 0 4460 22
7 0 4461 32
49 0 4462 36
36 1 4463 -1
58 1 4464 -1
36 1 4465 -1
18 0 4466 4
36 0 4467 14
13 0 4468 12
54 1 4469 -1
35 1 4470 -1
34 0 4471 26
42 0 4472 10
15 1 4473 -1
39 1 4474 -1
46 1 4475 -1
45 1 4476 -1
4 1 4477 -1
5 1 4478 -1
47 0 4479 10
38 0 4480 44
15 0 4481 38
37 0 4482 22
22 0 4483 2
34 1 4484 -1
11 1 4485 -1
37 0 4486 6
21 0 4487 0
37 1 4488 -1
18 1 4489 -1
45 1 4490 -1
42 0 4491 14
25 0 4492 18
27 0 4493 10
55 0 4494 42
36 1 4495 -1
42 1 4496 -1
30 1 4497 -1
53 0 4498 40
41 1 4499 -1
28 0 4500 22
19 0 4501 8
49 1 4502 -1
58 0 4503 18
15 1 4504 -1
27 0 4505 6
5 1 4506 -1
11 0 4507 30
13 1 4508 -1
46 0 4509 0
0 0 4510 4
45 1 4511 -1
21 1 4512 -1
51 0 4513 44
6 1 4514 -1
36 1 4515 -1
43 0 4516 2
46 0 4517 24
1 1 4518 -1
1 0 4519 42
16 1 4520 -1
38 1 4521 -1
41 0 4522 44
31 1 4523 -1
39 0 4524 0
1 1 4525 -1
24 1 4526 -1
10 0 4527 18
11 0 4528 36
3 1 4529 -1
23 1 4530 -1
57 1 4531 -1
5 1 4532 -1
5 0 4533 6
40 0 4534 26
12 0 4535 42
54 0 4536 6
0 0 4537 42
42 1 4538 -1
3 1 4539 -1
6 0 4540 44
39 0 4541 42
30 1 4542 -1
45 0 4543 18
53 0 4544 20
2 1 4545 -1
52 0 4546 24
7 1 4547 -1
1 1 4548 -1
3 0 4549 32
13 0 4550 32
23 1 4551 -1
50 1 4552 -1
57 0 4553 2
10 1 4554 -1
26 1 4555 -1
18 0 4556 36
27 0 4557 44
39 0 4558 46
46 1 4559 -1
20 0 4560 26
10 0 4561 14
24 1 4562 -1
33 0 4563 38
18 1 4564 -1
18 1 4565 -1
28 0 4566 40
56 1 4567 -1
55 1 4568 -1
33 1 4569 -1
16 0 4570 30
31 0 4571 38
29 1 4572 -1
10 0 4573 6
22 0 4574 42
50 1 4575 -1
52 0 4576 10
51 1 4577 -1
1 0 4578 14
1 1 4579 -1
11 0 4580 24
53 1 4581 -1
39 0 4582 28
10 1 4583 -1
38 0 4584 24
6 0 4585 24
33 1 4586 -1
37 1 4587 -1
11 0 4588 12
26 1 4589 -1
5 0 4590 44
13 1 4591 -1
49 0 4592 2
56 1 4593 -1
47 1 4594 -1
42 0 4595 30
31 1 4596 -1
58 1 4597 -1
4 1 4598 -1
57 0 4599 20
45 0 4600 28
56 0 4601 14
1 1 4602 -1
11 0 4603 16
4 0 4604 6
5 0 4605 28
25 1 4606 -1
17 1 4607 -1
12 1 4608 -1
34 1 4609 -1
41 1 4610 -1
10 0 4611 44
50 0 4612 4
30 0 4613 24
7 1 4614 -1
54 1 4615 -1
3 0 4616 24
17 0 4617 22
57 0 4618 42
32 1 4619 -1
32 1 4620 -1
6 1 4621 -1
59 1 4622 -1
30 0 4623 34
40 0 4624 34
0 0 4625 48
41 0 4626 16
14 1 4627 -1
53 0 4628 20
18 1 4629 -1
4 1 4630 -1
25 0 4631 48
45 1 4632 -1
6 1 4633 -1
38 0 4634 42
12 1 4635 -1
48 0 4636 16
5 0 4637 44
25 0 4638 0
35 1 4639 -1
54 1 4640 -1
27 1 4641 -1
40 1 4642 -1
11 0 4643 6
31 1 4644 -1
49 0 4645 26
57 1 4646 -1
40 0 4647 20
39 1 4648 -1
45 0 4649 20
45 0 4650 36
50 0 4651 0
38 0 4652 32
16 1 4653 -1
31 0 4654 24
34 1 4655 -1
42 1 4656 -1
26 0 4657 6
10 1 4658 -1
23 1 4659 -1
47 0 4660 36
33 0 4661 18
14 0 4662 16
19 1 4663 -1
18 1 4664 -1
41 1 4665 -1
55 0 4666 24
18 0 4667 38
43 0 4668 30
37 1 4669 -1
51 1 4670 -1
33 0 4671 10
13 1 4672 -1
1 0 4673 44
45 1 4674 -1
38 0 4675 4
1 1 4676 -1
47 1 4677 -1
22 0 4678 26
32 1 4679 -1
58 0 4680 46
10 0 4681 20
2 0 4682 26
37 1 4683 -1
16 1 4684 -1
28 0 4685 8
6 1 4686 -1
33 0 4687 40
30 1 4688 -1
37 0 4689 42
29 1 4690 -1
18 0 4691 26
38 0 4692 24
31 0 4693 10
21 1 4694 -1
0 1 4695 -1
53 1 4696 -1
34 0 4697 30
35 1 4698 -1
44 1 4699 -1
38 0 4700 40
36 1 4701 -1
42 0 4702 10
56 0 4703 22
30 0 4704 46
51 1 4705 -1
57 0 4706 18
38 1 4707 -1
33 1 4708 -1
18 1 4709 -1
21 1 4710 -1
11 0 4711 14
3 1 4712 -1
45 0 4713 26
22 0 4714 38
22 0 4715 2
33 1 4716 -1
36 0 4717 22
50 1 4718 -1
17 1 4719 -1
42 0 4720 42
56 1 4721 -1
2 1 4722 -1
36 0 4723 36
47 0 4724 22
26 0 4725 2
32 1 4726 -1
54 0 4727 36
43 0 4728 4
58 1 4729 -1
41 1 4730 -1
6 1 4731 -1
28 0 4732 32
17 1 4733 -1
32 0 4734 18
30 0 4735 24
44 0 4736 40
29 1 4737 -1
34 0 4738 26
8 1 4739 -1
37 0 4740 8
57 1 4741 -1
58 1 4742 -1
6 1 4743 -1
11 0 4744 34
12 1 4745 -1
4 0 4746 30
33 0 4747 20
10 1 4748 -1
26 1 4749 -1
3 0 4750 20
21 0 4751 0
11 1 4752 -1
59 0 4753 38
10 1 4754 -1
27 1 4755 -1
41 0 4756 38
38 0 4757 30
53 1 4758 -1
53 1 4759 -1
3 0 4760 8
8 0 4761 14
6 1 4762 -1
21 0 4763 40
37 1 4764 -1
42 1 4765 -1
53 0 4766 30
12 1 4767 -1
25 0 4768 22
34 0 4769 20
13 1 4770 -1
48 0 4771 36
30 1 4772 -1
36 0 4773 2
48 1 4774 -1
38 0 4775 22
24 1 4776 -1
50 0 4777 10
36 1 4778 -1
5 1 4779 -1
56 0 4780 10
29 0 4781 6
49 1 4782 -1
34 0 4783 24
16 0 4784 0
25 1 4785 -1
28 1 4786 -1
19 0 4787 0
39 0 4788 42
36 1 4789 -1
23 1 4790 -1
31 0 4791 38
58 1 4792 -1
32 0 4793 12
22 0 4794 32
17 1 4795 -1
7 1 4796 -1
41 0 4797 18
59 1 4798 -1
55 0 4799 46
45 0 4800 30
45 1 4801 -1
24 1 4802 -1
26 0 4803 40
51 0 4804 30
34 0 4805 0
4 1 4806 -1
58 1 4807 -1
1 1 4808 -1
5 0 4809 2
10 1 4810 -1
20 1 4811 -1
17 0 4812 36
3 1 4813 -1
26 1 4814 -1
50 1 4815 -1
26 0 4816 0
27 1 4817 -1
19 0 4818 22
34 0 4819 40
28 0 4820 18
35 0 4821 22
18 1 4822 -1
50 0 4823 48
40 1 4824 -1
45 0 4825 16
40 1 4826 -1
27 0 4827 18
50 1 4828 -1
4 0 4829 36
50 1 4830 -1
42 0 4831 42
48 1 4832 -1
26 1 4833 -1
24 0 4834 40
43 1 4835 -1
30 1 4836 -1
51 0 4837 4
43 1 4838 -1
42 0 4839 4
50 0 4840 20
0 0 4841 32
44 1 4842 -1
6 0 4843 42
53 1 4844 -1
0 0 4845 38
51 1 4846 -1
20 1 4847 -1
18 1 4848 -1
48 0 4849 10
16 1 4850 -1
4 0 4851 8
35 1 4852 -1
59 1 4853 -1
15 0 4854 44
4 0 4855 46
12 0 4856 46
57 0 4857 14
20 0 4858 8
18 0 4859 0
43 1 4860 -1
6 1 4861 -1
18 1 4862 -1
29 1 4863 -1
11 0 4864 34
59 0 4865 28
33 1 4866 -1
41 1 4867 -1
5 0 4868 16
23 0 4869 10
59 1 4870 -1
16 1 4871 -1
45 1 4872 -1
25 1 4873 -1
22 1 4874 -1
35 0 4875 36
4 1 4876 -1
16 0 4877 20
19 0 4878 22
36 0 4879 40
55 1 4880 -1
40 0 4881 36
8 1 4882 -1
12 0 4883 6
12 1 4884 -1
1 1 4885 -1
22 0 4886 40
50 0 4887 48
9 1 4888 -1
4 0 4889 32
48 0 4890 6
12 0 4891 38
26 1 4892 -1
0 0 4893 22
14 1 4894 -1
35 1 4895 -1
12 0 4896 38
32 1 4897 -1
58 1 4898 -1
26 0 4899 30
10 0 4900 34
34 0 4901 30
29 0 4902 42
53 1 4903 -1
36 0 4904 44
53 1 4905 -1
14 1 4906 -1
26 0 4907 42
31 1 4908 -1
19 0 4909 36
29 1 4910 -1
49 1 4911 -1
21 1 4912 -1
26 0 4913 2
16 0 4914 44
44 1 4915 -1
24 0 4916 14
44 1 4917 -1
48 0 4918 16
36 1 4919 -1
20 0 4920 16
12 0 4921 26
7 0 4922 0
28 1 4923 -1
18 0 4924 16
15 1 4925 -1
8 1 4926 -1
45 1 4927 -1
6 0 4928 22
3 0 4929 22
37 0 4930 6
2 1 4931 -1
33 1 4932 -1
58 0 4933 2
24 1 4934 -1
55 0 4935 22
52 0 4936 34
5 1 4937 -1
40 0 4938 36
6 1 4939 -1
36 0 4940 8
47 1 4941 -1
7 0 4942 34
35 1 4943 -1
55 0 4944 40
29 1 4945 -1
52 0 4946 24
7 0 4947 2
37 0 4948 30
37 1 4949 -1
46 1 4950 -1
4 1 4951 -1
51 1 4952 -1
22 0 4953 22
34 0 4954 24
38 1 4955 -1
26 1 4956 -1
10 1 4957 -1
39 1 4958 -1
49 0 4959 28
23 0 4960 32
28 0 4961 36
22 1 4962 -1
34 1 4963 -1
37 1 4964 -1
22 0 4965 32
26 0 4966 34
51 1 4967 -1
58 1 4968 -1
25 1 4969 -1
17 0 4970 4
44 1 4971 -1
58 0 4972 34
6 0 4973 10
50 1 4974 -1
50 0 4975 4
1 1 4976 -1
14 0 4977 30
6 1 4978 -1
10 1 4979 -1
53 0 4980 42
55 0 4981 6
56 1 4982 -1
31 1 4983 -1
26 1 4984 -1
53 0 4985 32
35 0 4986 2
51 0 4987 48
6 0 4988 0
8 1 4989 -1
13 0 4990 46
7 1 4991 -1
6 0 4992 42
33 1 4993 -1
13 0 4994 40
17 0 4995 18
35 1 4996 -1
5 1 4997 -1
28 1 4998 -1
34 0 4999 4
10 0 5000 28
31 0 5001 0
17 1 5002 -1
4 1 5003 -1
25 1 5004 -1
11 0 5005 4
45 1 5006 -1
57 1 5007 -1
48 1 5008 -1
8 1 5009 -1
46 0 5010 48
41 0 5011 0
45 0 5012 44
23 1 5013 -1
24 0 5014 36
44 0 5015 44
28 0 5016 48
33 0 5017 42
30 0 5018 4
10 1 5019 -1
47 1 5020 -1
46 0 5021 42
39 0 5022 6
39 1 5023 -1
18 0 5024 4
13 1 5025 -1
14 1 5026 -1
35 1 5027 -1
31 0 5028 30
25 0 5029 8
44 0 5030 20
38 1 5031 -1
31 1 5032 -1
53 0 5033 34
43 1 5034 -1
45 0 5035 16
1 0 5036 22
0 1 5037 -1
14 0 5038 10
53 1 5039 -1
41 1 5040 -1
56 0 5041 44
57 1 5042 -1
54 1 5043 -1
16 1 5044 -1
48 0 5045 22
56 1 5046 -1
2 0 5047 22
45 0 5048 28
16 0 5049 6
11 1 5050 -1
18 1 5051 -1
59 0 5052 46
47 0 5053 36
17 1 5054 -1
1 1 5055 -1
30 0 5056 46
11 0 5057 2
49 1 5058 -1
36 1 5059 -1
9 1 5060 -1
18 1 5061 -1
21 0 5062 48
20 1 5063 -1
28 0 5064 0
45 0 5065 16
15 1 5066 -1
26 1 5067 -1
13 0 5068 32
19 0 5069 4
34 0 5070 38
43 1 5071 -1
10 0 5072 44
57 0 5073 10
41 0 5074 38
52 1 5075 -1
58 0 5076 30
11 1 5077 -1
38 1 5078 -1
6 1 5079 -1
31 0 5080 42
21 0 5081 32
47 1 5082 -1
3 0 5083 24
9 0 5084 22
38 1 5085 -1
51 1 5086 -1
32 1 5087 -1
10 0 5088 2
51 1 5089 -1
17 1 5090 -1
45 1 5091 -1
53 0 5092 20
58 0 5093 24
6 0 5094 18
8 1 5095 -1
39 1 5096 -1
58 1 5097 -1
33 0 5098 18
35 1 5099 -1
14 0 5100 40
19 0 5101 26
45 0 5102 20
8 1 5103 -1
44 0 5104 6
1 1 5105 -1
30 1 5106 -1
47 0 5107 44
2 0 5108 18
32 1 5109 -1
56 1 5110 -1
6 0 5111 0
16 1 5112 -1
21 0 5113 12
9 0 5114 28
42 1 5115 -1
43 0 5116 40
15 0 5117 18
22 1 5118 -1
12 1 5119 -1
17 0 5120 22
43 1 5121 -1
53 0 5122 28
54 0 5123 40
15 1 5124 -1
18 0 5125 4
45 1 5126 -1
31 1 5127 -1
51 0 5128 38
28 0 5129 48
21 0 5130 34
33 1 5131 -1
35 1 5132 -1
5 1 5133 -1
2 1 5134 -1
47 0 5135 12
31 0 5136 44
0 0 5137 44
46 1 5138 -1
24 1 5139 -1
10 0 5140 8
38 0 5141 38
35 1 5142 -1
12 1 5143 -1
0 1 5144 -1
46 0 5145 28
11 0 5146 8
40 1 5147 -1
22 0 5148 34
35 0 5149 16
48 1 5150 -1
37 0 5151 38
40 1 5152 -1
7 1 5153 -1
26 0 5154 22
24 0 5155 42
3 1 5156 -1
21 1 5157 -1
17 1 5158 -1
51 1 5159 -1
54 0 5160 44
19 1 5161 -1
55 0 5162 32
58 0 5163 32
33 0 5164 46
46 1 5165 -1
43 0 5166 4
40 0 5167 34
30 0 5168 4
52 1 5169 -1
28 1 5170 -1
29 0 5171 36
17 1 5172 -1
52 0 5173 42
29 1 5174 -1
7 1 5175 -1
27 0 5176 2
56 0 5177 44
21 1 5178 -1
20 1 5179 -1
3 0 5180 16
21 0 5181 30
54 1 5182 -1
22 0 5183 20
1 1 5184 -1
33 0 5185 38
18 0 5186 34
2 1 5187 -1
10 0 5188 20
58 1 5189 -1
18 0 5190 20
19 0 5191 16
4 1 5192 -1
25 1 5193 -1
59 1 5194 -1
5 0 5195 38
44 1 5196 -1
45 1 5197 -1
37 0 5198 2
54 1 5199 -1
34 0 5200 18
53 0 5201 46
5 1 5202 -1
48 0 5203 4
5 0 5204 34
37 1 5205 -1
25 0 5206 42
30 1 5207 -1
33 1 5208 -1
15 1 5209 -1
32 0 5210 28
27 0 5211 10
22 1 5212 -1
13 0 5213 48
26 0 5214 46
42 1 5215 -1
7 1 5216 -1
38 0 5217 42
18 1 5218 -1
53 0 5219 38
15 0 5220 28
28 1 5221 -1
5 1 5222 -1
33 0 5223 32
28 1 5224 -1
32 0 5225 2
55 0 5226 6
30 1 5227 -1
21 1 5228 -1
30 1 5229 -1
37 0 5230 28
19 1 5231 -1
48 1 5232 -1
45 0 5233 48
19 0 5234 14
44 0 5235 12
43 0 5236 26
42 0 5237 26
3 1 5238 -1
21 1 5239 -1
41 1 5240 -1
22 1 5241 -1
21 1 5242 -1
21 0 5243 44
42 1 5244 -1
15 0 5245 16
54 0 5246 20
40 1 5247 -1
53 0 5248 18
48 0 5249 6
31 0 5250 4
10 1 5251 -1
38 1 5252 -1
32 0 5253 32
12 1 5254 -1
5 0 5255 12
3 1 5256 -1
27 0 5257 24
41 1 5258 -1
47 1 5259 -1
24 0 5260 34
37 1 5261 -1
35 1 5262 -1
53 0 5263 38
32 0 5264 34
33 1 5265 -1
43 1 5266 -1
58 0 5267 12
7 1 5268 -1
59 0 5269 12
58 0 5270 32
26 0 5271 28
43 0 5272 32
13 0 5273 26
4 1 5274 -1
56 1 5275 -1
51 1 5276 -1
27 0 5277 2
47 0 5278 6
55 1 5279 -1
55 1 5280 -1
4 0 5281 36
24 0 5282 18
37 0 5283 34
36 1 5284 -1
0 1 5285 -1
53 0 5286 40
58 0 5287 28
29 1 5288 -1
38 1 5289 -1
8 1 5290 -1
54 1 5291 -1
5 0 5292 2
38 0 5293 40
35 1 5294 -1
33 1 5295 -1
23 1 5296 -1
16 0 5297 30
13 0 5298 22
2 0 5299 42
9 1 5300 -1
49 0 5301 32
18 1 5302 -1
51 1 5303 -1
35 0 5304 44
16 1 5305 -1
57 0 5306 24
18 1 5307 -1
54 0 5308 32
3 1 5309 -1
32 1 5310 -1
46 0 5311 4
44 0 5312 34
36 0 5313 20
33 1 5314 -1
34 0 5315 46
46 1 5316 -1
39 1 5317 -1
32 0 5318 42
59 0 5319 4
33 0 5320 28
40 1 5321 -1
22 0 5322 0
31 0 5323 46
52 1 5324 -1
44 1 5325 -1
1 0 5326 18
17 1 5327 -1
30 1 5328 -1
51 0 5329 10
31 1 5330 -1
29 1 5331 -1
39 0 5332 22
50 1 5333 -1
19 0 5334 2
3 0 5335 42
6 0 5336 12
4 1 5337 -1
35 1 5338 -1
42 1 5339 -1
0 1 5340 -1
32 0 5341 18
39 0 5342 46
9 1 5343 -1
14 1 5344 -1
57 1 5345 -1
39 0 5346 6
12 0 5347 10
3 1 5348 -1
48 1 5349 -1
3 1 5350 -1
6 0 5351 46
3 0 5352 24
43 0 5353 36
19 0 5354 36
31 0 5355 4
11 0 5356 30
5 1 5357 -1
31 1 5358 -1
8 1 5359 -1
40 0 5360 40
18 0 5361 0
23 1 5362 -1
22 0 5363 6
46 1 5364 -1
16 0 5365 10
27 1 5366 -1
41 1 5367 -1
49 1 5368 -1
25 0 5369 16
46 0 5370 4
39 1 5371 -1
56 0 5372 14
57 1 5373 -1
27 1 5374 -1
27 0 5375 32
20 0 5376 6
9 1 5377 -1
2 0 5378 38
56 0 5379 16
4 1 5380 -1
52 1 5381 -1
48 1 5382 -1
5 0 5383 14
50 0 5384 10
54 0 5385 48
8 0 5386 40
29 1 5387 -1
58 1 5388 -1
56 1 5389 -1
58 1 5390 -1
6 0 5391 42
57 1 5392 -1
56 0 5393 38
0 0 5394 46
44 0 5395 14
7 0 5396 10
18 1 5397 -1
13 1 5398 -1
35 1 5399 -1
20 0 5400 46
29 0 5401 28
37 0 5402 14
34 1 5403 -1
33 1 5404 -1
19 1 5405 -1
46 1 5406 -1
45 0 5407 8
25 0 5408 34
15 0 5409 18
12 1 5410 -1
49 0 5411 2
36 1 5412 -1
35 1 5413 -1
42 0 5414 30
36 1 5415 -1
21 0 5416 8
41 0 5417 4
5 0 5418 2
36 1 5419 -1
56 1 5420 -1
31 1 5421 -1
5 1 5422 -1
38 0 5423 6
8 0 5424 14
4 0 5425 34
48 1 5426 -1
53 1 5427 -1
37 0 5428 36
34 1 5429 -1
53 1 5430 -1
56 0 5431 26
38 1 5432 -1
18 1 5433 -1
27 0 5434 38
23 0 5435 38
30 0 5436 16
43 0 5437 8
36 1 5438 -1
12 0 5439 10
43 0 5440 22
50 1 5441 -1
53 0 5442 40
55 1 5443 -1
26 0 5444 40
55 1 5445 -1
9 1 5446 -1
35 1 5447 -1
31 0 5448 0
52 1 5449 -1
35 0 5450 38
23 1 5451 -1
35 1 5452 -1
25 0 5453 26
30 1 5454 -1
34 0 5455 8
18 0 5456 24
38 0 5457 18
31 1 5458 -1
46 1 5459 -1
21 0 5460 36
42 0 5461 10
52 0 5462 4
4 1 5463 -1
16 0 5464 0
23 0 5465 18
35 1 5466 -1
57 1 5467 -1
5 0 5468 6
24 1 5469 -1
21 1 5470 -1
3 1 5471 -1
8 1 5472 -1
32 0 5473 6
21 0 5474 36
11 0 5475 0
9 0 5476 22
23 1 5477 -1
9 1 5478 -1
15 1 5479 -1
45 0 5480 32
35 1 5481 -1
19 0 5482 22
26 1 5483 -1
0 0 5484 40
43 0 5485 28
29 1 5486 -1
0 1 5487 -1
57 0 5488 4
38 0 5489 24
24 1 5490 -1
25 0 5491 46
33 0 5492 48
56 1 5493 -1
8 1 5494 -1
55 1 5495 -1
1 0 5496 8
38 0 5497 14
28 1 5498 -1
51 0 5499 6
2 1 5500 -1
2 1 5501 -1
10 0 5502 42
55 1 5503 -1
38 1 5504 -1
4 0 5505 24
11 0 5506 38
26 1 5507 -1
2 0 5508 32
36 1 5509 -1
32 0 5510 6
16 1 5511 -1
47 1 5512 -1
41 0 5513 30
50 0 5514 38
30 1 5515 -1
23 1 5516 -1
38 1 5517 -1
12 1 5518 -1
9 0 5519 42
11 0 5520 10
31 0 5521 36
21 1 5522 -1
29 0 5523 30
41 1 5524 -1
32 0 5525 30
40 0 5526 46
16 1 5527 -1
42 0 5528 38
25 0 5529 20
48 1 5530 -1
38 1 5531 -1
33 0 5532 48
59 1 5533 -1
51 1 5534 -1
59 0 5535 22
44 1 5536 -1
57 0 5537 28
53 0 5538 20
30 1 5539 -1
52 0 5540 32
21 1 5541 -1
35 0 5542 18
35 0 5543 28
8 1 5544 -1
9 0 5545 36
22 1 5546 -1
40 0 5547 22
4 0 5548 16
14 0 5549 0
5 1 5550 -1
19 1 5551 -1
42 1 5552 -1
0 0 5553 8
38 0 5554 18
33 1 5555 -1
4 0 5556 18
59 1 5557 -1
9 1 5558 -1
2 0 5559 14
36 1 5560 -1
22 0 5561 34
17 0 5562 6
50 1 5563 -1
3 0 5564 26
28 0 5565 0
51 0 5566 40
22 1 5567 -1
52 1 5568 -1
26 0 5569 22
49 1 5570 -1
9 1 5571 -1
21 0 5572 26
32 1 5573 -1
32 1 5574 -1
29 0 5575 18
6 1 5576 -1
11 1 5577 -1
51 0 5578 42
4 1 5579 -1
47 0 5580 28
58 0 5581 42
20 0 5582 38
6 1 5583 -1
11 0 5584 32
33 1 5585 -1
25 1 5586 -1
0 1 5587 -1
12 0 5588 14
42 1 5589 -1
54 0 5590 6
50 1 5591 -1
24 0 5592 2
22 1 5593 -1
41 1 5594 -1
1 0 5595 4
41 0 5596 40
59 0 5597 32
50 1 5598 -1
32 0 5599 2
1 1 5600 -1
18 0 5601 34
8 0 5602 22
9 1 5603 -1
39 1 5604 -1
41 1 5605 -1
18 1 5606 -1
35 0 5607 26
44 0 5608 0
30 1 5609 -1
43 0 5610 14
47 1 5611 -1
51 0 5612 18
8 1 5613 -1
47 1 5614 -1
54 0 5615 20
41 0 5616 48
41 1 5617 -1
17 1 5618 -1
5 0 5619 10
8 0 5620 18
52 1 5621 -1
42 0 5622 26
0 0 5623 18
51 1 5624 -1
20 1 5625 -1
49 0 5626 48
3 0 5627 40
8 0 5628 42
35 1 5629 -1
0 1 5630 -1
25 0 5631 8
23 0 5632 42
32 1 5633 -1
2 1 5634 -1
50 1 5635 -1
32 1 5636 -1
29 0 5637 36
13 0 5638 16
45 0 5639 38
35 1 5640 -1
16 0 5641 38
4 1 5642 -1
31 0 5643 6
41 1 5644 -1
35 0 5645 42
4 0 5646 32
14 1 5647 -1
27 0 5648 44
47 1 5649 -1
24 1 5650 -1
12 0 5651 48
9 1 5652 -1
41 0 5653 18
14 0 5654 44
12 0 5655 4
34 0 5656 38
21 0 5657 2
45 1 5658 -1
40 1 5659 -1
47 1 5660 -1
28 1 5661 -1
55 1 5662 -1
50 1 5663 -1
32 0 5664 18
6 1 5665 -1
47 0 5666 22
1 1 5667 -1
35 0 5668 24
53 0 5669 32
18 0 5670 46
40 0 5671 46
16 1 5672 -1
33 1 5673 -1
30 0 5674 6
10 1 5675 -1
33 1 5676 -1
14 1 5677 -1
47 0 5678 38
49 0 5679 32
39 0 5680 24
20 1 5681 -1
29 0 5682 6
31 0 5683 10
20 1 5684 -1
0 0 5685 40
43 1 5686 -1
1 1 5687 -1
52 0 5688 16
27 1 5689 -1
44 1 5690 -1
19 0 5691 20
31 0 5692 46
29 1 5693 -1
55 1 5694 -1
21 1 5695 -1
38 0 5696 6
6 0 5697 8
3 1 5698 -1
4 0 5699 26
53 1 5700 -1
52 1 5701 -1
28 0 5702 12
43 1 5703 -1
27 0 5704 0
3 1 5705 -1
20 0 5706 44
42 1 5707 -1
14 0 5708 44
43 0 5709 38
44 0 5710 42
24 1 5711 -1
32 1 5712 -1
54 1 5713 -1
12 1 5714 -1
41 1 5715 -1
27 0 5716 24
35 1 5717 -1
11 0 5718 18
13 0 5719 36
51 1 5720 -1
34 0 5721 48
33 0 5722 14
3 0 5723 12
28 1 5724 -1
56 0 5725 20
20 0 5726 14
8 1 5727 -1
7 1 5728 -1
31 0 5729 24
1 0 5730 10
48 1 5731 -1
53 1 5732 -1
16 0 5733 16
31 1 5734 -1
35 1 5735 -1
23 0 5736 48
41 0 5737 0
47 1 5738 -1
31 0 5739 4
14 1 5740 -1
20 1 5741 -1
54 1 5742 -1
35 0 5743 48
36 1 5744 -1
50 1 5745 -1
29 0 5746 26
0 0 5747 26
6 0 5748 28
41 1 5749 -1
20 0 5750 48
27 1 5751 -1
39 0 5752 36
48 1 5753 -1
56 1 5754 -1
2 1 5755 -1
32 1 5756 -1
23 0 5757 0
29 0 5758 0
1 0 5759 8
18 0 5760 38
56 1 5761 -1
52 0 5762 46
6 1 5763 -1
36 1 5764 -1
50 0 5765 12
10 0 5766 36
46 1 5767 -1
2 0 5768 0
6 0 5769 34
20 0 5770 18
10 1 5771 -1
29 0 5772 38
52 1 5773 -1
33 1 5774 -1
17 1 5775 -1
14 1 5776 -1
24 0 5777 26
14 1 5778 -1
1 1 5779 -1
22 0 5780 36
28 0 5781 10
30 0 5782 40
27 0 5783 2
1 1 5784 -1
32 1 5785 -1
0 0 5786 8
18 1 5787 -1
32 0 5788 8
15 0 5789 12
27 1 5790 -1
51 1 5791 -1
51 0 5792 10
55 0 5793 2
33 1 5794 -1
58 1 5795 -1
47 0 5796 42
8 1 5797 -1
14 1 5798 -1
47 0 5799 12
41 1 5800 -1
21 0 5801 8
46 0 5802 8
51 0 5803 12
21 0 5804 16
10 1 5805 -1
3 0 5806 24
8 0 5807 8
56 1 5808 -1
12 1 5809 -1
38 1 5810 -1
37 1 5811 -1
27 0 5812 18
32 1 5813 -1
56 1 5814 -1
14 0 5815 46
11 1 5816 -1
57 0 5817 20
0 0 5818 22
54 1 5819 -1
10 0 5820 12
10 0 5821 2
4 0 5822 38
52 1 5823 -1
32 1 5824 -1
0 0 5825 20
12 1 5826 -1
23 1 5827 -1
45 1 5828 -1
32 0 5829 6
43 0 5830 42
34 0 5831 18
16 1 5832 -1
27 0 5833 30
22 1 5834 -1
25 1 5835 -1
2 1 5836 -1
25 0 5837 46
46 0 5838 32
10 1 5839 -1
51 1 5840 -1
52 0 5841 26
30 0 5842 10
47 1 5843 -1
13 0 5844 24
46 1 5845 -1
15 1 5846 -1
1 0 5847 4
44 1 5848 -1
3 0 5849 12
1 0 5850 6
11 1 5851 -1
40 1 5852 -1
18 1 5853 -1
18 0 5854 8
30 1 5855 -1
3 0 5856 12
31 1 5857 -1
55 0 5858 6
22 0 5859 40
23 0 5860 42
4 1 5861 -1
56 1 5862 -1
13 1 5863 -1
33 0 5864 36
33 0 5865 36
48 1 5866 -1
56 0 5867 6
33 0 5868 26
53 1 5869 -1
20 1 5870 -1
42 0 5871 16
41 0 5872 10
40 0 5873 8
16 0 5874 0
57 0 5875 48
51 1 5876 -1
59 1 5877 -1
27 1 5878 -1
44 0 5879 24
39 1 5880 -1
26 1 5881 -1
21 0 5882 30
19 1 5883 -1
9 1 5884 -1
51 0 5885 6
42 0 5886 44
35 1 5887 -1
20 0 5888 38
57 1 5889 -1
16 0 5890 28
59 1 5891 -1
10 0 5892 10
8 1 5893 -1
47 1 5894 -1
57 0 5895 40
41 1 5896 -1
8 0 5897 28
24 0 5898 28
32 0 5899 40
58 0 5900 2
31 1 5901 -1
1 1 5902 -1
59 1 5903 -1
20 0 5904 4
45 0 5905 24
8 0 5906 32
28 1 5907 -1
20 1 5908 -1
32 0 5909 24
26 0 5910 4
2 1 5911 -1
43 1 5912 -1
54 0 5913 18
22 1 5914 -1
4 0 5915 18
18 1 5916 -1
33 0 5917 4
27 1 5918 -1
13 1 5919 -1
18 1 5920 -1
26 0 5921 14
37 0 5922 0
36 0 5923 24
6 0 5924 40
52 1 5925 -1
10 1 5926 -1
23 1 5927 -1
33 0 5928 48
3 0 5929 40
7 1 5930 -1
19 0 5931 24
10 1 5932 -1
30 0 5933 46
12 1 5934 -1
36 1 5935 -1
42 1 5936 -1
15 0 5937 48
50 0 5938 44
3 0 5939 22
26 1 5940 -1
27 1 5941 -1
14 0 5942 30
32 0 5943 20
1 1 5944 -1
35 1 5945 -1
22 0 5946 32
33 1 5947 -1
30 0 5948 48
4 0 5949 12
18 1 5950 -1
7 0 5951 4
39 1 5952 -1
31 0 5953 36
51 1 5954 -1
10 0 5955 8
28 1 5956 -1
19 1 5957 -1
59 1 5958 -1
39 0 5959 44
53 0 5960 2
54 1 5961 -1
42 1 5962 -1
15 1 5963 -1
34 0 5964 18
26 0 5965 46
37 1 5966 -1
8 0 5967 0
39 0 5968 38
56 1 5969 -1
34 0 5970 48
36 0 5971 36
54 1 5972 -1
20 1 5973 -1
6 0 5974 48
23 1 5975 -1
20 0 5976 8
18 0 5977 4
43 1 5978 -1
52 1 5979 -1
22 0 5980 36
31 0 5981 12
20 1 5982 -1
48 0 5983 24
17 1 5984 -1
6 1 5985 -1
5 1 5986 -1
27 1 5987 -1
18 0 5988 44
37 1 5989 -1
56 0 5990 26
28 0 5991 28
13 1 5992 -1
31 0 5993 44
27 1 5994 -1
0 0 5995 18
24 1 5996 -1
10 0 5997 16
41 1 5998 -1
43 0 5999 2
9 0 6000 26
58 1 6001 -1
27 0 6002 36
15 1 6003 -1
12 1 6004 -1
38 0 6005 0
12 0 6006 16
29 1 6007 -1
57 0 6008 32
33 0 6009 16
40 1 6010 -1
21 0 6011 48
41 1 6012 -1
20 0 6013 44
11 1 6014 -1
56 0 6015 42
40 1 6016 -1
42 1 6017 -1
2 0 6018 18
56 1 6019 -1
26 1 6020 -1
11 0 6021 42
14 1 6022 -1
42 0 6023 34
6 0 6024 6
50 1 6025 -1
35 0 6026 46
18 0 6027 46
17 1 6028 -1
17 0 6029 30
55 1 6030 -1
40 1 6031 -1
17 0 6032 22
11 1 6033 -1
18 1 6034 -1
26 0 6035 4
54 0 6036 44
11 0 6037 24
47 0 6038 42
38 0 6039 6
1 1 6040 -1
15 1 6041 -1
42 1 6042 -1
46 1 6043 -1
12 0 6044 32
24 0 6045 26
4 1 6046 -1
13 0 6047 24
42 1 6048 -1
27 0 6049 44
51 0 6050 0
29 1 6051 -1
9 1 6052 -1
30 1 6053 -1
46 0 6054 36
13 0 6055 22
16 1 6056 -1
16 1 6057 -1
40 0 6058 24
26 0 6059 40
37 0 6060 28
37 1 6061 -1
48 1 6062 -1
36 1 6063 -1
48 1 6064 -1
42 1 6065 -1
40 0 6066 42
16 0 6067 8
54 0 6068 22
44 1 6069 -1
36 0 6070 46
33 1 6071 -1
24 0 6072 40
44 0 6073 8
47 1 6074 -1
48 0 6075 26
46 1 6076 -1
14 0 6077 30
1 1 6078 -1
21 0 6079 14
45 0 6080 10
36 1 6081 -1
11 1 6082 -1
29 0 6083 24
23 1 6084 -1
20 0 6085 20
53 1 6086 -1
1 0 6087 32
7 0 6088 6
11 0 6089 14
32 1 6090 -1
26 1 6091 -1
29 0 6092 6
6 1 6093 -1
5 0 6094 14
16 1 6095 -1
14 0 6096 30
21 1 6097 -1
58 0 6098 6
52 0 6099 34
9 1 6100 -1
0 1 6101 -1
5 1 6102 -1
17 0 6103 18
8 1 6104 -1
9 1 6105 -1
58 1 6106 -1
47 0 6107 20
27 1 6108 -1
21 0 6109 6
51 0 6110 46
50 0 6111 20
0 0 6112 36
37 1 6113 -1
28 1 6114 -1
11 0 6115 32
28 0 6116 4
7 0 6117 42
34 1 6118 -1
11 1 6119 -1
54 1 6120 -1
6 0 6121 46
24 1 6122 -1
18 0 6123 12
57 0 6124 44
55 1 6125 -1
8 1 6126 -1
1 0 6127 2
6 1 6128 -1
25 1 6129 -1
56 0 6130 0
19 1 6131 -1
0 1 6132 -1
14 1 6133 -1
2 1 6134 -1
14 0 6135 28
29 0 6136 42
42 0 6137 12
34 1 6138 -1
4 0 6139 20
34 0 6140 44
13 0 6141 10
1 0 6142 38
47 1 6143 -1
21 1 6144 -1
11 1 6145 -1
36 0 6146 46
37 1 6147 -1
1 1 6148 -1
2 0 6149 42
33 0 6150 10
28 1 6151 -1
26 1 6152 -1
47 0 6153 38
17 0 6154 34
42 0 6155 32
28 0 6156 8
31 1 6157 -1
31 1 6158 -1
7 0 6159 12
35 1 6160 -1
19 0 6161 48
16 0 6162 18
30 1 6163 -1
48 0 6164 10
31 1 6165 -1
7 0 6166 2
37 1 6167 -1
13 0 6168 16
57 0 6169 30
5 1 6170 -1
8 1 6171 -1
18 1 6172 -1
6 1 6173 -1
33 1 6174 -1
48 0 6175 34
26 0 6176 4
57 1 6177 -1
39 1 6178 -1
47 0 6179 14
51 0 6180 0
11 1 6181 -1
34 0 6182 0
46 0 6183 12
1 1 6184 -1
28 1 6185 -1
34 1 6186 -1
15 1 6187 -1
48 0 6188 48
20 0 6189 26
18 0 6190 40
14 0 6191 0
25 1 6192 -1
31 1 6193 -1
42 0 6194 18
59 0 6195 40
18 1 6196 -1
47 0 6197 4
27 0 6198 4
59 1 6199 -1
34 0 6200 44
10 1 6201 -1
18 1 6202 -1
41 0 6203 28
56 1 6204 -1
17 0 6205 26
19 1 6206 -1
43 0 6207 32
53 1 6208 -1
21 1 6209 -1
10 1 6210 -1
54 1 6211 -1
48 0 6212 26
48 0 6213 40
54 0 6214 22
21 0 6215 8
20 1 6216 -1
53 1 6217 -1
26 1 6218 -1
58 1 6219 -1
54 0 6220 30
0 0 6221 6
18 0 6222 18
23 1 6223 -1
12 0 6224 24
34 0 6225 30
40 0 6226 0
31 0 6227 12
10 1 6228 -1
33 1 6229 -1
55 1 6230 -1
12 0 6231 40
9 0 6232 32
28 1 6233 -1
21 1 6234 -1
58 0 6235 2
17 1 6236 -1
29 1 6237 -1
54 1 6238 -1
53 0 6239 20
11 0 6240 20
15 0 6241 12
56 0 6242 18
2 1 6243 -1
11 1 6244 -1
6 1 6245 -1
10 0 6246 40
55 1 6247 -1
11 0 6248 22
3 0 6249 14
48 1 6250 -1
56 1 6251 -1
1 1 6252 -1
9 0 6253 38
19 0 6254 48
52 1 6255 -1
48 0 6256 42
17 0 6257 4
23 1 6258 -1
18 0 6259 28
34 1 6260 -1
10 0 6261 14
24 1 6262 -1
1 0 6263 22
14 1 6264 -1
26 1 6265 -1
10 0 6266 20
23 1 6267 -1
59 0 6268 16
19 0 6269 20
59 1 6270 -1
8 0 6271 36
11 1 6272 -1
16 0 6273 4
26 1 6274 -1
9 0 6275 2
54 1 6276 -1
25 1 6277 -1
47 1 6278 -1
32 0 6279 44
45 1 6280 -1
46 0 6281 2
58 1 6282 -1
51 0 6283 14
12 1 6284 -1
32 0 6285 32
23 1 6286 -1
32 0 6287 32
23 0 6288 18
7 0 6289 8
14 0 6290 34
51 1 6291 -1
1 1 6292 -1
47 1 6293 -1
56 0 6294 22
19 1 6295 -1
47 1 6296 -1
17 0 6297 32
43 0 6298 0
8 0 6299 34
4 1 6300 -1
26 1 6301 -1
26 0 6302 26
53 0 6303 28
3 1 6304 -1
15 0 6305 26
31 1 6306 -1
35 1 6307 -1
17 0 6308 26
19 0 6309 32
48 0 6310 18
15 1 6311 -1
51 1 6312 -1
1 0 6313 16
6 0 6314 24
43 1 6315 -1
58 1 6316 -1
24 1 6317 -1
58 0 6318 44
57 1 6319 -1
36 1 6320 -1
37 0 6321 28
34 0 6322 38
14 1 6323 -1
56 0 6324 2
9 0 6325 30
59 0 6326 30
51 0 6327 28
48 1 6328 -1
30 0 6329 0
58 0 6330 24
24 0 6331 10
14 1 6332 -1
42 0 6333 38
14 1 6334 -1
43 1 6335 -1
4 0 6336 34
27 1 6337 -1
44 1 6338 -1
48 1 6339 -1
13 0 6340 12
2 1 6341 -1
41 0 6342 44
30 1 6343 -1
14 1 6344 -1
39 0 6345 46
41 0 6346 4
32 1 6347 -1
56 0 6348 38
42 1 6349 -1
17 1 6350 -1
27 1 6351 -1
8 1 6352 -1
11 0 6353 6
26 0 6354 0
12 0 6355 16
31 0 6356 4
36 1 6357 -1
20 1 6358 -1
14 0 6359 24
9 1 6360 -1
3 0 6361 4
5 0 6362 28
44 0 6363 36
20 1 6364 -1
32 1 6365 -1
3 0 6366 42
57 1 6367 -1
2 0 6368 6
33 1 6369 -1
2 1 6370 -1
16 1 6371 -1
54 0 6372 36
0 1 6373 -1
58 0 6374 16
45 0 6375 18
12 0 6376 40
50 1 6377 -1
17 1 6378 -1
50 0 6379 30
41 1 6380 -1
2 0 6381 0
36 1 6382 -1
35 0 6383 28
24 0 6384 44
32 1 6385 -1
42 1 6386 -1
42 0 6387 24
13 1 6388 -1
42 0 6389 46
54 1 6390 -1
26 0 6391 16
20 1 6392 -1
57 1 6393 -1
7 1 6394 -1
18 0 6395 0
46 1 6396 -1
43 0 6397 26
9 0 6398 8
59 0 6399 32
37 1 6400 -1
29 1 6401 -1
55 1 6402 -1
4 1 6403 -1
20 0 6404 8
59 0 6405 42
33 0 6406 10
30 1 6407 -1
33 1 6408 -1
36 0 6409 38
13 1 6410 -1
6 0 6411 24
41 0 6412 26
54 1 6413 -1
43 0 6414 38
54 1 6415 -1
20 0 6416 8
51 1 6417 -1
46 1 6418 -1
7 0 6419 36
13 0 6420 14
5 1 6421 -1
38 1 6422 -1
14 0 6423 36
27 0 6424 12
41 1 6425 -1
11 0 6426 24
59 0 6427 26
41 0 6428 40
8 1 6429 -1
59 1 6430 -1
55 0 6431 4
5 1 6432 -1
24 1 6433 -1
33 0 6434 12
34 1 6435 -1
31 0 6436 12
55 0 6437 28
14 1 6438 -1
11 0 6439 38
36 1 6440 -1
43 1 6441 -1
43 0 6442 14
41 1 6443 -1
21 0 6444 0
39 1 6445 -1
2 0 6446 4
29 0 6447 44
39 1 6448 -1
50 0 6449 14
51 0 6450 28
21 1 6451 -1
57 1 6452 -1
9 1 6453 -1
15 1 6454 -1
2 0 6455 8
25 0 6456 2
59 1 6457 -1
35 0 6458 14
9 0 6459 14
37 0 6460 0
52 1 6461 -1
16 1 6462 -1
12 1 6463 -1
23 0 6464 48
20 0 6465 12
21 1 6466 -1
52 1 6467 -1
38 0 6468 20
33 0 6469 34
42 1 6470 -1
57 0 6471 24
6 0 6472 16
21 1 6473 -1
59 0 6474 26
16 0 6475 22
23 1 6476 -1
58 1 6477 -1
11 1 6478 -1
6 1 6479 -1
53 0 6480 16
36 1 6481 -1
32 0 6482 24
13 1 6483 -1
31 0 6484 4
26 1 6485 -1
48 0 6486 0
51 0 6487 38
16 1 6488 -1
20 0 6489 10
35 1 6490 -1
12 1 6491 -1
26 0 6492 0
39 1 6493 -1
46 0 6494 36
20 1 6495 -1
14 1 6496 -1
27 0 6497 12
36 0 6498 4
46 0 6499 36
28 0 6500 46
51 1 6501 -1
7 1 6502 -1
21 1 6503 -1
30 1 6504 -1
1 0 6505 10
39 0 6506 22
41 1 6507 -1
16 0 6508 28
17 1 6509 -1
28 0 6510 48
58 0 6511 22
9 1 6512 -1
19 0 6513 28
11 0 6514 26
18 1 6515 -1
38 1 6516 -1
29 0 6517 32
55 1 6518 -1
59 0 6519 10
35 0 6520 42
22 1 6521 -1
21 1 6522 -1
24 1 6523 -1
21 0 6524 46
2 1 6525 -1
24 0 6526 18
13 1 6527 -1
4 0 6528 12
51 1 6529 -1
5 1 6530 -1
57 0 6531 8
48 0 6532 34
38 1 6533 -1
23 0 6534 38
46 1 6535 -1
47 0 6536 14
36 0 6537 26
49 1 6538 -1
57 0 6539 0
41 1 6540 -1
21 0 6541 28
15 1 6542 -1
1 1 6543 -1
20 1 6544 -1
23 0 6545 48
39 0 6546 44
48 0 6547 40
34 1 6548 -1
55 0 6549 42
51 1 6550 -1
34 0 6551 40
10 1 6552 -1
25 0 6553 24
53 1 6554 -1
26 0 6555 32
29 1 6556 -1
27 1 6557 -1
6 0 6558 16
52 1 6559 -1
22 1 6560 -1
52 0 6561 36
57 0 6562 36
35 1 6563 -1
25 0 6564 22
30 0 6565 24
7 1 6566 -1
21 1 6567 -1
23 0 6568 4
17 0 6569 26
13 1 6570 -1
32 0 6571 10
7 0 6572 0
9 1 6573 -1
54 1 6574 -1
32 1 6575 -1
24 0 6576 14
30 0 6577 36
52 1 6578 -1
28 0 6579 38
56 0 6580 20
24 0 6581 8
48 1 6582 -1
41 1 6583 -1
5 1 6584 -1
9 1 6585 -1
26 1 6586 -1
21 0 6587 26
52 1 6588 -1
11 0 6589 42
37 0 6590 14
19 1 6591 -1
7 0 6592 40
56 1 6593 -1
54 0 6594 48
58 1 6595 -1
4 1 6596 -1
18 0 6597 42
23 0 6598 30
10 0 6599 26
45 1 6600 -1
47 0 6601 22
27 1 6602 -1
45 0 6603 20
49 1 6604 -1
27 0 6605 26
55 0 6606 44
23 0 6607 2
40 1 6608 -1
6 1 6609 -1
1 0 6610 38
48 1 6611 -1
3 0 6612 14
15 1 6613 -1
26 0 6614 22
11 1 6615 -1
23 0 6616 10
1 1 6617 -1
27 0 6618 28
27 0 6619 28
8 1 6620 -1
14 1 6621 -1
26 0 6622 46
12 1 6623 -1
49 0 6624 48
46 1 6625 -1
56 1 6626 -1
56 0 6627 10
20 1 6628 -1
57 1 6629 -1
40 0 6630 34
46 0 6631 16
58 1 6632 -1
11 0 6633 40
8 1 6634 -1
45 1 6635 -1
21 1 6636 -1
39 0 6637 0
53 0 6638 38
9 1 6639 -1
54 0 6640 10
34 0 6641 0
46 1 6642 -1
53 1 6643 -1
42 0 6644 26
20 0 6645 4
13 0 6646 38
6 0 6647 8
47 1 6648 -1
10 1 6649 -1
54 0 6650 4
50 1 6651 -1
50 0 6652 36
37 0 6653 0
23 0 6654 48
16 1 6655 -1
27 1 6656 -1
34 1 6657 -1
47 0 6658 10
42 1 6659 -1
8 1 6660 -1
36 1 6661 -1
15 0 6662 12
9 1 6663 -1
22 0 6664 34
18 1 6665 -1
20 0 6666 34
0 1 6667 -1
3 0 6668 26
28 0 6669 48
4 1 6670 -1
41 1 6671 -1
27 0 6672 22
33 1 6673 -1
9 0 6674 22
23 1 6675 -1
34 1 6676 -1
2 0 6677 36
15 0 6678 28
2 1 6679 -1
31 1 6680 -1
11 0 6681 34
31 1 6682 -1
9 0 6683 46
14 1 6684 -1
5 0 6685 18
5 0 6686 0
4 0 6687 6
0 0 6688 44
11 1 6689 -1
23 1 6690 -1
30 0 6691 14
5 0 6692 12
22 0 6693 4
57 0 6694 42
43 1 6695 -1
26 1 6696 -1
1 1 6697 -1
14 1 6698 -1
17 1 6699 -1
28 1 6700 -1
54 0 6701 18
2 0 6702 38
58 0 6703 0
13 0 6704 44
4 1 6705 -1
20 0 6706 40
22 1 6707 -1
47 0 6708 22
7 1 6709 -1
27 1 6710 -1
22 0 6711 8
29 1 6712 -1
49 1 6713 -1
12 0 6714 8
20 1 6715 -1
12 0 6716 12
55 0 6717 12
32 1 6718 -1
11 0 6719 22
3 0 6720 46
48 0 6721 36
38 1 6722 -1
23 1 6723 -1
1 1 6724 -1
4 0 6725 2
12 1 6726 -1
57 1 6727 -1
19 1 6728 -1
12 0 6729 10
16 0 6730 28
20 0 6731 26
55 1 6732 -1
57 0 6733 2
0 0 6734 18
38 1 6735 -1
52 1 6736 -1
5 0 6737 38
8 0 6738 30
51 1 6739 -1
10 1 6740 -1
10 1 6741 -1
38 0 6742 14
46 1 6743 -1
41 1 6744 -1
54 0 6745 40
51 0 6746 16
53 0 6747 22
34 0 6748 42
22 1 6749 -1
0 0 6750 4
35 0 6751 40
5 1 6752 -1
19 0 6753 12
53 1 6754 -1
49 0 6755 0
3 0 6756 14
24 1 6757 -1
59 1 6758 -1
32 1 6759 -1
42 1 6760 -1
49 0 6761 8
8 1 6762 -1
47 1 6763 -1
15 0 6764 16
23 0 6765 0
32 1 6766 -1
55 0 6767 30
5 0 6768 16
26 1 6769 -1
17 0 6770 6
42 1 6771 -1
43 1 6772 -1
13 0 6773 2
50 1 6774 -1
48 0 6775 38
53 0 6776 32
39 1 6777 -1
22 0 6778 18
54 1 6779 -1
55 1 6780 -1
9 0 6781 16
31 0 6782 42
25 1 6783 -1
52 1 6784 -1
13 0 6785 40
10 1 6786 -1
32 0 6787 40
2 0 6788 18
53 1 6789 -1
42 1 6790 -1
11 1 6791 -1
5 0 6792 12
45 0 6793 30
15 0 6794 46
12 1 6795 -1
6 1 6796 -1
37 1 6797 -1
18 1 6798 -1
16 0 6799 8
23 0 6800 44
26 1 6801 -1
25 1 6802 -1
19 0 6803 34
13 1 6804 -1
10 0 6805 34
53 0 6806 44
35 0 6807 24
55 1 6808 -1
36 0 6809 36
19 1 6810 -1
20 1 6811 -1
19 0 6812 30
47 1 6813 -1
28 1 6814 -1
17 0 6815 18
7 1 6816 -1
15 0 6817 42
49 1 6818 -1
58 0 6819 24
43 0 6820 46
6 0 6821 44
5 1 6822 -1
49 1 6823 -1
21 1 6824 -1
4 0 6825 44
56 1 6826 -1
9 0 6827 24
2 1 6828 -1
46 0 6829 6
41 1 6830 -1
39 0 6831 20
58 0 6832 24
41 0 6833 24
34 0 6834 38
23 1 6835 -1
28 0 6836 24
31 1 6837 -1
1 1 6838 -1
16 1 6839 -1
59 0 6840 2
7 0 6841 0
13 1 6842 -1
33 1 6843 -1
23 1 6844 -1
16 0 6845 6
33 0 6846 4
37 1 6847 -1
32 0 6848 24
57 1 6849 -1
1 0 6850 6
35 1 6851 -1
11 0 6852 28
27 0 6853 8
10 1 6854 -1
2 0 6855 4
12 1 6856 -1
50 0 6857 18
51 0 6858 24
11 1 6859 -1
4 1 6860 -1
5 0 6861 4
5 1 6862 -1
42 1 6863 -1
52 1 6864 -1
18 0 6865 16
21 0 6866 28
1 0 6867 36
47 1 6868 -1
40 1 6869 -1
7 1 6870 -1
27 0 6871 10
9 0 6872 8
23 0 6873 48
37 1 6874 -1
3 1 6875 -1
50 0 6876 22
36 1 6877 -1
24 0 6878 24
32 1 6879 -1
54 1 6880 -1
17 0 6881 48
42 1 6882 -1
31 1 6883 -1
23 0 6884 26
36 0 6885 38
11 1 6886 -1
59 1 6887 -1
9 0 6888 46
3 0 6889 16
11 0 6890 28
54 1 6891 -1
48 1 6892 -1
11 0 6893 4
47 0 6894 28
40 0 6895 34
40 1 6896 -1
20 0 6897 22
48 0 6898 34
21 1 6899 -1
4 0 6900 4
46 0 6901 30
10 1 6902 -1
3 1 6903 -1
16 1 6904 -1
6 1 6905 -1
5 0 6906 24
10 1 6907 -1
40 0 6908 4
33 0 6909 42
27 1 6910 -1
12 0 6911 48
0 1 6912 -1
31 0 6913 48
54 1 6914 -1
41 1 6915 -1
59 1 6916 -1
51 0 6917 20
12 0 6918 4
18 0 6919 4
28 1 6920 -1
0 0 6921 16
54 0 6922 18
29 1 6923 -1
6 0 6924 36
3 1 6925 -1
14 1 6926 -1
33 0 6927 20
26 1 6928 -1
17 0 6929 42
55 1 6930 -1
1 0 6931 32
10 1 6932 -1
19 0 6933 0
59 1 6934 -1
26 0 6935 42
12 1 6936 -1
36 0 6937 18
38 0 6938 20
33 1 6939 -1
12 0 6940 14
31 1 6941 -1
13 1 6942 -1
45 1 6943 -1
50 0 6944 32
28 0 6945 38
52 0 6946 8
49 0 6947 2
29 1 6948 -1
26 1 6949 -1
26 0 6950 42
25 1 6951 -1
25 0 6952 20
46 0 6953 30
7 1 6954 -1
25 1 6955 -1
6 1 6956 -1
26 0 6957 46
20 1 6958 -1
15 0 6959 2
4 1 6960 -1
30 0 6961 24
43 1 6962 -1
1 0 6963 34
26 0 6964 6
38 1 6965 -1
7 0 6966 26
36 0 6967 26
24 1 6968 -1
35 0 6969 46
48 1 6970 -1
42 1 6971 -1
16 1 6972 -1
7 0 6973 14
31 0 6974 36
47 1 6975 -1
8 0 6976 12
28 0 6977 48
32 1 6978 -1
16 0 6979 40
3 0 6980 28
46 1 6981 -1
22 1 6982 -1
32 1 6983 -1
3 1 6984 -1
54 0 6985 30
24 1 6986 -1
18 1 6987 -1
5 1 6988 -1
51 0 6989 32
10 1 6990 -1
10 0 6991 18
16 1 6992 -1
28 0 6993 48
23 0 6994 34
29 1 6995 -1
18 0 6996 10
30 1 6997 -1
6 0 6998 48
13 0 6999 26
49 0 7000 42
45 1 7001 -1
32 1 7002 -1
9 0 7003 36
31 0 7004 44
51 1 7005 -1
45 0 7006 2
51 0 7007 10
20 1 7008 -1
26 1 7009 -1
41 1 7010 -1
25 0 7011 24
59 1 7012 -1
45 1 7013 -1
56 0 7014 26
7 1 7015 -1
50 0 7016 42
14 1 7017 -1
12 1 7018 -1
1 0 7019 38
3 1 7020 -1
12 0 7021 46
32 0 7022 12
55 1 7023 -1
32 0 7024 30
18 1 7025 -1
28 0 7026 18
21 0 7027 14
6 1 7028 -1
7 0 7029 8
46 1 7030 -1
5 1 7031 -1
54 0 7032 8
10 1 7033 -1
56 0 7034 16
57 0 7035 30
9 0 7036 30
39 1 7037 -1
9 1 7038 -1
37 0 7039 42
42 0 7040 10
45 0 7041 18
38 1 7042 -1
6 1 7043 -1
41 1 7044 -1
12 0 7045 34
9 1 7046 -1
29 1 7047 -1
38 0 7048 12
27 0 7049 38
9 0 7050 32
14 1 7051 -1
23 1 7052 -1
26 1 7053 -1
36 0 7054 8
35 1 7055 -1
51 1 7056 -1
20 1 7057 -1
46 0 7058 16
39 1 7059 -1
4 0 7060 18
27 0 7061 24
41 0 7062 10
59 0 7063 24
15 1 7064 -1
8 1 7065 -1
35 0 7066 22
21 1 7067 -1
49 1 7068 -1
38 0 7069 46
57 1 7070 -1
41 0 7071 30
11 1 7072 -1
35 0 7073 24
28 0 7074 38
18 1 7075 -1
22 0 7076 38
57 1 7077 -1
14 0 7078 10
5 1 7079 -1
59 0 7080 28
41 0 7081 10
12 1 7082 -1
33 0 7083 16
39 0 7084 22
58 1 7085 -1
14 1 7086 -1
26 0 7087 38
10 1 7088 -1
47 1 7089 -1
59 0 7090 32
21 0 7091 20
35 1 7092 -1
35 1 7093 -1
5 1 7094 -1
16 0 7095 16
37 1 7096 -1
9 0 7097 18
29 0 7098 20
11 0 7099 4
28 0 7100 6
33 1 7101 -1
29 0 7102 20
4 1 7103 -1
55 1 7104 -1
57 0 7105 14
46 1 7106 -1
18 0 7107 12
17 1 7108 -1
19 1 7109 -1
37 0 7110 6
1 0 7111 26
41 1 7112 -1
3 0 7113 44
26 0 7114 44
53 1 7115 -1
13 0 7116 42
13 0 7117 32
8 1 7118 -1
51 1 7119 -1
4 1 7120 -1
21 0 7121 22
52 1 7122 -1
25 1 7123 -1
8 1 7124 -1
31 0 7125 36
48 0 7126 48
58 0 7127 36
29 0 7128 16
45 1 7129 -1
21 1 7130 -1
15 0 7131 16
25 1 7132 -1
49 0 7133 26
31 1 7134 -1
39 0 7135 48
12 1 7136 -1
16 0 7137 22
40 1 7138 -1
6 0 7139 0
38 0 7140 16
41 1 7141 -1
54 1 7142 -1
40 1 7143 -1
40 0 7144 22
33 0 7145 28
47 0 7146 10
27 1 7147 -1
58 1 7148 -1
7 0 7149 10
18 0 7150 8
19 1 7151 -1
2 1 7152 -1
36 0 7153 46
26 1 7154 -1
6 1 7155 -1
47 0 7156 26
26 1 7157 -1
32 1 7158 -1
21 0 7159 36
59 1 7160 -1
40 0 7161 12
42 0 7162 26
38 0 7163 2
29 1 7164 -1
53 0 7165 24
1 1 7166 -1
27 1 7167 -1
21 0 7168 30
24 0 7169 26
45 0 7170 28
51 0 7171 20
15 1 7172 -1
52 1 7173 -1
46 0 7174 16
42 1 7175 -1
9 0 7176 10
52 1 7177 -1
57 1 7178 -1
24 0 7179 44
16 1 7180 -1
33 1 7181 -1
0 1 7182 -1
3 1 7183 -1
6 1 7184 -1
12 0 7185 32
27 0 7186 26
48 1 7187 -1
8 0 7188 6
35 0 7189 22
57 1 7190 -1
2 0 7191 4
25 0 7192 32
37 0 7193 22
23 0 7194 2
57 1 7195 -1
35 0 7196 16
54 0 7197 42
58 1 7198 -1
58 1 7199 -1
30 0 7200 10
31 0 7201 26
32 1 7202 -1
19 1 7203 -1
42 0 7204 6
40 1 7205 -1
28 1 7206 -1
18 0 7207 48
2 1 7208 -1
17 0 7209 42
24 1 7210 -1
37 0 7211 26
59 1 7212 -1
47 0 7213 20
43 0 7214 30
53 0 7215 18
49 1 7216 -1
9 1 7217 -1
19 1 7218 -1
59 0 7219 42
41 0 7220 38
35 0 7221 38
43 1 7222 -1
46 0 7223 16
5 0 7224 14
54 1 7225 -1
51 1 7226 -1
15 0 7227 22
6 1 7228 -1
29 0 7229 2
55 1 7230 -1
32 0 7231 0
14 1 7232 -1
30 1 7233 -1
0 1 7234 -1
29 1 7235 -1
14 0 7236 42
43 1 7237 -1
57 1 7238 -1
59 0 7239 46
32 0 7240 16
52 0 7241 42
31 0 7242 20
27 0 7243 10
42 1 7244 -1
54 1 7245 -1
55 1 7246 -1
4 1 7247 -1
51 1 7248 -1
12 0 7249 48
30 1 7250 -1
52 0 7251 46
35 1 7252 -1
36 0 7253 16
30 0 7254 44
17 1 7255 -1
45 0 7256 30
5 0 7257 12
27 1 7258 -1
36 1 7259 -1
57 0 7260 44
35 0 7261 14
44 1 7262 -1
58 1 7263 -1
0 0 7264 44
55 0 7265 10
52 0 7266 28
57 1 7267 -1
26 1 7268 -1
36 0 7269 48
27 1 7270 -1
20 1 7271 -1
13 1 7272 -1
53 0 7273 0
46 0 7274 26
54 0 7275 46
58 0 7276 44
19 1 7277 -1
46 1 7278 -1
13 1 7279 -1
40 1 7280 -1
23 0 7281 10
0 0 7282 28
30 1 7283 -1
11 1 7284 -1
52 0 7285 36
46 0 7286 10
2 0 7287 30
30 0 7288 6
59 1 7289 -1
19 0 7290 8
21 1 7291 -1
27 0 7292 48
16 1 7293 -1
35 0 7294 10
38 1 7295 -1
55 1 7296 -1
25 0 7297 2
32 1 7298 -1
55 1 7299 -1
36 1 7300 -1
55 0 7301 42
12 1 7302 -1
38 0 7303 48
36 0 7304 10
42 0 7305 6
22 1 7306 -1
40 0 7307 10
37 0 7308 40
17 1 7309 -1
33 0 7310 30
37 1 7311 -1
30 1 7312 -1
7 1 7313 -1
41 0 7314 20
8 1 7315 -1
51 1 7316 -1
16 1 7317 -1
24 0 7318 10
8 1 7319 -1
1 0 7320 24
27 0 7321 12
21 1 7322 -1
25 0 7323 22
37 1 7324 -1
51 0 7325 26
10 0 7326 40
8 0 7327 48
41 1 7328 -1
37 0 7329 28
54 0 7330 42
1 1 7331 -1
52 1 7332 -1
22 1 7333 -1
8 0 7334 42
16 1 7335 -1
12 1 7336 -1
33 0 7337 24
8 0 7338 2
17 0 7339 4
55 1 7340 -1
11 1 7341 -1
53 0 7342 18
57 1 7343 -1
58 0 7344 34
5 0 7345 18
23 1 7346 -1
24 1 7347 -1
9 0 7348 30
49 1 7349 -1
54 0 7350 46
6 1 7351 -1
33 0 7352 8
49 0 7353 14
33 0 7354 26
54 0 7355 16
10 0 7356 2
13 1 7357 -1
45 1 7358 -1
2 1 7359 -1
30 1 7360 -1
36 0 7361 14
49 1 7362 -1
45 0 7363 36
59 1 7364 -1
22 1 7365 -1
48 1 7366 -1
28 0 7367 0
47 0 7368 26
14 1 7369 -1
37 0 7370 16
44 1 7371 -1
8 1 7372 -1
24 0 7373 2
32 0 7374 0
14 0 7375 30
7 1 7376 -1
2 1 7377 -1
21 1 7378 -1
16 0 7379 8
33 0 7380 12
37 0 7381 30
43 1 7382 -1
1 0 7383 6
42 1 7384 -1
53 0 7385 6
3 1 7386 -1
19 0 7387 26
56 1 7388 -1
17 0 7389 34
40 1 7390 -1
33 1 7391 -1
49 0 7392 48
10 1 7393 -1
53 0 7394 38
2 1 7395 -1
6 0 7396 36
6 0 7397 6
26 1 7398 -1
17 1 7399 -1
19 0 7400 42
26 0 7401 46
37 1 7402 -1
4 0 7403 42
36 1 7404 -1
23 0 7405 30
42 1 7406 -1
42 0 7407 30
30 1 7408 -1
23 1 7409 -1
5 1 7410 -1
59 0 7411 44
35 1 7412 -1
41 0 7413 38
53 0 7414 34
33 1 7415 -1
53 0 7416 30
14 1 7417 -1
18 0 7418 46
4 0 7419 30
27 1 7420 -1
43 0 7421 46
14 0 7422 18
45 1 7423 -1
20 0 7424 48
33 0 7425 8
27 1 7426 -1
18 1 7427 -1
36 0 7428 26
17 1 7429 -1
37 0 7430 26
3 1 7431 -1
44 0 7432 48
9 0 7433 22
21 0 7434 38
25 1 7435 -1
47 1 7436 -1
1 1 7437 -1
21 1 7438 -1
9 1 7439 -1
25 1 7440 -1
32 0 7441 28
35 0 7442 32
16 0 7443 6
33 0 7444 14
1 1 7445 -1
40 1 7446 -1
25 0 7447 0
23 1 7448 -1
29 1 7449 -1
49 0 7450 14
56 1 7451 -1
12 0 7452 48
54 0 7453 36
51 1 7454 -1
33 1 7455 -1
26 1 7456 -1
9 1 7457 -1
56 0 7458 48
36 1 7459 -1
26 0 7460 20
8 0 7461 32
46 0 7462 0
29 1 7463 -1
25 0 7464 20
43 1 7465 -1
36 0 7466 26
31 1 7467 -1
21 0 7468 4
18 1 7469 -1
40 0 7470 36
42 1 7471 -1
58 0 7472 22
2 1 7473 -1
32 0 7474 46
43 0 7475 20
7 0 7476 38
30 0 7477 6
46 1 7478 -1
8 0 7479 8
29 1 7480 -1
1 1 7481 -1
44 0 7482 46
3 1 7483 -1
43 1 7484 -1
56 0 7485 48
7 1 7486 -1
14 1 7487 -1
1 0 7488 16
59 0 7489 18
51 1 7490 -1
26 1 7491 -1
13 0 7492 44
58 1 7493 -1
25 0 7494 2
59 0 7495 10
52 1 7496 -1
4 1 7497 -1
33 0 7498 34
51 1 7499 -1
15 1 7500 -1
37 1 7501 -1
33 0 7502 24
26 1 7503 -1
2 0 7504 10
15 0 7505 10
28 1 7506 -1
52 0 7507 14
10 0 7508 30
6 0 7509 30
57 1 7510 -1
43 0 7511 32
24 1 7512 -1
50 1 7513 -1
35 0 7514 48
16 1 7515 -1
11 0 7516 10
49 1 7517 -1
36 0 7518 34
6 0 7519 46
46 1 7520 -1
25 1 7521 -1
33 0 7522 24
4 0 7523 2
16 0 7524 34
18 1 7525 -1
25 1 7526 -1
53 1 7527 -1
35 0 7528 38
54 1 7529 -1
11 1 7530 -1
19 0 7531 36
20 1 7532 -1
33 0 7533 10
1 1 7534 -1
42 0 7535 10
42 0 7536 18
30 0 7537 4
36 1 7538 -1
15 1 7539 -1
1 0 7540 14
12 1 7541 -1
54 0 7542 28
57 0 7543 26
9 0 7544 44
34 1 7545 -1
46 0 7546 42
21 1 7547 -1
8 0 7548 2
35 1 7549 -1
19 1 7550 -1
11 0 7551 12
48 1 7552 -1
37 1 7553 -1
36 0 7554 44
52 1 7555 -1
5 0 7556 6
25 1 7557 -1
32 0 7558 38
42 0 7559 30
12 0 7560 26
17 1 7561 -1
9 1 7562 -1
7 0 7563 36
44 1 7564 -1
25 0 7565 36
40 0 7566 30
16 1 7567 -1
53 0 7568 28
16 1 7569 -1
5 1 7570 -1
19 1 7571 -1
57 0 7572 4
29 0 7573 48
7 1 7574 -1
0 1 7575 -1
35 1 7576 -1
18 0 7577 26
4 0 7578 16
2 0 7579 28
33 1 7580 -1
51 1 7581 -1
30 0 7582 26
11 1 7583 -1
42 0 7584 12
31 0 7585 48
23 0 7586 20
57 1 7587 -1
26 0 7588 38
53 1 7589 -1
27 1 7590 -1
30 0 7591 12
37 1 7592 -1
57 1 7593 -1
19 0 7594 34
29 0 7595 16
0 0 7596 40
51 1 7597 -1
56 1 7598 -1
45 1 7599 -1
36 0 7600 34
28 1 7601 -1
5 0 7602 32
51 1 7603 -1
16 1 7604 -1
20 1 7605 -1
25 0 7606 8
44 0 7607 30
13 0 7608 2
38 1 7609 -1
40 0 7610 14
50 1 7611 -1
35 0 7612 44
36 1 7613 -1
27 1 7614 -1
2 1 7615 -1
24 0 7616 16
32 0 7617 4
2 0 7618 38
23 0 7619 18
38 1 7620 -1
40 1 7621 -1
37 0 7622 48
0 1 7623 -1
31 1 7624 -1
41 0 7625 40
23 1 7626 -1
22 0 7627 8
3 0 7628 46
48 1 7629 -1
25 1 7630 -1
27 0 7631 40
22 0 7632 0
35 0 7633 28
40 0 7634 4
26 1 7635 -1
28 0 7636 40
35 1 7637 -1
57 0 7638 44
29 1 7639 -1
21 0 7640 8
3 1 7641 -1
35 1 7642 -1
47 1 7643 -1
22 0 7644 26
22 1 7645 -1
12 1 7646 -1
32 1 7647 -1
13 0 7648 40
19 0 7649 32
7 0 7650 34
36 0 7651 34
9 0 7652 12
7 1 7653 -1
46 0 7654 34
33 1 7655 -1
28 1 7656 -1
2 1 7657 -1
0 1 7658 -1
29 0 7659 18
31 0 7660 26
18 1 7661 -1
25 1 7662 -1
14 0 7663 20
2 0 7664 42
56 1 7665 -1
5 0 7666 10
36 1 7667 -1
41 0 7668 46
52 1 7669 -1
45 1 7670 -1
38 0 7671 42
9 0 7672 34
8 1 7673 -1
43 1 7674 -1
47 1 7675 -1
36 0 7676 38
20 0 7677 10
45 1 7678 -1
55 0 7679 10
35 1 7680 -1
10 0 7681 24
30 0 7682 30
44 1 7683 -1
5 1 7684 -1
34 0 7685 16
57 0 7686 40
49 0 7687 16
48 1 7688 -1
27 1 7689 -1
1 0 7690 36
36 1 7691 -1
16 0 7692 42
14 0 7693 6
27 1 7694 -1
18 1 7695 -1
55 0 7696 36
3 1 7697 -1
58 0 7698 36
16 0 7699 4
33 1 7700 -1
37 0 7701 2
56 1 7702 -1
35 1 7703 -1
44 0 7704 20
31 1 7705 -1
10 1 7706 -1
31 0 7707 0
43 1 7708 -1
50 0 7709 40
56 0 7710 26
48 1 7711 -1
17 0 7712 42
47 1 7713 -1
3 1 7714 -1
47 0 7715 16
32 0 7716 8
55 1 7717 -1
43 0 7718 28
45 1 7719 -1
28 0 7720 22
38 0 7721 30
43 0 7722 18
4 1 7723 -1
5 1 7724 -1
0 1 7725 -1
47 0 7726 6
37 1 7727 -1
29 0 7728 24
47 0 7729 32
42 0 7730 4
56 1 7731 -1
28 1 7732 -1
10 0 7733 12
39 1 7734 -1
12 1 7735 -1
50 0 7736 36
57 1 7737 -1
41 0 7738 22
42 0 7739 12
8 0 7740 4
24 1 7741 -1
36 1 7742 -1
9 1 7743 -1
18 1 7744 -1
14 0 7745 14
7 0 7746 30
34 1 7747 -1
27 1 7748 -1
41 1 7749 -1
8 0 7750 18
27 0 7751 40
16 0 7752 22
26 0 7753 28
11 1 7754 -1
30 1 7755 -1
39 0 7756 4
48 0 7757 16
16 1 7758 -1
43 1 7759 -1
56 0 7760 40
58 0 7761 22
26 1 7762 -1
21 0 7763 22
53 0 7764 32
5 1 7765 -1
16 1 7766 -1
51 0 7767 24
5 1 7768 -1
45 0 7769 28
59 1 7770 -1
52 0 7771 6
33 1 7772 -1
25 1 7773 -1
51 0 7774 14
48 0 7775 16
10 1 7776 -1
32 0 7777 8
10 0 7778 42
47 1 7779 -1
4 1 7780 -1
55 0 7781 16
35 0 7782 2
9 1 7783 -1
51 0 7784 42
55 0 7785 48
56 1 7786 -1
1 1 7787 -1
33 1 7788 -1
39 1 7789 -1
18 0 7790 36
43 0 7791 32
51 0 7792 40
11 1 7793 -1
20 1 7794 -1
48 0 7795 30
59 1 7796 -1
27 1 7797 -1
17 0 7798 18
15 1 7799 -1
0 0 7800 4
36 0 7801 40
10 0 7802 38
0 1 7803 -1
37 0 7804 46
16 1 7805 -1
36 0 7806 42
19 0 7807 26
34 1 7808 -1
37 1 7809 -1
8 0 7810 12
10 1 7811 -1
30 1 7812 -1
11 0 7813 18
37 0 7814 0
3 1 7815 -1
15 0 7816 22
28 0 7817 28
51 1 7818 -1
11 1 7819 -1
41 0 7820 42
54 1 7821 -1
39 0 7822 26
5 1 7823 -1
45 1 7824 -1
55 1 7825 -1
5 1 7826 -1
37 0 7827 38
5 0 7828 12
55 0 7829 38
40 1 7830 -1
11 0 7831 10
18 1 7832 -1
21 0 7833 6
43 1 7834 -1
29 0 7835 46
28 0 7836 10
31 1 7837 -1
21 0 7838 36
25 1 7839 -1
54 1 7840 -1
13 1 7841 -1
9 0 7842 30
12 0 7843 10
0 1 7844 -1
26 1 7845 -1
9 1 7846 -1
0 0 7847 22
0 1 7848 -1
22 0 7849 16
31 1 7850 -1
29 0 7851 0
54 0 7852 36
43 0 7853 32
52 1 7854 -1
21 1 7855 -1
48 1 7856 -1
56 0 7857 14
11 0 7858 38
14 1 7859 -1
33 0 7860 20
8 0 7861 26
4 0 7862 28
12 1 7863 -1
35 1 7864 -1
2 1 7865 -1
14 0 7866 34
33 1 7867 -1
36 0 7868 16
31 1 7869 -1
13 0 7870 8
5 0 7871 24
56 0 7872 32
29 1 7873 -1
28 0 7874 22
54 1 7875 -1
8 1 7876 -1
16 1 7877 -1
12 1 7878 -1
14 0 7879 12
52 0 7880 36
6 0 7881 22
27 1 7882 -1
25 0 7883 40
46 1 7884 -1
6 1 7885 -1
1 0 7886 16
46 0 7887 36
59 1 7888 -1
1 0 7889 0
1 0 7890 40
37 1 7891 -1
31 1 7892 -1
51 1 7893 -1
57 0 7894 10
54 0 7895 28
42 0 7896 10
14 1 7897 -1
16 1 7898 -1
47 1 7899 -1
11 0 7900 6
48 0 7901 12
54 0 7902 4
50 1 7903 -1
14 1 7904 -1
28 1 7905 -1
55 1 7906 -1
41 0 7907 26
12 1 7908 -1
5 0 7909 46
15 0 7910 34
2 0 7911 46
35 1 7912 -1
10 1 7913 -1
33 0 7914 28
47 1 7915 -1
56 0 7916 6
20 0 7917 46
3 0 7918 36
5 1 7919 -1
26 0 7920 20
7 1 7921 -1
3 0 7922 18
29 1 7923 -1
16 0 7924 24
59 1 7925 -1
55 1 7926 -1
3 0 7927 16
56 1 7928 -1
59 0 7929 14
20 0 7930 26
34 1 7931 -1
35 0 7932 36
32 1 7933 -1
41 0 7934 2
20 1 7935 -1
10 0 7936 24
15 1 7937 -1
52 1 7938 -1
49 1 7939 -1
54 1 7940 -1
17 0 7941 32
15 0 7942 6
23 1 7943 -1
13 1 7944 -1
56 0 7945 18
48 1 7946 -1
32 1 7947 -1
1 0 7948 8
23 0 7949 16
44 1 7950 -1
37 0 7951 32
21 0 7952 6
4 1 7953 -1
18 0 7954 12
14 0 7955 10
47 0 7956 14
40 1 7957 -1
20 0 7958 42
57 1 7959 -1
5 1 7960 -1
35 1 7961 -1
48 1 7962 -1
55 0 7963 8
13 0 7964 36
51 1 7965 -1
45 1 7966 -1
31 0 7967 16
6 0 7968 6
16 0 7969 14
29 0 7970 6
9 1 7971 -1
32 0 7972 26
55 1 7973 -1
33 0 7974 42
37 1 7975 -1
27 1 7976 -1
16 0 7977 0
9 0 7978 6
54 0 7979 38
14 1 7980 -1
29 1 7981 -1
13 1 7982 -1
0 0 7983 20
17 1 7984 -1
28 1 7985 -1
29 0 7986 30
54 1 7987 -1
18 0 7988 22
47 0 7989 44
16 1 7990 -1
15 1 7991 -1
0 0 7992 46
20 0 7993 20
2 0 7994 46
17 1 7995 -1
38 1 7996 -1
10 1 7997 -1
8 1 7998 -1
0 0 7999 20
18 0 8000 16
23 1 8001 -1
20 0 8002 48
48 0 8003 14
42 1 8004 -1
45 0 8005 4
9 0 8006 48
4 1 8007 -1
30 1 8008 -1
45 0 8009 8
44 0 8010 0
2 1 8011 -1
33 0 8012 36
46 1 8013 -1
4 1 8014 -1
37 0 8015 24
38 1 8016 -1
28 1 8017 -1
14 0 8018 22
32 0 8019 4
16 1 8020 -1
48 0 8021 30
51 1 8022 -1
26 0 8023 6
23 0 8024 16
7 1 8025 -1
16 0 8026 36
34 1 8027 -1
5 0 8028 36
24 1 8029 -1
17 0 8030 44
7 1 8031 -1
14 1 8032 -1
48 0 8033 44
11 1 8034 -1
45 0 8035 42
11 1 8036 -1
52 0 8037 6
3 1 8038 -1
53 1 8039 -1
15 0 8040 8
13 0 8041 28
55 0 8042 26
11 0 8043 42
47 1 8044 -1
23 0 8045 32
14 1 8046 -1
57 1 8047 -1
27 1 8048 -1
42 1 8049 -1
5 1 8050 -1
23 1 8051 -1
26 0 8052 20
0 0 8053 4
25 0 8054 26
23 1 8055 -1
12 0 8056 8
31 1 8057 -1
33 1 8058 -1
36 0 8059 30
8 0 8060 16
19 1 8061 -1
47 0 8062 24
53 0 8063 42
6 1 8064 -1
2 0 8065 14
3 0 8066 42
43 1 8067 -1
42 1 8068 -1
5 0 8069 26
42 0 8070 16
12 1 8071 -1
40 1 8072 -1
43 1 8073 -1
40 0 8074 26
17 1 8075 -1
9 0 8076 24
3 0 8077 4
43 1 8078 -1
36 0 8079 22
2 1 8080 -1
47 0 8081 34
50 1 8082 -1
29 1 8083 -1
55 0 8084 36
55 0 8085 0
5 1 8086 -1
23 1 8087 -1
55 0 8088 38
24 0 8089 34
10 0 8090 8
40 1 8091 -1
40 1 8092 -1
9 1 8093 -1
37 1 8094 -1
59 0 8095 40
7 0 8096 20
20 0 8097 34
51 1 8098 -1
10 1 8099 -1
25 0 8100 8
52 1 8101 -1
55 0 8102 14
45 1 8103 -1
33 1 8104 -1
2 0 8105 18
31 1 8106 -1
57 0 8107 6
8 0 8108 30
1 1 8109 -1
18 0 8110 26
22 1 8111 -1
1 1 8112 -1
6 0 8113 38
41 0 8114 12
17 1 8115 -1
4 0 8116 24
59 1 8117 -1
41 1 8118 -1
27 0 8119 4
54 1 8120 -1
37 0 8121 14
34 1 8122 -1
52 0 8123 32
33 0 8124 18
11 1 8125 -1
34 0 8126 32
36 0 8127 32
23 1 8128 -1
10 0 8129 22
13 1 8130 -1
23 1 8131 -1
41 0 8132 32
55 1 8133 -1
25 0 8134 18
5 1 8135 -1
34 0 8136 28
46 1 8137 -1
4 0 8138 6
40 1 8139 -1
2 0 8140 12
57 0 8141 38
11 0 8142 26
44 1 8143 -1
58 1 8144 -1
33 1 8145 -1
11 0 8146 28
47 1 8147 -1
2 1 8148 -1
59 0 8149 46
4 0 8150 16
15 1 8151 -1
17 1 8152 -1
43 0 8153 10
57 0 8154 2
8 0 8155 32
38 0 8156 0
49 1 8157 -1
33 1 8158 -1
29 1 8159 -1
57 0 8160 14
32 1 8161 -1
22 0 8162 26
53 1 8163 -1
29 0 8164 36
52 0 8165 32
53 0 8166 30
27 1 8167 -1
3 1 8168 -1
7 0 8169 30
47 1 8170 -1
35 0 8171 36
34 1 8172 -1
23 1 8173 -1
29 0 8174 48
50 1 8175 -1
35 1 8176 -1
54 0 8177 36
26 0 8178 2
36 1 8179 -1
41 0 8180 0
47 1 8181 -1
26 0 8182 36
3 1 8183 -1
5 0 8184 38
14 1 8185 -1
9 0 8186 6
6 1 8187 -1
13 0 8188 12
6 1 8189 -1
18 0 8190 22
26 0 8191 20
32 1 8192 -1
24 0 8193 6
59 0 8194 40
41 0 8195 26
33 1 8196 -1
44 1 8197 -1
8 1 8198 -1
32 0 8199 40
6 0 8200 2
15 1 8201 -1
49 1 8202 -1
11 1 8203 -1
59 1 8204 -1
47 0 8205 34
36 1 8206 -1
49 0 8207 48
43 0 8208 0
47 1 8209 -1
52 0 8210 14
48 0 8211 48
36 1 8212 -1
8 0 8213 12
16 1 8214 -1
2 0 8215 36
33 1 8216 -1
58 0 8217 22
40 0 8218 0
39 1 8219 -1
11 1 8220 -1
55 1 8221 -1
0 1 8222 -1
15 0 8223 32
28 0 8224 48
42 0 8225 28
2 1 8226 -1
26 1 8227 -1
30 0 8228 36
15 1 8229 -1
10 0 8230 30
43 1 8231 -1
27 0 8232 12
40 0 8233 6
15 1 8234 -1
16 0 8235 24
22 1 8236 -1
25 1 8237 -1
3 0 8238 4
30 0 8239 6
35 0 8240 34
51 1 8241 -1
46 0 8242 44
32 1 8243 -1
41 1 8244 -1
45 1 8245 -1
38 1 8246 -1
1 0 8247 8
1 1 8248 -1
6 0 8249 36
2 0 8250 4
31 1 8251 -1
8 0 8252 30
49 0 8253 44
57 1 8254 -1
38 1 8255 -1
34 0 8256 24
41 0 8257 42
57 1 8258 -1
45 1 8259 -1
30 0 8260 2
24 1 8261 -1
43 0 8262 34
40 1 8263 -1
47 1 8264 -1
23 0 8265 12
50 1 8266 -1
19 0 8267 40
53 1 8268 -1
54 0 8269 28
45 1 8270 -1
4 1 8271 -1
21 0 8272 4
0 0 8273 32
26 0 8274 40
9 1 8275 -1
57 0 8276 46
25 0 8277 20
25 0 8278 46
10 1 8279 -1
2 1 8280 -1
38 0 8281 24
31 1 8282 -1
39 0 8283 22
37 1 8284 -1
56 1 8285 -1
31 1 8286 -1
59 0 8287 14
53 0 8288 4
36 0 8289 28
28 1 8290 -1
23 1 8291 -1
44 0 8292 46
32 0 8293 14
34 1 8294 -1
19 1 8295 -1
46 0 8296 0
42 1 8297 -1
26 0 8298 48
1 1 8299 -1
38 1 8300 -1
30 0 8301 14
24 0 8302 30
59 0 8303 24
15 1 8304 -1
22 0 8305 24
35 1 8306 -1
0 1 8307 -1
10 0 8308 48
37 1 8309 -1
41 1 8310 -1
35 1 8311 -1
9 0 8312 44
18 0 8313 40
11 0 8314 20
25 1 8315 -1
11 0 8316 32
38 1 8317 -1
35 1 8318 -1
55 0 8319 10
33 1 8320 -1
17 1 8321 -1
6 1 8322 -1
40 0 8323 8
4 0 8324 28
6 1 8325 -1
49 0 8326 4
32 0 8327 40
4 0 8328 44
34 0 8329 8
16 1 8330 -1
7 0 8331 6
7 1 8332 -1
3 1 8333 -1
23 0 8334 48
26 0 8335 0
13 1 8336 -1
52 0 8337 36
29 1 8338 -1
34 0 8339 12
16 0 8340 22
2 0 8341 44
35 1 8342 -1
25 1 8343 -1
38 1 8344 -1
0 0 8345 2
5 0 8346 14
48 1 8347 -1
9 1 8348 -1
46 1 8349 -1
38 1 8350 -1
29 0 8351 8
6 1 8352 -1
23 0 8353 6
44 0 8354 44
5 0 8355 2
40 1 8356 -1
10 0 8357 14
58 1 8358 -1
30 1 8359 -1
5 0 8360 24
40 0 8361 6
6 1 8362 -1
43 0 8363 8
4 1 8364 -1
34 1 8365 -1
36 0 8366 32
29 1 8367 -1
56 0 8368 22
42 1 8369 -1
21 0 8370 20
41 1 8371 -1
14 0 8372 2
17 0 8373 0
57 1 8374 -1
17 0 8375 34
21 1 8376 -1
40 0 8377 34
48 1 8378 -1
48 1 8379 -1
1 1 8380 -1
38 0 8381 16
5 0 8382 32
30 1 8383 -1
3 1 8384 -1
21 1 8385 -1
17 0 8386 38
7 0 8387 42
55 1 8388 -1
17 0 8389 20
34 0 8390 8
33 1 8391 -1
54 1 8392 -1
57 0 8393 22
45 0 8394 30
20 1 8395 -1
10 0 8396 24
16 0 8397 28
50 0 8398 28
59 1 8399 -1
44 1 8400 -1
17 0 8401 38
52 0 8402 16
36 1 8403 -1
45 0 8404 48
4 1 8405 -1
45 0 8406 24
28 0 8407 4
4 1 8408 -1
40 1 8409 -1
4 1 8410 -1
22 1 8411 -1
27 0 8412 0
40 1 8413 -1
25 0 8414 4
30 0 8415 16
52 1 8416 -1
8 0 8417 30
19 0 8418 10
45 0 8419 20
44 1 8420 -1
5 0 8421 24
21 0 8422 46
23 1 8423 -1
19 1 8424 -1
59 1 8425 -1
36 1 8426 -1
53 1 8427 -1
43 1 8428 -1
55 0 8429 8
28 0 8430 38
3 1 8431 -1
52 0 8432 10
47 0 8433 2
43 0 8434 2
42 1 8435 -1
57 1 8436 -1
7 1 8437 -1
28 0 8438 38
16 1 8439 -1
56 1 8440 -1
33 0 8441 44
29 1 8442 -1
30 0 8443 36
4 0 8444 48
38 0 8445 30
20 1 8446 -1
44 1 8447 -1
50 1 8448 -1
11 1 8449 -1
27 0 8450 28
35 0 8451 40
50 0 8452 32
19 0 8453 44
23 1 8454 -1
16 0 8455 12
51 1 8456 -1
52 1 8457 -1
10 0 8458 4
48 0 8459 34
38 0 8460 44
4 1 8461 -1
6 1 8462 -1
48 0 8463 22
37 1 8464 -1
31 0 8465 30
2 1 8466 -1
26 0 8467 36
12 0 8468 42
45 1 8469 -1
53 0 8470 26
18 1 8471 -1
9 1 8472 -1
4 0 8473 22
55 1 8474 -1
14 0 8475 2
3 1 8476 -1
27 0 8477 42
57 1 8478 -1
29 0 8479 26
27 1 8480 -1
29 0 8481 12
42 1 8482 -1
7 1 8483 -1
33 0 8484 42
21 0 8485 26
9 1 8486 -1
32 1 8487 -1
36 0 8488 0
10 1 8489 -1
12 0 8490 18
37 0 8491 42
29 1 8492 -1
19 1 8493 -1
58 0 8494 20
34 1 8495 -1
8 1 8496 -1
31 0 8497 18
31 0 8498 46
54 0 8499 14
11 1 8500 -1
28 0 8501 22
1 0 8502 38
25 1 8503 -1
7 0 8504 2
57 1 8505 -1
8 1 8506 -1
9 0 8507 46
27 0 8508 34
32 1 8509 -1
43 0 8510 26
25 1 8511 -1
10 1 8512 -1
48 0 8513 46
11 0 8514 44
35 1 8515 -1
17 1 8516 -1
33 1 8517 -1
10 0 8518 28
2 0 8519 14
51 1 8520 -1
23 0 8521 30
39 1 8522 -1
57 1 8523 -1
53 1 8524 -1
56 0 8525 42
13 0 8526 8
33 1 8527 -1
33 0 8528 28
52 0 8529 40
18 0 8530 44
55 1 8531 -1
50 0 8532 0
31 0 8533 12
15 1 8534 -1
35 1 8535 -1
41 0 8536 6
40 1 8537 -1
7 1 8538 -1
39 0 8539 44
11 1 8540 -1
27 0 8541 10
52 1 8542 -1
11 1 8543 -1
35 0 8544 8
53 0 8545 6
41 1 8546 -1
28 1 8547 -1
28 1 8548 -1
51 0 8549 40
43 0 8550 26
22 0 8551 28
23 0 8552 2
46 1 8553 -1
21 1 8554 -1
25 1 8555 -1
40 1 8556 -1
8 0 8557 26
12 1 8558 -1
20 0 8559 18
9 0 8560 40
31 0 8561 44
50 1 8562 -1
34 0 8563 30
52 0 8564 28
39 1 8565 -1
3 0 8566 26
56 1 8567 -1
29 0 8568 26
47 1 8569 -1
26 1 8570 -1
33 0 8571 32
55 1 8572 -1
7 0 8573 48
12 0 8574 44
21 0 8575 24
19 1 8576 -1
14 1 8577 -1
55 1 8578 -1
7 0 8579 36
33 1 8580 -1
44 1 8581 -1
36 0 8582 34
47 1 8583 -1
14 0 8584 32
33 0 8585 18
59 1 8586 -1
47 0 8587 14
7 0 8588 8
8 1 8589 -1
10 0 8590 28
27 1 8591 -1
57 1 8592 -1
14 1 8593 -1
47 0 8594 12
51 1 8595 -1
30 0 8596 46
15 0 8597 42
52 1 8598 -1
25 1 8599 -1
39 1 8600 -1
27 0 8601 14
10 0 8602 44
36 0 8603 6
57 1 8604 -1
51 0 8605 46
7 1 8606 -1
3 1 8607 -1
40 0 8608 30
28 0 8609 36
27 1 8610 -1
38 1 8611 -1
32 0 8612 40
41 1 8613 -1
46 0 8614 16
26 0 8615 46
23 1 8616 -1
46 0 8617 32
31 0 8618 8
12 1 8619 -1
9 1 8620 -1
37 0 8621 40
37 1 8622 -1
42 0 8623 22
42 0 8624 14
15 1 8625 -1
56 1 8626 -1
7 0 8627 48
6 1 8628 -1
58 1 8629 -1
25 1 8630 -1
35 0 8631 12
12 0 8632 6
3 1 8633 -1
19 0 8634 22
18 1 8635 -1
30 1 8636 -1
47 0 8637 44
1 1 8638 -1
37 0 8639 12
29 0 8640 42
41 1 8641 -1
38 0 8642 42
3 1 8643 -1
28 0 8644 2
15 1 8645 -1
0 1 8646 -1
51 0 8647 36
17 0 8648 20
8 0 8649 8
36 1 8650 -1
23 1 8651 -1
44 0 8652 6
51 0 8653 34
4 1 8654 -1
48 0 8655 34
34 1 8656 -1
4 0 8657 16
44 1 8658 -1
32 0 8659 12
49 1 8660 -1
4 0 8661 28
49 1 8662 -1
30 1 8663 -1
35 0 8664 26
25 1 8665 -1
15 0 8666 20
22 1 8667 -1
59 0 8668 10
13 1 8669 -1
36 1 8670 -1
29 0 8671 42
50 1 8672 -1
53 1 8673 -1
44 0 8674 18
11 0 8675 0
13 0 8676 0
9 1 8677 -1
1 0 8678 6
11 0 8679 44
19 1 8680 -1
19 0 8681 34
27 0 8682 6
57 0 8683 12
50 0 8684 4
32 1 8685 -1
26 1 8686 -1
33 1 8687 -1
31 0 8688 20
43 1 8689 -1
34 0 8690 32
39 1 8691 -1
56 0 8692 22
8 1 8693 -1
28 0 8694 38
39 1 8695 -1
5 1 8696 -1
50 1 8697 -1
44 0 8698 8
6 1 8699 -1
59 1 8700 -1
29 0 8701 8
0 1 8702 -1
37 0 8703 30
2 1 8704 -1
52 0 8705 42
31 1 8706 -1
37 1 8707 -1
16 0 8708 36
32 0 8709 20
25 0 8710 16
39 0 8711 40
37 0 8712 32
41 0 8713 30
15 1 8714 -1
9 1 8715 -1
47 1 8716 -1
45 1 8717 -1
52 0 8718 48
58 1 8719 -1
1 1 8720 -1
20 0 8721 10
58 0 8722 10
57 0 8723 36
24 1 8724 -1
8 1 8725 -1
54 1 8726 -1
16 0 8727 16
30 0 8728 0
50 0 8729 10
35 1 8730 -1
16 0 8731 14
6 1 8732 -1
0 1 8733 -1
23 0 8734 20
15 0 8735 42
39 0 8736 40
47 0 8737 26
39 0 8738 42
34 1 8739 -1
37 1 8740 -1
0 0 8741 8
25 1 8742 -1
50 0 8743 16
4 1 8744 -1
49 1 8745 -1
10 0 8746 26
13 1 8747 -1
24 1 8748 -1
19 1 8749 -1
34 1 8750 -1
12 0 8751 42
59 1 8752 -1
7 1 8753 -1
5 0 8754 26
1 0 8755 36
55 0 8756 14
3 0 8757 40
33 1 8758 -1
32 1 8759 -1
45 0 8760 36
30 0 8761 46
8 0 8762 46
28 1 8763 -1
13 1 8764 -1
53 0 8765 14
22 1 8766 -1
2 1 8767 -1
33 1 8768 -1
37 1 8769 -1
38 1 8770 -1
27 0 8771 42
55 0 8772 12
32 0 8773 30
4 0 8774 8
18 0 8775 28
54 0 8776 46
55 0 8777 18
54 1 8778 -1
23 1 8779 -1
8 1 8780 -1
7 0 8781 12
51 1 8782 -1
0 1 8783 -1
26 0 8784 36
34 1 8785 -1
27 0 8786 34
31 0 8787 22
49 1 8788 -1
4 0 8789 32
12 1 8790 -1
26 0 8791 36
45 1 8792 -1
15 0 8793 28
36 1 8794 -1
9 1 8795 -1
22 0 8796 28
37 0 8797 36
47 1 8798 -1
21 1 8799 -1
45 0 8800 22
14 0 8801 16
46 1 8802 -1
19 0 8803 40
17 1 8804 -1
28 1 8805 -1
55 0 8806 46
25 1 8807 -1
52 1 8808 -1
17 0 8809 20
8 0 8810 2
14 0 8811 18
37 0 8812 22
35 1 8813 -1
46 0 8814 6
2 1 8815 -1
31 1 8816 -1
2 0 8817 48
12 1 8818 -1
14 0 8819 44
9 0 8820 38
36 1 8821 -1
59 1 8822 -1
36 1 8823 -1
11 0 8824 46
39 1 8825 -1
51 0 8826 14
35 1 8827 -1
16 0 8828 24
34 1 8829 -1
0 0 8830 16
49 1 8831 -1
30 1 8832 -1
22 0 8833 14
23 0 8834 38
4 1 8835 -1
20 1 8836 -1
57 0 8837 44
57 1 8838 -1
33 0 8839 48
30 0 8840 8
58 1 8841 -1
21 0 8842 6
14 1 8843 -1
9 0 8844 40
4 1 8845 -1
1 0 8846 30
48 1 8847 -1
15 1 8848 -1
33 1 8849 -1
36 1 8850 -1
50 0 8851 6
3 0 8852 12
44 0 8853 6
10 1 8854 -1
12 1 8855 -1
2 1 8856 -1
44 0 8857 2
51 0 8858 34
24 0 8859 44
50 0 8860 2
54 1 8861 -1
49 0 8862 2
27 1 8863 -1
0 0 8864 8
15 0 8865 34
39 1 8866 -1
45 1 8867 -1
39 0 8868 0
41 0 8869 18
9 1 8870 -1
26 1 8871 -1
33 0 8872 16
59 1 8873 -1
47 0 8874 48
57 0 8875 28
29 1 8876 -1
52 1 8877 -1
25 0 8878 14
39 1 8879 -1
42 0 8880 46
17 1 8881 -1
37 1 8882 -1
0 1 8883 -1
35 0 8884 32
42 0 8885 10
20 1 8886 -1
38 0 8887 46
58 0 8888 22
55 1 8889 -1
23 0 8890 44
23 0 8891 32
13 1 8892 -1
26 0 8893 16
8 1 8894 -1
14 0 8895 4
56 1 8896 -1
23 0 8897 10
29 1 8898 -1
25 0 8899 26
42 1 8900 -1
35 0 8901 40
24 0 8902 40
50 1 8903 -1
32 1 8904 -1
22 1 8905 -1
52 0 8906 8
15 0 8907 40
10 1 8908 -1
35 0 8909 16
34 1 8910 -1
26 0 8911 36
54 1 8912 -1
6 1 8913 -1
22 1 8914 -1
24 1 8915 -1
42 0 8916 2
19 0 8917 0
46 1 8918 -1
52 0 8919 22
55 0 8920 44
10 1 8921 -1
25 1 8922 -1
52 1 8923 -1
26 0 8924 36
10 0 8925 26
56 1 8926 -1
50 0 8927 28
6 1 8928 -1
2 0 8929 10
40 0 8930 32
14 1 8931 -1
24 0 8932 28
42 1 8933 -1
34 0 8934 22
3 1 8935 -1
10 0 8936 28
58 0 8937 44
44 1 8938 -1
27 1 8939 -1
23 0 8940 22
33 0 8941 48
19 1 8942 -1
46 0 8943 48
20 1 8944 -1
9 0 8945 34
59 0 8946 34
10 1 8947 -1
18 1 8948 -1
49 1 8949 -1
9 0 8950 14
34 0 8951 26
5 1 8952 -1
5 0 8953 14
51 0 8954 30
52 1 8955 -1
12 1 8956 -1
41 0 8957 16
14 0 8958 8
22 1 8959 -1
28 1 8960 -1
41 1 8961 -1
53 1 8962 -1
53 0 8963 24
31 1 8964 -1
47 0 8965 38
54 0 8966 12
43 1 8967 -1
57 0 8968 42
5 1 8969 -1
6 0 8970 20
20 0 8971 42
18 1 8972 -1
36 1 8973 -1
59 1 8974 -1
5 1 8975 -1
17 0 8976 46
23 0 8977 40
29 0 8978 10
4 1 8979 -1
0 1 8980 -1
52 0 8981 34
36 0 8982 32
10 0 8983 16
41 1 8984 -1
34 0 8985 0
29 1 8986 -1
11 1 8987 -1
54 1 8988 -1
29 0 8989 2
51 1 8990 -1
52 0 8991 4
59 0 8992 46
15 0 8993 44
25 0 8994 2
41 0 8995 18
50 1 8996 -1
28 1 8997 -1
36 1 8998 -1
16 1 8999 -1
15 0 9000 18
11 0 9001 32
1 1 9002 -1
19 0 9003 28
30 1 9004 -1
15 1 9005 -1
4 1 9006 -1
10 0 9007 26
29 0 9008 44
47 0 9009 8
15 1 9010 -1
5 1 9011 -1
35 0 9012 48
28 1 9013 -1
22 0 9014 0
57 1 9015 -1
43 0 9016 16
9 1 9017 -1
11 0 9018 6
56 1 9019 -1
53 1 9020 -1
37 0 9021 40
54 0 9022 12
52 0 9023 6
58 1 9024 -1
57 0 9025 36
41 0 9026 30
40 1 9027 -1
8 0 9028 18
14 0 9029 10
12 1 9030 -1
39 1 9031 -1
0 1 9032 -1
24 1 9033 -1
26 0 9034 38
9 1 9035 -1
36 1 9036 -1
27 0 9037 10
11 1 9038 -1
6 0 9039 26
22 0 9040 34
9 0 9041 30
46 1 9042 -1
17 1 9043 -1
19 1 9044 -1
13 0 9045 12
40 0 9046 44
56 1 9047 -1
40 0 9048 2
44 0 9049 4
56 0 9050 32
39 1 9051 -1
42 1 9052 -1
57 1 9053 -1
52 1 9054 -1
28 0 9055 46
57 0 9056 46
20 1 9057 -1
35 0 9058 16
37 1 9059 -1
25 0 9060 14
41 1 9061 -1
21 1 9062 -1
15 0 9063 44
9 0 9064 0
6 1 9065 -1
38 1 9066 -1
18 0 9067 40
33 0 9068 24
25 1 9069 -1
58 0 9070 16
53 1 9071 -1
51 1 9072 -1
17 1 9073 -1
5 0 9074 22
57 0 9075 28
35 0 9076 14
6 1 9077 -1
24 1 9078 -1
21 0 9079 10
27 0 9080 8
22 0 9081 46
33 0 9082 32
32 1 9083 -1
37 0 9084 16
52 1 9085 -1
49 1 9086 -1
3 1 9087 -1
23 1 9088 -1
54 0 9089 6
57 0 9090 6
38 0 9091 16
26 1 9092 -1
31 0 9093 42
27 1 9094 -1
0 1 9095 -1
40 0 9096 4
1 1 9097 -1
55 0 9098 38
47 1 9099 -1
55 0 9100 18
40 1 9101 -1
46 0 9102 44
25 0 9103 38
10 1 9104 -1
45 0 9105 32
42 1 9106 -1
47 1 9107 -1
19 1 9108 -1
53 0 9109 48
54 0 9110 16
6 0 9111 12
51 1 9112 -1
41 0 9113 22
5 1 9114 -1
26 0 9115 12
1 1 9116 -1
23 0 9117 34
9 1 9118 -1
18 0 9119 10
36 1 9120 -1
34 0 9121 34
1 1 9122 -1
0 1 9123 -1
9 0 9124 48
9 1 9125 -1
45 0 9126 16
49 1 9127 -1
49 0 9128 0
2 1 9129 -1
49 0 9130 10
0 0 9131 12
36 1 9132 -1
59 0 9133 8
55 0 9134 18
46 1 9135 -1
1 1 9136 -1
34 1 9137 -1
26 0 9138 24
11 0 9139 26
57 1 9140 -1
19 0 9141 12
59 1 9142 -1
53 0 9143 14
55 0 9144 32
33 1 9145 -1
33 0 9146 0
31 1 9147 -1
41 0 9148 46
14 1 9149 -1
32 0 9150 40
8 1 9151 -1
22 1 9152 -1
22 1 9153 -1
39 1 9154 -1
4 0 9155 24
1 0 9156 6
22 0 9157 6
22 1 9158 -1
47 1 9159 -1
2 1 9160 -1
5 0 9161 22
3 1 9162 -1
39 0 9163 14
59 0 9164 22
52 0 9165 28
17 1 9166 -1
33 1 9167 -1
47 0 9168 14
46 1 9169 -1
8 0 9170 26
55 0 9171 38
3 1 9172 -1
28 0 9173 16
6 0 9174 24
36 1 9175 -1
58 1 9176 -1
50 1 9177 -1
56 0 9178 18
46 1 9179 -1
20 0 9180 4
28 1 9181 -1
20 0 9182 14
38 1 9183 -1
14 0 9184 18
40 0 9185 24
23 1 9186 -1
1 0 9187 20
37 1 9188 -1
52 1 9189 -1
35 0 9190 18
50 0 9191 8
0 1 9192 -1
6 1 9193 -1
1 0 9194 20
32 0 9195 14
3 1 9196 -1
41 0 9197 12
25 1 9198 -1
0 0 9199 22
35 0 9200 28
47 1 9201 -1
44 1 9202 -1
43 1 9203 -1
15 0 9204 38
59 0 9205 20
0 0 9206 16
57 1 9207 -1
8 1 9208 -1
25 0 9209 42
35 0 9210 22
26 1 9211 -1
41 1 9212 -1
12 0 9213 16
46 1 9214 -1
35 0 9215 22
17 1 9216 -1
5 0 9217 34
51 1 9218 -1
54 1 9219 -1
9 0 9220 46
33 0 9221 18
48 1 9222 -1
22 0 9223 0
49 1 9224 -1
43 1 9225 -1
33 0 9226 12
36 1 9227 -1
36 0 9228 32
5 1 9229 -1
29 1 9230 -1
14 0 9231 28
34 0 9232 40
10 1 9233 -1
46 0 9234 42
54 1 9235 -1
35 0 9236 12
41 0 9237 8
7 1 9238 -1
25 0 9239 36
35 1 9240 -1
5 0 9241 44
30 0 9242 12
5 1 9243 -1
49 1 9244 -1
34 1 9245 -1
51 0 9246 10
42 1 9247 -1
16 1 9248 -1
17 1 9249 -1
58 0 9250 8
27 0 9251 18
6 1 9252 -1
49 0 9253 44
34 0 9254 32
25 0 9255 32
15 1 9256 -1
58 1 9257 -1
57 0 9258 24
39 1 9259 -1
12 0 9260 14
56 0 9261 26
33 0 9262 14
38 1 9263 -1
54 1 9264 -1
37 0 9265 34
4 1 9266 -1
25 0 9267 12
1 1 9268 -1
10 1 9269 -1
15 0 9270 38
38 1 9271 -1
12 0 9272 10
50 1 9273 -1
35 0 9274 18
48 0 9275 24
32 1 9276 -1
54 0 9277 36
12 0 9278 40
53 1 9279 -1
34 0 9280 26
29 1 9281 -1
18 1 9282 -1
0 1 9283 -1
28 0 9284 8
42 1 9285 -1
22 1 9286 -1
33 0 9287 10
22 1 9288 -1
18 0 9289 36
30 1 9290 -1
4 0 9291 8
8 1 9292 -1
57 1 9293 -1
24 0 9294 28
8 1 9295 -1
28 0 9296 36
15 0 9297 40
5 1 9298 -1
23 0 9299 18
41 0 9300 16
0 1 9301 -1
0 1 9302 -1
32 0 9303 26
7 1 9304 -1
12 0 9305 44
22 0 9306 2
2 1 9307 -1
0 0 9308 16
38 1 9309 -1
31 0 9310 48
33 0 9311 8
21 1 9312 -1
45 0 9313 24
40 1 9314 -1
45 0 9315 48
47 1 9316 -1
34 0 9317 10
34 1 9318 -1
36 0 9319 44
15 1 9320 -1
25 1 9321 -1
8 0 9322 4
40 1 9323 -1
36 1 9324 -1
42 0 9325 18
6 1 9326 -1
50 0 9327 4
1 0 9328 26
25 0 9329 46
24 1 9330 -1
38 1 9331 -1
25 0 9332 20
53 1 9333 -1
0 0 9334 0
19 1 9335 -1
7 0 9336 0
10 0 9337 12
53 0 9338 0
2 1 9339 -1
48 1 9340 -1
17 1 9341 -1
54 0 9342 30
5 0 9343 34
7 1 9344 -1
15 1 9345 -1
4 0 9346 30
38 1 9347 -1
4 1 9348 -1
58 0 9349 46
44 0 9350 0
30 0 9351 8
15 1 9352 -1
2 1 9353 -1
57 1 9354 -1
7 0 9355 16
50 0 9356 36
54 1 9357 -1
42 0 9358 16
59 0 9359 32
17 0 9360 38
3 1 9361 -1
49 0 9362 4
54 1 9363 -1
36 0 9364 40
59 1 9365 -1
26 0 9366 18
17 1 9367 -1
16 1 9368 -1
1 0 9369 42
16 0 9370 24
31 1 9371 -1
21 0 9372 42
44 1 9373 -1
5 1 9374 -1
54 0 9375 32
42 1 9376 -1
40 1 9377 -1
29 1 9378 -1
35 0 9379 32
21 1 9380 -1
48 0 9381 28
8 1 9382 -1
54 0 9383 30
59 0 9384 14
56 0 9385 44
5 0 9386 30
35 1 9387 -1
45 1 9388 -1
20 0 9389 42
52 1 9390 -1
0 0 9391 12
39 1 9392 -1
33 0 9393 32
42 1 9394 -1
39 0 9395 40
59 1 9396 -1
17 0 9397 26
16 1 9398 -1
57 0 9399 40
47 1 9400 -1
27 0 9401 34
44 0 9402 0
4 1 9403 -1
12 1 9404 -1
39 1 9405 -1
47 0 9406 4
21 0 9407 48
48 1 9408 -1
33 1 9409 -1
40 0 9410 26
28 1 9411 -1
12 1 9412 -1
29 0 9413 4
51 1 9414 -1
1 0 9415 30
5 0 9416 30
8 1 9417 -1
17 0 9418 34
24 1 9419 -1
8 0 9420 26
29 1 9421 -1
37 1 9422 -1
38 1 9423 -1
4 0 9424 48
43 1 9425 -1
14 0 9426 0
12 0 9427 30
54 1 9428 -1
10 0 9429 4
56 1 9430 -1
40 0 9431 30
59 0 9432 40
33 1 9433 -1
9 0 9434 40
28 0 9435 26
27 1 9436 -1
52 0 9437 18
12 1 9438 -1
50 1 9439 -1
43 1 9440 -1
36 0 9441 44
17 0 9442 4
14 0 9443 4
57 1 9444 -1
34 1 9445 -1
17 1 9446 -1
35 0 9447 36
14 0 9448 4
19 1 9449 -1
4 1 9450 -1
53 0 9451 20
35 1 9452 -1
48 0 9453 48
50 1 9454 -1
46 0 9455 12
31 0 9456 6
57 1 9457 -1
52 1 9458 -1
55 0 9459 48
57 0 9460 46
13 0 9461 38
51 0 9462 18
18 1 9463 -1
41 1 9464 -1
44 1 9465 -1
39 0 9466 18
17 1 9467 -1
16 0 9468 36
50 0 9469 2
59 0 9470 40
45 1 9471 -1
32 1 9472 -1
29 0 9473 4
1 0 9474 18
29 1 9475 -1
2 1 9476 -1
49 0 9477 42
27 1 9478 -1
10 0 9479 14
52 1 9480 -1
45 1 9481 -1
16 1 9482 -1
31 0 9483 6
38 0 9484 6
35 0 9485 32
59 1 9486 -1
22 0 9487 18
36 1 9488 -1
12 0 9489 42
27 1 9490 -1
37 0 9491 36
50 1 9492 -1
51 1 9493 -1
15 0 9494 6
2 0 9495 18
44 1 9496 -1
5 0 9497 4
42 0 9498 36
0 1 9499 -1
24 1 9500 -1
50 0 9501 0
16 1 9502 -1
41 1 9503 -1
19 0 9504 8
14 1 9505 -1
19 0 9506 30
24 1 9507 -1
45 0 9508 28
9 1 9509 -1
3 1 9510 -1
19 1 9511 -1
6 0 9512 36
31 0 9513 22
46 0 9514 26
51 0 9515 14
12 0 9516 26
37 1 9517 -1
37 1 9518 -1
47 1 9519 -1
59 1 9520 -1
29 0 9521 32
33 0 9522 8
41 1 9523 -1
48 0 9524 16
22 1 9525 -1
36 0 9526 18
47 0 9527 32
28 0 9528 30
35 1 9529 -1
12 0 9530 22
38 1 9531 -1
9 0 9532 30
50 1 9533 -1
46 1 9534 -1
18 0 9535 26
22 1 9536 -1
29 1 9537 -1
44 0 9538 2
30 1 9539 -1
50 0 9540 10
56 0 9541 34
0 1 9542 -1
11 1 9543 -1
59 0 9544 26
19 0 9545 0
50 1 9546 -1
16 1 9547 -1
58 1 9548 -1
35 1 9549 -1
9 1 9550 -1
15 0 9551 36
43 0 9552 44
35 0 9553 22
4 1 9554 -1
11 0 9555 2
40 0 9556 12
46 0 9557 24
40 1 9558 -1
36 0 9559 38
17 1 9560 -1
56 0 9561 46
48 1 9562 -1
44 1 9563 -1
55 1 9564 -1
3 0 9565 14
51 0 9566 36
27 0 9567 44
52 1 9568 -1
42 0 9569 32
37 0 9570 20
15 1 9571 -1
42 0 9572 16
15 1 9573 -1
21 1 9574 -1
39 1 9575 -1
55 0 9576 46
1 0 9577 44
53 1 9578 -1
6 1 9579 -1
42 1 9580 -1
16 0 9581 34
38 0 9582 0
16 1 9583 -1
39 0 9584 6
13 0 9585 42
5 1 9586 -1
43 1 9587 -1
32 0 9588 12
5 0 9589 6
55 0 9590 6
33 1 9591 -1
59 1 9592 -1
37 1 9593 -1
44 0 9594 34
8 0 9595 8
35 1 9596 -1
35 1 9597 -1
37 0 9598 4
37 0 9599 34
4 0 9600 0
3 1 9601 -1
23 1 9602 -1
1 0 9603 44
24 1 9604 -1
22 0 9605 46
59 1 9606 -1
52 0 9607 6
33 1 9608 -1
16 1 9609 -1
46 1 9610 -1
42 0 9611 46
36 0 9612 10
19 0 9613 14
34 1 9614 -1
17 0 9615 2
48 0 9616 38
23 0 9617 34
2 1 9618 -1
36 1 9619 -1
4 1 9620 -1
16 1 9621 -1
30 1 9622 -1
17 0 9623 22
42 1 9624 -1
17 0 9625 28
25 1 9626 -1
13 1 9627 -1
46 0 9628 2
0 0 9629 16
13 0 9630 44
57 0 9631 4
15 0 9632 40
46 1 9633 -1
54 1 9634 -1
55 0 9635 46
47 1 9636 -1
36 0 9637 10
32 1 9638 -1
27 1 9639 -1
54 0 9640 36
42 1 9641 -1
58 0 9642 6
32 1 9643 -1
38 0 9644 42
33 0 9645 30
10 1 9646 -1
38 0 9647 6
35 0 9648 38
3 1 9649 -1
44 0 9650 36
5 1 9651 -1
51 1 9652 -1
13 1 9653 -1
13 0 9654 10
21 0 9655 48
35 0 9656 36
38 0 9657 20
53 1 9658 -1
16 1 9659 -1
38 1 9660 -1
59 0 9661 44
27 1 9662 -1
22 0 9663 8
32 1 9664 -1
3 0 9665 8
24 1 9666 -1
40 0 9667 22
39 1 9668 -1
52 1 9669 -1
15 0 9670 6
26 1 9671 -1
55 1 9672 -1
39 0 9673 2
1 1 9674 -1
3 0 9675 48
27 0 9676 40
59 1 9677 -1
41 1 9678 -1
47 0 9679 42
29 1 9680 -1
37 1 9681 -1
6 0 9682 34
10 0 9683 48
53 0 9684 20
1 1 9685 -1
22 1 9686 -1
46 0 9687 40
5 0 9688 22
42 0 9689 12
54 1 9690 -1
56 1 9691 -1
47 0 9692 38
57 1 9693 -1
57 0 9694 8
53 1 9695 -1
33 0 9696 16
20 1 9697 -1
24 0 9698 34
42 0 9699 38
44 1 9700 -1
49 1 9701 -1
49 0 9702 40
5 1 9703 -1
38 0 9704 34
0 0 9705 4
35 1 9706 -1
16 0 9707 6
16 1 9708 -1
43 0 9709 28
18 1 9710 -1
57 0 9711 18
8 0 9712 10
52 1 9713 -1
43 1 9714 -1
35 0 9715 38
12 1 9716 -1
12 1 9717 -1
33 1 9718 -1
16 0 9719 28
7 0 9720 16
22 0 9721 8
58 1 9722 -1
56 1 9723 -1
37 1 9724 -1
4 0 9725 8
37 0 9726 22
12 1 9727 -1
58 0 9728 34
5 0 9729 4
25 0 9730 0
45 1 9731 -1
41 0 9732 46
36 1 9733 -1
53 0 9734 36
29 1 9735 -1
2 0 9736 14
1 0 9737 30
31 1 9738 -1
23 1 9739 -1
11 1 9740 -1
12 1 9741 -1
54 0 9742 42
16 0 9743 10
56 0 9744 36
56 1 9745 -1
52 1 9746 -1
30 1 9747 -1
38 0 9748 2
35 0 9749 42
18 1 9750 -1
47 1 9751 -1
24 1 9752 -1
33 1 9753 -1
25 0 9754 20
45 0 9755 34
37 1 9756 -1
32 0 9757 18
54 0 9758 12
14 0 9759 26
34 0 9760 24
32 1 9761 -1
47 1 9762 -1
23 1 9763 -1
16 0 9764 46
49 0 9765 34
53 1 9766 -1
54 0 9767 6
51 0 9768 10
34 1 9769 -1
39 1 9770 -1
21 1 9771 -1
59 0 9772 32
0 0 9773 4
48 1 9774 -1
42 1 9775 -1
4 0 9776 18
27 1 9777 -1
45 1 9778 -1
29 0 9779 28
32 0 9780 22
7 1 9781 -1
28 0 9782 0
6 0 9783 10
15 0 9784 44
41 1 9785 -1
46 1 9786 -1
59 0 9787 32
43 0 9788 28
51 1 9789 -1
25 1 9790 -1
16 1 9791 -1
26 1 9792 -1
40 0 9793 24
24 0 9794 14
13 1 9795 -1
26 1 9796 -1
0 0 9797 40
17 0 9798 6
14 1 9799 -1
33 0 9800 46
56 1 9801 -1
31 1 9802 -1
48 0 9803 16
55 0 9804 0
45 0 9805 26
7 1 9806 -1
52 0 9807 42
32 0 9808 26
43 0 9809 10
46 0 9810 30
10 1 9811 -1
5 1 9812 -1
50 0 9813 22
4 1 9814 -1
0 1 9815 -1
20 1 9816 -1
42 1 9817 -1
39 0 9818 28
17 1 9819 -1
14 0 9820 10
7 0 9821 4
34 1 9822 -1
47 0 9823 28
37 1 9824 -1
18 1 9825 -1
50 1 9826 -1
32 0 9827 40
9 0 9828 48
22 0 9829 38
27 1 9830 -1
10 0 9831 44
35 1 9832 -1
11 0 9833 0
52 1 9834 -1
56 0 9835 48
8 1 9836 -1
4 0 9837 14
52 1 9838 -1
29 1 9839 -1
24 0 9840 10
1 0 9841 26
55 1 9842 -1
1 1 9843 -1
59 0 9844 40
16 0 9845 26
34 1 9846 -1
29 0 9847 6
57 0 9848 30
54 1 9849 -1
24 0 9850 36
3 1 9851 -1
16 1 9852 -1
33 0 9853 24
17 1 9854 -1
7 1 9855 -1
20 0 9856 2
24 0 9857 4
34 1 9858 -1
30 0 9859 48
18 1 9860 -1
49 0 9861 14
49 1 9862 -1
16 1 9863 -1
42 1 9864 -1
49 0 9865 44
34 0 9866 42
52 0 9867 44
47 1 9868 -1
13 0 9869 36
23 0 9870 8
8 1 9871 -1
36 1 9872 -1
47 0 9873 30
4 0 9874 40
22 1 9875 -1
56 0 9876 30
54 0 9877 18
17 1 9878 -1
43 1 9879 -1
15 1 9880 -1
29 0 9881 18
49 0 9882 2
3 1 9883 -1
0 0 9884 44
51 1 9885 -1
12 1 9886 -1
7 1 9887 -1
39 0 9888 36
5 0 9889 8
26 1 9890 -1
9 1 9891 -1
0 0 9892 30
12 0 9893 44
17 1 9894 -1
18 0 9895 40
40 0 9896 22
6 1 9897 -1
46 0 9898 28
40 1 9899 -1
13 1 9900 -1
52 1 9901 -1
25 0 9902 40
27 0 9903 2
13 0 9904 18
5 1 9905 -1
43 1 9906 -1
6 0 9907 40
53 1 9908 -1
53 1 9909 -1
26 1 9910 -1
25 1 9911 -1
41 1 9912 -1
35 0 9913 28
44 0 9914 26
33 1 9915 -1
16 0 9916 24
9 0 9917 16
33 0 9918 44
5 0 9919 36
50 1 9920 -1
40 0 9921 30
41 0 9922 30
7 1 9923 -1
18 1 9924 -1
1 0 9925 30
45 1 9926 -1
6 1 9927 -1
56 0 9928 34
9 0 9929 42
3 1 9930 -1
57 0 9931 42
33 0 9932 4
18 1 9933 -1
11 1 9934 -1
58 1 9935 -1
0 0 9936 24
59 0 9937 26
32 1 9938 -1
13 1 9939 -1
59 1 9940 -1
35 0 9941 18
29 0 9942 30
59 0 9943 48
18 0 9944 26
30 1 9945 -1
58 1 9946 -1
17 0 9947 12
19 1 9948 -1
32 1 9949 -1
33 0 9950 18
33 0 9951 42
38 1 9952 -1
52 1 9953 -1
25 0 9954 34
10 1 9955 -1
11 1 9956 -1
14 0 9957 20
22 0 9958 18
4 0 9959 40
34 0 9960 34
28 1 9961 -1
34 1 9962 -1
29 0 9963 16
56 1 9964 -1
27 0 9965 34
20 0 9966 22
8 1 9967 -1
34 0 9968 22
32 1 9969 -1
13 1 9970 -1
15 1 9971 -1
41 1 9972 -1
28 0 9973 12
19 1 9974 -1
21 0 9975 34
27 0 9976 16
46 1 9977 -1
3 1 9978 -1
53 0 9979 42
13 0 9980 10
24 0 9981 34
58 0 9982 8
45 1 9983 -1
22 1 9984 -1
32 0 9985 46
19 0 9986 10
30 1 9987 -1
34 0 9988 10
46 1 9989 -1
24 1 9990 -1
35 1 9991 -1
43 0 9992 40
35 1 9993 -1
58 0 9994 2
15 0 9995 44
31 0 9996 16
3 1 9997 -1
32 0 9998 6
36 1 9999 -1
38 0 10000 8
23 1 10001 -1
58 1 10002 -1
11 0 10003 4
55 1 10004 -1
19 0 10005 2
14 0 10006 4
11 1 10007 -1
51 0 10008 2
52 1 10009 -1
21 1 10010 -1
40 1 10011 -1
1 0 10012 12
4 1 10013 -1
41 0 10014 46
40 1 10015 -1
11 1 10016 -1
53 0 10017 30
16 0 10018 0
46 1 10019 -1
43 0 10020 8
13 1 10021 -1
45 1 10022 -1
47 0 10023 20
4 1 10024 -1
49 0 10025 14
5 1 10026 -1
52 0 10027 46
12 1 10028 -1
21 0 10029 20
17 0 10030 12
15 0 10031 0
54 1 10032 -1
40 1 10033 -1
42 0 10034 20
6 1 10035 -1
46 0 10036 38
36 0 10037 4
30 1 10038 -1
2 0 10039 48
10 1 10040 -1
28 1 10041 -1
52 0 10042 20
24 1 10043 -1
42 0 10044 26
32 0 10045 32
33 1 10046 -1
23 1 10047 -1
31 0 10048 46
20 1 10049 -1
44 1 10050 -1
44 1 10051 -1
2 0 10052 0
53 0 10053 0
42 0 10054 20
55 0 10055 24
9 1 10056 -1
6 1 10057 -1
10 0 10058 30
42 1 10059 -1
37 0 10060 14
19 1 10061 -1
29 0 10062 34
22 0 10063 30
40 1 10064 -1
55 0 10065 34
37 1 10066 -1
17 0 10067 38
35 0 10068 20
25 1 10069 -1
23 1 10070 -1
35 0 10071 36
51 0 10072 36
17 1 10073 -1
52 1 10074 -1
18 0 10075 24
9 1 10076 -1
24 0 10077 24
37 1 10078 -1
51 1 10079 -1
43 1 10080 -1
34 0 10081 48
23 0 10082 8
34 0 10083 14
11 1 10084 -1
5 0 10085 8
4 0 10086 32
6 1 10087 -1
25 0 10088 42
1 1 10089 -1
56 0 10090 10
46 0 10091 26
4 0 10092 12
10 1 10093 -1
39 1 10094 -1
39 0 10095 40
33 1 10096 -1
24 1 10097 -1
28 0 10098 0
54 1 10099 -1
48 1 10100 -1
52 0 10101 8
16 1 10102 -1
27 1 10103 -1
6 0 10104 28
2 0 10105 24
52 0 10106 6
10 0 10107 36
53 1 10108 -1
3 1 10109 -1
24 0 10110 24
36 1 10111 -1
55 0 10112 18
31 1 10113 -1
39 0 10114 16
28 1 10115 -1
55 1 10116 -1
24 1 10117 -1
17 0 10118 6
42 1 10119 -1
16 0 10120 26
12 0 10121 32
37 0 10122 38
45 1 10123 -1
25 1 10124 -1
44 1 10125 -1
34 1 10126 -1
45 0 10127 32
1 0 10128 30
57 0 10129 8
26 0 10130 38
44 1 10131 -1
42 1 10132 -1
50 0 10133 38
46 1 10134 -1
20 1 10135 -1
38 0 10136 46
33 0 10137 44
9 1 10138 -1
27 0 10139 38
6 1 10140 -1
42 0 10141 14
3 1 10142 -1
18 1 10143 -1
15 1 10144 -1
28 0 10145 6
40 0 10146 34
41 0 10147 4
8 1 10148 -1
33 0 10149 22
20 0 10150 20
39 0 10151 40
8 0 10152 44
58 1 10153 -1
5 1 10154 -1
1 1 10155 -1
30 1 10156 -1
24 0 10157 34
16 1 10158 -1
42 1 10159 -1
26 0 10160 16
19 1 10161 -1
25 1 10162 -1
36 0 10163 42
23 0 10164 20
55 0 10165 48
56 1 10166 -1
35 0 10167 4
31 0 10168 42
10 0 10169 30
7 1 10170 -1
43 0 10171 2
0 1 10172 -1
35 1 10173 -1
28 1 10174 -1
54 0 10175 46
46 1 10176 -1
45 0 10177 0
31 1 10178 -1
43 0 10179 22
41 1 10180 -1
11 1 10181 -1
37 0 10182 12
36 0 10183 44
32 1 10184 -1
5 1 10185 -1
50 1 10186 -1
28 0 10187 14
15 0 10188 24
46 0 10189 6
28 1 10190 -1
27 0 10191 40
36 1 10192 -1
31 0 10193 28
15 1 10194 -1
35 1 10195 -1
4 0 10196 14
3 0 10197 20
21 1 10198 -1
57 0 10199 22
31 1 10200 -1
31 1 10201 -1
56 0 10202 46
33 1 10203 -1
45 0 10204 18
1 0 10205 18
20 1 10206 -1
50 1 10207 -1
2 0 10208 10
56 1 10209 -1
15 1 10210 -1
7 1 10211 -1
38 0 10212 22
39 0 10213 22
32 1 10214 -1
24 0 10215 14
43 1 10216 -1
31 1 10217 -1
1 0 10218 20
55 0 10219 48
16 0 10220 42
44 0 10221 18
38 0 10222 8
13 1 10223 -1
40 1 10224 -1
30 0 10225 24
14 1 10226 -1
26 1 10227 -1
8 1 10228 -1
47 1 10229 -1
54 0 10230 40
20 0 10231 38
32 0 10232 8
6 1 10233 -1
7 1 10234 -1
46 0 10235 44
37 1 10236 -1
14 0 10237 8
13 1 10238 -1
2 0 10239 46
35 1 10240 -1
3 0 10241 24
4 1 10242 -1
46 0 10243 4
26 0 10244 32
40 0 10245 4
35 0 10246 12
55 1 10247 -1
7 1 10248 -1
51 1 10249 -1
44 0 10250 6
56 0 10251 22
41 1 10252 -1
31 0 10253 26
21 1 10254 -1
4 0 10255 2
7 1 10256 -1
10 1 10257 -1
53 0 10258 20
53 0 10259 16
2 0 10260 12
27 1 10261 -1
2 0 10262 24
0 1 10263 -1
53 1 10264 -1
55 1 10265 -1
30 0 10266 28
42 0 10267 48
8 0 10268 40
39 0 10269 4
54 1 10270 -1
38 0 10271 44
37 0 10272 48
37 1 10273 -1
46 1 10274 -1
57 1 10275 -1
19 0 10276 48
14 1 10277 -1
41 1 10278 -1
43 0 10279 24
41 1 10280 -1
35 0 10281 48
28 1 10282 -1
49 1 10283 -1
34 0 10284 4
17 1 10285 -1
26 1 10286 -1
42 0 10287 38
42 0 10288 44
49 0 10289 22
40 1 10290 -1
0 0 10291 44
10 0 10292 28
55 0 10293 28
49 1 10294 -1
55 0 10295 2
16 1 10296 -1
16 1 10297 -1
45 1 10298 -1
12 0 10299 30
32 1 10300 -1
49 1 10301 -1
32 0 10302 2
22 1 10303 -1
24 0 10304 40
8 0 10305 6
43 1 10306 -1
5 0 10307 32
44 1 10308 -1
14 1 10309 -1
55 0 10310 22
49 1 10311 -1
51 0 10312 22
34 1 10313 -1
52 0 10314 46
21 0 10315 8
56 1 10316 -1
3 1 10317 -1
32 1 10318 -1
30 0 10319 12
55 1 10320 -1
53 1 10321 -1
43 0 10322 30
11 0 10323 0
19 0 10324 34
33 0 10325 14
58 1 10326 -1
26 0 10327 12
41 1 10328 -1
51 0 10329 2
58 1 10330 -1
55 1 10331 -1
8 0 10332 14
38 1 10333 -1
1 1 10334 -1
17 0 10335 48
42 1 10336 -1
11 0 10337 46
12 0 10338 44
49 0 10339 42
52 1 10340 -1
35 1 10341 -1
22 0 10342 16
35 0 10343 44
42 1 10344 -1
5 0 10345 34
44 1 10346 -1
54 1 10347 -1
34 0 10348 16
42 0 10349 8
35 1 10350 -1
38 1 10351 -1
41 0 10352 30
38 0 10353 38
48 0 10354 32
54 1 10355 -1
13 1 10356 -1
45 0 10357 24
55 0 10358 32
5 1 10359 -1
25 0 10360 26
17 1 10361 -1
36 1 10362 -1
49 1 10363 -1
49 0 10364 30
0 0 10365 26
41 1 10366 -1
38 1 10367 -1
12 0 10368 20
27 1 10369 -1
41 0 10370 20
18 0 10371 8
44 1 10372 -1
45 0 10373 30
25 1 10374 -1
1 0 10375 44
54 0 10376 26
30 1 10377 -1
22 1 10378 -1
52 0 10379 40
52 1 10380 -1
28 1 10381 -1
8 1 10382 -1
56 0 10383 20
20 1 10384 -1
44 0 10385 14
50 0 10386 18
47 1 10387 -1
15 1 10388 -1
34 0 10389 42
33 1 10390 -1
4 0 10391 24
6 0 10392 28
34 1 10393 -1
47 1 10394 -1
33 0 10395 40
7 0 10396 20
47 0 10397 0
40 1 10398 -1
3 1 10399 -1
36 1 10400 -1
51 0 10401 48
28 0 10402 48
6 1 10403 -1
20 0 10404 30
24 1 10405 -1
44 1 10406 -1
37 0 10407 20
31 0 10408 22
4 1 10409 -1
31 0 10410 8
45 1 10411 -1
7 0 10412 30
7 0 10413 46
59 1 10414 -1
36 1 10415 -1
23 0 10416 36
50 1 10417 -1
12 1 10418 -1
10 1 10419 -1
43 0 10420 40
22 0 10421 32
46 0 10422 22
35 1 10423 -1
51 0 10424 42
21 1 10425 -1
35 0 10426 22
12 0 10427 38
16 1 10428 -1
18 1 10429 -1
23 1 10430 -1
55 0 10431 14
1 0 10432 20
25 0 10433 12
58 1 10434 -1
35 0 10435 28
40 1 10436 -1
53 0 10437 36
57 1 10438 -1
29 1 10439 -1
3 0 10440 30
37 1 10441 -1
9 0 10442 20
35 0 10443 32
4 1 10444 -1
38 1 10445 -1
14 1 10446 -1
13 0 10447 18
59 0 10448 24
58 1 10449 -1
37 0 10450 22
50 0 10451 24
34 1 10452 -1
13 1 10453 -1
57 1 10454 -1
13 0 10455 14
12 0 10456 12
40 1 10457 -1
5 0 10458 4
21 0 10459 16
52 0 10460 48
12 1 10461 -1
42 1 10462 -1
45 1 10463 -1
41 0 10464 2
30 0 10465 48
18 1 10466 -1
30 1 10467 -1
35 0 10468 20
15 1 10469 -1
44 1 10470 -1
40 0 10471 42
29 0 10472 34
33 1 10473 -1
56 1 10474 -1
54 1 10475 -1
58 0 10476 34
45 0 10477 26
43 1 10478 -1
52 1 10479 -1
50 0 10480 38
49 0 10481 2
21 0 10482 38
15 0 10483 26
28 1 10484 -1
34 0 10485 16
26 0 10486 26
37 1 10487 -1
33 1 10488 -1
52 0 10489 40
49 1 10490 -1
13 1 10491 -1
47 0 10492 44
19 1 10493 -1
28 1 10494 -1
1 1 10495 -1
52 1 10496 -1
53 0 10497 0
30 0 10498 12
33 0 10499 38
52 0 10500 4
52 1 10501 -1
30 0 10502 30
52 1 10503 -1
42 0 10504 44
41 0 10505 32
1 0 10506 6
0 1 10507 -1
16 0 10508 28
10 1 10509 -1
23 1 10510 -1
15 1 10511 -1
4 1 10512 -1
3 0 10513 10
24 0 10514 28
53 1 10515 -1
51 0 10516 48
32 0 10517 34
38 1 10518 -1
22 1 10519 -1
33 1 10520 -1
37 0 10521 34
22 0 10522 42
5 1 10523 -1
20 0 10524 0
58 0 10525 46
4 1 10526 -1
51 0 10527 28
25 0 10528 16
41 0 10529 12
46 1 10530 -1
35 0 10531 38
58 1 10532 -1
19 1 10533 -1
24 1 10534 -1
45 0 10535 44
53 1 10536 -1
1 0 10537 26
11 1 10538 -1
45 1 10539 -1
19 0 10540 32
14 0 10541 40
13 1 10542 -1
57 0 10543 20
22 1 10544 -1
2 1 10545 -1
14 1 10546 -1
16 1 10547 -1
49 1 10548 -1
10 0 10549 10
12 0 10550 30
13 0 10551 14
51 1 10552 -1
27 0 10553 2
41 0 10554 18
38 1 10555 -1
1 1 10556 -1
58 0 10557 4
49 0 10558 38
28 1 10559 -1
56 0 10560 10
15 1 10561 -1
4 0 10562 16
5 1 10563 -1
56 1 10564 -1
47 0 10565 40
17 1 10566 -1
4 0 10567 48
34 1 10568 -1
10 1 10569 -1
37 0 10570 24
36 0 10571 24
49 1 10572 -1
30 0 10573 46
41 0 10574 38
24 1 10575 -1
58 0 10576 26
5 0 10577 10
25 1 10578 -1
37 1 10579 -1
1 0 10580 12
3 1 10581 -1
47 0 10582 2
58 0 10583 0
43 1 10584 -1
17 0 10585 8
53 1 10586 -1
18 0 10587 38
25 1 10588 -1
54 1 10589 -1
8 0 10590 16
10 0 10591 46
12 1 10592 -1
15 1 10593 -1
0 1 10594 -1
42 0 10595 30
54 0 10596 18
46 1 10597 -1
23 0 10598 16
43 1 10599 -1
15 0 10600 18
10 0 10601 44
54 1 10602 -1
42 0 10603 26
9 0 10604 44
3 1 10605 -1
14 1 10606 -1
13 0 10607 44
39 1 10608 -1
45 1 10609 -1
34 0 10610 42
51 0 10611 10
51 1 10612 -1
13 0 10613 22
10 1 10614 -1
31 1 10615 -1
9 0 10616 10
25 1 10617 -1
41 0 10618 20
53 1 10619 -1
30 1 10620 -1
46 0 10621 8
34 1 10622 -1
41 1 10623 -1
48 1 10624 -1
32 0 10625 38
29 1 10626 -1
5 1 10627 -1
39 1 10628 -1
39 0 10629 40
49 0 10630 16
49 0 10631 48
13 0 10632 10
26 0 10633 40
54 0 10634 28
28 1 10635 -1
22 1 10636 -1
43 0 10637 6
13 1 10638 -1
14 1 10639 -1
25 1 10640 -1
45 0 10641 34
51 0 10642 44
43 0 10643 34
20 1 10644 -1
55 0 10645 48
52 0 10646 18
3 1 10647 -1
7 0 10648 6
35 0 10649 26
47 1 10650 -1
20 0 10651 22
5 1 10652 -1
38 0 10653 30
14 1 10654 -1
23 0 10655 40
8 1 10656 -1
38 0 10657 26
4 0 10658 30
15 1 10659 -1
23 1 10660 -1
32 1 10661 -1
9 1 10662 -1
18 1 10663 -1
30 0 10664 6
40 0 10665 18
40 1 10666 -1
15 0 10667 16
2 0 10668 6
31 0 10669 10
27 0 10670 46
7 1 10671 -1
32 1 10672 -1
17 1 10673 -1
26 0 10674 40
26 1 10675 -1
58 1 10676 -1
41 0 10677 26
33 1 10678 -1
5 0 10679 46
57 0 10680 10
53 0 10681 44
35 1 10682 -1
42 1 10683 -1
14 0 10684 14
12 0 10685 12
12 0 10686 0
39 1 10687 -1
34 1 10688 -1
24 0 10689 32
10 0 10690 16
17 0 10691 0
26 1 10692 -1
24 1 10693 -1
44 1 10694 -1
19 1 10695 -1
38 0 10696 20
50 0 10697 42
35 1 10698 -1
34 0 10699 8
3 0 10700 24
40 1 10701 -1
2 1 10702 -1
26 0 10703 12
51 1 10704 -1
33 0 10705 30
19 1 10706 -1
5 1 10707 -1
36 0 10708 48
6 1 10709 -1
16 0 10710 2
8 1 10711 -1
12 1 10712 -1
12 0 10713 10
4 1 10714 -1
52 0 10715 8
19 0 10716 34
47 0 10717 24
13 1 10718 -1
17 1 10719 -1
2 0 10720 30
9 0 10721 0
51 1 10722 -1
4 0 10723 24
51 0 10724 48
33 0 10725 22
33 1 10726 -1
39 1 10727 -1
0 1 10728 -1
56 0 10729 42
39 1 10730 -1
35 0 10731 22
52 0 10732 36
30 0 10733 32
45 1 10734 -1
51 0 10735 8
13 1 10736 -1
48 1 10737 -1
45 1 10738 -1
33 1 10739 -1
15 0 10740 28
15 1 10741 -1
16 1 10742 -1
26 0 10743 36
38 1 10744 -1
11 0 10745 32
11 0 10746 4
26 1 10747 -1
3 0 10748 10
55 0 10749 28
50 1 10750 -1
38 0 10751 40
48 1 10752 -1
9 1 10753 -1
28 0 10754 30
11 1 10755 -1
50 0 10756 12
30 1 10757 -1
46 0 10758 34
41 1 10759 -1
49 0 10760 40
9 1 10761 -1
49 1 10762 -1
0 0 10763 24
0 0 10764 48
57 1 10765 -1
16 0 10766 38
22 0 10767 26
52 1 10768 -1
58 1 10769 -1
17 0 10770 30
9 0 10771 34
32 1 10772 -1
7 0 10773 2
40 1 10774 -1
4 1 10775 -1
25 1 10776 -1
44 0 10777 36
17 0 10778 0
12 1 10779 -1
33 1 10780 -1
3 0 10781 6
58 0 10782 42
39 0 10783 42
23 0 10784 6
23 0 10785 28
8 1 10786 -1
28 1 10787 -1
44 0 10788 14
20 1 10789 -1
6 0 10790 26
42 1 10791 -1
32 0 10792 10
14 1 10793 -1
22 1 10794 -1
28 0 10795 24
58 0 10796 8
6 1 10797 -1
37 1 10798 -1
32 0 10799 4
29 1 10800 -1
0 0 10801 12
18 0 10802 48
59 1 10803 -1
36 1 10804 -1
53 0 10805 18
24 0 10806 38
14 0 10807 10
59 1 10808 -1
1 1 10809 -1
50 1 10810 -1
53 0 10811 2
1 1 10812 -1
19 1 10813 -1
53 0 10814 20
59 0 10815 40
32 0 10816 10
58 1 10817 -1
11 1 10818 -1
43 1 10819 -1
35 0 10820 48
29 1 10821 -1
23 0 10822 0
33 0 10823 10
51 1 10824 -1
19 0 10825 24
39 0 10826 32
13 0 10827 10
20 0 10828 30
10 1 10829 -1
0 1 10830 -1
27 1 10831 -1
2 1 10832 -1
25 0 10833 42
39 1 10834 -1
17 1 10835 -1
52 0 10836 28
30 1 10837 -1
30 0 10838 38
33 0 10839 26
6 1 10840 -1
43 0 10841 24
8 1 10842 -1
2 1 10843 -1
16 1 10844 -1
36 0 10845 32
32 1 10846 -1
28 0 10847 44
9 0 10848 18
43 0 10849 26
55 0 10850 38
25 1 10851 -1
47 0 10852 4
1 1 10853 -1
42 0 10854 10
32 1 10855 -1
17 0 10856 30
25 0 10857 10
25 1 10858 -1
16 1 10859 -1
28 0 10860 16
31 1 10861 -1
48 0 10862 18
52 1 10863 -1
50 1 10864 -1
17 1 10865 -1
50 0 10866 20
8 0 10867 38
20 1 10868 -1
39 0 10869 32
9 1 10870 -1
20 1 10871 -1
43 0 10872 48
13 0 10873 4
42 1 10874 -1
47 0 10875 38
19 1 10876 -1
17 1 10877 -1
58 0 10878 28
25 1 10879 -1
51 0 10880 4
10 0 10881 40
25 0 10882 8
39 1 10883 -1
48 0 10884 14
21 1 10885 -1
9 1 10886 -1
0 0 10887 30
15 1 10888 -1
45 0 10889 10
41 0 10890 42
46 1 10891 -1
36 0 10892 4
6 1 10893 -1
44 0 10894 8
43 1 10895 -1
1 0 10896 12
34 1 10897 -1
34 1 10898 -1
35 1 10899 -1
38 0 10900 44
20 0 10901 44
58 0 10902 0
4 1 10903 -1
13 1 10904 -1
18 0 10905 20
43 1 10906 -1
10 1 10907 -1
25 1 10908 -1
14 0 10909 18
59 0 10910 48
43 1 10911 -1
23 0 10912 30
0 1 10913 -1
31 1 10914 -1
46 0 10915 14
16 0 10916 14
44 1 10917 -1
33 0 10918 22
14 0 10919 4
6 1 10920 -1
45 1 10921 -1
19 1 10922 -1
53 1 10923 -1
38 0 10924 16
40 0 10925 10
34 0 10926 48
55 1 10927 -1
14 1 10928 -1
58 0 10929 48
13 1 10930 -1
50 0 10931 10
36 1 10932 -1
28 0 10933 16
52 1 10934 -1
54 1 10935 -1
2 0 10936 8
41 0 10937 8
6 1 10938 -1
30 0 10939 16
49 1 10940 -1
48 0 10941 48
43 0 10942 18
52 0 10943 4
5 1 10944 -1
44 1 10945 -1
35 0 10946 0
7 1 10947 -1
51 0 10948 48
3 1 10949 -1
32 1 10950 -1
52 0 10951 40
10 0 10952 14
1 0 10953 2
32 1 10954 -1
30 1 10955 -1
30 0 10956 12
37 1 10957 -1
45 0 10958 10
16 0 10959 40
45 0 10960 4
39 1 10961 -1
5 1 10962 -1
29 1 10963 -1
37 0 10964 32
25 0 10965 10
42 1 10966 -1
57 0 10967 8
32 0 10968 44
11 0 10969 46
22 1 10970 -1
21 1 10971 -1
26 1 10972 -1
22 0 10973 4
45 1 10974 -1
57 0 10975 34
55 1 10976 -1
33 0 10977 8
49 1 10978 -1
7 0 10979 10
3 0 10980 32
46 1 10981 -1
24 0 10982 40
30 1 10983 -1
42 1 10984 -1
47 0 10985 24
31 0 10986 10
39 1 10987 -1
54 1 10988 -1
32 1 10989 -1
7 0 10990 22
23 1 10991 -1
9 1 10992 -1
13 0 10993 24
6 0 10994 26
11 1 10995 -1
39 0 10996 38
5 0 10997 40
54 0 10998 20
5 1 10999 -1
24 1 11000 -1
3 0 11001 20
43 1 11002 -1
15 1 11003 -1
27 1 11004 -1
9 1 11005 -1
18 1 11006 -1
55 0 11007 44
31 0 11008 34
7 1 11009 -1
6 0 11010 20
18 1 11011 -1
53 0 11012 4
25 0 11013 46
14 1 11014 -1
36 0 11015 10
27 0 11016 10
38 1 11017 -1
46 0 11018 2
35 1 11019 -1
42 0 11020 6
23 0 11021 24
15 1 11022 -1
25 0 11023 28
41 1 11024 -1
0 1 11025 -1
40 1 11026 -1
22 0 11027 20
2 0 11028 26
9 1 11029 -1
39 0 11030 38
13 0 11031 0
27 0 11032 44
53 1 11033 -1
52 0 11034 20
21 1 11035 -1
25 0 11036 2
4 1 11037 -1
15 1 11038 -1
49 1 11039 -1
41 0 11040 22
15 0 11041 8
6 1 11042 -1
45 0 11043 8
29 1 11044 -1
38 0 11045 10
2 1 11046 -1
39 0 11047 24
20 1 11048 -1
34 0 11049 44
46 1 11050 -1
27 0 11051 44
14 1 11052 -1
23 1 11053 -1
49 0 11054 0
8 1 11055 -1
57 0 11056 10
10 1 11057 -1
42 0 11058 12
7 0 11059 8
51 1 11060 -1
0 1 11061 -1
16 0 11062 46
21 1 11063 -1
26 1 11064 -1
6 0 11065 36
46 0 11066 10
22 0 11067 0
15 1 11068 -1
37 1 11069 -1
55 1 11070 -1
55 0 11071 24
50 1 11072 -1
14 0 11073 10
51 0 11074 12
6 0 11075 40
3 0 11076 46
13 0 11077 48
12 1 11078 -1
54 1 11079 -1
56 1 11080 -1
34 0 11081 40
29 1 11082 -1
35 0 11083 16
57 1 11084 -1
30 1 11085 -1
38 0 11086 32
7 1 11087 -1
18 0 11088 24
59 1 11089 -1
28 0 11090 6
52 1 11091 -1
53 0 11092 22
34 1 11093 -1
44 1 11094 -1
43 0 11095 20
40 0 11096 20
56 1 11097 -1
30 1 11098 -1
4 0 11099 44
43 0 11100 12
44 1 11101 -1
45 0 11102 44
12 1 11103 -1
17 0 11104 48
6 1 11105 -1
8 0 11106 24
3 1 11107 -1
56 1 11108 -1
59 0 11109 28
31 1 11110 -1
26 0 11111 16
15 1 11112 -1
7 0 11113 12
17 0 11114 10
9 0 11115 32
16 1 11116 -1
30 1 11117 -1
24 0 11118 40
34 1 11119 -1
40 0 11120 28
56 0 11121 34
14 1 11122 -1
25 0 11123 42
1 0 11124 10
40 1 11125 -1
16 1 11126 -1
30 1 11127 -1
48 1 11128 -1
14 0 11129 44
45 1 11130 -1
40 0 11131 22
55 0 11132 22
54 1 11133 -1
44 0 11134 10
19 1 11135 -1
7 0 11136 22
43 0 11137 30
9 1 11138 -1
16 0 11139 2
9 1 11140 -1
31 0 11141 46
27 1 11142 -1
2 1 11143 -1
45 0 11144 44
7 1 11145 -1
18 0 11146 30
0 1 11147 -1
5 1 11148 -1
45 0 11149 38
15 0 11150 32
34 0 11151 14
34 0 11152 24
23 1 11153 -1
10 1 11154 -1
27 1 11155 -1
30 0 11156 22
55 1 11157 -1
28 0 11158 20
36 0 11159 6
22 1 11160 -1
0 0 11161 12
29 0 11162 4
43 1 11163 -1
43 0 11164 30
13 1 11165 -1
23 0 11166 8
51 1 11167 -1
21 1 11168 -1
48 1 11169 -1
4 0 11170 40
55 1 11171 -1
37 0 11172 38
38 1 11173 -1
12 0 11174 32
30 1 11175 -1
37 0 11176 2
3 0 11177 34
59 1 11178 -1
19 0 11179 22
54 0 11180 10
26 1 11181 -1
51 1 11182 -1
7 0 11183 34
35 1 11184 -1
50 0 11185 38
3 1 11186 -1
9 0 11187 24
1 1 11188 -1
28 1 11189 -1
8 1 11190 -1
45 0 11191 38
42 0 11192 32
32 1 11193 -1
51 1 11194 -1
57 0 11195 48
49 0 11196 32
22 0 11197 24
12 1 11198 -1
7 0 11199 18
14 1 11200 -1
14 1 11201 -1
59 0 11202 4
1 0 11203 40
54 0 11204 4
48 1 11205 -1
40 1 11206 -1
28 0 11207 42
14 0 11208 28
23 1 11209 -1
32 1 11210 -1
6 0 11211 44
13 0 11212 6
33 1 11213 -1
31 1 11214 -1
43 0 11215 8
37 0 11216 48
24 1 11217 -1
53 1 11218 -1
19 0 11219 40
23 0 11220 14
45 1 11221 -1
35 1 11222 -1
45 0 11223 4
25 0 11224 14
31 1 11225 -1
48 0 11226 26
19 0 11227 8
43 0 11228 48
53 1 11229 -1
10 1 11230 -1
11 1 11231 -1
55 1 11232 -1
50 1 11233 -1
43 0 11234 0
12 1 11235 -1
35 0 11236 38
43 0 11237 22
32 1 11238 -1
23 1 11239 -1
55 0 11240 40
38 0 11241 20
49 0 11242 14
39 1 11243 -1
15 0 11244 34
7 1 11245 -1
18 1 11246 -1
0 1 11247 -1
25 1 11248 -1
52 0 11249 38
19 0 11250 44
7 0 11251 6
46 1 11252 -1
46 1 11253 -1
54 0 11254 48
30 0 11255 20
59 1 11256 -1
58 1 11257 -1
33 1 11258 -1
46 0 11259 34
48 1 11260 -1
50 0 11261 10
34 1 11262 -1
12 0 11263 10
40 0 11264 26
54 0 11265 40
55 0 11266 36
53 1 11267 -1
48 1 11268 -1
44 0 11269 36
37 1 11270 -1
29 1 11271 -1
45 0 11272 46
17 1 11273 -1
56 0 11274 12
57 1 11275 -1
53 0 11276 0
5 1 11277 -1
53 0 11278 34
37 0 11279 34
45 1 11280 -1
45 1 11281 -1
4 1 11282 -1
23 1 11283 -1
43 0 11284 12
37 0 11285 16
51 0 11286 34
57 0 11287 48
52 1 11288 -1
13 0 11289 16
50 0 11290 4
17 1 11291 -1
11 1 11292 -1
52 0 11293 6
53 0 11294 42
16 1 11295 -1
18 1 11296 -1
22 1 11297 -1
44 0 11298 2
49 0 11299 36
26 1 11300 -1
49 1 11301 -1
13 0 11302 14
31 1 11303 -1
52 1 11304 -1
24 0 11305 36
7 0 11306 4
25 0 11307 22
20 0 11308 4
42 1 11309 -1
48 0 11310 40
21 1 11311 -1
56 0 11312 2
58 1 11313 -1
9 0 11314 22
39 1 11315 -1
30 1 11316 -1
20 0 11317 12
51 1 11318 -1
44 0 11319 36
10 0 11320 12
55 1 11321 -1
17 1 11322 -1
32 0 11323 28
3 1 11324 -1
9 0 11325 26
1 1 11326 -1
20 1 11327 -1
20 0 11328 8
36 1 11329 -1
53 1 11330 -1
46 0 11331 10
55 0 11332 34
22 0 11333 22
15 1 11334 -1
2 0 11335 2
35 1 11336 -1
5 0 11337 4
12 0 11338 14
30 1 11339 -1
6 1 11340 -1
45 0 11341 18
44 1 11342 -1
15 0 11343 6
53 1 11344 -1
36 0 11345 32
39 0 11346 6
5 1 11347 -1
21 1 11348 -1
21 0 11349 32
2 1 11350 -1
55 0 11351 10
59 1 11352 -1
31 0 11353 12
29 0 11354 2
2 0 11355 28
10 1 11356 -1
34 1 11357 -1
43 1 11358 -1
3 0 11359 32
42 1 11360 -1
16 0 11361 20
43 0 11362 40
7 1 11363 -1
44 0 11364 10
35 1 11365 -1
33 1 11366 -1
58 1 11367 -1
5 0 11368 8
4 1 11369 -1
51 0 11370 46
25 1 11371 -1
48 1 11372 -1
44 0 11373 0
4 0 11374 8
9 0 11375 42
14 1 11376 -1
5 1 11377 -1
16 0 11378 6
39 0 11379 4
2 1 11380 -1
33 0 11381 30
38 1 11382 -1
33 1 11383 -1
15 0 11384 40
38 1 11385 -1
0 1 11386 -1
17 1 11387 -1
45 0 11388 2
26 0 11389 22
3 1 11390 -1
38 0 11391 22
16 0 11392 6
31 1 11393 -1
59 0 11394 42
51 0 11395 38
29 1 11396 -1
25 1 11397 -1
54 0 11398 46
24 1 11399 -1
8 0 11400 44
3 0 11401 2
1 0 11402 38
34 1 11403 -1
21 1 11404 -1
6 0 11405 44
7 0 11406 6
48 1 11407 -1
19 0 11408 26
25 1 11409 -1
12 0 11410 0
51 0 11411 48
30 1 11412 -1
16 1 11413 -1
37 1 11414 -1
9 1 11415 -1
48 0 11416 22
15 1 11417 -1
51 0 11418 32
9 0 11419 0
42 1 11420 -1
17 0 11421 42
31 1 11422 -1
39 1 11423 -1
4 0 11424 16
7 1 11425 -1
33 0 11426 0
7 0 11427 42
28 1 11428 -1
29 0 11429 8
45 1 11430 -1
54 0 11431 6
17 0 11432 2
45 0 11433 20
20 1 11434 -1
54 1 11435 -1
56 1 11436 -1
3 0 11437 32
51 1 11438 -1
31 1 11439 -1
48 1 11440 -1
23 0 11441 12
6 0 11442 2
0 1 11443 -1
31 1 11444 -1
0 0 11445 16
35 0 11446 40
42 0 11447 22
44 1 11448 -1
49 0 11449 38
37 0 11450 16
25 1 11451 -1
23 1 11452 -1
40 1 11453 -1
39 1 11454 -1
11 0 11455 40
6 0 11456 26
53 0 11457 34
2 1 11458 -1
30 0 11459 6
48 1 11460 -1
5 1 11461 -1
31 1 11462 -1
51 1 11463 -1
23 0 11464 40
24 0 11465 34
15 0 11466 16
3 0 11467 4
44 1 11468 -1
1 1 11469 -1
23 0 11470 6
15 1 11471 -1
44 0 11472 30
43 1 11473 -1
45 1 11474 -1
31 0 11475 14
26 1 11476 -1
25 0 11477 46
26 1 11478 -1
25 0 11479 22
11 1 11480 -1
52 0 11481 38
14 0 11482 30
2 1 11483 -1
2 0 11484 4
56 1 11485 -1
58 1 11486 -1
30 0 11487 14
23 0 11488 34
2 1 11489 -1
53 0 11490 22
40 1 11491 -1
40 0 11492 26
16 0 11493 28
2 0 11494 34
34 0 11495 4
54 1 11496 -1
11 0 11497 38
25 1 11498 -1
8 1 11499 -1
12 0 11500 24
53 1 11501 -1
23 1 11502 -1
42 1 11503 -1
25 1 11504 -1
7 0 11505 14
21 1 11506 -1
51 0 11507 8
53 1 11508 -1
4 1 11509 -1
58 0 11510 46
15 0 11511 30
56 0 11512 22
21 1 11513 -1
43 0 11514 30
52 1 11515 -1
5 0 11516 18
0 0 11517 30
8 0 11518 4
35 1 11519 -1
35 0 11520 32
32 1 11521 -1
55 1 11522 -1
12 1 11523 -1
34 1 11524 -1
57 0 11525 14
24 0 11526 24
28 0 11527 40
15 0 11528 4
30 0 11529 30
44 1 11530 -1
15 1 11531 -1
37 1 11532 -1
35 0 11533 42
12 1 11534 -1
20 0 11535 20
14 0 11536 48
34 1 11537 -1
49 1 11538 -1
29 1 11539 -1
33 0 11540 30
11 1 11541 -1
58 1 11542 -1
54 0 11543 48
21 1 11544 -1
25 0 11545 30
29 0 11546 16
10 1 11547 -1
14 0 11548 4
18 1 11549 -1
26 1 11550 -1
6 0 11551 48
51 0 11552 6
30 0 11553 38
22 1 11554 -1
2 1 11555 -1
38 0 11556 26
5 1 11557 -1
12 1 11558 -1
14 0 11559 34
25 0 11560 28
21 0 11561 44
46 1 11562 -1
49 1 11563 -1
48 1 11564 -1
48 0 11565 40
47 1 11566 -1
48 0 11567 42
23 0 11568 40
47 1 11569 -1
25 0 11570 40
48 0 11571 14
25 0 11572 46
51 1 11573 -1
18 1 11574 -1
36 0 11575 18
59 1 11576 -1
47 0 11577 18
0 1 11578 -1
58 0 11579 2
9 1 11580 -1
0 0 11581 36
57 1 11582 -1
24 1 11583 -1
18 0 11584 36
50 1 11585 -1
7 1 11586 -1
24 0 11587 0
42 0 11588 8
43 1 11589 -1
16 0 11590 0
10 0 11591 0
22 1 11592 -1
6 0 11593 18
49 1 11594 -1
40 0 11595 24
29 1 11596 -1
31 0 11597 16
18 1 11598 -1
12 1 11599 -1
17 1 11600 -1
26 0 11601 38
51 1 11602 -1
35 0 11603 14
44 1 11604 -1
2 0 11605 12
40 1 11606 -1
21 1 11607 -1
58 0 11608 12
17 0 11609 24
36 0 11610 44
48 1 11611 -1
43 0 11612 32
22 1 11613 -1
32 0 11614 8
9 0 11615 48
24 1 11616 -1
9 0 11617 12
21 0 11618 30
30 1 11619 -1
21 1 11620 -1
10 1 11621 -1
6 1 11622 -1
1 0 11623 10
53 1 11624 -1
52 0 11625 24
40 0 11626 40
26 0 11627 12
34 1 11628 -1
45 0 11629 40
19 1 11630 -1
53 0 11631 40
37 1 11632 -1
21 0 11633 18
17 0 11634 10
48 1 11635 -1
54 1 11636 -1
58 1 11637 -1
12 0 11638 42
0 0 11639 4
53 1 11640 -1
6 0 11641 16
22 0 11642 2
3 1 11643 -1
58 0 11644 18
27 1 11645 -1
11 0 11646 10
33 1 11647 -1
59 1 11648 -1
4 0 11649 24
13 1 11650 -1
15 0 11651 24
34 1 11652 -1
41 1 11653 -1
40 0 11654 20
42 0 11655 42
7 1 11656 -1
4 0 11657 32
9 1 11658 -1
7 0 11659 18
57 1 11660 -1
3 1 11661 -1
0 0 11662 4
18 0 11663 12
53 1 11664 -1
41 1 11665 -1
48 1 11666 -1
24 0 11667 48
23 1 11668 -1
33 0 11669 16
7 0 11670 28
21 1 11671 -1
55 0 11672 34
34 1 11673 -1
18 0 11674 12
37 0 11675 22
31 0 11676 16
8 1 11677 -1
3 1 11678 -1
28 1 11679 -1
40 1 11680 -1
42 1 11681 -1
44 0 11682 40
22 0 11683 4
43 1 11684 -1
15 0 11685 22
50 0 11686 12
47 0 11687 14
47 1 11688 -1
31 1 11689 -1
21 0 11690 22
43 1 11691 -1
54 0 11692 4
13 1 11693 -1
54 0 11694 4
32 0 11695 30
7 1 11696 -1
29 0 11697 2
16 0 11698 18
33 1 11699 -1
38 1 11700 -1
2 1 11701 -1
38 1 11702 -1
32 0 11703 14
34 0 11704 40
3 1 11705 -1
8 0 11706 10
0 1 11707 -1
28 0 11708 44
42 1 11709 -1
10 1 11710 -1
37 0 11711 36
7 0 11712 14
42 1 11713 -1
15 0 11714 40
7 1 11715 -1
8 0 11716 4
36 1 11717 -1
16 0 11718 28
12 0 11719 6
19 1 11720 -1
5 0 11721 4
3 0 11722 36
19 1 11723 -1
34 1 11724 -1
18 0 11725 2
45 1 11726 -1
31 1 11727 -1
46 0 11728 26
49 0 11729 10
22 1 11730 -1
32 1 11731 -1
55 1 11732 -1
21 0 11733 22
27 0 11734 10
31 1 11735 -1
16 0 11736 36
58 1 11737 -1
49 0 11738 48
51 1 11739 -1
6 1 11740 -1
42 0 11741 24
59 0 11742 20
9 1 11743 -1
19 1 11744 -1
27 0 11745 10
10 1 11746 -1
7 0 11747 34
44 0 11748 14
35 1 11749 -1
33 0 11750 20
22 1 11751 -1
41 0 11752 12
55 0 11753 8
15 0 11754 24
6 1 11755 -1
22 0 11756 30
39 0 11757 26
59 1 11758 -1
25 1 11759 -1
41 1 11760 -1
32 1 11761 -1
47 0 11762 34
36 0 11763 8
36 1 11764 -1
7 1 11765 -1
3 1 11766 -1
31 0 11767 14
23 0 11768 10
2 0 11769 18
49 1 11770 -1
0 0 11771 34
59 1 11772 -1
37 1 11773 -1
56 0 11774 6
58 0 11775 36
37 0 11776 22
59 1 11777 -1
1 1 11778 -1
36 0 11779 6
53 1 11780 -1
23 1 11781 -1
0 1 11782 -1
19 0 11783 38
1 0 11784 44
15 0 11785 32
52 0 11786 42
44 1 11787 -1
58 0 11788 28
6 1 11789 -1
42 1 11790 -1
37 1 11791 -1
22 0 11792 0
36 0 11793 12
25 0 11794 36
55 1 11795 -1
16 1 11796 -1
40 1 11797 -1
15 1 11798 -1
36 0 11799 48
38 1 11800 -1
8 0 11801 44
34 1 11802 -1
52 0 11803 20
38 1 11804 -1
43 1 11805 -1
39 0 11806 48
17 0 11807 44
8 1 11808 -1
15 0 11809 30
48 1 11810 -1
30 0 11811 28
19 0 11812 20
31 0 11813 6
5 1 11814 -1
6 0 11815 26
42 1 11816 -1
17 1 11817 -1
1 1 11818 -1
43 0 11819 4
3 0 11820 16
30 1 11821 -1
12 0 11822 18
56 1 11823 -1
49 0 11824 12
57 0 11825 2
11 0 11826 46
1 1 11827 -1
46 1 11828 -1
26 1 11829 -1
40 0 11830 0
23 0 11831 38
10 1 11832 -1
10 1 11833 -1
11 1 11834 -1
41 0 11835 30
54 1 11836 -1
2 0 11837 14
53 0 11838 30
42 1 11839 -1
42 1 11840 -1
21 0 11841 28
40 1 11842 -1
15 0 11843 8
41 1 11844 -1
0 0 11845 14
7 0 11846 36
41 1 11847 -1
38 1 11848 -1
38 0 11849 44
19 1 11850 -1
44 0 11851 32
42 0 11852 48
58 0 11853 36
42 1 11854 -1
19 1 11855 -1
10 1 11856 -1
19 0 11857 8
34 0 11858 8
40 1 11859 -1
33 0 11860 48
49 0 11861 38
30 0 11862 48
45 1 11863 -1
42 1 11864 -1
45 0 11865 42
53 1 11866 -1
0 0 11867 24
2 1 11868 -1
33 0 11869 46
38 1 11870 -1
47 1 11871 -1
18 0 11872 30
54 1 11873 -1
35 0 11874 44
9 0 11875 30
34 1 11876 -1
59 1 11877 -1
1 0 11878 36
12 1 11879 -1
25 1 11880 -1
55 1 11881 -1
16 0 11882 24
34 0 11883 10
30 1 11884 -1
2 0 11885 10
52 0 11886 42
44 0 11887 42
22 1 11888 -1
51 1 11889 -1
57 1 11890 -1
57 0 11891 18
9 1 11892 -1
42 1 11893 -1
46 0 11894 48
27 0 11895 18
24 1 11896 -1
6 0 11897 32
22 1 11898 -1
7 1 11899 -1
0 0 11900 34
33 0 11901 6
19 0 11902 44
49 1 11903 -1
29 1 11904 -1
36 0 11905 16
30 1 11906 -1
7 0 11907 34
34 1 11908 -1
15 0 11909 22
5 1 11910 -1
45 1 11911 -1
3 0 11912 16
55 0 11913 42
25 0 11914 6
41 1 11915 -1
3 1 11916 -1
29 0 11917 36
4 1 11918 -1
42 0 11919 36
14 1 11920 -1
8 0 11921 10
16 0 11922 28
12 0 11923 4
50 1 11924 -1
52 0 11925 10
44 0 11926 48
45 1 11927 -1
8 0 11928 2
44 1 11929 -1
36 0 11930 28
26 1 11931 -1
57 0 11932 30
30 1 11933 -1
51 0 11934 36
38 1 11935 -1
11 1 11936 -1
4 0 11937 12
32 0 11938 4
8 1 11939 -1
40 0 11940 36
33 0 11941 30
40 1 11942 -1
12 1 11943 -1
41 0 11944 4
31 1 11945 -1
33 1 11946 -1
12 1 11947 -1
44 1 11948 -1
23 0 11949 22
45 1 11950 -1
44 0 11951 28
31 1 11952 -1
18 0 11953 40
32 0 11954 28
42 0 11955 20
9 1 11956 -1
42 0 11957 32
55 0 11958 2
12 1 11959 -1
4 0 11960 20
49 1 11961 -1
15 1 11962 -1
11 0 11963 16
15 1 11964 -1
11 1 11965 -1
30 0 11966 26
17 1 11967 -1
40 1 11968 -1
1 0 11969 8
50 0 11970 4
6 0 11971 44
36 1 11972 -1
10 0 11973 26
30 0 11974 12
20 1 11975 -1
47 0 11976 48
35 1 11977 -1
12 1 11978 -1
11 1 11979 -1
24 0 11980 18
17 0 11981 30
19 0 11982 2
27 0 11983 30
18 0 11984 0
16 1 11985 -1
11 1 11986 -1
17 1 11987 -1
57 0 11988 0
18 0 11989 24
42 1 11990 -1
19 1 11991 -1
0 1 11992 -1
17 0 11993 48
49 0 11994 2
28 1 11995 -1
43 1 11996 -1
37 0 11997 36
13 1 11998 -1
30 0 11999 18
35 1 12000 -1
29 0 12001 38
30 0 12002 4
16 1 12003 -1
45 0 12004 32
14 0 12005 40
20 1 12006 -1
32 0 12007 48
12 1 12008 -1
50 1 12009 -1
14 1 12010 -1
31 0 12011 32
37 1 12012 -1
22 1 12013 -1
28 1 12014 -1
8 0 12015 28
39 1 12016 -1
0 0 12017 2
29 0 12018 24
35 0 12019 48
47 1 12020 -1
18 1 12021 -1
20 0 12022 48
57 1 12023 -1
49 0 12024 40
21 1 12025 -1
53 0 12026 40
41 0 12027 0
8 0 12028 18
18 1 12029 -1
5 1 12030 -1
14 0 12031 14
53 1 12032 -1
2 0 12033 42
23 1 12034 -1
45 0 12035 34
26 0 12036 0
50 1 12037 -1
39 0 12038 14
41 1 12039 -1
47 1 12040 -1
42 1 12041 -1
59 0 12042 22
58 1 12043 -1
23 0 12044 44
44 0 12045 24
45 0 12046 32
11 1 12047 -1
11 1 12048 -1
34 1 12049 -1
14 0 12050 2
12 1 12051 -1
3 0 12052 8
37 1 12053 -1
13 0 12054 28
51 0 12055 10
45 1 12056 -1
11 0 12057 2
54 1 12058 -1
41 0 12059 22
4 1 12060 -1
3 1 12061 -1
28 0 12062 12
59 1 12063 -1
18 0 12064 42
36 0 12065 6
17 1 12066 -1
27 1 12067 -1
52 1 12068 -1
22 1 12069 -1
19 0 12070 0
53 0 12071 38
57 0 12072 12
57 0 12073 48
9 0 12074 10
33 1 12075 -1
35 1 12076 -1
7 1 12077 -1
1 1 12078 -1
39 0 12079 18
11 1 12080 -1
54 0 12081 16
43 0 12082 38
29 1 12083 -1
35 0 12084 26
11 1 12085 -1
22 0 12086 24
23 0 12087 4
35 1 12088 -1
6 0 12089 42
49 1 12090 -1
53 1 12091 -1
40 0 12092 12
38 0 12093 36
31 1 12094 -1
57 1 12095 -1
10 0 12096 18
22 0 12097 10
38 1 12098 -1
47 0 12099 16
52 0 12100 26
18 1 12101 -1
32 0 12102 14
13 1 12103 -1
43 0 12104 16
32 1 12105 -1
25 1 12106 -1
9 1 12107 -1
32 0 12108 2
14 0 12109 2
31 1 12110 -1
0 1 12111 -1
45 1 12112 -1
9 0 12113 10
50 0 12114 32
50 0 12115 16
44 1 12116 -1
50 1 12117 -1
28 0 12118 4
4 0 12119 26
29 1 12120 -1
16 1 12121 -1
45 1 12122 -1
54 0 12123 40
31 0 12124 12
59 0 12125 42
22 1 12126 -1
49 1 12127 -1
18 0 12128 40
27 0 12129 34
57 1 12130 -1
5 1 12131 -1
13 1 12132 -1
38 0 12133 30
56 1 12134 -1
8 0 12135 28
20 0 12136 28
12 0 12137 42
29 1 12138 -1
29 1 12139 -1
47 0 12140 0
50 0 12141 42
19 0 12142 34
35 1 12143 -1
52 0 12144 0
43 1 12145 -1
32 1 12146 -1
28 1 12147 -1
34 0 12148 2
31 0 12149 26
14 1 12150 -1
12 0 12151 16
17 0 12152 44
48 1 12153 -1
52 1 12154 -1
34 0 12155 20
18 1 12156 -1
31 0 12157 32
57 1 12158 -1
6 1 12159 -1
3 1 12160 -1
35 0 12161 16
37 0 12162 18
3 1 12163 -1
5 0 12164 12
28 1 12165 -1
15 0 12166 12
34 1 12167 -1
38 0 12168 14
6 0 12169 12
51 1 12170 -1
22 1 12171 -1
53 0 12172 18
52 1 12173 -1
58 0 12174 42
24 1 12175 -1
52 0 12176 48
21 0 12177 10
20 1 12178 -1
47 1 12179 -1
3 0 12180 36
7 0 12181 34
46 1 12182 -1
21 1 12183 -1
14 0 12184 2
41 1 12185 -1
52 0 12186 18
35 0 12187 2
4 1 12188 -1
11 1 12189 -1
11 0 12190 12
42 0 12191 4
58 1 12192 -1
2 0 12193 40
41 1 12194 -1
46 0 12195 12
38 0 12196 22
23 1 12197 -1
58 1 12198 -1
46 1 12199 -1
58 0 12200 6
53 1 12201 -1
18 0 12202 42
37 1 12203 -1
12 1 12204 -1
58 1 12205 -1
37 1 12206 -1
58 0 12207 40
12 1 12208 -1
24 0 12209 20
6 0 12210 6
13 0 12211 26
30 0 12212 2
42 0 12213 38
25 1 12214 -1
43 1 12215 -1
47 0 12216 12
37 0 12217 44
35 1 12218 -1
32 0 12219 14
48 1 12220 -1
59 1 12221 -1
24 1 12222 -1
6 0 12223 22
44 0 12224 0
41 0 12225 8
3 1 12226 -1
22 1 12227 -1
28 0 12228 8
29 1 12229 -1
42 1 12230 -1
18 0 12231 18
21 0 12232 32
57 1 12233 -1
54 1 12234 -1
9 0 12235 10
56 0 12236 8
49 0 12237 8
32 1 12238 -1
24 0 12239 22
8 1 12240 -1
4 1 12241 -1
37 0 12242 6
55 1 12243 -1
51 1 12244 -1
33 0 12245 48
55 0 12246 40
33 0 12247 42
39 0 12248 16
48 1 12249 -1
34 0 12250 10
33 1 12251 -1
15 1 12252 -1
7 1 12253 -1
10 0 12254 18
6 0 12255 30
43 1 12256 -1
4 1 12257 -1
17 1 12258 -1
21 0 12259 30
28 0 12260 0
6 1 12261 -1
59 0 12262 44
29 0 12263 0
25 1 12264 -1
12 1 12265 -1
30 1 12266 -1
29 0 12267 40
14 0 12268 40
22 1 12269 -1
3 0 12270 26
14 1 12271 -1
57 1 12272 -1
56 0 12273 44
35 1 12274 -1
47 1 12275 -1
42 0 12276 0
17 0 12277 30
1 0 12278 24
15 1 12279 -1
21 0 12280 46
10 0 12281 34
12 1 12282 -1
10 0 12283 46
34 1 12284 -1
51 1 12285 -1
57 1 12286 -1
11 0 12287 38
34 0 12288 36
15 0 12289 10
54 1 12290 -1
51 1 12291 -1
17 0 12292 40
35 0 12293 44
24 1 12294 -1
6 1 12295 -1
31 1 12296 -1
21 0 12297 42
57 0 12298 22
1 1 12299 -1
2 1 12300 -1
33 0 12301 22
32 0 12302 6
33 1 12303 -1
10 0 12304 22
57 1 12305 -1
2 0 12306 10
26 0 12307 10
13 1 12308 -1
28 1 12309 -1
10 0 12310 2
22 0 12311 40
35 1 12312 -1
20 0 12313 42
38 1 12314 -1
47 1 12315 -1
4 1 12316 -1
58 0 12317 0
45 1 12318 -1
25 0 12319 0
19 1 12320 -1
48 0 12321 44
49 1 12322 -1
31 0 12323 16
22 0 12324 38
12 0 12325 42
46 0 12326 22
34 0 12327 8
20 1 12328 -1
19 0 12329 44
12 1 12330 -1
12 1 12331 -1
18 1 12332 -1
37 0 12333 24
34 1 12334 -1
56 1 12335 -1
30 1 12336 -1
19 1 12337 -1
51 0 12338 20
53 0 12339 28
39 0 12340 0
16 1 12341 -1
16 0 12342 12
16 0 12343 14
48 1 12344 -1
1 0 12345 18
2 1 12346 -1
14 0 12347 18
1 1 12348 -1
45 0 12349 14
34 0 12350 18
4 1 12351 -1
23 1 12352 -1
24 1 12353 -1
28 0 12354 18
40 1 12355 -1
54 0 12356 2
59 1 12357 -1
41 0 12358 40
44 0 12359 42
56 1 12360 -1
20 0 12361 6
40 1 12362 -1
24 1 12363 -1
58 1 12364 -1
12 0 12365 12
36 0 12366 10
14 1 12367 -1
24 0 12368 48
0 0 12369 46
2 0 12370 2
12 1 12371 -1
51 1 12372 -1
45 1 12373 -1
6 0 12374 18
13 0 12375 44
59 1 12376 -1
24 0 12377 44
58 0 12378 20
47 1 12379 -1
35 1 12380 -1
4 0 12381 36
55 1 12382 -1
19 0 12383 0
32 1 12384 -1
32 1 12385 -1
16 0 12386 6
28 1 12387 -1
45 0 12388 34
31 1 12389 -1
14 0 12390 16
15 0 12391 0
47 1 12392 -1
5 1 12393 -1
7 0 12394 44
18 0 12395 6
17 1 12396 -1
42 0 12397 8
33 1 12398 -1
44 0 12399 40
29 0 12400 28
58 1 12401 -1
54 1 12402 -1
40 0 12403 32
15 0 12404 30
23 1 12405 -1
39 1 12406 -1
6 1 12407 -1
58 0 12408 36
24 0 12409 42
23 1 12410 -1
44 1 12411 -1
22 0 12412 14
28 0 12413 36
5 1 12414 -1
12 0 12415 8
54 1 12416 -1
52 1 12417 -1
47 0 12418 14
27 1 12419 -1
9 0 12420 42
33 1 12421 -1
26 0 12422 16
13 1 12423 -1
4 0 12424 30
34 0 12425 0
41 1 12426 -1
45 1 12427 -1
47 1 12428 -1
16 0 12429 8
42 0 12430 10
30 1 12431 -1
26 0 12432 28
45 1 12433 -1
43 0 12434 10
36 1 12435 -1
12 0 12436 42
25 1 12437 -1
31 0 12438 12
35 1 12439 -1
43 1 12440 -1
13 0 12441 24
39 1 12442 -1
54 0 12443 2
7 1 12444 -1
30 0 12445 36
12 0 12446 32
40 0 12447 40
46 1 12448 -1
13 1 12449 -1
55 0 12450 0
13 1 12451 -1
47 0 12452 32
25 0 12453 38
52 1 12454 -1
57 1 12455 -1
46 1 12456 -1
57 0 12457 28
34 1 12458 -1
3 0 12459 10
26 0 12460 46
9 1 12461 -1
26 0 12462 32
33 1 12463 -1
32 0 12464 48
16 1 12465 -1
40 0 12466 34
40 1 12467 -1
17 0 12468 34
40 0 12469 38
52 0 12470 8
45 1 12471 -1
53 1 12472 -1
4 0 12473 46
44 1 12474 -1
38 0 12475 8
52 1 12476 -1
17 0 12477 0
41 1 12478 -1
47 1 12479 -1
34 0 12480 34
17 1 12481 -1
9 0 12482 22
48 0 12483 30
10 0 12484 34
21 0 12485 48
51 1 12486 -1
47 0 12487 4
1 0 12488 34
50 1 12489 -1
22 1 12490 -1
39 1 12491 -1
5 0 12492 34
20 1 12493 -1
54 0 12494 6
47 0 12495 0
33 1 12496 -1
30 1 12497 -1
58 1 12498 -1
47 1 12499 -1
18 1 12500 -1
45 0 12501 20
7 1 12502 -1
4 1 12503 -1
54 0 12504 48
36 1 12505 -1
59 0 12506 24
32 1 12507 -1
50 0 12508 40
32 1 12509 -1
39 0 12510 38
44 0 12511 6
32 0 12512 6
23 1 12513 -1
30 0 12514 12
29 0 12515 22
49 0 12516 40
51 1 12517 -1
19 1 12518 -1
38 0 12519 30
33 1 12520 -1
59 0 12521 32
20 1 12522 -1
59 1 12523 -1
18 0 12524 20
48 1 12525 -1
23 0 12526 0
55 1 12527 -1
8 1 12528 -1
55 1 12529 -1
0 1 12530 -1
9 0 12531 16
54 1 12532 -1
27 0 12533 4
23 0 12534 16
39 0 12535 48
36 1 12536 -1
45 0 12537 4
52 0 12538 32
12 0 12539 0
40 1 12540 -1
53 0 12541 0
42 0 12542 40
56 1 12543 -1
54 1 12544 -1
28 1 12545 -1
34 0 12546 46
3 0 12547 32
0 1 12548 -1
7 0 12549 38
6 1 12550 -1
6 1 12551 -1
56 0 12552 22
40 0 12553 8
5 0 12554 12
51 1 12555 -1
55 0 12556 12
32 1 12557 -1
17 0 12558 18
1 1 12559 -1
29 0 12560 22
23 1 12561 -1
57 1 12562 -1
23 1 12563 -1
33 0 12564 6
12 0 12565 2
44 1 12566 -1
46 0 12567 14
47 1 12568 -1
49 1 12569 -1
29 1 12570 -1
35 0 12571 42
4 1 12572 -1
32 1 12573 -1
40 0 12574 6
56 0 12575 10
20 0 12576 48
3 0 12577 16
13 1 12578 -1
46 1 12579 -1
11 1 12580 -1
16 0 12581 4
54 0 12582 46
19 0 12583 42
9 1 12584 -1
51 0 12585 32
59 1 12586 -1
41 0 12587 44
13 1 12588 -1
55 0 12589 38
5 1 12590 -1
57 0 12591 36
18 1 12592 -1
47 1 12593 -1
34 1 12594 -1
13 0 12595 8
9 0 12596 6
12 0 12597 4
51 1 12598 -1
10 0 12599 16
23 0 12600 40
5 1 12601 -1
43 0 12602 8
45 1 12603 -1
27 1 12604 -1
3 0 12605 36
17 0 12606 26
25 1 12607 -1
29 1 12608 -1
45 1 12609 -1
58 1 12610 -1
8 0 12611 42
52 0 12612 46
29 1 12613 -1
22 0 12614 44
23 1 12615 -1
42 0 12616 2
39 1 12617 -1
10 1 12618 -1
1 0 12619 12
24 1 12620 -1
22 0 12621 0
44 0 12622 42
30 1 12623 -1
59 0 12624 24
48 1 12625 -1
3 1 12626 -1
46 0 12627 32
43 0 12628 38
45 1 12629 -1
17 0 12630 26
25 0 12631 18
57 0 12632 8
34 1 12633 -1
41 0 12634 8
19 1 12635 -1
8 1 12636 -1
22 0 12637 10
16 1 12638 -1
59 1 12639 -1
55 1 12640 -1
49 1 12641 -1
52 0 12642 10
12 0 12643 34
58 1 12644 -1
32 0 12645 8
33 1 12646 -1
32 0 12647 24
42 0 12648 40
30 0 12649 34
1 1 12650 -1
3 0 12651 8
5 1 12652 -1
31 0 12653 12
3 1 12654 -1
27 0 12655 14
42 1 12656 -1
30 1 12657 -1
8 1 12658 -1
8 1 12659 -1
22 0 12660 26
35 0 12661 34
25 0 12662 40
36 1 12663 -1
34 0 12664 24
13 1 12665 -1
57 0 12666 10
11 0 12667 8
35 1 12668 -1
47 0 12669 48
8 0 12670 18
45 1 12671 -1
58 1 12672 -1
50 1 12673 -1
23 1 12674 -1
59 1 12675 -1
45 0 12676 8
52 0 12677 8
51 0 12678 16
31 1 12679 -1
49 0 12680 10
35 1 12681 -1
38 0 12682 22
53 0 12683 36
18 1 12684 -1
1 1 12685 -1
28 0 12686 20
6 0 12687 36
47 0 12688 14
31 0 12689 40
28 1 12690 -1
30 0 12691 2
5 1 12692 -1
20 1 12693 -1
48 1 12694 -1
36 0 12695 4
54 1 12696 -1
31 0 12697 40
17 1 12698 -1
44 1 12699 -1
11 0 12700 12
55 1 12701 -1
31 0 12702 20
21 1 12703 -1
20 0 12704 22
8 0 12705 20
12 1 12706 -1
44 1 12707 -1
20 0 12708 30
49 0 12709 18
37 1 12710 -1
34 1 12711 -1
29 1 12712 -1
46 0 12713 20
1 0 12714 30
17 0 12715 34
57 1 12716 -1
0 1 12717 -1
54 1 12718 -1
55 1 12719 -1
49 0 12720 6
59 0 12721 18
26 1 12722 -1
26 0 12723 48
32 0 12724 26
39 1 12725 -1
30 0 12726 4
26 1 12727 -1
17 1 12728 -1
31 1 12729 -1
13 0 12730 4
16 0 12731 22
24 0 12732 8
39 0 12733 20
44 1 12734 -1
41 1 12735 -1
50 0 12736 40
22 0 12737 42
43 1 12738 -1
28 0 12739 32
35 1 12740 -1
3 0 12741 2
37 1 12742 -1
58 1 12743 -1
31 1 12744 -1
58 1 12745 -1
17 0 12746 38
53 0 12747 40
26 1 12748 -1
30 0 12749 46
18 0 12750 34
33 0 12751 8
5 1 12752 -1
25 0 12753 28
41 0 12754 22
48 0 12755 20
19 1 12756 -1
49 1 12757 -1
55 1 12758 -1
1 0 12759 38
41 0 12760 10
29 0 12761 38
55 1 12762 -1
48 1 12763 -1
19 1 12764 -1
19 1 12765 -1
56 1 12766 -1
56 0 12767 12
40 0 12768 14
0 0 12769 6
49 0 12770 18
39 0 12771 24
23 1 12772 -1
35 1 12773 -1
51 1 12774 -1
42 1 12775 -1
42 1 12776 -1
54 1 12777 -1
48 0 12778 6
37 0 12779 6
59 0 12780 34
52 0 12781 8
49 1 12782 -1
54 0 12783 28
44 0 12784 20
37 0 12785 38
38 1 12786 -1
49 1 12787 -1
34 0 12788 2
45 1 12789 -1
6 1 12790 -1
36 0 12791 30
44 1 12792 -1
10 1 12793 -1
39 0 12794 40
23 0 12795 26
49 1 12796 -1
31 1 12797 -1
44 1 12798 -1
48 0 12799 14
12 0 12800 46
58 1 12801 -1
18 1 12802 -1
26 0 12803 26
33 1 12804 -1
48 0 12805 12
32 0 12806 40
54 0 12807 44
56 0 12808 44
0 1 12809 -1
36 1 12810 -1
5 0 12811 24
38 0 12812 22
50 1 12813 -1
14 1 12814 -1
6 1 12815 -1
45 0 12816 40
42 1 12817 -1
52 0 12818 42
26 0 12819 38
45 0 12820 36
17 1 12821 -1
59 1 12822 -1
40 1 12823 -1
51 0 12824 44
3 0 12825 12
10 1 12826 -1
18 1 12827 -1
51 0 12828 26
41 1 12829 -1
38 0 12830 30
41 1 12831 -1
40 0 12832 30
12 1 12833 -1
14 1 12834 -1
54 1 12835 -1
6 1 12836 -1
11 0 12837 42
19 0 12838 48
50 1 12839 -1
10 0 12840 2
29 0 12841 28
57 0 12842 2
53 0 12843 36
21 1 12844 -1
14 0 12845 8
16 1 12846 -1
41 0 12847 22
57 1 12848 -1
16 0 12849 34
1 1 12850 -1
33 1 12851 -1
35 0 12852 12
43 1 12853 -1
12 0 12854 42
4 1 12855 -1
29 0 12856 32
11 1 12857 -1
0 0 12858 2
17 0 12859 16
34 1 12860 -1
44 0 12861 14
43 0 12862 2
31 1 12863 -1
43 1 12864 -1
15 1 12865 -1
37 1 12866 -1
0 0 12867 30
44 1 12868 -1
4 1 12869 -1
10 0 12870 12
52 0 12871 20
33 1 12872 -1
48 0 12873 6
45 0 12874 18
54 0 12875 30
2 1 12876 -1
54 0 12877 48
36 1 12878 -1
31 1 12879 -1
0 0 12880 8
48 0 12881 38
35 1 12882 -1
34 0 12883 8
42 1 12884 -1
43 0 12885 34
51 0 12886 10
0 1 12887 -1
57 1 12888 -1
8 0 12889 12
4 0 12890 36
49 1 12891 -1
2 1 12892 -1
32 1 12893 -1
21 0 12894 32
2 1 12895 -1
53 0 12896 48
19 0 12897 2
28 1 12898 -1
59 1 12899 -1
58 0 12900 42
47 1 12901 -1
51 0 12902 0
31 0 12903 24
15 1 12904 -1
8 0 12905 24
56 1 12906 -1
55 1 12907 -1
35 0 12908 32
7 1 12909 -1
8 0 12910 46
37 1 12911 -1
50 0 12912 34
14 1 12913 -1
11 0 12914 22
56 0 12915 22
40 0 12916 36
54 0 12917 22
35 1 12918 -1
23 1 12919 -1
16 1 12920 -1
9 1 12921 -1
13 0 12922 14
56 1 12923 -1
18 0 12924 20
32 1 12925 -1
9 1 12926 -1
21 0 12927 22
10 0 12928 40
52 0 12929 28
59 1 12930 -1
37 0 12931 42
17 1 12932 -1
28 0 12933 40
33 1 12934 -1
44 1 12935 -1
5 0 12936 46
0 0 12937 20
19 1 12938 -1
54 0 12939 28
52 1 12940 -1
17 0 12941 34
34 1 12942 -1
21 0 12943 8
6 0 12944 18
40 1 12945 -1
48 0 12946 38
1 1 12947 -1
8 1 12948 -1
11 0 12949 4
14 1 12950 -1
52 0 12951 40
2 1 12952 -1
16 0 12953 26
48 1 12954 -1
51 0 12955 32
8 1 12956 -1
9 0 12957 4
57 1 12958 -1
14 1 12959 -1
25 1 12960 -1
41 0 12961 14
35 0 12962 26
37 0 12963 16
26 1 12964 -1
11 0 12965 0
3 1 12966 -1
31 1 12967 -1
29 1 12968 -1
32 0 12969 38
21 0 12970 40
19 0 12971 38
25 0 12972 32
8 1 12973 -1
4 1 12974 -1
26 0 12975 8
34 0 12976 46
13 1 12977 -1
48 0 12978 16
47 0 12979 18
5 0 12980 28
34 1 12981 -1
16 1 12982 -1
27 1 12983 -1
4 0 12984 30
34 0 12985 8
14 1 12986 -1
41 1 12987 -1
42 1 12988 -1
19 0 12989 36
51 1 12990 -1
27 1 12991 -1
41 0 12992 46
48 0 12993 36
12 0 12994 38
26 1 12995 -1
35 1 12996 -1
55 1 12997 -1
36 0 12998 0
19 0 12999 24
2 0 13000 2
31 0 13001 40
1 1 13002 -1
35 1 13003 -1
50 0 13004 46
42 1 13005 -1
2 1 13006 -1
7 1 13007 -1
13 0 13008 16
26 1 13009 -1
30 0 13010 2
57 0 13011 10
11 1 13012 -1
39 1 13013 -1
13 0 13014 24
15 0 13015 30
28 1 13016 -1
7 0 13017 42
41 0 13018 46
33 0 13019 14
18 1 13020 -1
30 1 13021 -1
33 0 13022 8
55 1 13023 -1
23 1 13024 -1
57 0 13025 38
34 1 13026 -1
9 1 13027 -1
3 0 13028 0
23 0 13029 20
13 0 13030 40
34 1 13031 -1
17 1 13032 -1
21 1 13033 -1
34 0 13034 44
4 1 13035 -1
12 0 13036 24
26 0 13037 12
29 1 13038 -1
30 1 13039 -1
2 0 13040 34
6 0 13041 28
38 1 13042 -1
39 0 13043 4
16 0 13044 44
25 1 13045 -1
56 0 13046 16
0 1 13047 -1
39 1 13048 -1
36 0 13049 0
26 1 13050 -1
36 1 13051 -1
23 0 13052 46
47 0 13053 30
58 0 13054 12
10 1 13055 -1
29 1 13056 -1
10 1 13057 -1
38 0 13058 4
35 1 13059 -1
32 0 13060 38
55 0 13061 34
12 1 13062 -1
58 1 13063 -1
7 0 13064 12
13 0 13065 30
31 0 13066 14
27 1 13067 -1
13 1 13068 -1
15 1 13069 -1
3 1 13070 -1
43 0 13071 24
23 0 13072 10
28 1 13073 -1
48 0 13074 18
30 0 13075 8
16 1 13076 -1
47 0 13077 20
0 1 13078 -1
51 1 13079 -1
23 0 13080 22
45 0 13081 48
25 0 13082 14
45 1 13083 -1
2 0 13084 22
37 1 13085 -1
59 1 13086 -1
37 0 13087 36
19 1 13088 -1
47 0 13089 46
24 1 13090 -1
7 0 13091 4
28 0 13092 32
43 1 13093 -1
56 1 13094 -1
54 1 13095 -1
16 0 13096 18
54 1 13097 -1
39 1 13098 -1
8 0 13099 0
26 1 13100 -1
6 0 13101 8
31 0 13102 44
42 0 13103 42
8 0 13104 36
41 1 13105 -1
1 0 13106 8
29 1 13107 -1
27 0 13108 14
0 1 13109 -1
5 1 13110 -1
14 0 13111 2
19 1 13112 -1
57 1 13113 -1
5 0 13114 28
24 0 13115 10
36 1 13116 -1
57 0 13117 36
13 1 13118 -1
27 0 13119 12
4 1 13120 -1
51 0 13121 40
18 1 13122 -1
59 1 13123 -1
51 0 13124 42
59 1 13125 -1
55 1 13126 -1
9 0 13127 20
48 0 13128 18
10 1 13129 -1
0 0 13130 10
0 1 13131 -1
12 0 13132 26
14 0 13133 4
39 0 13134 10
14 1 13135 -1
21 0 13136 0
49 1 13137 -1
44 1 13138 -1
40 1 13139 -1
7 1 13140 -1
13 0 13141 2
5 0 13142 8
48 0 13143 46
9 1 13144 -1
41 0 13145 6
33 1 13146 -1
2 0 13147 42
29 1 13148 -1
3 0 13149 6
49 0 13150 36
46 1 13151 -1
8 1 13152 -1
36 0 13153 14
26 1 13154 -1
46 1 13155 -1
30 0 13156 32
56 1 13157 -1
12 0 13158 16
8 1 13159 -1
27 0 13160 10
55 1 13161 -1
31 0 13162 24
20 1 13163 -1
11 0 13164 28
11 0 13165 6
31 1 13166 -1
22 1 13167 -1
14 0 13168 6
49 0 13169 46
37 1 13170 -1
44 0 13171 46
46 0 13172 36
1 0 13173 0
12 1 13174 -1
57 1 13175 -1
0 1 13176 -1
31 0 13177 42
41 1 13178 -1
8 1 13179 -1
14 0 13180 22
49 0 13181 32
56 1 13182 -1
57 0 13183 34
42 1 13184 -1
15 0 13185 6
45 1 13186 -1
13 1 13187 -1
59 0 13188 28
16 1 13189 -1
31 0 13190 10
26 1 13191 -1
0 1 13192 -1
40 0 13193 38
14 0 13194 18
19 0 13195 14
33 1 13196 -1
41 0 13197 12
46 0 13198 22
2 1 13199 -1
8 1 13200 -1
0 0 13201 36
23 0 13202 36
51 1 13203 -1
55 1 13204 -1
31 1 13205 -1
6 0 13206 14
10 1 13207 -1
36 0 13208 18
15 0 13209 26
31 0 13210 0
19 1 13211 -1
47 1 13212 -1
1 0 13213 26
3 0 13214 18
34 1 13215 -1
4 1 13216 -1
3 0 13217 24
46 1 13218 -1
35 0 13219 18
0 1 13220 -1
11 0 13221 8
31 1 13222 -1
0 1 13223 -1
36 0 13224 34
5 0 13225 26
19 0 13226 24
11 1 13227 -1
12 1 13228 -1
6 1 13229 -1
51 0 13230 6
16 1 13231 -1
46 1 13232 -1
25 1 13233 -1
5 0 13234 24
25 0 13235 22
37 0 13236 4
36 1 13237 -1
59 0 13238 48
30 1 13239 -1
44 0 13240 28
24 1 13241 -1
20 1 13242 -1
28 0 13243 42
19 0 13244 42
34 0 13245 46
6 0 13246 18
11 1 13247 -1
11 1 13248 -1
17 1 13249 -1
12 0 13250 8
24 1 13251 -1
0 0 13252 34
6 1 13253 -1
55 0 13254 22
2 0 13255 30
29 1 13256 -1
57 0 13257 20
31 0 13258 24
38 1 13259 -1
41 1 13260 -1
17 1 13261 -1
56 1 13262 -1
41 0 13263 38
18 0 13264 4
49 1 13265 -1
12 0 13266 38
24 1 13267 -1
24 0 13268 12
28 1 13269 -1
10 0 13270 30
45 0 13271 2
58 1 13272 -1
31 1 13273 -1
30 0 13274 26
22 1 13275 -1
17 0 13276 2
43 1 13277 -1
59 1 13278 -1
6 0 13279 38
51 0 13280 10
31 0 13281 0
41 1 13282 -1
42 0 13283 22
57 1 13284 -1
42 0 13285 16
6 1 13286 -1
59 0 13287 18
36 0 13288 44
47 1 13289 -1
23 0 13290 38
54 1 13291 -1
13 1 13292 -1
58 1 13293 -1
38 0 13294 2
47 0 13295 28
23 1 13296 -1
56 1 13297 -1
20 0 13298 24
47 0 13299 6
33 1 13300 -1
4 1 13301 -1
48 1 13302 -1
5 0 13303 40
18 0 13304 2
49 0 13305 30
20 1 13306 -1
35 1 13307 -1
51 0 13308 42
51 0 13309 24
27 1 13310 -1
6 0 13311 28
23 1 13312 -1
24 0 13313 48
36 0 13314 44
2 1 13315 -1
14 0 13316 40
26 1 13317 -1
57 0 13318 22
10 1 13319 -1
30 1 13320 -1
44 1 13321 -1
23 0 13322 20
49 1 13323 -1
51 0 13324 14
16 0 13325 46
24 0 13326 34
58 1 13327 -1
51 1 13328 -1
21 1 13329 -1
27 0 13330 46
18 0 13331 22
19 1 13332 -1
54 1 13333 -1
26 0 13334 0
42 0 13335 18
48 1 13336 -1
16 0 13337 4
45 1 13338 -1
28 1 13339 -1
4 1 13340 -1
3 0 13341 26
34 0 13342 4
3 0 13343 32
38 1 13344 -1
23 0 13345 22
56 0 13346 6
51 1 13347 -1
51 1 13348 -1
5 1 13349 -1
27 1 13350 -1
45 0 13351 4
18 1 13352 -1
42 0 13353 40
45 0 13354 46
36 0 13355 0
0 1 13356 -1
51 0 13357 40
7 1 13358 -1
41 1 13359 -1
13 0 13360 4
28 0 13361 46
23 1 13362 -1
35 0 13363 40
30 1 13364 -1
59 1 13365 -1
10 1 13366 -1
29 0 13367 20
29 0 13368 34
20 0 13369 2
47 1 13370 -1
23 0 13371 18
41 0 13372 22
22 1 13373 -1
58 0 13374 22
51 0 13375 38
16 1 13376 -1
15 1 13377 -1
15 1 13378 -1
45 1 13379 -1
34 1 13380 -1
59 0 13381 12
48 0 13382 2
32 0 13383 16
46 0 13384 42
29 1 13385 -1
24 1 13386 -1
13 0 13387 38
48 1 13388 -1
22 0 13389 34
57 1 13390 -1
52 1 13391 -1
2 0 13392 8
13 0 13393 30
7 1 13394 -1
21 1 13395 -1
20 1 13396 -1
11 1 13397 -1
41 0 13398 28
2 0 13399 48
7 0 13400 2
10 0 13401 38
21 1 13402 -1
31 0 13403 46
51 0 13404 0
24 0 13405 4
46 1 13406 -1
19 0 13407 48
47 1 13408 -1
1 1 13409 -1
28 1 13410 -1
21 0 13411 42
48 1 13412 -1
2 1 13413 -1
54 0 13414 18
59 0 13415 34
14 1 13416 -1
10 0 13417 46
10 1 13418 -1
13 1 13419 -1
25 1 13420 -1
54 1 13421 -1
40 0 13422 12
15 0 13423 28
13 1 13424 -1
23 1 13425 -1
29 0 13426 2
4 0 13427 28
0 0 13428 0
51 1 13429 -1
44 1 13430 -1
1 0 13431 44
46 1 13432 -1
4 0 13433 6
51 1 13434 -1
29 0 13435 12
8 0 13436 42
7 1 13437 -1
49 0 13438 32
21 0 13439 4
51 1 13440 -1
39 1 13441 -1
29 0 13442 12
17 0 13443 32
57 1 13444 -1
0 1 13445 -1
9 0 13446 40
50 1 13447 -1
48 1 13448 -1
1 1 13449 -1
55 0 13450 34
4 0 13451 38
32 0 13452 44
28 0 13453 2
31 1 13454 -1
10 0 13455 38
31 1 13456 -1
49 1 13457 -1
45 0 13458 46
20 1 13459 -1
17 1 13460 -1
27 0 13461 30
6 0 13462 26
27 1 13463 -1
20 0 13464 26
11 0 13465 44
48 1 13466 -1
35 0 13467 40
56 1 13468 -1
44 0 13469 28
52 0 13470 8
29 1 13471 -1
2 0 13472 6
1 1 13473 -1
39 1 13474 -1
48 0 13475 42
10 0 13476 12
25 0 13477 22
46 1 13478 -1
45 1 13479 -1
34 1 13480 -1
54 1 13481 -1
30 0 13482 0
12 1 13483 -1
5 0 13484 4
32 1 13485 -1
55 0 13486 0
56 1 13487 -1
31 0 13488 2
49 1 13489 -1
27 0 13490 16
22 1 13491 -1
18 0 13492 8
10 1 13493 -1
10 1 13494 -1
54 1 13495 -1
22 0 13496 4
39 0 13497 0
14 1 13498 -1
34 1 13499 -1
29 0 13500 28
5 0 13501 36
33 0 13502 10
44 0 13503 34
13 1 13504 -1
37 1 13505 -1
47 0 13506 48
44 0 13507 30
41 1 13508 -1
20 0 13509 12
49 0 13510 16
44 1 13511 -1
54 1 13512 -1
1 0 13513 14
55 1 13514 -1
27 1 13515 -1
38 0 13516 44
39 1 13517 -1
52 1 13518 -1
55 0 13519 2
27 0 13520 0
22 1 13521 -1
45 0 13522 22
23 1 13523 -1
15 0 13524 26
4 1 13525 -1
35 0 13526 18
45 0 13527 28
34 0 13528 14
9 1 13529 -1
5 1 13530 -1
51 1 13531 -1
3 1 13532 -1
36 0 13533 12
5 0 13534 48
21 0 13535 0
41 0 13536 36
25 1 13537 -1
11 1 13538 -1
52 1 13539 -1
37 0 13540 26
4 1 13541 -1
16 1 13542 -1
4 0 13543 46
51 0 13544 22
39 1 13545 -1
18 1 13546 -1
30 0 13547 10
21 0 13548 0
5 0 13549 16
23 1 13550 -1
30 1 13551 -1
52 1 13552 -1
35 0 13553 4
54 0 13554 6
25 0 13555 0
21 1 13556 -1
55 1 13557 -1
4 0 13558 10
44 1 13559 -1
54 0 13560 28
40 0 13561 32
43 1 13562 -1
13 1 13563 -1
58 0 13564 10
8 0 13565 6
1 1 13566 -1
36 0 13567 40
48 0 13568 26
21 1 13569 -1
24 1 13570 -1
35 0 13571 18
10 1 13572 -1
2 1 13573 -1
19 1 13574 -1
19 0 13575 30
19 1 13576 -1
34 0 13577 8
20 1 13578 -1
35 1 13579 -1
3 1 13580 -1
48 0 13581 36
8 0 13582 6
13 0 13583 36
7 0 13584 46
56 1 13585 -1
16 0 13586 20
16 1 13587 -1
21 0 13588 36
14 1 13589 -1
54 1 13590 -1
30 0 13591 16
39 0 13592 4
58 1 13593 -1
23 0 13594 46
56 0 13595 36
58 1 13596 -1
54 1 13597 -1
28 1 13598 -1
39 0 13599 20
31 0 13600 40
0 0 13601 32
38 1 13602 -1
32 1 13603 -1
51 0 13604 0
12 0 13605 20
34 1 13606 -1
5 1 13607 -1
46 0 13608 42
2 1 13609 -1
50 1 13610 -1
32 0 13611 32
47 0 13612 40
51 1 13613 -1
11 0 13614 2
56 1 13615 -1
20 0 13616 44
32 1 13617 -1
7 1 13618 -1
33 1 13619 -1
8 0 13620 12
50 0 13621 6
16 0 13622 8
43 1 13623 -1
29 0 13624 44
20 0 13625 18
5 0 13626 22
20 1 13627 -1
34 1 13628 -1
32 1 13629 -1
28 0 13630 2
39 1 13631 -1
54 0 13632 4
45 0 13633 48
52 0 13634 38
58 1 13635 -1
0 0 13636 16
26 1 13637 -1
57 0 13638 48
18 1 13639 -1
45 0 13640 10
44 1 13641 -1
42 1 13642 -1
58 1 13643 -1
28 0 13644 20
24 0 13645 44
5 0 13646 32
2 1 13647 -1
59 1 13648 -1
11 0 13649 48
59 1 13650 -1
18 0 13651 28
43 0 13652 48
14 1 13653 -1
6 1 13654 -1
18 0 13655 48
34 1 13656 -1
41 1 13657 -1
11 0 13658 48
32 1 13659 -1
3 0 13660 10
27 1 13661 -1
42 0 13662 32
0 0 13663 6
10 1 13664 -1
51 1 13665 -1
27 0 13666 20
33 0 13667 20
10 0 13668 42
27 1 13669 -1
37 1 13670 -1
1 1 13671 -1
42 0 13672 0
9 1 13673 -1
31 0 13674 2
18 1 13675 -1
43 1 13676 -1
59 0 13677 36
18 0 13678 14
40 0 13679 12
42 1 13680 -1
50 0 13681 26
33 1 13682 -1
59 0 13683 42
40 1 13684 -1
20 0 13685 38
32 0 13686 42
12 1 13687 -1
52 1 13688 -1
9 0 13689 0
22 0 13690 2
21 1 13691 -1
16 0 13692 36
23 1 13693 -1
2 1 13694 -1
24 1 13695 -1
3 1 13696 -1
27 0 13697 26
18 1 13698 -1
26 0 13699 32
55 0 13700 40
22 0 13701 22
26 1 13702 -1
51 0 13703 28
58 1 13704 -1
2 0 13705 42
57 0 13706 40
14 1 13707 -1
41 1 13708 -1
22 1 13709 -1
32 0 13710 20
2 0 13711 12
39 1 13712 -1
33 0 13713 8
15 1 13714 -1
4 1 13715 -1
7 0 13716 0
4 1 13717 -1
14 1 13718 -1
4 0 13719 48
46 0 13720 36
35 1 13721 -1
24 0 13722 18
3 1 13723 -1
38 0 13724 4
33 0 13725 38
34 1 13726 -1
9 1 13727 -1
12 0 13728 34
29 1 13729 -1
22 0 13730 32
18 0 13731 8
6 1 13732 -1
45 0 13733 44
10 1 13734 -1
59 0 13735 20
16 1 13736 -1
17 0 13737 44
13 0 13738 30
30 1 13739 -1
28 1 13740 -1
21 0 13741 44
17 1 13742 -1
44 0 13743 12
31 1 13744 -1
17 0 13745 0
19 1 13746 -1
57 1 13747 -1
48 0 13748 42
39 0 13749 8
5 1 13750 -1
24 1 13751 -1
10 1 13752 -1
1 1 13753 -1
40 0 13754 42
44 0 13755 26
37 0 13756 14
57 0 13757 42
49 0 13758 28
43 1 13759 -1
33 0 13760 10
10 1 13761 -1
47 1 13762 -1
3 0 13763 38
20 1 13764 -1
3 0 13765 0
23 1 13766 -1
50 1 13767 -1
9 0 13768 42
49 1 13769 -1
18 0 13770 32
42 0 13771 8
9 1 13772 -1
20 0 13773 10
46 1 13774 -1
41 0 13775 10
57 1 13776 -1
30 1 13777 -1
55 0 13778 6
16 1 13779 -1
17 1 13780 -1
32 0 13781 42
52 1 13782 -1
42 0 13783 28
2 0 13784 20
5 1 13785 -1
42 1 13786 -1
41 0 13787 36
56 1 13788 -1
28 0 13789 28
42 0 13790 42
40 0 13791 0
5 1 13792 -1
10 1 13793 -1
16 1 13794 -1
29 0 13795 2
1 1 13796 -1
44 0 13797 42
39 1 13798 -1
43 0 13799 38
50 0 13800 46
23 1 13801 -1
36 1 13802 -1
1 0 13803 42
42 0 13804 2
24 1 13805 -1
32 1 13806 -1
39 0 13807 36
8 0 13808 2
41 1 13809 -1
47 0 13810 48
34 0 13811 30
7 1 13812 -1
21 0 13813 10
10 1 13814 -1
22 1 13815 -1
4 1 13816 -1
17 1 13817 -1
33 0 13818 10
19 0 13819 8
6 0 13820 22
11 1 13821 -1
25 1 13822 -1
24 0 13823 0
49 1 13824 -1
39 0 13825 24
45 0 13826 20
59 0 13827 28
34 1 13828 -1
0 1 13829 -1
17 0 13830 12
33 0 13831 44
45 1 13832 -1
59 1 13833 -1
45 0 13834 14
15 0 13835 16
7 1 13836 -1
6 1 13837 -1
30 0 13838 22
49 1 13839 -1
52 0 13840 12
56 0 13841 42
2 1 13842 -1
23 1 13843 -1
49 0 13844 10
42 0 13845 30
36 0 13846 14
41 1 13847 -1
14 0 13848 6
55 1 13849 -1
42 1 13850 -1
16 0 13851 14
7 1 13852 -1
39 0 13853 0
0 1 13854 -1
29 0 13855 20
2 1 13856 -1
10 0 13857 0
31 0 13858 22
38 1 13859 -1
58 0 13860 40
45 1 13861 -1
21 1 13862 -1
48 0 13863 46
46 1 13864 -1
54 0 13865 10
51 1 13866 -1
8 1 13867 -1
27 1 13868 -1
57 0 13869 44
10 1 13870 -1
41 0 13871 32
3 1 13872 -1
52 0 13873 20
45 0 13874 12
45 1 13875 -1
27 0 13876 6
43 1 13877 -1
18 1 13878 -1
35 0 13879 32
32 0 13880 28
23 0 13881 30
40 1 13882 -1
16 0 13883 10
23 1 13884 -1
47 1 13885 -1
32 1 13886 -1
5 0 13887 18
44 1 13888 -1
26 0 13889 10
58 0 13890 42
42 0 13891 26
28 1 13892 -1
42 0 13893 24
37 1 13894 -1
55 0 13895 36
50 1 13896 -1
32 0 13897 42
9 1 13898 -1
21 0 13899 30
30 0 13900 24
21 1 13901 -1
1 1 13902 -1
30 1 13903 -1
11 1 13904 -1
47 0 13905 42
7 0 13906 44
36 1 13907 -1
28 1 13908 -1
42 0 13909 30
54 1 13910 -1
22 0 13911 28
54 0 13912 22
54 1 13913 -1
15 1 13914 -1
7 0 13915 28
44 1 13916 -1
4 0 13917 34
43 0 13918 36
40 1 13919 -1
24 0 13920 42
17 1 13921 -1
6 0 13922 30
9 0 13923 14
56 1 13924 -1
59 0 13925 12
51 1 13926 -1
54 0 13927 34
20 1 13928 -1
8 0 13929 38
18 0 13930 0
59 1 13931 -1
49 0 13932 18
27 1 13933 -1
55 1 13934 -1
5 0 13935 48
56 1 13936 -1
45 0 13937 16
2 1 13938 -1
17 1 13939 -1
43 0 13940 12
55 1 13941 -1
32 1 13942 -1
50 0 13943 0
38 0 13944 24
27 1 13945 -1
10 0 13946 42
17 1 13947 -1
23 0 13948 22
30 0 13949 4
39 1 13950 -1
17 0 13951 44
57 1 13952 -1
10 0 13953 12
40 0 13954 16
52 1 13955 -1
10 0 13956 8
19 0 13957 32
5 1 13958 -1
51 1 13959 -1
17 1 13960 -1
13 1 13961 -1
11 0 13962 22
34 0 13963 2
38 1 13964 -1
5 1 13965 -1
10 0 13966 42
35 1 13967 -1
20 0 13968 32
2 0 13969 48
6 1 13970 -1
57 1 13971 -1
2 0 13972 12
37 0 13973 36
39 1 13974 -1
32 0 13975 24
26 1 13976 -1
21 1 13977 -1
38 0 13978 40
34 0 13979 36
24 1 13980 -1
18 1 13981 -1
21 0 13982 34
10 0 13983 44
42 1 13984 -1
14 1 13985 -1
26 0 13986 42
17 0 13987 20
49 1 13988 -1
41 1 13989 -1
23 0 13990 14
2 0 13991 10
40 1 13992 -1
27 0 13993 26
57 0 13994 0
26 1 13995 -1
15 1 13996 -1
24 1 13997 -1
42 0 13998 12
54 0 13999 26
48 0 14000 22
11 1 14001 -1
22 0 14002 26
0 0 14003 10
9 1 14004 -1
16 1 14005 -1
0 1 14006 -1
59 0 14007 12
45 1 14008 -1
18 1 14009 -1
43 0 14010 14
33 0 14011 0
51 1 14012 -1
9 0 14013 48
20 1 14014 -1
24 0 14015 10
46 0 14016 48
14 1 14017 -1
42 0 14018 34
42 1 14019 -1
29 0 14020 36
8 0 14021 24
8 1 14022 -1
41 1 14023 -1
25 1 14024 -1
28 0 14025 38
2 1 14026 -1
44 1 14027 -1
23 1 14028 -1
7 0 14029 32
48 0 14030 34
8 1 14031 -1
34 0 14032 42
26 0 14033 8
24 0 14034 22
9 1 14035 -1
46 1 14036 -1
13 1 14037 -1
11 0 14038 20
26 1 14039 -1
26 0 14040 24
24 1 14041 -1
23 0 14042 16
33 1 14043 -1
56 1 14044 -1
12 1 14045 -1
51 0 14046 46
6 0 14047 34
32 0 14048 14
39 0 14049 22
28 0 14050 20
53 1 14051 -1
55 0 14052 12
11 1 14053 -1
26 1 14054 -1
7 0 14055 28
45 1 14056 -1
4 0 14057 10
8 0 14058 28
3 1 14059 -1
50 1 14060 -1
51 0 14061 26
13 0 14062 12
28 1 14063 -1
41 1 14064 -1
57 1 14065 -1
13 0 14066 44
55 1 14067 -1
1 0 14068 14
35 0 14069 48
49 1 14070 -1
56 1 14071 -1
2 0 14072 30
18 1 14073 -1
36 0 14074 36
44 0 14075 22
48 1 14076 -1
54 0 14077 34
28 1 14078 -1
19 1 14079 -1
16 0 14080 48
0 1 14081 -1
12 0 14082 24
1 0 14083 14
6 1 14084 -1
44 1 14085 -1
52 1 14086 -1
52 0 14087 12
4 1 14088 -1
39 0 14089 46
43 0 14090 32
14 0 14091 20
44 1 14092 -1
44 1 14093 -1
14 1 14094 -1
53 0 14095 36
15 0 14096 46
17 1 14097 -1
3 1 14098 -1
10 0 14099 42
35 0 14100 36
37 1 14101 -1
17 1 14102 -1
26 0 14103 34
42 1 14104 -1
54 0 14105 40
55 0 14106 16
39 1 14107 -1
7 0 14108 46
19 0 14109 46
25 0 14110 4
52 1 14111 -1
8 0 14112 10
36 1 14113 -1
56 0 14114 4
1 0 14115 46
24 0 14116 30
59 1 14117 -1
34 1 14118 -1
0 1 14119 -1
2 0 14120 16
46 1 14121 -1
50 1 14122 -1
0 0 14123 34
56 1 14124 -1
42 1 14125 -1
35 0 14126 0
29 0 14127 10
53 1 14128 -1
49 0 14129 30
10 1 14130 -1
37 1 14131 -1
27 0 14132 44
14 0 14133 34
37 1 14134 -1
49 0 14135 34
48 1 14136 -1
56 0 14137 22
45 1 14138 -1
34 0 14139 34
19 1 14140 -1
43 0 14141 12
57 0 14142 26
9 0 14143 40
22 1 14144 -1
2 1 14145 -1
50 1 14146 -1
49 1 14147 -1
31 1 14148 -1
19 0 14149 44
52 0 14150 2
54 0 14151 22
20 1 14152 -1
34 0 14153 30
47 1 14154 -1
13 0 14155 40
8 0 14156 20
2 1 14157 -1
11 1 14158 -1
58 1 14159 -1
23 1 14160 -1
10 0 14161 18
31 0 14162 34
25 1 14163 -1
35 1 14164 -1
47 0 14165 14
50 1 14166 -1
56 0 14167 12
54 0 14168 16
6 0 14169 22
11 1 14170 -1
3 0 14171 44
55 0 14172 34
41 0 14173 16
35 1 14174 -1
59 1 14175 -1
3 1 14176 -1
16 1 14177 -1
58 1 14178 -1
11 0 14179 0
23 0 14180 14
2 0 14181 20
15 0 14182 28
6 1 14183 -1
1 1 14184 -1
52 1 14185 -1
31 1 14186 -1
56 0 14187 6
4 0 14188 36
50 0 14189 44
7 1 14190 -1
53 0 14191 16
36 0 14192 2
54 1 14193 -1
19 1 14194 -1
40 0 14195 8
48 0 14196 34
59 1 14197 -1
5 1 14198 -1
53 1 14199 -1
6 1 14200 -1
40 0 14201 36
40 1 14202 -1
21 0 14203 48
58 0 14204 8
7 1 14205 -1
48 1 14206 -1
31 1 14207 -1
33 1 14208 -1
19 0 14209 8
41 0 14210 36
49 0 14211 18
33 0 14212 30
54 1 14213 -1
8 0 14214 48
13 0 14215 6
37 1 14216 -1
52 1 14217 -1
56 0 14218 20
40 0 14219 0
29 1 14220 -1
54 0 14221 46
37 0 14222 8
44 1 14223 -1
50 1 14224 -1
13 1 14225 -1
16 0 14226 30
17 1 14227 -1
6 0 14228 24
35 1 14229 -1
52 1 14230 -1
59 0 14231 32
8 0 14232 22
0 0 14233 26
57 0 14234 30
19 1 14235 -1
41 1 14236 -1
40 1 14237 -1
52 0 14238 42
31 1 14239 -1
35 0 14240 34
38 1 14241 -1
45 0 14242 24
44 0 14243 30
24 1 14244 -1
44 0 14245 48
22 0 14246 14
8 0 14247 20
40 1 14248 -1
48 1 14249 -1
50 1 14250 -1
21 1 14251 -1
56 0 14252 12
25 1 14253 -1
45 0 14254 40
43 0 14255 10
40 1 14256 -1
33 1 14257 -1
29 1 14258 -1
18 1 14259 -1
50 0 14260 10
5 0 14261 24
40 0 14262 28
28 1 14263 -1
49 0 14264 30
21 1 14265 -1
42 0 14266 30
1 0 14267 24
49 0 14268 42
13 1 14269 -1
34 1 14270 -1
51 0 14271 36
11 0 14272 8
33 0 14273 4
19 1 14274 -1
43 1 14275 -1
37 1 14276 -1
40 1 14277 -1
18 0 14278 48
47 1 14279 -1
20 0 14280 38
59 0 14281 36
44 0 14282 32
34 1 14283 -1
35 0 14284 32
6 1 14285 -1
45 1 14286 -1
41 0 14287 48
9 1 14288 -1
6 0 14289 42
14 1 14290 -1
50 0 14291 34
30 1 14292 -1
53 1 14293 -1
45 0 14294 44
31 1 14295 -1
43 0 14296 14
18 1 14297 -1
33 1 14298 -1
10 0 14299 48
7 0 14300 6
24 0 14301 18
11 1 14302 -1
44 1 14303 -1
29 0 14304 16
43 1 14305 -1
39 1 14306 -1
46 0 14307 10
33 0 14308 32
3 0 14309 24
49 1 14310 -1
20 1 14311 -1
50 1 14312 -1
23 0 14313 0
7 0 14314 18
59 0 14315 44
48 1 14316 -1
4 0 14317 46
28 1 14318 -1
15 1 14319 -1
6 0 14320 24
25 1 14321 -1
40 0 14322 10
45 0 14323 24
19 0 14324 10
22 1 14325 -1
1 1 14326 -1
29 1 14327 -1
14 0 14328 2
42 0 14329 22
27 1 14330 -1
3 0 14331 8
19 0 14332 22
7 1 14333 -1
26 0 14334 42
40 0 14335 46
31 1 14336 -1
31 1 14337 -1
14 0 14338 34
53 0 14339 18
39 1 14340 -1
32 1 14341 -1
57 1 14342 -1
49 0 14343 46
51 1 14344 -1
0 0 14345 36
54 0 14346 18
41 1 14347 -1
3 0 14348 24
26 0 14349 30
55 1 14350 -1
19 1 14351 -1
31 0 14352 2
41 1 14353 -1
48 1 14354 -1
41 0 14355 24
11 1 14356 -1
39 1 14357 -1
46 0 14358 46
23 0 14359 42
40 1 14360 -1
50 1 14361 -1
52 0 14362 32
23 0 14363 36
21 1 14364 -1
13 0 14365 46
35 0 14366 40
5 1 14367 -1
35 0 14368 32
58 1 14369 -1
19 1 14370 -1
29 0 14371 8
19 1 14372 -1
44 0 14373 42
36 1 14374 -1
39 1 14375 -1
11 0 14376 30
21 1 14377 -1
41 0 14378 38
0 0 14379 46
4 1 14380 -1
10 1 14381 -1
23 0 14382 10
16 0 14383 40
5 1 14384 -1
9 0 14385 42
12 1 14386 -1
52 0 14387 2
52 1 14388 -1
53 0 14389 36
6 1 14390 -1
30 0 14391 6
43 0 14392 34
14 1 14393 -1
13 1 14394 -1
10 0 14395 24
23 1 14396 -1
47 0 14397 30
1 0 14398 42
29 1 14399 -1
9 1 14400 -1
4 0 14401 40
26 0 14402 42
39 1 14403 -1
57 1 14404 -1
19 1 14405 -1
36 0 14406 12
29 0 14407 48
7 0 14408 0
29 1 14409 -1
0 1 14410 -1
46 0 14411 32
12 0 14412 2
8 1 14413 -1
58 1 14414 -1
3 0 14415 14
9 0 14416 26
2 1 14417 -1
42 1 14418 -1
33 1 14419 -1
45 1 14420 -1
59 0 14421 38
24 1 14422 -1
33 0 14423 36
41 1 14424 -1
57 0 14425 14
17 0 14426 36
14 0 14427 2
47 1 14428 -1
47 1 14429 -1
4 0 14430 34
41 0 14431 10
39 1 14432 -1
22 0 14433 38
54 1 14434 -1
27 0 14435 42
43 0 14436 46
48 1 14437 -1
18 0 14438 40
53 1 14439 -1
27 1 14440 -1
23 0 14441 10
46 0 14442 34
37 1 14443 -1
25 1 14444 -1
17 1 14445 -1
59 1 14446 -1
37 0 14447 6
18 0 14448 38
20 0 14449 4
14 1 14450 -1
55 0 14451 32
25 0 14452 40
24 1 14453 -1
28 1 14454 -1
24 0 14455 38
4 1 14456 -1
38 1 14457 -1
40 0 14458 2
6 0 14459 46
4 0 14460 28
0 0 14461 48
4 1 14462 -1
16 1 14463 -1
24 0 14464 14
23 1 14465 -1
8 0 14466 46
41 0 14467 12
18 1 14468 -1
47 1 14469 -1
5 1 14470 -1
45 1 14471 -1
33 0 14472 6
49 1 14473 -1
57 0 14474 20
57 1 14475 -1
5 0 14476 44
14 0 14477 8
52 0 14478 2
52 1 14479 -1
14 0 14480 22
46 0 14481 46
3 0 14482 32
31 1 14483 -1
15 0 14484 34
1 1 14485 -1
10 1 14486 -1
6 1 14487 -1
44 0 14488 36
18 1 14489 -1
19 0 14490 24
49 0 14491 6
20 0 14492 22
40 1 14493 -1
25 1 14494 -1
3 1 14495 -1
39 1 14496 -1
0 0 14497 20
34 0 14498 38
38 0 14499 4
0 1 14500 -1
17 0 14501 22
4 1 14502 -1
47 1 14503 -1
43 1 14504 -1
29 0 14505 30
24 1 14506 -1
47 0 14507 28
15 1 14508 -1
57 1 14509 -1
29 0 14510 10
37 0 14511 28
3 1 14512 -1
3 0 14513 12
55 1 14514 -1
28 0 14515 44
17 1 14516 -1
15 0 14517 26
27 0 14518 16
19 0 14519 44
44 1 14520 -1
34 1 14521 -1
22 1 14522 -1
9 1 14523 -1
42 0 14524 42
2 1 14525 -1
11 1 14526 -1
37 0 14527 14
52 1 14528 -1
18 0 14529 44
13 1 14530 -1
35 0 14531 22
50 0 14532 6
7 1 14533 -1
24 0 14534 28
59 0 14535 20
34 1 14536 -1
25 0 14537 40
38 0 14538 20
48 0 14539 10
27 1 14540 -1
14 1 14541 -1
47 0 14542 16
50 1 14543 -1
55 1 14544 -1
53 0 14545 2
35 0 14546 36
53 1 14547 -1
39 0 14548 34
37 1 14549 -1
52 1 14550 -1
1 0 14551 46
41 1 14552 -1
48 0 14553 22
2 0 14554 14
36 1 14555 -1
18 0 14556 22
53 1 14557 -1
32 1 14558 -1
49 1 14559 -1
11 1 14560 -1
17 0 14561 16
29 0 14562 36
2 0 14563 22
50 1 14564 -1
39 1 14565 -1
39 0 14566 2
25 0 14567 32
45 1 14568 -1
49 0 14569 18
56 1 14570 -1
5 0 14571 4
21 1 14572 -1
13 1 14573 -1
42 0 14574 8
28 0 14575 30
40 0 14576 34
54 1 14577 -1
7 0 14578 28
33 1 14579 -1
41 0 14580 4
26 1 14581 -1
29 1 14582 -1
37 0 14583 42
19 1 14584 -1
40 1 14585 -1
19 0 14586 30
59 0 14587 24
25 0 14588 26
3 0 14589 6
22 1 14590 -1
2 1 14591 -1
55 0 14592 30
30 1 14593 -1
25 1 14594 -1
27 0 14595 30
15 1 14596 -1
27 1 14597 -1
4 1 14598 -1
25 0 14599 20
44 0 14600 34
38 1 14601 -1
9 0 14602 34
53 1 14603 -1
44 0 14604 10
48 1 14605 -1
55 0 14606 42
42 0 14607 34
29 1 14608 -1
59 1 14609 -1
11 1 14610 -1
37 0 14611 26
56 0 14612 2
2 0 14613 32
53 1 14614 -1
15 0 14615 30
8 1 14616 -1
39 1 14617 -1
45 1 14618 -1
25 1 14619 -1
48 0 14620 2
56 0 14621 24
6 0 14622 30
51 0 14623 32
39 1 14624 -1
45 0 14625 34
17 1 14626 -1
22 0 14627 46
1 0 14628 4
43 1 14629 -1
57 1 14630 -1
9 1 14631 -1
58 0 14632 8
30 0 14633 18
31 1 14634 -1
58 0 14635 38
28 1 14636 -1
34 0 14637 10
27 1 14638 -1
6 0 14639 26
11 1 14640 -1
10 0 14641 38
43 1 14642 -1
10 1 14643 -1
28 1 14644 -1
58 0 14645 20
37 0 14646 20
35 1 14647 -1
40 0 14648 2
0 1 14649 -1
50 1 14650 -1
14 0 14651 24
43 0 14652 22
49 1 14653 -1
44 0 14654 22
59 0 14655 20
29 1 14656 -1
2 1 14657 -1
34 1 14658 -1
54 0 14659 20
45 1 14660 -1
6 0 14661 10
10 0 14662 38
49 0 14663 28
58 1 14664 -1
35 1 14665 -1
52 0 14666 36
0 1 14667 -1
19 1 14668 -1
17 0 14669 42
27 0 14670 14
45 0 14671 40
3 0 14672 42
57 1 14673 -1
28 1 14674 -1
37 1 14675 -1
27 0 14676 42
38 0 14677 34
56 1 14678 -1
30 1 14679 -1
27 1 14680 -1
0 0 14681 36
0 1 14682 -1
57 0 14683 14
34 0 14684 30
18 0 14685 16
24 1 14686 -1
45 1 14687 -1
32 0 14688 28
43 0 14689 0
11 1 14690 -1
32 0 14691 8
48 1 14692 -1
25 1 14693 -1
44 0 14694 44
34 0 14695 40
11 1 14696 -1
25 0 14697 48
1 1 14698 -1
55 0 14699 18
35 1 14700 -1
30 1 14701 -1
36 1 14702 -1
35 0 14703 10
5 0 14704 26
24 0 14705 22
33 0 14706 32
41 1 14707 -1
15 1 14708 -1
30 1 14709 -1
34 0 14710 14
25 1 14711 -1
36 0 14712 24
14 0 14713 48
23 0 14714 6
9 1 14715 -1
0 1 14716 -1
45 1 14717 -1
0 1 14718 -1
22 0 14719 20
18 0 14720 6
36 0 14721 10
3 1 14722 -1
9 1 14723 -1
1 1 14724 -1
57 0 14725 0
34 1 14726 -1
9 1 14727 -1
51 0 14728 20
57 0 14729 26
9 0 14730 28
19 1 14731 -1
0 0 14732 30
48 0 14733 30
28 1 14734 -1
7 1 14735 -1
48 0 14736 16
17 0 14737 22
5 1 14738 -1
57 1 14739 -1
44 0 14740 0
7 0 14741 2
37 0 14742 46
21 1 14743 -1
36 1 14744 -1
48 1 14745 -1
56 1 14746 -1
16 0 14747 0
45 0 14748 14
55 1 14749 -1
10 0 14750 38
9 0 14751 12
3 0 14752 18
49 1 14753 -1
11 0 14754 36
11 1 14755 -1
0 0 14756 12
6 1 14757 -1
1 0 14758 28
14 1 14759 -1
57 0 14760 6
28 1 14761 -1
16 1 14762 -1
31 1 14763 -1
40 0 14764 10
18 1 14765 -1
48 0 14766 14
19 1 14767 -1
3 0 14768 8
13 0 14769 14
43 1 14770 -1
22 1 14771 -1
52 1 14772 -1
52 1 14773 -1
3 0 14774 0
33 0 14775 46
46 1 14776 -1
22 1 14777 -1
23 0 14778 12
39 0 14779 44
58 1 14780 -1
39 0 14781 10
28 1 14782 -1
28 0 14783 6
3 1 14784 -1
26 0 14785 28
43 0 14786 34
5 0 14787 32
22 1 14788 -1
45 1 14789 -1
53 0 14790 10
10 0 14791 38
0 1 14792 -1
0 1 14793 -1
4 1 14794 -1
23 0 14795 14
5 0 14796 0
14 0 14797 18
24 1 14798 -1
33 1 14799 -1
10 0 14800 40
15 1 14801 -1
15 0 14802 12
15 1 14803 -1
57 1 14804 -1
46 0 14805 40
58 0 14806 6
51 0 14807 40
50 1 14808 -1
4 1 14809 -1
59 1 14810 -1
53 0 14811 18
57 0 14812 20
36 0 14813 36
56 0 14814 6
4 0 14815 40
12 1 14816 -1
36 1 14817 -1
40 1 14818 -1
23 1 14819 -1
17 0 14820 16
33 1 14821 -1
1 0 14822 46
12 1 14823 -1
11 0 14824 4
30 1 14825 -1
4 0 14826 28
39 1 14827 -1
27 0 14828 22
44 1 14829 -1
19 0 14830 40
11 1 14831 -1
17 0 14832 46
34 1 14833 -1
37 1 14834 -1
26 0 14835 30
54 0 14836 12
50 0 14837 20
33 1 14838 -1
18 0 14839 2
42 1 14840 -1
37 1 14841 -1
12 0 14842 14
37 0 14843 20
8 1 14844 -1
56 1 14845 -1
24 0 14846 2
34 0 14847 30
3 1 14848 -1
8 0 14849 4
27 1 14850 -1
3 1 14851 -1
28 0 14852 30
6 0 14853 16
56 1 14854 -1
42 1 14855 -1
27 1 14856 -1
23 1 14857 -1
0 0 14858 12
55 0 14859 40
6 0 14860 14
33 0 14861 20
3 1 14862 -1
47 0 14863 48
11 1 14864 -1
36 1 14865 -1
12 0 14866 36
2 1 14867 -1
36 1 14868 -1
34 0 14869 14
41 0 14870 26
26 1 14871 -1
18 1 14872 -1
43 1 14873 -1
44 0 14874 4
39 0 14875 46
40 1 14876 -1
27 0 14877 24
49 0 14878 16
52 1 14879 -1
26 0 14880 22
51 1 14881 -1
43 0 14882 36
27 0 14883 18
12 1 14884 -1
56 0 14885 42
37 1 14886 -1
32 1 14887 -1
41 1 14888 -1
13 0 14889 48
9 1 14890 -1
35 0 14891 28
3 0 14892 12
2 1 14893 -1
19 0 14894 32
52 1 14895 -1
51 0 14896 40
36 1 14897 -1
46 1 14898 -1
43 0 14899 22
34 1 14900 -1
42 0 14901 36
9 0 14902 22
30 0 14903 0
25 0 14904 46
57 1 14905 -1
9 0 14906 20
17 0 14907 6
41 0 14908 4
50 1 14909 -1
15 0 14910 38
1 1 14911 -1
10 1 14912 -1
4 1 14913 -1
30 1 14914 -1
3 1 14915 -1
37 0 14916 30
40 1 14917 -1
3 0 14918 12
0 0 14919 20
40 0 14920 12
53 1 14921 -1
32 1 14922 -1
20 1 14923 -1
37 1 14924 -1
6 0 14925 48
22 1 14926 -1
51 0 14927 12
31 0 14928 32
31 1 14929 -1
25 0 14930 36
4 0 14931 14
40 1 14932 -1
50 1 14933 -1
47 0 14934 16
58 1 14935 -1
35 1 14936 -1
6 0 14937 6
16 0 14938 26
42 1 14939 -1
9 0 14940 28
45 1 14941 -1
50 0 14942 10
19 0 14943 42
41 0 14944 40
2 1 14945 -1
55 0 14946 26
15 1 14947 -1
53 0 14948 6
6 1 14949 -1
29 1 14950 -1
47 1 14951 -1
1 0 14952 10
5 0 14953 36
32 1 14954 -1
52 1 14955 -1
51 0 14956 30
8 1 14957 -1
25 0 14958 40
55 0 14959 26
49 0 14960 2
49 1 14961 -1
33 1 14962 -1
51 1 14963 -1
40 0 14964 48
46 1 14965 -1
59 0 14966 18
17 0 14967 6
19 0 14968 28
17 1 14969 -1
4 1 14970 -1
39 0 14971 46
21 1 14972 -1
47 0 14973 4
34 1 14974 -1
31 1 14975 -1
13 1 14976 -1
35 0 14977 26
30 0 14978 34
57 0 14979 20
25 0 14980 28
50 1 14981 -1
51 1 14982 -1
47 1 14983 -1
58 0 14984 34
13 1 14985 -1
46 0 14986 16
4 0 14987 40
19 1 14988 -1
46 1 14989 -1
12 1 14990 -1
33 0 14991 12
52 0 14992 42
58 0 14993 2
57 1 14994 -1
31 0 14995 46
20 1 14996 -1
53 0 14997 0
55 1 14998 -1
35 0 14999 22
25 1 15000 -1
8 0 15001 28
0 1 15002 -1
48 0 15003 42
26 0 15004 24
1 1 15005 -1
14 1 15006 -1
30 1 15007 -1
26 1 15008 -1
58 0 15009 46
29 0 15010 18
34 0 15011 8
36 0 15012 18
50 1 15013 -1
3 1 15014 -1
33 0 15015 48
3 0 15016 16
13 0 15017 26
4 1 15018 -1
33 1 15019 -1
51 0 15020 38
19 1 15021 -1
53 0 15022 16
12 1 15023 -1
31 1 15024 -1
45 1 15025 -1
17 0 15026 44
39 1 15027 -1
14 0 15028 44
22 0 15029 28
55 1 15030 -1
43 1 15031 -1
3 0 15032 42
12 0 15033 2
34 1 15034 -1
32 0 15035 30
35 1 15036 -1
57 1 15037 -1
9 0 15038 48
26 1 15039 -1
38 1 15040 -1
57 0 15041 28
19 0 15042 16
40 0 15043 20
35 1 15044 -1
13 1 15045 -1
31 0 15046 24
54 1 15047 -1
2 0 15048 22
29 0 15049 28
11 1 15050 -1
52 0 15051 30
10 0 15052 10
18 1 15053 -1
8 1 15054 -1
28 0 15055 16
49 1 15056 -1
48 0 15057 30
5 1 15058 -1
7 1 15059 -1
22 1 15060 -1
14 1 15061 -1
28 0 15062 46
29 0 15063 20
55 0 15064 16
33 0 15065 18
59 1 15066 -1
31 1 15067 -1
34 0 15068 42
18 0 15069 26
43 0 15070 4
54 1 15071 -1
10 1 15072 -1
28 1 15073 -1
58 0 15074 40
4 1 15075 -1
42 1 15076 -1
7 0 15077 20
56 0 15078 4
48 1 15079 -1
58 0 15080 36
10 0 15081 22
38 1 15082 -1
50 0 15083 46
5 1 15084 -1
39 1 15085 -1
28 0 15086 46
41 1 15087 -1
9 0 15088 40
32 0 15089 10
53 1 15090 -1
25 0 15091 2
46 1 15092 -1
4 1 15093 -1
42 0 15094 2
16 1 15095 -1
0 0 15096 16
2 1 15097 -1
42 0 15098 20
36 0 15099 0
17 1 15100 -1
3 0 15101 14
40 1 15102 -1
0 0 15103 38
34 1 15104 -1
39 1 15105 -1
18 0 15106 2
23 1 15107 -1
39 0 15108 32
45 0 15109 6
14 1 15110 -1
17 0 15111 0
22 0 15112 44
36 0 15113 20
10 1 15114 -1
25 1 15115 -1
2 0 15116 16
55 0 15117 40
8 1 15118 -1
54 1 15119 -1
51 1 15120 -1
38 0 15121 0
46 1 15122 -1
28 0 15123 26
15 1 15124 -1
38 1 15125 -1
46 0 15126 18
31 0 15127 2
15 1 15128 -1
15 0 15129 2
18 1 15130 -1
6 1 15131 -1
58 0 15132 2
0 1 15133 -1
40 1 15134 -1
59 0 15135 24
0 0 15136 26
50 0 15137 6
2 0 15138 46
30 0 15139 38
36 1 15140 -1
45 1 15141 -1
4 0 15142 8
2 1 15143 -1
38 1 15144 -1
45 1 15145 -1
43 1 15146 -1
35 0 15147 20
13 1 15148 -1
3 0 15149 46
59 1 15150 -1
12 0 15151 48
35 1 15152 -1
21 0 15153 4
32 0 15154 26
58 1 15155 -1
6 1 15156 -1
58 1 15157 -1
56 1 15158 -1
1 0 15159 22
20 1 15160 -1
45 0 15161 40
38 1 15162 -1
47 1 15163 -1
26 0 15164 6
54 0 15165 44
54 0 15166 44
25 0 15167 46
33 1 15168 -1
34 0 15169 48
34 0 15170 28
26 1 15171 -1
5 0 15172 48
18 0 15173 22
1 1 15174 -1
54 0 15175 30
16 1 15176 -1
44 1 15177 -1
17 0 15178 4
12 0 15179 12
37 1 15180 -1
1 1 15181 -1
9 0 15182 22
47 0 15183 26
33 0 15184 26
42 1 15185 -1
48 1 15186 -1
37 1 15187 -1
42 0 15188 46
17 1 15189 -1
1 1 15190 -1
19 0 15191 48
35 1 15192 -1
4 1 15193 -1
46 0 15194 40
28 0 15195 0
22 0 15196 22
56 0 15197 18
45 1 15198 -1
46 0 15199 22
26 1 15200 -1
19 1 15201 -1
26 0 15202 2
30 1 15203 -1
56 0 15204 36
53 0 15205 20
27 1 15206 -1
45 0 15207 18
36 0 15208 26
6 1 15209 -1
1 1 15210 -1
3 1 15211 -1
50 0 15212 14
59 0 15213 24
25 1 15214 -1
26 0 15215 4
16 1 15216 -1
23 1 15217 -1
10 0 15218 42
57 0 15219 36
17 1 15220 -1
29 1 15221 -1
26 0 15222 4
22 0 15223 38
20 1 15224 -1
47 0 15225 46
0 0 15226 46
39 1 15227 -1
55 0 15228 6
26 1 15229 -1
50 0 15230 48
4 1 15231 -1
46 0 15232 22
40 0 15233 18
46 1 15234 -1
33 1 15235 -1
36 1 15236 -1
45 1 15237 -1
43 0 15238 32
20 1 15239 -1
25 1 15240 -1
49 0 15241 24
21 0 15242 38
11 1 15243 -1
14 0 15244 26
20 0 15245 30
28 0 15246 26
8 1 15247 -1
12 1 15248 -1
19 0 15249 42
9 1 15250 -1
28 0 15251 36
53 1 15252 -1
40 0 15253 40
14 1 15254 -1
20 0 15255 44
51 0 15256 30
56 1 15257 -1
26 0 15258 8
15 1 15259 -1
17 1 15260 -1
12 1 15261 -1
9 0 15262 44
13 0 15263 46
2 1 15264 -1
6 1 15265 -1
45 0 15266 42
2 1 15267 -1
1 1 15268 -1
16 0 15269 32
44 0 15270 10
55 0 15271 12
53 0 15272 2
28 1 15273 -1
28 1 15274 -1
13 1 15275 -1
59 1 15276 -1
37 0 15277 34
17 0 15278 16
9 1 15279 -1
58 0 15280 24
44 1 15281 -1
36 1 15282 -1
31 0 15283 36
9 0 15284 10
44 1 15285 -1
27 0 15286 40
52 1 15287 -1
20 0 15288 32
33 0 15289 38
30 0 15290 0
10 1 15291 -1
19 0 15292 34
6 1 15293 -1
36 0 15294 10
26 1 15295 -1
59 0 15296 22
38 0 15297 48
58 1 15298 -1
32 1 15299 -1
11 1 15300 -1
33 0 15301 46
35 0 15302 4
15 0 15303 44
29 1 15304 -1
23 0 15305 4
38 1 15306 -1
31 0 15307 30
31 1 15308 -1
45 1 15309 -1
3 1 15310 -1
16 0 15311 4
38 0 15312 10
9 1 15313 -1
43 1 15314 -1
18 1 15315 -1
37 0 15316 2
33 0 15317 18
43 0 15318 12
7 1 15319 -1
29 1 15320 -1
58 0 15321 40
11 1 15322 -1
20 0 15323 42
24 1 15324 -1
53 1 15325 -1
22 0 15326 20
48 0 15327 38
39 1 15328 -1
25 0 15329 48
59 1 15330 -1
0 1 15331 -1
44 0 15332 0
42 1 15333 -1
4 1 15334 -1
49 0 15335 34
52 1 15336 -1
8 1 15337 -1
33 1 15338 -1
17 0 15339 10
10 0 15340 12
37 0 15341 30
24 1 15342 -1
16 0 15343 10
36 1 15344 -1
30 0 15345 38
35 1 15346 -1
38 0 15347 42
50 0 15348 48
4 0 15349 30
11 1 15350 -1
48 1 15351 -1
6 0 15352 6
4 1 15353 -1
38 0 15354 42
5 1 15355 -1
56 1 15356 -1
30 0 15357 16
58 0 15358 40
2 1 15359 -1
29 0 15360 2
14 1 15361 -1
12 1 15362 -1
17 0 15363 42
24 0 15364 0
42 1 15365 -1
55 0 15366 24
47 1 15367 -1
56 0 15368 32
12 1 15369 -1
15 0 15370 18
37 0 15371 12
0 1 15372 -1
59 0 15373 46
28 1 15374 -1
50 1 15375 -1
14 0 15376 0
40 0 15377 20
29 1 15378 -1
9 1 15379 -1
29 0 15380 14
52 0 15381 4
15 0 15382 38
16 1 15383 -1
18 1 15384 -1
53 0 15385 38
12 1 15386 -1
35 1 15387 -1
42 0 15388 44
59 0 15389 14
20 0 15390 44
26 1 15391 -1
34 1 15392 -1
14 1 15393 -1
37 1 15394 -1
34 0 15395 24
31 0 15396 6
47 1 15397 -1
24 0 15398 24
57 0 15399 24
45 1 15400 -1
59 1 15401 -1
26 1 15402 -1
56 0 15403 6
32 0 15404 12
45 1 15405 -1
33 1 15406 -1
3 0 15407 20
40 1 15408 -1
31 0 15409 8
13 1 15410 -1
16 0 15411 2
40 1 15412 -1
11 0 15413 32
15 0 15414 16
23 1 15415 -1
9 0 15416 30
8 1 15417 -1
31 0 15418 48
59 0 15419 28
10 1 15420 -1
47 0 15421 8
18 1 15422 -1
3 0 15423 20
13 1 15424 -1
25 1 15425 -1
43 1 15426 -1
30 0 15427 34
50 0 15428 12
22 1 15429 -1
7 1 15430 -1
6 0 15431 10
10 0 15432 26
12 0 15433 20
0 0 15434 28
7 1 15435 -1
45 1 15436 -1
4 1 15437 -1
33 0 15438 20
2 1 15439 -1
37 0 15440 38
17 1 15441 -1
28 0 15442 22
39 0 15443 14
5 1 15444 -1
31 1 15445 -1
44 0 15446 30
13 1 15447 -1
41 0 15448 48
58 1 15449 -1
25 0 15450 32
29 0 15451 42
1 1 15452 -1
19 1 15453 -1
11 0 15454 0
16 1 15455 -1
4 1 15456 -1
50 0 15457 38
18 0 15458 14
37 1 15459 -1
17 0 15460 8
39 1 15461 -1
47 0 15462 28
58 0 15463 6
9 1 15464 -1
41 1 15465 -1
34 0 15466 14
36 0 15467 24
56 1 15468 -1
22 0 15469 36
54 1 15470 -1
48 0 15471 30
46 1 15472 -1
34 0 15473 2
56 1 15474 -1
38 0 15475 14
55 1 15476 -1
34 0 15477 36
52 0 15478 30
3 1 15479 -1
28 0 15480 42
20 1 15481 -1
4 0 15482 38
26 1 15483 -1
12 1 15484 -1
11 1 15485 -1
39 0 15486 8
30 1 15487 -1
26 0 15488 38
29 0 15489 36
33 0 15490 14
18 1 15491 -1
48 1 15492 -1
25 1 15493 -1
26 1 15494 -1
3 1 15495 -1
45 0 15496 28
11 0 15497 28
11 0 15498 6
33 1 15499 -1
59 0 15500 18
37 0 15501 36
45 1 15502 -1
11 0 15503 36
35 1 15504 -1
30 0 15505 0
15 1 15506 -1
46 1 15507 -1
5 0 15508 48
39 0 15509 12
5 1 15510 -1
3 1 15511 -1
46 0 15512 16
50 0 15513 42
12 1 15514 -1
40 1 15515 -1
34 0 15516 2
1 1 15517 -1
19 1 15518 -1
8 0 15519 22
42 1 15520 -1
5 0 15521 28
19 0 15522 34
1 1 15523 -1
34 1 15524 -1
34 0 15525 26
34 0 15526 20
48 0 15527 26
17 1 15528 -1
54 1 15529 -1
50 0 15530 36
35 1 15531 -1
54 1 15532 -1
57 0 15533 20
58 0 15534 6
47 1 15535 -1
34 0 15536 42
32 1 15537 -1
52 0 15538 18
14 0 15539 36
18 1 15540 -1
33 0 15541 36
5 1 15542 -1
34 0 15543 48
2 0 15544 0
6 1 15545 -1
15 1 15546 -1
20 0 15547 44
34 1 15548 -1
28 0 15549 48
0 1 15550 -1
57 1 15551 -1
32 0 15552 22
28 1 15553 -1
33 1 15554 -1
58 0 15555 44
40 0 15556 34
31 1 15557 -1
42 1 15558 -1
21 1 15559 -1
57 0 15560 38
15 0 15561 16
15 1 15562 -1
19 0 15563 32
51 1 15564 -1
47 0 15565 0
9 0 15566 12
42 1 15567 -1
3 1 15568 -1
8 0 15569 46
44 0 15570 10
54 0 15571 28
40 1 15572 -1
40 1 15573 -1
34 1 15574 -1
45 1 15575 -1
8 0 15576 0
28 0 15577 38
40 0 15578 16
14 1 15579 -1
35 1 15580 -1
54 0 15581 28
20 1 15582 -1
35 0 15583 30
12 0 15584 10
19 1 15585 -1
25 1 15586 -1
4 1 15587 -1
40 0 15588 32
57 0 15589 22
59 1 15590 -1
17 0 15591 2
21 0 15592 0
55 0 15593 28
19 0 15594 16
1 1 15595 -1
15 0 15596 20
51 0 15597 44
8 1 15598 -1
58 1 15599 -1
12 1 15600 -1
2 0 15601 48
30 1 15602 -1
52 1 15603 -1
38 1 15604 -1
33 0 15605 10
23 0 15606 38
32 1 15607 -1
13 0 15608 26
29 0 15609 34
12 1 15610 -1
26 1 15611 -1
58 0 15612 48
43 0 15613 44
49 1 15614 -1
33 1 15615 -1
20 0 15616 48
38 0 15617 24
55 1 15618 -1
47 1 15619 -1
2 0 15620 24
57 0 15621 44
47 0 15622 44
8 1 15623 -1
5 0 15624 18
23 0 15625 34
52 0 15626 4
19 1 15627 -1
45 1 15628 -1
40 0 15629 8
56 1 15630 -1
32 1 15631 -1
46 0 15632 20
18 1 15633 -1
15 1 15634 -1
52 0 15635 30
32 1 15636 -1
33 1 15637 -1
14 0 15638 48
32 1 15639 -1
39 1 15640 -1
54 0 15641 38
10 1 15642 -1
32 0 15643 18
32 0 15644 14
46 1 15645 -1
8 0 15646 10
36 0 15647 24
3 0 15648 10
24 1 15649 -1
6 1 15650 -1
1 1 15651 -1
33 1 15652 -1
5 0 15653 6
21 0 15654 34
31 1 15655 -1
4 0 15656 22
12 0 15657 0
25 0 15658 16
28 1 15659 -1
52 1 15660 -1
31 0 15661 34
10 1 15662 -1
47 1 15663 -1
6 0 15664 30
26 1 15665 -1
21 0 15666 28
1 0 15667 12
15 1 15668 -1
19 0 15669 28
28 1 15670 -1
15 1 15671 -1
25 1 15672 -1
11 0 15673 4
23 0 15674 30
9 0 15675 16
10 0 15676 48
3 1 15677 -1
58 0 15678 24
28 1 15679 -1
54 1 15680 -1
12 1 15681 -1
43 1 15682 -1
33 0 15683 30
35 0 15684 40
23 1 15685 -1
30 0 15686 30
24 1 15687 -1
46 0 15688 18
55 0 15689 28
37 1 15690 -1
52 0 15691 38
0 1 15692 -1
16 0 15693 14
7 1 15694 -1
42 0 15695 0
23 0 15696 18
45 0 15697 32
29 1 15698 -1
58 1 15699 -1
29 0 15700 40
36 1 15701 -1
45 0 15702 40
13 1 15703 -1
12 1 15704 -1
43 0 15705 40
0 1 15706 -1
14 0 15707 10
24 1 15708 -1
51 0 15709 32
4 1 15710 -1
1 1 15711 -1
40 1 15712 -1
6 0 15713 40
8 0 15714 30
21 0 15715 22
16 1 15716 -1
44 1 15717 -1
50 0 15718 16
58 0 15719 10
25 1 15720 -1
39 0 15721 34
59 0 15722 40
41 1 15723 -1
0 1 15724 -1
19 1 15725 -1
52 0 15726 8
19 1 15727 -1
28 1 15728 -1
44 1 15729 -1
10 0 15730 46
38 1 15731 -1
34 0 15732 46
44 1 15733 -1
37 0 15734 16
16 0 15735 14
1 1 15736 -1
58 0 15737 6
14 0 15738 0
5 1 15739 -1
50 0 15740 46
6 1 15741 -1
26 0 15742 20
2 1 15743 -1
46 0 15744 16
9 1 15745 -1
12 0 15746 34
12 0 15747 32
37 1 15748 -1
49 1 15749 -1
32 0 15750 28
31 0 15751 0
38 1 15752 -1
58 1 15753 -1
44 1 15754 -1
35 0 15755 40
2 0 15756 48
16 1 15757 -1
25 0 15758 42
43 1 15759 -1
0 0 15760 8
2 1 15761 -1
29 0 15762 48
54 1 15763 -1
43 0 15764 8
2 0 15765 28
3 1 15766 -1
36 1 15767 -1
42 1 15768 -1
51 0 15769 48
52 0 15770 2
18 1 15771 -1
54 0 15772 6
38 1 15773 -1
34 1 15774 -1
3 0 15775 2
53 1 15776 -1
7 0 15777 38
3 0 15778 48
34 1 15779 -1
25 0 15780 2
48 1 15781 -1
48 1 15782 -1
12 1 15783 -1
51 1 15784 -1
7 0 15785 22
48 0 15786 18
42 0 15787 36
38 0 15788 14
7 1 15789 -1
52 0 15790 16
41 0 15791 42
58 1 15792 -1
18 1 15793 -1
48 0 15794 18
49 1 15795 -1
15 0 15796 22
7 1 15797 -1
48 0 15798 20
47 0 15799 30
8 1 15800 -1
38 0 15801 34
40 1 15802 -1
37 0 15803 36
59 1 15804 -1
24 1 15805 -1
54 0 15806 0
11 0 15807 38
31 1 15808 -1
32 1 15809 -1
12 0 15810 32
6 0 15811 42
35 0 15812 40
37 1 15813 -1
33 1 15814 -1
12 1 15815 -1
32 1 15816 -1
36 0 15817 48
11 0 15818 36
8 0 15819 40
24 1 15820 -1
0 0 15821 26
19 1 15822 -1
29 1 15823 -1
14 0 15824 12
6 1 15825 -1
11 1 15826 -1
5 1 15827 -1
4 0 15828 14
5 0 15829 34
56 0 15830 34
18 1 15831 -1
57 0 15832 28
8 1 15833 -1
12 0 15834 34
25 0 15835 38
41 1 15836 -1
4 1 15837 -1
53 0 15838 12
5 1 15839 -1
2 0 15840 32
18 1 15841 -1
8 0 15842 42
23 1 15843 -1
14 0 15844 18
12 0 15845 30
12 1 15846 -1
54 1 15847 -1
19 0 15848 34
34 0 15849 38
51 1 15850 -1
0 0 15851 42
31 1 15852 -1
34 0 15853 8
41 0 15854 34
2 1 15855 -1
28 0 15856 28
3 1 15857 -1
44 1 15858 -1
25 0 15859 22
58 1 15860 -1
13 0 15861 30
45 0 15862 32
18 1 15863 -1
8 0 15864 4
4 1 15865 -1
16 1 15866 -1
29 0 15867 2
12 0 15868 42
39 0 15869 20
26 1 15870 -1
36 0 15871 44
53 1 15872 -1
38 1 15873 -1
45 1 15874 -1
4 0 15875 20
42 1 15876 -1
9 0 15877 18
49 1 15878 -1
12 1 15879 -1
51 1 15880 -1
2 0 15881 18
11 0 15882 32
49 0 15883 48
44 1 15884 -1
10 1 15885 -1
1 0 15886 42
22 1 15887 -1
6 0 15888 4
28 0 15889 40
58 1 15890 -1
36 1 15891 -1
37 1 15892 -1
32 0 15893 6
10 0 15894 16
0 1 15895 -1
7 1 15896 -1
8 0 15897 34
3 0 15898 8
52 0 15899 22
59 1 15900 -1
22 1 15901 -1
51 0 15902 4
45 0 15903 32
42 1 15904 -1
12 0 15905 10
35 0 15906 26
26 1 15907 -1
53 0 15908 46
32 1 15909 -1
49 0 15910 46
43 1 15911 -1
34 1 15912 -1
41 0 15913 12
21 1 15914 -1
40 0 15915 2
1 0 15916 4
42 1 15917 -1
50 1 15918 -1
16 1 15919 -1
14 0 15920 30
55 1 15921 -1
28 0 15922 30
55 0 15923 30
15 1 15924 -1
0 1 15925 -1
35 1 15926 -1
52 0 15927 32
12 0 15928 48
49 1 15929 -1
37 0 15930 42
45 1 15931 -1
2 1 15932 -1
15 0 15933 10
0 0 15934 16
38 0 15935 30
48 0 15936 20
27 1 15937 -1
53 1 15938 -1
18 1 15939 -1
13 0 15940 28
3 1 15941 -1
1 0 15942 44
32 0 15943 10
31 1 15944 -1
32 0 15945 36
42 0 15946 22
19 1 15947 -1
34 0 15948 22
49 1 15949 -1
25 1 15950 -1
40 1 15951 -1
59 0 15952 46
31 1 15953 -1
27 0 15954 8
11 0 15955 42
17 1 15956 -1
51 0 15957 0
56 0 15958 40
23 0 15959 30
0 1 15960 -1
59 1 15961 -1
20 1 15962 -1
11 0 15963 40
16 1 15964 -1
50 0 15965 44
4 1 15966 -1
3 1 15967 -1
15 0 15968 0
40 0 15969 2
23 1 15970 -1
54 1 15971 -1
43 0 15972 46
20 0 15973 48
26 1 15974 -1
52 0 15975 26
1 1 15976 -1
51 0 15977 36
28 1 15978 -1
0 0 15979 16
39 0 15980 10
16 0 15981 10
42 1 15982 -1
41 1 15983 -1
48 1 15984 -1
13 1 15985 -1
24 1 15986 -1
12 0 15987 8
31 0 15988 22
51 0 15989 40
12 1 15990 -1
37 0 15991 24
49 0 15992 26
1 0 15993 14
23 1 15994 -1
26 1 15995 -1
54 1 15996 -1
4 0 15997 26
34 0 15998 24
15 0 15999 2
44 1 16000 -1
11 1 16001 -1
5 0 16002 28
1 1 16003 -1
34 1 16004 -1
12 1 16005 -1
49 0 16006 32
27 1 16007 -1
31 0 16008 34
8 1 16009 -1
31 0 16010 6
42 0 16011 4
1 1 16012 -1
2 0 16013 26
5 1 16014 -1
19 1 16015 -1
18 0 16016 18
54 0 16017 38
11 0 16018 42
53 1 16019 -1
18 0 16020 26
33 0 16021 0
43 1 16022 -1
3 0 16023 46
59 1 16024 -1
43 1 16025 -1
15 0 16026 0
59 1 16027 -1
58 0 16028 46
46 1 16029 -1
28 1 16030 -1
58 0 16031 26
31 1 16032 -1
22 0 16033 12
5 1 16034 -1
32 0 16035 42
20 1 16036 -1
3 0 16037 38
40 1 16038 -1
25 0 16039 0
31 1 16040 -1
11 0 16041 18
19 1 16042 -1
48 1 16043 -1
4 0 16044 34
59 0 16045 2
7 0 16046 30
9 1 16047 -1
46 1 16048 -1
49 1 16049 -1
28 0 16050 16
36 1 16051 -1
52 1 16052 -1
0 0 16053 16
16 0 16054 14
8 0 16055 34
7 1 16056 -1
8 0 16057 20
54 1 16058 -1
58 1 16059 -1
16 1 16060 -1
11 0 16061 2
12 0 16062 48
3 0 16063 24
13 1 16064 -1
15 1 16065 -1
16 0 16066 10
20 1 16067 -1
4 0 16068 0
34 0 16069 20
40 0 16070 36
59 0 16071 28
39 1 16072 -1
39 0 16073 12
55 1 16074 -1
34 1 16075 -1
54 1 16076 -1
28 0 16077 36
48 1 16078 -1
22 0 16079 36
54 1 16080 -1
48 1 16081 -1
3 1 16082 -1
3 1 16083 -1
23 0 16084 8
57 0 16085 36
20 1 16086 -1
59 0 16087 4
28 0 16088 14
16 1 16089 -1
53 0 16090 28
19 0 16091 40
38 0 16092 4
31 0 16093 8
7 1 16094 -1
52 1 16095 -1
44 1 16096 -1
16 1 16097 -1
17 0 16098 42
45 0 16099 46
17 1 16100 -1
7 0 16101 40
43 0 16102 10
45 0 16103 38
26 1 16104 -1
29 1 16105 -1
33 1 16106 -1
56 0 16107 18
26 1 16108 -1
3 1 16109 -1
34 0 16110 2
58 0 16111 28
52 0 16112 30
2 1 16113 -1
52 0 16114 24
8 1 16115 -1
55 1 16116 -1
36 1 16117 -1
26 1 16118 -1
0 0 16119 40
31 0 16120 24
5 0 16121 42
53 0 16122 10
18 1 16123 -1
49 1 16124 -1
54 1 16125 -1
1 1 16126 -1
3 0 16127 48
3 0 16128 30
6 0 16129 20
0 1 16130 -1
43 0 16131 48
12 1 16132 -1
21 1 16133 -1
19 1 16134 -1
20 1 16135 -1
26 0 16136 4
39 0 16137 48
40 1 16138 -1
29 0 16139 34
23 0 16140 30
58 1 16141 -1
28 0 16142 12
42 0 16143 8
55 1 16144 -1
51 0 16145 42
6 1 16146 -1
45 0 16147 2
40 1 16148 -1
7 0 16149 10
50 1 16150 -1
51 1 16151 -1
54 1 16152 -1
5 0 16153 6
24 0 16154 46
36 1 16155 -1
2 1 16156 -1
4 0 16157 0
25 1 16158 -1
0 0 16159 44
13 0 16160 8
51 1 16161 -1
6 1 16162 -1
12 0 16163 10
37 1 16164 -1
42 0 16165 30
58 0 16166 32
44 0 16167 12
23 0 16168 46
21 1 16169 -1
1 1 16170 -1
50 0 16171 12
22 1 16172 -1
9 1 16173 -1
44 0 16174 46
46 0 16175 12
18 1 16176 -1
55 0 16177 6
33 1 16178 -1
46 1 16179 -1
21 0 16180 0
51 1 16181 -1
29 1 16182 -1
46 0 16183 28
2 0 16184 34
34 0 16185 30
7 1 16186 -1
54 0 16187 48
23 1 16188 -1
26 0 16189 22
22 1 16190 -1
45 1 16191 -1
29 0 16192 22
38 1 16193 -1
53 1 16194 -1
6 0 16195 12
18 0 16196 38
12 0 16197 4
26 1 16198 -1
13 1 16199 -1
22 0 16200 10
41 1 16201 -1
16 1 16202 -1
8 0 16203 8
55 1 16204 -1
39 0 16205 48
5 0 16206 0
37 0 16207 32
23 1 16208 -1
12 0 16209 4
7 1 16210 -1
45 0 16211 20
16 1 16212 -1
49 1 16213 -1
48 1 16214 -1
7 0 16215 40
20 0 16216 6
32 1 16217 -1
59 1 16218 -1
50 1 16219 -1
13 0 16220 6
15 0 16221 0
56 1 16222 -1
34 1 16223 -1
31 0 16224 12
56 0 16225 16
32 1 16226 -1
53 0 16227 24
22 1 16228 -1
1 0 16229 22
17 0 16230 18
51 0 16231 2
49 0 16232 32
37 1 16233 -1
50 0 16234 24
6 1 16235 -1
46 0 16236 22
2 1 16237 -1
3 0 16238 2
15 1 16239 -1
35 1 16240 -1
17 1 16241 -1
2 1 16242 -1
36 0 16243 4
31 0 16244 14
39 1 16245 -1
46 1 16246 -1
24 0 16247 24
42 0 16248 6
42 1 16249 -1
24 0 16250 16
34 0 16251 34
19 1 16252 -1
44 1 16253 -1
40 0 16254 8
11 0 16255 28
10 1 16256 -1
54 0 16257 24
6 0 16258 2
59 1 16259 -1
6 1 16260 -1
24 0 16261 30
37 0 16262 48
38 1 16263 -1
2 1 16264 -1
59 0 16265 4
23 1 16266 -1
15 1 16267 -1
11 0 16268 40
18 0 16269 16
13 1 16270 -1
53 1 16271 -1
49 0 16272 28
24 0 16273 26
55 0 16274 14
27 0 16275 24
36 1 16276 -1
51 1 16277 -1
29 1 16278 -1
0 0 16279 46
53 1 16280 -1
41 0 16281 6
14 1 16282 -1
17 0 16283 38
9 0 16284 10
13 1 16285 -1
26 1 16286 -1
4 0 16287 8
39 1 16288 -1
27 1 16289 -1
49 1 16290 -1
3 0 16291 10
40 0 16292 30
39 0 16293 40
27 0 16294 14
15 1 16295 -1
30 1 16296 -1
14 0 16297 22
29 1 16298 -1
58 0 16299 30
49 0 16300 30
31 1 16301 -1
35 1 16302 -1
41 0 16303 32
2 1 16304 -1
41 1 16305 -1
42 0 16306 38
52 1 16307 -1
52 1 16308 -1
19 0 16309 18
45 0 16310 44
39 1 16311 -1
36 0 16312 24
21 1 16313 -1
52 0 16314 16
49 1 16315 -1
10 0 16316 20
51 0 16317 2
53 0 16318 28
54 1 16319 -1
48 1 16320 -1
35 0 16321 46
41 0 16322 22
39 0 16323 22
45 1 16324 -1
13 1 16325 -1
34 1 16326 -1
13 1 16327 -1
44 0 16328 32
8 1 16329 -1
13 0 16330 34
26 1 16331 -1
53 0 16332 20
28 1 16333 -1
36 1 16334 -1
42 0 16335 38
30 1 16336 -1
5 0 16337 42
54 0 16338 14
52 1 16339 -1
3 0 16340 42
51 0 16341 42
36 0 16342 38
42 1 16343 -1
47 1 16344 -1
37 1 16345 -1
25 1 16346 -1
15 1 16347 -1
30 0 16348 18
14 1 16349 -1
35 0 16350 30
44 1 16351 -1
14 0 16352 46
38 0 16353 32
56 0 16354 8
22 1 16355 -1
48 0 16356 0
43 1 16357 -1
32 0 16358 36
22 1 16359 -1
55 1 16360 -1
15 0 16361 36
29 0 16362 22
58 0 16363 18
42 1 16364 -1
39 0 16365 32
15 1 16366 -1
35 1 16367 -1
27 1 16368 -1
44 0 16369 16
34 0 16370 34
7 1 16371 -1
14 1 16372 -1
21 0 16373 42
20 0 16374 34
13 0 16375 0
13 1 16376 -1
13 1 16377 -1
31 0 16378 34
7 1 16379 -1
53 1 16380 -1
59 0 16381 2
44 1 16382 -1
56 0 16383 46
51 0 16384 6
7 0 16385 0
53 1 16386 -1
9 0 16387 8
7 0 16388 48
4 1 16389 -1
18 1 16390 -1
54 1 16391 -1
42 1 16392 -1
40 0 16393 10
29 0 16394 4
56 1 16395 -1
44 0 16396 12
58 0 16397 42
46 1 16398 -1
12 1 16399 -1
44 1 16400 -1
38 0 16401 6
39 0 16402 8
46 0 16403 40
59 1 16404 -1
19 1 16405 -1
7 0 16406 32
51 1 16407 -1
40 1 16408 -1
37 0 16409 26
44 0 16410 22
21 1 16411 -1
16 0 16412 4
53 1 16413 -1
33 0 16414 16
4 0 16415 14
22 1 16416 -1
5 0 16417 18
43 1 16418 -1
25 1 16419 -1
33 1 16420 -1
7 0 16421 42
7 1 16422 -1
55 0 16423 28
59 0 16424 12
2 0 16425 38
40 0 16426 20
25 1 16427 -1
12 1 16428 -1
8 0 16429 20
22 1 16430 -1
59 0 16431 14
35 0 16432 22
42 1 16433 -1
39 0 16434 18
25 1 16435 -1
56 1 16436 -1
47 1 16437 -1
43 1 16438 -1
19 1 16439 -1
52 0 16440 16
19 1 16441 -1
53 0 16442 16
58 0 16443 24
43 0 16444 14
16 0 16445 48
29 1 16446 -1
53 1 16447 -1
35 0 16448 16
13 0 16449 24
22 1 16450 -1
43 0 16451 22
9 1 16452 -1
12 1 16453 -1
44 1 16454 -1
9 0 16455 28
49 1 16456 -1
48 0 16457 30
43 0 16458 22
12 0 16459 42
10 1 16460 -1
40 0 16461 20
39 0 16462 20
20 1 16463 -1
3 1 16464 -1
35 1 16465 -1
11 0 16466 42
8 1 16467 -1
31 1 16468 -1
20 0 16469 4
37 1 16470 -1
14 1 16471 -1
53 0 16472 0
29 0 16473 42
47 0 16474 38
1 0 16475 22
25 1 16476 -1
27 0 16477 4
12 1 16478 -1
38 1 16479 -1
33 1 16480 -1
7 0 16481 16
37 0 16482 32
2 0 16483 40
51 1 16484 -1
24 1 16485 -1
18 1 16486 -1
24 0 16487 32
24 0 16488 24
3 0 16489 36
7 1 16490 -1
35 0 16491 24
49 1 16492 -1
23 1 16493 -1
19 0 16494 48
36 0 16495 18
27 1 16496 -1
43 1 16497 -1
20 0 16498 44
26 1 16499 -1
27 1 16500 -1
53 1 16501 -1
55 0 16502 18
58 1 16503 -1
40 0 16504 30
7 0 16505 8
58 0 16506 38
16 0 16507 20
15 1 16508 -1
17 1 16509 -1
32 1 16510 -1
14 0 16511 30
13 0 16512 22
2 1 16513 -1
32 0 16514 18
1 0 16515 42
4 1 16516 -1
31 0 16517 16
4 1 16518 -1
12 1 16519 -1
48 0 16520 32
32 0 16521 6
18 1 16522 -1
54 0 16523 28
51 0 16524 4
14 1 16525 -1
35 1 16526 -1
4 0 16527 6
48 1 16528 -1
21 0 16529 12
29 1 16530 -1
32 1 16531 -1
18 0 16532 18
21 1 16533 -1
46 1 16534 -1
27 0 16535 18
50 1 16536 -1
5 0 16537 38
53 0 16538 2
18 0 16539 42
28 0 16540 44
5 1 16541 -1
20 1 16542 -1
8 1 16543 -1
34 1 16544 -1
21 1 16545 -1
47 0 16546 14
32 1 16547 -1
45 0 16548 28
52 0 16549 0
4 1 16550 -1
31 0 16551 30
53 0 16552 22
59 1 16553 -1
36 0 16554 46
27 0 16555 28
21 1 16556 -1
48 0 16557 6
50 1 16558 -1
36 1 16559 -1
38 0 16560 34
13 1 16561 -1
37 1 16562 -1
29 0 16563 40
21 1 16564 -1
17 0 16565 0
36 0 16566 26
2 0 16567 32
32 1 16568 -1
3 1 16569 -1
53 0 16570 6
13 0 16571 14
5 1 16572 -1
8 0 16573 14
30 1 16574 -1
13 0 16575 12
24 1 16576 -1
40 1 16577 -1
3 0 16578 26
7 0 16579 44
15 0 16580 26
34 0 16581 42
49 1 16582 -1
45 1 16583 -1
55 1 16584 -1
38 1 16585 -1
19 1 16586 -1
59 0 16587 16
32 0 16588 8
5 0 16589 30
18 0 16590 12
30 1 16591 -1
39 1 16592 -1
0 1 16593 -1
20 1 16594 -1
11 1 16595 -1
25 1 16596 -1
16 0 16597 8
4 0 16598 40
53 1 16599 -1
7 0 16600 14
56 0 16601 10
39 0 16602 10
15 1 16603 -1
36 0 16604 44
47 1 16605 -1
23 0 16606 30
28 1 16607 -1
46 0 16608 22
18 1 16609 -1
6 1 16610 -1
35 0 16611 20
38 0 16612 16
17 1 16613 -1
41 1 16614 -1
30 1 16615 -1
18 0 16616 10
2 1 16617 -1
26 0 16618 2
24 0 16619 30
2 1 16620 -1
14 0 16621 34
45 0 16622 38
25 0 16623 46
11 1 16624 -1
19 1 16625 -1
33 0 16626 8
49 1 16627 -1
33 1 16628 -1
47 0 16629 8
8 1 16630 -1
25 0 16631 20
5 0 16632 32
34 1 16633 -1
6 1 16634 -1
45 0 16635 32
48 0 16636 44
54 1 16637 -1
56 0 16638 40
31 1 16639 -1
11 0 16640 46
43 1 16641 -1
32 0 16642 26
15 0 16643 16
20 1 16644 -1
53 1 16645 -1
17 0 16646 14
2 0 16647 32
55 1 16648 -1
32 1 16649 -1
18 1 16650 -1
15 0 16651 42
4 0 16652 16
46 1 16653 -1
23 0 16654 36
18 0 16655 36
57 1 16656 -1
50 1 16657 -1
35 0 16658 34
58 1 16659 -1
54 0 16660 16
45 0 16661 6
35 1 16662 -1
44 0 16663 22
14 1 16664 -1
3 1 16665 -1
51 0 16666 2
25 0 16667 22
2 1 16668 -1
1 0 16669 46
11 1 16670 -1
40 1 16671 -1
46 0 16672 22
31 0 16673 48
45 0 16674 24
42 1 16675 -1
55 0 16676 28
23 1 16677 -1
29 1 16678 -1
45 0 16679 14
18 0 16680 20
59 1 16681 -1
4 1 16682 -1
54 1 16683 -1
54 1 16684 -1
14 1 16685 -1
45 0 16686 28
4 0 16687 46
45 1 16688 -1
17 1 16689 -1
31 0 16690 34
46 0 16691 42
53 1 16692 -1
22 0 16693 16
37 0 16694 48
35 0 16695 28
46 1 16696 -1
33 1 16697 -1
26 0 16698 10
1 1 16699 -1
18 0 16700 30
35 0 16701 30
0 0 16702 34
18 0 16703 18
27 1 16704 -1
35 1 16705 -1
41 1 16706 -1
27 0 16707 32
51 1 16708 -1
6 1 16709 -1
58 1 16710 -1
59 1 16711 -1
46 1 16712 -1
29 1 16713 -1
41 0 16714 6
0 0 16715 24
10 0 16716 6
20 0 16717 16
29 1 16718 -1
16 0 16719 34
7 1 16720 -1
46 0 16721 0
30 1 16722 -1
11 0 16723 44
12 0 16724 6
5 0 16725 34
21 0 16726 42
34 1 16727 -1
5 1 16728 -1
11 1 16729 -1
35 0 16730 44
8 1 16731 -1
34 0 16732 32
18 0 16733 22
3 0 16734 32
27 1 16735 -1
8 0 16736 40
15 1 16737 -1
27 0 16738 0
57 1 16739 -1
50 1 16740 -1
50 0 16741 32
45 1 16742 -1
26 1 16743 -1
53 0 16744 6
2 1 16745 -1
21 0 16746 26
41 0 16747 44
18 0 16748 8
45 1 16749 -1
30 1 16750 -1
42 1 16751 -1
45 0 16752 12
41 1 16753 -1
18 0 16754 0
31 1 16755 -1
57 0 16756 36
57 0 16757 32
0 0 16758 6
42 1 16759 -1
49 0 16760 0
11 0 16761 42
57 1 16762 -1
55 1 16763 -1
50 0 16764 8
57 1 16765 -1
16 0 16766 4
26 0 16767 38
10 1 16768 -1
49 1 16769 -1
16 1 16770 -1
33 0 16771 34
8 1 16772 -1
34 0 16773 28
44 1 16774 -1
55 1 16775 -1
0 0 16776 26
39 1 16777 -1
12 1 16778 -1
59 0 16779 10
19 1 16780 -1
17 0 16781 14
21 0 16782 48
23 0 16783 30
10 1 16784 -1
23 0 16785 48
44 0 16786 2
8 1 16787 -1
26 0 16788 36
33 0 16789 48
20 1 16790 -1
44 1 16791 -1
8 1 16792 -1
43 1 16793 -1
19 0 16794 20
4 0 16795 28
18 1 16796 -1
55 1 16797 -1
19 1 16798 -1
54 0 16799 28
28 0 16800 14
52 1 16801 -1
49 1 16802 -1
25 0 16803 4
58 1 16804 -1
7 0 16805 32
49 0 16806 28
33 1 16807 -1
23 0 16808 16
29 1 16809 -1
21 1 16810 -1
55 0 16811 30
6 0 16812 26
2 1 16813 -1
52 0 16814 10
31 1 16815 -1
12 1 16816 -1
7 0 16817 0
53 1 16818 -1
50 0 16819 38
55 0 16820 26
54 1 16821 -1
54 1 16822 -1
25 1 16823 -1
44 0 16824 28
33 0 16825 4
58 0 16826 20
54 1 16827 -1
37 1 16828 -1
58 0 16829 0
41 0 16830 6
53 0 16831 16
19 0 16832 44
52 1 16833 -1
29 1 16834 -1
5 1 16835 -1
22 0 16836 6
39 0 16837 18
16 1 16838 -1
57 1 16839 -1
10 0 16840 6
55 1 16841 -1
48 0 16842 2
35 1 16843 -1
39 1 16844 -1
40 0 16845 8
3 0 16846 0
6 1 16847 -1
16 0 16848 26
51 1 16849 -1
57 0 16850 22
49 0 16851 10
5 1 16852 -1
58 1 16853 -1
52 0 16854 42
0 1 16855 -1
4 0 16856 44
58 0 16857 28
46 0 16858 46
41 1 16859 -1
2 1 16860 -1
6 0 16861 14
34 1 16862 -1
0 1 16863 -1
3 0 16864 28
32 0 16865 20
33 0 16866 32
39 1 16867 -1
40 1 16868 -1
1 0 16869 32
31 1 16870 -1
14 1 16871 -1
50 0 16872 24
41 0 16873 20
0 1 16874 -1
10 0 16875 30
16 1 16876 -1
20 0 16877 20
57 0 16878 30
4 1 16879 -1
13 1 16880 -1
34 1 16881 -1
11 1 16882 -1
56 0 16883 38
4 1 16884 -1
36 0 16885 16
8 0 16886 40
54 0 16887 32
29 0 16888 46
45 1 16889 -1
4 1 16890 -1
49 1 16891 -1
28 1 16892 -1
35 0 16893 16
55 0 16894 32
22 0 16895 34
39 1 16896 -1
15 1 16897 -1
58 1 16898 -1
49 0 16899 44
5 0 16900 32
8 1 16901 -1
4 0 16902 48
39 1 16903 -1
59 0 16904 28
9 1 16905 -1
16 0 16906 44
35 1 16907 -1
13 0 16908 26
42 0 16909 8
42 1 16910 -1
26 0 16911 18
37 1 16912 -1
39 0 16913 34
21 1 16914 -1
11 0 16915 4
22 0 16916 34
11 1 16917 -1
5 0 16918 40
19 1 16919 -1
32 0 16920 48
45 1 16921 -1
33 0 16922 20
49 1 16923 -1
49 1 16924 -1
3 1 16925 -1
9 0 16926 44
53 1 16927 -1
6 0 16928 20
8 1 16929 -1
22 0 16930 18
5 1 16931 -1
43 0 16932 0
4 0 16933 6
21 1 16934 -1
44 0 16935 22
28 1 16936 -1
49 1 16937 -1
5 0 16938 44
58 0 16939 44
19 1 16940 -1
16 0 16941 36
21 1 16942 -1
55 0 16943 24
33 0 16944 8
54 1 16945 -1
25 0 16946 6
59 1 16947 -1
46 1 16948 -1
58 0 16949 38
14 0 16950 2
51 1 16951 -1
35 1 16952 -1
49 1 16953 -1
19 1 16954 -1
25 0 16955 38
55 0 16956 26
51 0 16957 42
1 1 16958 -1
57 0 16959 6
1 0 16960 44
8 0 16961 46
1 1 16962 -1
18 1 16963 -1
50 1 16964 -1
12 0 16965 40
46 1 16966 -1
48 0 16967 4
3 0 16968 10
14 1 16969 -1
58 1 16970 -1
15 0 16971 18
37 1 16972 -1
4 1 16973 -1
1 1 16974 -1
6 0 16975 38
2 0 16976 44
31 0 16977 24
21 0 16978 6
29 0 16979 22
50 1 16980 -1
41 1 16981 -1
20 1 16982 -1
47 1 16983 -1
49 0 16984 14
1 0 16985 28
17 1 16986 -1
11 0 16987 34
43 1 16988 -1
11 0 16989 8
19 1 16990 -1
52 1 16991 -1
6 0 16992 28
2 0 16993 40
6 1 16994 -1
29 0 16995 32
22 1 16996 -1
22 0 16997 30
33 0 16998 30
6 0 16999 12
37 0 17000 36
1 1 17001 -1
58 1 17002 -1
20 1 17003 -1
29 1 17004 -1
15 0 17005 44
30 1 17006 -1
59 0 17007 4
19 0 17008 32
36 1 17009 -1
17 0 17010 22
42 0 17011 20
53 1 17012 -1
49 1 17013 -1
15 1 17014 -1
4 0 17015 28
42 0 17016 48
49 1 17017 -1
2 1 17018 -1
59 1 17019 -1
41 0 17020 44
56 1 17021 -1
16 1 17022 -1
23 1 17023 -1
26 0 17024 20
46 0 17025 22
31 0 17026 4
54 0 17027 40
42 1 17028 -1
9 1 17029 -1
45 1 17030 -1
9 1 17031 -1
42 1 17032 -1
2 0 17033 6
36 0 17034 36
59 1 17035 -1
48 0 17036 20
31 1 17037 -1
54 0 17038 26
14 0 17039 34
56 0 17040 28
39 0 17041 28
1 0 17042 34
48 1 17043 -1
38 1 17044 -1
48 1 17045 -1
41 1 17046 -1
8 0 17047 10
31 1 17048 -1
1 0 17049 26
10 1 17050 -1
1 0 17051 28
18 0 17052 10
43 0 17053 8
55 0 17054 42
53 1 17055 -1
41 1 17056 -1
9 1 17057 -1
20 0 17058 6
9 0 17059 12
11 1 17060 -1
26 1 17061 -1
26 0 17062 46
15 0 17063 24
35 1 17064 -1
13 0 17065 32
22 0 17066 32
28 1 17067 -1
36 1 17068 -1
38 0 17069 40
31 1 17070 -1
6 1 17071 -1
4 0 17072 36
29 1 17073 -1
25 0 17074 8
30 1 17075 -1
58 0 17076 4
9 1 17077 -1
58 0 17078 30
25 0 17079 24
55 1 17080 -1
51 0 17081 14
5 0 17082 26
39 1 17083 -1
40 0 17084 40
52 0 17085 46
11 1 17086 -1
45 0 17087 8
16 1 17088 -1
53 1 17089 -1
34 1 17090 -1
21 1 17091 -1
34 1 17092 -1
11 0 17093 18
38 1 17094 -1
23 0 17095 18
19 1 17096 -1
40 0 17097 24
41 0 17098 46
22 1 17099 -1
29 0 17100 46
3 1 17101 -1
48 1 17102 -1
18 0 17103 4
1 0 17104 26
15 1 17105 -1
6 0 17106 48
19 1 17107 -1
35 0 17108 0
0 0 17109 18
52 1 17110 -1
2 1 17111 -1
9 0 17112 6
41 1 17113 -1
30 0 17114 34
46 0 17115 42
37 0 17116 20
40 1 17117 -1
8 1 17118 -1
5 0 17119 40
31 1 17120 -1
28 1 17121 -1
43 0 17122 28
19 1 17123 -1
20 0 17124 20
22 0 17125 20
48 0 17126 26
13 0 17127 6
18 1 17128 -1
9 1 17129 -1
41 1 17130 -1
55 1 17131 -1
35 0 17132 4
33 0 17133 30
35 1 17134 -1
42 0 17135 24
0 1 17136 -1
15 1 17137 -1
20 1 17138 -1
36 0 17139 24
18 0 17140 10
14 0 17141 42
37 1 17142 -1
2 0 17143 38
50 1 17144 -1
10 0 17145 28
21 1 17146 -1
15 0 17147 26
22 0 17148 4
57 1 17149 -1
5 1 17150 -1
33 0 17151 34
37 0 17152 42
42 0 17153 8
52 1 17154 -1
45 1 17155 -1
37 1 17156 -1
27 1 17157 -1
3 0 17158 40
42 0 17159 34
56 1 17160 -1
50 0 17161 44
59 0 17162 20
57 1 17163 -1
35 1 17164 -1
57 1 17165 -1
57 1 17166 -1
1 0 17167 46
39 0 17168 44
43 1 17169 -1
19 1 17170 -1
57 0 17171 24
44 0 17172 42
36 1 17173 -1
49 1 17174 -1
19 0 17175 16
39 0 17176 34
37 1 17177 -1
40 0 17178 32
51 1 17179 -1
3 1 17180 -1
9 1 17181 -1
0 0 17182 24
51 1 17183 -1
26 0 17184 40
47 1 17185 -1
14 1 17186 -1
54 1 17187 -1
39 0 17188 14
15 0 17189 12
50 0 17190 12
33 0 17191 26
53 1 17192 -1
42 0 17193 48
59 1 17194 -1
49 0 17195 0
4 0 17196 30
20 0 17197 28
59 1 17198 -1
54 0 17199 30
2 1 17200 -1
43 0 17201 22
6 1 17202 -1
14 1 17203 -1
40 1 17204 -1
56 0 17205 26
8 1 17206 -1
2 1 17207 -1
1 0 17208 28
7 1 17209 -1
49 0 17210 20
40 0 17211 32
23 1 17212 -1
23 0 17213 24
32 1 17214 -1
1 0 17215 48
2 0 17216 0
16 0 17217 38
15 1 17218 -1
47 0 17219 26
53 0 17220 46
40 1 17221 -1
16 1 17222 -1
51 0 17223 8
53 1 17224 -1
30 0 17225 40
6 0 17226 34
58 1 17227 -1
34 1 17228 -1
11 0 17229 6
1 0 17230 40
38 0 17231 18
8 0 17232 44
1 0 17233 44
56 1 17234 -1
12 1 17235 -1
52 1 17236 -1
46 1 17237 -1
4 0 17238 38
56 0 17239 12
53 0 17240 10
20 1 17241 -1
7 1 17242 -1
25 1 17243 -1
46 1 17244 -1
44 0 17245 42
53 1 17246 -1
4 0 17247 22
27 1 17248 -1
36 0 17249 48
43 1 17250 -1
29 0 17251 2
6 0 17252 0
18 1 17253 -1
37 1 17254 -1
15 1 17255 -1
11 0 17256 36
1 1 17257 -1
28 0 17258 24
14 0 17259 32
8 0 17260 16
13 1 17261 -1
42 1 17262 -1
27 1 17263 -1
57 0 17264 18
21 0 17265 8
35 1 17266 -1
54 0 17267 40
10 1 17268 -1
55 0 17269 30
19 0 17270 24
26 1 17271 -1
18 1 17272 -1
39 0 17273 46
14 1 17274 -1
59 0 17275 0
17 1 17276 -1
6 0 17277 34
42 1 17278 -1
6 0 17279 14
1 0 17280 22
23 1 17281 -1
25 0 17282 34
41 1 17283 -1
30 1 17284 -1
57 1 17285 -1
20 0 17286 46
56 0 17287 6
38 1 17288 -1
1 1 17289 -1
48 0 17290 36
17 0 17291 40
21 1 17292 -1
58 1 17293 -1
6 0 17294 24
20 1 17295 -1
59 0 17296 18
29 1 17297 -1
15 0 17298 6
41 0 17299 14
45 0 17300 14
7 1 17301 -1
1 1 17302 -1
18 1 17303 -1
55 1 17304 -1
55 1 17305 -1
39 0 17306 6
37 0 17307 2
55 1 17308 -1
26 0 17309 46
38 0 17310 20
7 0 17311 46
47 0 17312 18
52 0 17313 38
25 1 17314 -1
52 1 17315 -1
37 1 17316 -1
42 0 17317 48
51 1 17318 -1
53 1 17319 -1
12 0 17320 16
7 1 17321 -1
45 1 17322 -1
27 0 17323 32
49 0 17324 32
44 1 17325 -1
13 1 17326 -1
55 0 17327 6
25 0 17328 28
58 0 17329 34
37 0 17330 16
31 1 17331 -1
55 1 17332 -1
15 0 17333 24
1 0 17334 24
1 1 17335 -1
6 0 17336 48
8 1 17337 -1
2 1 17338 -1
18 1 17339 -1
33 0 17340 42
42 1 17341 -1
3 0 17342 2
9 0 17343 24
56 1 17344 -1
28 1 17345 -1
54 0 17346 34
8 1 17347 -1
44 0 17348 22
32 0 17349 14
23 0 17350 36
22 1 17351 -1
47 1 17352 -1
42 1 17353 -1
58 1 17354 -1
20 1 17355 -1
22 1 17356 -1
11 0 17357 38
20 0 17358 10
41 0 17359 24
27 0 17360 32
30 0 17361 2
59 1 17362 -1
48 0 17363 4
30 0 17364 34
47 1 17365 -1
21 1 17366 -1
4 1 17367 -1
23 1 17368 -1
37 0 17369 42
46 1 17370 -1
2 0 17371 18
44 1 17372 -1
55 0 17373 22
15 1 17374 -1
41 0 17375 32
51 0 17376 26
35 1 17377 -1
43 0 17378 20
28 0 17379 42
13 1 17380 -1
9 1 17381 -1
34 0 17382 34
56 0 17383 32
24 1 17384 -1
57 1 17385 -1
0 1 17386 -1
23 0 17387 20
24 0 17388 12
45 1 17389 -1
11 0 17390 48
26 0 17391 48
45 1 17392 -1
58 0 17393 8
20 1 17394 -1
29 1 17395 -1
36 1 17396 -1
31 0 17397 24
7 0 17398 44
40 0 17399 30
42 0 17400 2
55 1 17401 -1
55 1 17402 -1
18 1 17403 -1
14 1 17404 -1
7 0 17405 14
13 0 17406 14
50 1 17407 -1
2 0 17408 28
34 0 17409 26
26 1 17410 -1
58 0 17411 4
10 1 17412 -1
33 1 17413 -1
44 0 17414 46
51 0 17415 44
4 1 17416 -1
11 0 17417 36
58 1 17418 -1
52 1 17419 -1
56 0 17420 6
14 0 17421 42
21 0 17422 12
51 1 17423 -1
37 0 17424 22
0 1 17425 -1
23 1 17426 -1
41 1 17427 -1
44 0 17428 30
8 0 17429 6
4 0 17430 24
3 1 17431 -1
44 1 17432 -1
7 1 17433 -1
36 0 17434 4
3 1 17435 -1
13 0 17436 24
4 1 17437 -1
2 0 17438 32
37 0 17439 36
14 1 17440 -1
15 0 17441 6
36 1 17442 -1
42 1 17443 -1
10 0 17444 30
36 0 17445 46
45 0 17446 34
36 1 17447 -1
31 1 17448 -1
55 0 17449 22
8 1 17450 -1
9 0 17451 34
10 0 17452 34
9 0 17453 34
3 1 17454 -1
20 1 17455 -1
51 1 17456 -1
37 1 17457 -1
47 0 17458 8
59 0 17459 44
46 0 17460 2
39 1 17461 -1
44 1 17462 -1
27 0 17463 12
38 1 17464 -1
38 1 17465 -1
29 0 17466 10
6 0 17467 34
0 1 17468 -1
2 1 17469 -1
19 0 17470 6
25 1 17471 -1
54 0 17472 28
7 0 17473 4
12 1 17474 -1
13 0 17475 32
52 1 17476 -1
25 1 17477 -1
35 0 17478 10
41 1 17479 -1
20 1 17480 -1
22 0 17481 40
53 0 17482 4
59 1 17483 -1
28 0 17484 42
59 1 17485 -1
6 0 17486 20
28 1 17487 -1
31 1 17488 -1
33 0 17489 2
54 1 17490 -1
38 0 17491 10
54 1 17492 -1
30 0 17493 22
31 0 17494 14
20 0 17495 18
30 1 17496 -1
31 0 17497 8
30 0 17498 48
23 1 17499 -1
24 1 17500 -1
36 1 17501 -1
20 1 17502 -1
50 1 17503 -1
53 0 17504 20
18 0 17505 42
34 0 17506 38
8 1 17507 -1
36 0 17508 36
57 0 17509 14
6 1 17510 -1
52 1 17511 -1
1 0 17512 34
32 1 17513 -1
30 0 17514 22
10 1 17515 -1
40 1 17516 -1
54 0 17517 6
9 0 17518 6
43 0 17519 46
52 1 17520 -1
48 1 17521 -1
31 0 17522 24
53 1 17523 -1
55 0 17524 20
13 0 17525 32
16 1 17526 -1
22 0 17527 12
17 1 17528 -1
35 0 17529 48
22 1 17530 -1
18 1 17531 -1
54 0 17532 20
54 0 17533 42
22 0 17534 14
13 1 17535 -1
13 0 17536 8
13 1 17537 -1
9 1 17538 -1
58 0 17539 2
9 1 17540 -1
7 1 17541 -1
20 1 17542 -1
49 0 17543 30
31 1 17544 -1
30 0 17545 18
50 1 17546 -1
14 0 17547 48
11 1 17548 -1
4 0 17549 12
52 0 17550 10
7 0 17551 26
19 0 17552 26
15 1 17553 -1
7 1 17554 -1
34 1 17555 -1
59 0 17556 14
3 0 17557 18
32 1 17558 -1
23 1 17559 -1
6 1 17560 -1
59 0 17561 18
51 0 17562 44
42 1 17563 -1
50 1 17564 -1
12 1 17565 -1
36 0 17566 14
8 0 17567 2
28 1 17568 -1
55 0 17569 20
26 0 17570 6
45 0 17571 46
25 1 17572 -1
14 1 17573 -1
15 0 17574 40
29 0 17575 12
49 1 17576 -1
34 1 17577 -1
21 0 17578 28
27 1 17579 -1
42 0 17580 16
16 0 17581 4
53 0 17582 14
11 1 17583 -1
56 1 17584 -1
45 0 17585 28
57 1 17586 -1
13 0 17587 20
35 0 17588 32
42 0 17589 10
41 1 17590 -1
16 1 17591 -1
33 1 17592 -1
26 0 17593 26
5 1 17594 -1
27 1 17595 -1
54 0 17596 44
48 1 17597 -1
20 1 17598 -1
59 0 17599 16
0 0 17600 22
32 0 17601 2
18 0 17602 2
37 1 17603 -1
47 1 17604 -1
19 0 17605 46
8 1 17606 -1
39 1 17607 -1
46 0 17608 24
53 1 17609 -1
13 0 17610 24
9 0 17611 28
55 1 17612 -1
41 1 17613 -1
46 0 17614 4
46 1 17615 -1
45 1 17616 -1
49 1 17617 -1
40 0 17618 6
23 0 17619 32
42 1 17620 -1
54 0 17621 44
14 0 17622 26
8 0 17623 38
44 1 17624 -1
35 1 17625 -1
15 0 17626 22
8 0 17627 28
36 1 17628 -1
51 0 17629 4
1 1 17630 -1
52 1 17631 -1
53 1 17632 -1
59 1 17633 -1
50 0 17634 34
0 0 17635 8
8 0 17636 38
32 0 17637 32
18 0 17638 6
31 1 17639 -1
42 0 17640 8
30 1 17641 -1
50 1 17642 -1
7 0 17643 42
21 1 17644 -1
35 0 17645 40
31 1 17646 -1
23 0 17647 16
2 1 17648 -1
6 0 17649 36
37 0 17650 44
11 1 17651 -1
14 1 17652 -1
21 0 17653 40
44 0 17654 8
11 1 17655 -1
16 0 17656 42
51 1 17657 -1
20 1 17658 -1
34 0 17659 2
51 1 17660 -1
6 1 17661 -1
45 0 17662 4
50 1 17663 -1
46 0 17664 8
28 0 17665 32
33 1 17666 -1
8 0 17667 12
24 0 17668 26
28 1 17669 -1
51 0 17670 0
1 1 17671 -1
33 1 17672 -1
38 0 17673 34
52 0 17674 40
55 1 17675 -1
15 0 17676 12
48 1 17677 -1
20 0 17678 0
14 1 17679 -1
46 1 17680 -1
5 0 17681 38
14 1 17682 -1
15 1 17683 -1
1 1 17684 -1
17 0 17685 12
5 0 17686 8
57 1 17687 -1
34 0 17688 42
23 1 17689 -1
0 1 17690 -1
36 0 17691 0
30 0 17692 46
46 1 17693 -1
58 1 17694 -1
57 0 17695 24
7 0 17696 46
17 1 17697 -1
13 0 17698 40
54 0 17699 22
42 1 17700 -1
11 1 17701 -1
1 0 17702 22
37 0 17703 44
27 1 17704 -1
34 0 17705 26
41 0 17706 30
38 1 17707 -1
11 1 17708 -1
5 0 17709 26
6 1 17710 -1
55 0 17711 16
24 1 17712 -1
50 0 17713 22
46 1 17714 -1
35 0 17715 46
33 0 17716 8
21 1 17717 -1
18 1 17718 -1
16 0 17719 42
36 1 17720 -1
56 0 17721 44
56 1 17722 -1
34 0 17723 20
36 0 17724 10
17 1 17725 -1
38 1 17726 -1
29 0 17727 34
56 0 17728 38
44 0 17729 4
55 1 17730 -1
20 1 17731 -1
39 1 17732 -1
59 0 17733 8
4 1 17734 -1
20 1 17735 -1
54 1 17736 -1
10 0 17737 22
19 1 17738 -1
52 0 17739 18
25 0 17740 8
13 0 17741 34
5 1 17742 -1
23 1 17743 -1
17 1 17744 -1
42 0 17745 2
17 1 17746 -1
8 0 17747 32
27 1 17748 -1
25 0 17749 4
19 0 17750 22
6 1 17751 -1
41 0 17752 40
40 1 17753 -1
55 0 17754 6
22 1 17755 -1
38 0 17756 32
59 1 17757 -1
4 1 17758 -1
29 0 17759 32
48 1 17760 -1
48 0 17761 20
13 0 17762 0
53 0 17763 8
47 1 17764 -1
33 1 17765 -1
5 0 17766 12
25 0 17767 14
45 0 17768 46
21 0 17769 28
56 1 17770 -1
11 1 17771 -1
16 1 17772 -1
55 0 17773 46
20 1 17774 -1
38 1 17775 -1
14 0 17776 44
17 0 17777 30
33 0 17778 0
53 1 17779 -1
12 0 17780 36
5 1 17781 -1
30 1 17782 -1
22 0 17783 28
54 1 17784 -1
21 0 17785 24
24 0 17786 6
40 1 17787 -1
50 1 17788 -1
31 1 17789 -1
44 0 17790 6
29 1 17791 -1
34 1 17792 -1
46 0 17793 6
38 0 17794 30
48 0 17795 12
19 0 17796 6
20 1 17797 -1
25 1 17798 -1
54 0 17799 32
58 0 17800 10
23 0 17801 14
20 1 17802 -1
48 1 17803 -1
38 0 17804 18
39 1 17805 -1
51 1 17806 -1
44 1 17807 -1
21 0 17808 18
35 1 17809 -1
20 0 17810 28
8 1 17811 -1
3 0 17812 16
5 1 17813 -1
21 0 17814 24
56 0 17815 2
35 1 17816 -1
7 1 17817 -1
3 1 17818 -1
46 0 17819 28
5 0 17820 8
58 1 17821 -1
8 1 17822 -1
0 1 17823 -1
7 0 17824 2
19 0 17825 36
21 1 17826 -1
49 0 17827 24
42 0 17828 40
16 0 17829 22
14 1 17830 -1
13 1 17831 -1
58 0 17832 44
57 1 17833 -1
35 1 17834 -1
15 0 17835 24
26 0 17836 36
21 1 17837 -1
21 0 17838 22
0 0 17839 24
13 1 17840 -1
46 0 17841 26
27 0 17842 36
51 1 17843 -1
29 1 17844 -1
28 1 17845 -1
21 0 17846 12
28 1 17847 -1
1 1 17848 -1
23 0 17849 34
47 1 17850 -1
23 0 17851 30
39 1 17852 -1
54 1 17853 -1
16 0 17854 0
35 0 17855 48
25 0 17856 22
29 0 17857 28
0 1 17858 -1
15 0 17859 32
22 1 17860 -1
6 0 17861 8
6 1 17862 -1
49 0 17863 44
34 1 17864 -1
47 1 17865 -1
6 0 17866 16
22 1 17867 -1
28 1 17868 -1
41 0 17869 42
59 0 17870 40
38 1 17871 -1
1 0 17872 8
16 1 17873 -1
14 1 17874 -1
3 1 17875 -1
3 0 17876 22
22 0 17877 18
38 0 17878 22
38 1 17879 -1
41 1 17880 -1
51 0 17881 6
44 0 17882 20
2 1 17883 -1
3 1 17884 -1
30 0 17885 10
52 0 17886 44
18 1 17887 -1
22 0 17888 16
45 1 17889 -1
18 1 17890 -1
47 1 17891 -1
17 0 17892 14
34 1 17893 -1
11 0 17894 34
12 0 17895 12
28 0 17896 46
29 0 17897 28
13 0 17898 12
28 0 17899 18
29 1 17900 -1
2 1 17901 -1
44 0 17902 0
59 1 17903 -1
22 1 17904 -1
16 1 17905 -1
55 0 17906 38
32 1 17907 -1
49 0 17908 2
18 0 17909 46
50 0 17910 8
58 1 17911 -1
1 1 17912 -1
33 1 17913 -1
32 0 17914 46
31 1 17915 -1
13 0 17916 6
59 0 17917 20
14 1 17918 -1
56 1 17919 -1
39 0 17920 14
56 1 17921 -1
49 1 17922 -1
33 1 17923 -1
27 1 17924 -1
40 0 17925 2
17 0 17926 32
51 0 17927 12
24 1 17928 -1
34 0 17929 32
11 0 17930 44
28 0 17931 34
48 1 17932 -1
25 1 17933 -1
49 0 17934 34
49 1 17935 -1
35 0 17936 22
9 0 17937 26
13 1 17938 -1
13 0 17939 16
7 1 17940 -1
4 0 17941 4
4 1 17942 -1
34 0 17943 48
32 1 17944 -1
40 1 17945 -1
47 1 17946 -1
9 0 17947 8
31 0 17948 20
49 0 17949 18
33 0 17950 10
4 1 17951 -1
14 1 17952 -1
55 1 17953 -1
41 0 17954 12
1 1 17955 -1
14 0 17956 0
56 1 17957 -1
19 1 17958 -1
32 0 17959 4
57 0 17960 4
31 1 17961 -1
5 0 17962 28
40 1 17963 -1
5 0 17964 48
7 1 17965 -1
34 0 17966 18
46 1 17967 -1
18 1 17968 -1
49 0 17969 8
21 0 17970 18
13 0 17971 18
0 1 17972 -1
28 1 17973 -1
49 0 17974 8
13 0 17975 8
6 0 17976 32
28 1 17977 -1
12 1 17978 -1
32 1 17979 -1
24 0 17980 36
56 0 17981 46
59 1 17982 -1
37 1 17983 -1
39 0 17984 20
50 0 17985 44
39 0 17986 4
19 0 17987 48
16 1 17988 -1
5 1 17989 -1
36 1 17990 -1
45 1 17991 -1
0 0 17992 34
5 0 17993 10
2 1 17994 -1
6 1 17995 -1
49 0 17996 0
18 0 17997 22
1 1 17998 -1
19 0 17999 28
50 1 18000 -1
54 1 18001 -1
11 1 18002 -1
53 0 18003 28
32 0 18004 48
59 0 18005 34
58 0 18006 40
46 0 18007 22
55 0 18008 42
42 1 18009 -1
56 0 18010 28
30 1 18011 -1
24 1 18012 -1
14 1 18013 -1
58 1 18014 -1
58 0 18015 38
48 1 18016 -1
16 0 18017 48
14 0 18018 4
18 1 18019 -1
2 1 18020 -1
10 1 18021 -1
44 1 18022 -1
55 0 18023 44
1 0 18024 8
18 0 18025 48
12 1 18026 -1
20 1 18027 -1
14 1 18028 -1
44 0 18029 38
4 0 18030 10
22 1 18031 -1
19 1 18032 -1
25 0 18033 24
57 0 18034 16
54 0 18035 42
0 0 18036 34
13 1 18037 -1
47 1 18038 -1
35 0 18039 24
54 1 18040 -1
40 0 18041 2
13 1 18042 -1
17 0 18043 22
36 0 18044 0
31 0 18045 44
44 1 18046 -1
51 1 18047 -1
3 0 18048 6
56 1 18049 -1
27 1 18050 -1
28 0 18051 36
0 0 18052 34
17 1 18053 -1
30 0 18054 30
15 1 18055 -1
41 1 18056 -1
26 1 18057 -1
13 0 18058 30
59 1 18059 -1
34 1 18060 -1
13 0 18061 16
47 0 18062 14
50 1 18063 -1
59 1 18064 -1
4 0 18065 0
19 0 18066 10
28 1 18067 -1
53 0 18068 20
41 0 18069 14
0 0 18070 26
11 1 18071 -1
37 1 18072 -1
22 0 18073 24
27 0 18074 38
43 1 18075 -1
27 1 18076 -1
51 1 18077 -1
23 1 18078 -1
28 0 18079 18
49 0 18080 48
6 0 18081 30
14 1 18082 -1
41 1 18083 -1
23 0 18084 18
38 0 18085 16
56 0 18086 0
46 1 18087 -1
3 0 18088 46
47 1 18089 -1
29 0 18090 16
19 1 18091 -1
2 1 18092 -1
0 0 18093 44
51 1 18094 -1
57 0 18095 32
32 1 18096 -1
3 1 18097 -1
44 1 18098 -1
11 0 18099 18
2 0 18100 48
18 0 18101 2
58 1 18102 -1
52 1 18103 -1
12 1 18104 -1
12 0 18105 18
23 1 18106 -1
48 0 18107 30
45 0 18108 8
0 0 18109 48
38 1 18110 -1
49 0 18111 38
5 1 18112 -1
43 0 18113 16
7 1 18114 -1
38 1 18115 -1
18 1 18116 -1
30 0 18117 6
26 0 18118 18
12 1 18119 -1
41 0 18120 22
32 0 18121 24
13 0 18122 26
38 1 18123 -1
46 1 18124 -1
10 0 18125 20
38 1 18126 -1
50 0 18127 26
5 1 18128 -1
23 0 18129 16
22 1 18130 -1
38 1 18131 -1
46 0 18132 26
41 1 18133 -1
16 0 18134 30
4 0 18135 34
36 1 18136 -1
26 1 18137 -1
5 1 18138 -1
12 0 18139 36
46 0 18140 36
15 1 18141 -1
28 0 18142 0
1 1 18143 -1
18 0 18144 24
18 0 18145 18
47 0 18146 28
26 0 18147 44
50 0 18148 42
31 1 18149 -1
11 1 18150 -1
54 1 18151 -1
5 0 18152 48
41 1 18153 -1
22 1 18154 -1
54 0 18155 18
42 1 18156 -1
11 0 18157 30
59 0 18158 30
58 1 18159 -1
44 0 18160 12
26 1 18161 -1
46 1 18162 -1
36 1 18163 -1
38 1 18164 -1
56 0 18165 12
33 0 18166 0
7 1 18167 -1
31 0 18168 26
35 1 18169 -1
3 0 18170 12
36 0 18171 32
45 0 18172 2
52 1 18173 -1
7 0 18174 10
23 1 18175 -1
1 1 18176 -1
42 0 18177 48
16 0 18178 16
41 1 18179 -1
42 0 18180 40
0 1 18181 -1
44 1 18182 -1
41 1 18183 -1
55 1 18184 -1
18 0 18185 26
26 0 18186 12
5 1 18187 -1
59 0 18188 32
51 1 18189 -1
0 0 18190 30
19 1 18191 -1
48 0 18192 2
17 0 18193 8
3 0 18194 42
42 1 18195 -1
10 1 18196 -1
12 0 18197 16
17 1 18198 -1
5 1 18199 -1
33 0 18200 6
23 1 18201 -1
21 1 18202 -1
11 0 18203 30
20 0 18204 14
47 0 18205 4
8 1 18206 -1
20 0 18207 34
57 1 18208 -1
23 1 18209 -1
45 0 18210 44
3 1 18211 -1
50 0 18212 14
12 1 18213 -1
15 0 18214 16
7 0 18215 14
53 1 18216 -1
37 1 18217 -1
1 1 18218 -1
14 0 18219 20
1 1 18220 -1
18 0 18221 38
23 0 18222 10
35 0 18223 20
36 1 18224 -1
39 0 18225 10
32 1 18226 -1
36 1 18227 -1
17 0 18228 16
52 0 18229 2
11 1 18230 -1
5 1 18231 -1
1 1 18232 -1
24 1 18233 -1
41 0 18234 14
52 0 18235 26
34 0 18236 34
55 0 18237 28
46 1 18238 -1
26 0 18239 34
47 0 18240 44
7 1 18241 -1
27 0 18242 8
20 1 18243 -1
8 0 18244 4
26 1 18245 -1
12 1 18246 -1
33 0 18247 16
53 0 18248 20
11 1 18249 -1
22 0 18250 8
55 1 18251 -1
59 0 18252 24
18 1 18253 -1
21 1 18254 -1
46 0 18255 40
31 0 18256 2
3 0 18257 36
7 1 18258 -1
55 1 18259 -1
11 1 18260 -1
12 1 18261 -1
47 0 18262 6
0 1 18263 -1
39 1 18264 -1
7 0 18265 36
39 0 18266 20
51 0 18267 24
1 1 18268 -1
26 1 18269 -1
20 0 18270 40
30 1 18271 -1
56 1 18272 -1
56 1 18273 -1
46 0 18274 48
5 0 18275 48
36 0 18276 22
23 0 18277 32
7 1 18278 -1
45 1 18279 -1
10 0 18280 44
35 0 18281 34
2 1 18282 -1
15 1 18283 -1
20 1 18284 -1
12 0 18285 0
52 0 18286 34
47 0 18287 42
50 0 18288 16
31 1 18289 -1
1 1 18290 -1
40 1 18291 -1
1 1 18292 -1
18 0 18293 32
54 0 18294 32
56 1 18295 -1
49 0 18296 18
51 1 18297 -1
8 0 18298 14
27 0 18299 6
2 0 18300 46
25 1 18301 -1
17 1 18302 -1
15 0 18303 38
30 1 18304 -1
0 0 18305 20
6 0 18306 14
26 1 18307 -1
8 1 18308 -1
23 0 18309 38
7 1 18310 -1
49 0 18311 34
0 1 18312 -1
17 1 18313 -1
23 1 18314 -1
40 0 18315 18
28 0 18316 48
33 1 18317 -1
48 0 18318 20
49 0 18319 22
12 0 18320 12
57 1 18321 -1
27 0 18322 22
3 1 18323 -1
44 1 18324 -1
7 0 18325 8
27 1 18326 -1
54 1 18327 -1
14 0 18328 48
31 1 18329 -1
22 0 18330 22
41 0 18331 24
29 1 18332 -1
28 0 18333 24
2 0 18334 48
41 1 18335 -1
34 1 18336 -1
34 0 18337 34
58 1 18338 -1
45 1 18339 -1
19 1 18340 -1
26 0 18341 42
32 1 18342 -1
41 0 18343 40
30 0 18344 40
32 0 18345 12
22 0 18346 12
3 1 18347 -1
50 0 18348 38
14 1 18349 -1
42 0 18350 10
5 1 18351 -1
5 1 18352 -1
28 1 18353 -1
31 0 18354 48
54 0 18355 12
42 0 18356 14
14 1 18357 -1
5 1 18358 -1
7 1 18359 -1
42 0 18360 38
15 0 18361 38
45 1 18362 -1
21 1 18363 -1
19 0 18364 36
55 1 18365 -1
21 1 18366 -1
55 0 18367 34
41 0 18368 46
57 0 18369 24
20 0 18370 18
34 1 18371 -1
26 1 18372 -1
18 1 18373 -1
6 0 18374 16
24 0 18375 34
41 1 18376 -1
36 0 18377 44
50 0 18378 2
2 1 18379 -1
25 0 18380 30
31 1 18381 -1
8 1 18382 -1
27 1 18383 -1
17 1 18384 -1
14 0 18385 24
27 0 18386 10
30 0 18387 26
57 0 18388 48
6 1 18389 -1
29 0 18390 0
1 1 18391 -1
3 0 18392 38
54 1 18393 -1
58 1 18394 -1
3 0 18395 24
48 0 18396 8
46 1 18397 -1
53 0 18398 48
3 0 18399 40
2 1 18400 -1
6 1 18401 -1
39 1 18402 -1
12 1 18403 -1
3 1 18404 -1
51 0 18405 26
48 1 18406 -1
57 0 18407 0
26 0 18408 8
34 0 18409 28
9 1 18410 -1
42 1 18411 -1
14 1 18412 -1
52 0 18413 36
51 0 18414 4
6 0 18415 26
35 1 18416 -1
53 1 18417 -1
59 1 18418 -1
55 1 18419 -1
9 0 18420 24
32 0 18421 26
27 0 18422 4
27 0 18423 14
24 1 18424 -1
33 0 18425 12
25 1 18426 -1
8 0 18427 38
35 0 18428 16
10 1 18429 -1
11 1 18430 -1
48 0 18431 2
30 1 18432 -1
1 0 18433 22
18 1 18434 -1
39 1 18435 -1
53 0 18436 48
12 1 18437 -1
59 0 18438 16
9 1 18439 -1
55 0 18440 42
33 1 18441 -1
55 0 18442 16
19 0 18443 48
59 0 18444 46
50 1 18445 -1
57 0 18446 8
50 1 18447 -1
37 0 18448 14
47 1 18449 -1
7 1 18450 -1
2 1 18451 -1
18 0 18452 6
46 0 18453 0
11 0 18454 46
38 1 18455 -1
16 1 18456 -1
2 1 18457 -1
52 1 18458 -1
41 0 18459 18
8 0 18460 22
18 0 18461 10
6 1 18462 -1
50 0 18463 8
40 1 18464 -1
53 1 18465 -1
28 0 18466 14
22 1 18467 -1
22 0 18468 34
21 0 18469 18
31 1 18470 -1
10 1 18471 -1
9 1 18472 -1
54 1 18473 -1
24 0 18474 22
59 0 18475 0
38 1 18476 -1
52 0 18477 48
51 1 18478 -1
45 1 18479 -1
18 0 18480 34
21 0 18481 44
21 1 18482 -1
37 0 18483 2
5 0 18484 14
18 0 18485 38
56 1 18486 -1
23 0 18487 4
29 1 18488 -1
20 0 18489 38
52 1 18490 -1
28 0 18491 20
18 1 18492 -1
14 1 18493 -1
55 1 18494 -1
1 0 18495 46
16 0 18496 16
11 0 18497 28
55 0 18498 40
6 0 18499 6
1 1 18500 -1
23 1 18501 -1
38 1 18502 -1
18 0 18503 22
44 0 18504 44
18 1 18505 -1
7 1 18506 -1
20 1 18507 -1
1 0 18508 28
20 0 18509 2
44 0 18510 36
42 0 18511 20
20 1 18512 -1
51 1 18513 -1
43 1 18514 -1
53 0 18515 40
32 1 18516 -1
1 0 18517 24
7 1 18518 -1
5 0 18519 0
21 0 18520 36
30 1 18521 -1
43 0 18522 12
6 1 18523 -1
52 0 18524 26
12 1 18525 -1
41 1 18526 -1
45 0 18527 38
4 0 18528 20
11 1 18529 -1
14 1 18530 -1
25 0 18531 42
14 1 18532 -1
3 1 18533 -1
23 1 18534 -1
24 0 18535 44
37 0 18536 6
57 1 18537 -1
57 0 18538 2
41 0 18539 20
11 0 18540 12
14 1 18541 -1
56 1 18542 -1
53 0 18543 8
55 1 18544 -1
9 0 18545 10
54 0 18546 34
35 1 18547 -1
23 0 18548 22
44 0 18549 24
4 1 18550 -1
56 1 18551 -1
24 1 18552 -1
49 1 18553 -1
11 0 18554 14
42 0 18555 32
12 1 18556 -1
5 0 18557 18
24 0 18558 46
57 1 18559 -1
4 0 18560 22
34 1 18561 -1
9 1 18562 -1
48 0 18563 44
10 1 18564 -1
1 0 18565 10
40 1 18566 -1
11 0 18567 22
52 0 18568 36
58 1 18569 -1
42 1 18570 -1
27 1 18571 -1
5 1 18572 -1
2 0 18573 28
41 0 18574 2
19 0 18575 34
2 0 18576 26
55 0 18577 32
43 1 18578 -1
3 0 18579 38
4 0 18580 46
11 1 18581 -1
10 0 18582 24
19 1 18583 -1
12 1 18584 -1
34 1 18585 -1
48 1 18586 -1
22 1 18587 -1
20 0 18588 44
48 0 18589 12
5 1 18590 -1
30 0 18591 32
36 1 18592 -1
31 0 18593 32
4 0 18594 24
38 1 18595 -1
56 1 18596 -1
43 1 18597 -1
10 1 18598 -1
11 0 18599 24
41 0 18600 10
28 0 18601 6
27 1 18602 -1
21 1 18603 -1
47 0 18604 12
51 0 18605 48
56 1 18606 -1
36 1 18607 -1
11 0 18608 24
56 0 18609 8
35 1 18610 -1
32 0 18611 6
4 0 18612 6
7 1 18613 -1
14 1 18614 -1
34 0 18615 12
19 0 18616 12
13 1 18617 -1
58 1 18618 -1
15 1 18619 -1
22 0 18620 2
9 1 18621 -1
48 1 18622 -1
35 1 18623 -1
0 0 18624 42
30 0 18625 2
33 0 18626 18
49 1 18627 -1
26 1 18628 -1
42 0 18629 44
27 0 18630 12
2 0 18631 0
35 0 18632 30
35 1 18633 -1
54 0 18634 46
13 1 18635 -1
11 0 18636 40
31 1 18637 -1
25 1 18638 -1
18 1 18639 -1
47 1 18640 -1
58 0 18641 26
13 1 18642 -1
8 0 18643 8
1 1 18644 -1
27 0 18645 46
45 1 18646 -1
6 0 18647 36
25 0 18648 46
19 0 18649 10
32 1 18650 -1
11 0 18651 22
50 0 18652 14
48 1 18653 -1
17 1 18654 -1
9 0 18655 0
27 1 18656 -1
58 1 18657 -1
35 0 18658 32
56 0 18659 6
39 0 18660 48
45 1 18661 -1
29 0 18662 6
27 1 18663 -1
45 0 18664 22
8 1 18665 -1
48 0 18666 46
31 1 18667 -1
54 0 18668 34
54 1 18669 -1
20 0 18670 38
2 0 18671 30
10 1 18672 -1
12 0 18673 2
18 1 18674 -1
8 0 18675 30
10 1 18676 -1
18 1 18677 -1
18 0 18678 24
39 0 18679 20
15 0 18680 46
33 1 18681 -1
51 1 18682 -1
38 1 18683 -1
44 1 18684 -1
57 1 18685 -1
5 0 18686 44
10 1 18687 -1
52 0 18688 44
53 0 18689 24
39 1 18690 -1
33 0 18691 36
3 1 18692 -1
42 0 18693 12
48 1 18694 -1
58 0 18695 30
17 0 18696 14
12 1 18697 -1
31 1 18698 -1
3 0 18699 18
19 1 18700 -1
41 1 18701 -1
14 0 18702 30
52 1 18703 -1
14 0 18704 34
44 1 18705 -1
0 1 18706 -1
7 0 18707 32
14 0 18708 46
57 1 18709 -1
22 1 18710 -1
40 0 18711 26
11 0 18712 28
45 1 18713 -1
36 0 18714 10
10 0 18715 2
40 1 18716 -1
59 1 18717 -1
43 0 18718 26
18 0 18719 0
3 0 18720 18
53 1 18721 -1
21 0 18722 10
43 1 18723 -1
28 1 18724 -1
25 1 18725 -1
26 0 18726 22
6 1 18727 -1
57 0 18728 30
22 0 18729 24
0 0 18730 46
58 0 18731 18
11 1 18732 -1
23 1 18733 -1
43 0 18734 28
35 1 18735 -1
31 0 18736 14
39 1 18737 -1
27 1 18738 -1
54 0 18739 20
13 1 18740 -1
54 1 18741 -1
32 1 18742 -1
3 0 18743 38
8 0 18744 6
58 0 18745 24
36 0 18746 12
5 1 18747 -1
53 1 18748 -1
44 1 18749 -1
30 0 18750 18
13 1 18751 -1
32 0 18752 24
55 0 18753 38
0 1 18754 -1
1 0 18755 24
23 0 18756 26
48 0 18757 30
2 1 18758 -1
27 1 18759 -1
21 0 18760 46
30 1 18761 -1
42 0 18762 24
57 1 18763 -1
12 0 18764 0
38 1 18765 -1
4 1 18766 -1
2 1 18767 -1
43 0 18768 20
1 0 18769 40
10 1 18770 -1
46 1 18771 -1
39 0 18772 4
11 0 18773 8
52 1 18774 -1
2 0 18775 0
38 1 18776 -1
5 1 18777 -1
13 0 18778 30
38 0 18779 6
23 1 18780 -1
58 0 18781 34
38 1 18782 -1
52 0 18783 12
56 1 18784 -1
17 0 18785 28
17 0 18786 26
36 1 18787 -1
52 1 18788 -1
34 0 18789 2
4 1 18790 -1
28 1 18791 -1
38 0 18792 40
17 0 18793 28
21 0 18794 46
40 1 18795 -1
8 0 18796 24
2 1 18797 -1
48 1 18798 -1
31 0 18799 20
2 0 18800 40
52 0 18801 10
23 1 18802 -1
19 0 18803 10
33 1 18804 -1
34 1 18805 -1
47 1 18806 -1
18 1 18807 -1
31 0 18808 8
28 1 18809 -1
20 0 18810 0
54 1 18811 -1
53 0 18812 34
42 1 18813 -1
35 0 18814 14
18 0 18815 24
42 1 18816 -1
23 1 18817 -1
32 0 18818 10
39 1 18819 -1
13 0 18820 6
58 0 18821 12
54 1 18822 -1
11 0 18823 46
41 0 18824 16
6 0 18825 16
3 1 18826 -1
30 1 18827 -1
46 1 18828 -1
24 1 18829 -1
44 1 18830 -1
2 0 18831 2
24 1 18832 -1
4 0 18833 46
12 0 18834 30
7 0 18835 20
38 0 18836 34
53 1 18837 -1
36 0 18838 4
53 1 18839 -1
20 1 18840 -1
53 1 18841 -1
28 1 18842 -1
26 0 18843 8
18 1 18844 -1
56 0 18845 2
6 0 18846 38
29 1 18847 -1
14 0 18848 14
29 0 18849 6
42 1 18850 -1
42 0 18851 36
56 1 18852 -1
52 0 18853 12
39 1 18854 -1
0 0 18855 32
7 0 18856 24
14 1 18857 -1
27 1 18858 -1
19 1 18859 -1
20 1 18860 -1
56 0 18861 8
9 0 18862 28
12 0 18863 0
24 1 18864 -1
44 0 18865 14
35 0 18866 10
12 1 18867 -1
26 1 18868 -1
1 0 18869 30
57 0 18870 24
50 1 18871 -1
3 1 18872 -1
54 0 18873 4
18 1 18874 -1
27 1 18875 -1
33 0 18876 4
36 0 18877 2
50 1 18878 -1
43 1 18879 -1
47 0 18880 32
47 0 18881 14
11 0 18882 12
27 1 18883 -1
9 0 18884 38
19 1 18885 -1
10 1 18886 -1
53 0 18887 6
43 1 18888 -1
59 0 18889 48
40 1 18890 -1
44 0 18891 46
50 1 18892 -1
22 1 18893 -1
9 1 18894 -1
49 0 18895 34
48 0 18896 40
24 0 18897 46
51 0 18898 10
20 1 18899 -1
47 0 18900 4
3 1 18901 -1
18 1 18902 -1
54 0 18903 40
39 1 18904 -1
1 0 18905 2
23 1 18906 -1
4 1 18907 -1
48 0 18908 10
45 0 18909 0
9 0 18910 4
0 1 18911 -1
32 1 18912 -1
51 0 18913 20
34 0 18914 36
2 1 18915 -1
53 0 18916 30
23 1 18917 -1
20 0 18918 16
23 0 18919 40
29 1 18920 -1
41 1 18921 -1
32 0 18922 42
45 1 18923 -1
20 1 18924 -1
11 0 18925 40
46 1 18926 -1
2 0 18927 16
6 0 18928 22
46 1 18929 -1
54 1 18930 -1
30 0 18931 32
41 1 18932 -1
10 1 18933 -1
28 0 18934 2
19 1 18935 -1
50 1 18936 -1
57 0 18937 18
54 0 18938 8
7 1 18939 -1
30 1 18940 -1
6 0 18941 20
38 0 18942 22
27 0 18943 22
20 0 18944 42
29 1 18945 -1
43 0 18946 6
53 1 18947 -1
13 0 18948 2
28 1 18949 -1
10 1 18950 -1
28 1 18951 -1
5 1 18952 -1
45 0 18953 46
5 1 18954 -1
0 0 18955 16
50 0 18956 8
15 1 18957 -1
22 1 18958 -1
25 0 18959 30
14 0 18960 14
14 1 18961 -1
46 1 18962 -1
50 0 18963 12
44 0 18964 8
1 1 18965 -1
42 1 18966 -1
43 0 18967 4
35 0 18968 28
28 0 18969 38
49 0 18970 12
13 0 18971 26
43 1 18972 -1
1 1 18973 -1
17 1 18974 -1
38 1 18975 -1
12 1 18976 -1
41 0 18977 42
14 1 18978 -1
46 0 18979 26
57 0 18980 0
8 1 18981 -1
11 1 18982 -1
3 0 18983 4
47 0 18984 6
29 0 18985 14
22 0 18986 36
38 1 18987 -1
46 1 18988 -1
11 0 18989 10
58 1 18990 -1
20 1 18991 -1
58 1 18992 -1
54 1 18993 -1
3 0 18994 0
5 0 18995 42
18 0 18996 36
57 1 18997 -1
20 0 18998 4
19 0 18999 36
45 1 19000 -1
10 0 19001 46
52 1 19002 -1
40 0 19003 42
54 1 19004 -1
38 0 19005 32
9 1 19006 -1
37 1 19007 -1
3 1 19008 -1
5 1 19009 -1
38 0 19010 2
16 1 19011 -1
5 1 19012 -1
13 0 19013 28
5 1 19014 -1
14 1 19015 -1
24 0 19016 4
23 0 19017 2
20 0 19018 48
33 1 19019 -1
12 0 19020 0
47 0 19021 8
43 0 19022 42
41 0 19023 20
12 0 19024 6
30 0 19025 26
59 1 19026 -1
44 1 19027 -1
51 0 19028 14
24 1 19029 -1
15 1 19030 -1
12 0 19031 12
59 1 19032 -1
5 0 19033 14
21 1 19034 -1
27 1 19035 -1
58 0 19036 16
56 0 19037 6
7 0 19038 12
30 0 19039 46
3 1 19040 -1
32 1 19041 -1
56 1 19042 -1
38 1 19043 -1
49 1 19044 -1
23 0 19045 24
20 0 19046 34
18 0 19047 24
41 0 19048 40
16 0 19049 32
3 1 19050 -1
54 0 19051 28
54 1 19052 -1
41 1 19053 -1
44 1 19054 -1
36 1 19055 -1
38 0 19056 28
56 1 19057 -1
15 0 19058 20
49 0 19059 24
39 1 19060 -1
51 1 19061 -1
2 0 19062 0
7 1 19063 -1
26 1 19064 -1
55 1 19065 -1
4 0 19066 38
38 0 19067 30
37 0 19068 40
36 0 19069 24
21 1 19070 -1
54 0 19071 40
23 0 19072 26
41 1 19073 -1
32 0 19074 22
55 1 19075 -1
47 1 19076 -1
19 0 19077 20
20 0 19078 36
33 1 19079 -1
47 1 19080 -1
13 1 19081 -1
44 0 19082 4
27 0 19083 12
58 1 19084 -1
51 0 19085 6
31 0 19086 46
4 1 19087 -1
58 0 19088 16
24 1 19089 -1
58 1 19090 -1
43 1 19091 -1
38 0 19092 24
57 1 19093 -1
5 1 19094 -1
47 0 19095 24
7 1 19096 -1
47 0 19097 2
8 1 19098 -1
11 1 19099 -1
16 1 19100 -1
46 0 19101 18
55 0 19102 30
50 0 19103 24
55 0 19104 28
42 0 19105 42
56 0 19106 26
27 1 19107 -1
52 0 19108 32
56 1 19109 -1
38 1 19110 -1
18 0 19111 26
42 1 19112 -1
43 0 19113 8
8 1 19114 -1
35 1 19115 -1
12 0 19116 16
5 1 19117 -1
38 1 19118 -1
10 0 19119 24
15 1 19120 -1
4 0 19121 30
15 0 19122 32
6 1 19123 -1
45 0 19124 42
9 0 19125 20
5 0 19126 42
0 1 19127 -1
27 1 19128 -1
28 1 19129 -1
39 0 19130 36
31 1 19131 -1
18 0 19132 4
9 1 19133 -1
13 1 19134 -1
0 0 19135 22
45 1 19136 -1
9 0 19137 8
45 0 19138 42
41 0 19139 26
51 1 19140 -1
33 0 19141 0
35 0 19142 26
51 1 19143 -1
4 0 19144 36
53 1 19145 -1
5 1 19146 -1
58 0 19147 28
28 0 19148 16
9 1 19149 -1
17 0 19150 10
26 1 19151 -1
54 1 19152 -1
28 0 19153 20
5 1 19154 -1
47 1 19155 -1
4 0 19156 32
24 1 19157 -1
2 1 19158 -1
44 0 19159 22
40 0 19160 24
3 0 19161 0
22 1 19162 -1
56 0 19163 16
58 1 19164 -1
41 0 19165 48
23 0 19166 24
12 1 19167 -1
55 1 19168 -1
12 0 19169 38
13 1 19170 -1
6 1 19171 -1
24 0 19172 4
59 1 19173 -1
17 1 19174 -1
14 0 19175 32
58 0 19176 42
16 0 19177 48
7 0 19178 42
23 1 19179 -1
3 0 19180 4
53 1 19181 -1
39 1 19182 -1
12 0 19183 26
0 1 19184 -1
18 0 19185 4
26 0 19186 32
53 1 19187 -1
0 0 19188 46
39 1 19189 -1
13 1 19190 -1
45 0 19191 38
7 1 19192 -1
31 0 19193 20
7 1 19194 -1
29 1 19195 -1
4 1 19196 -1
23 0 19197 2
5 0 19198 30
6 0 19199 36
27 0 19200 48
23 1 19201 -1
31 1 19202 -1
17 0 19203 30
26 0 19204 40
54 0 19205 26
2 1 19206 -1
0 1 19207 -1
2 1 19208 -1
17 1 19209 -1
39 1 19210 -1
28 0 19211 0
26 0 19212 28
2 0 19213 6
28 1 19214 -1
52 1 19215 -1
28 0 19216 2
43 1 19217 -1
55 0 19218 8
38 1 19219 -1
38 1 19220 -1
28 0 19221 44
33 0 19222 18
38 1 19223 -1
56 0 19224 24
13 0 19225 22
21 0 19226 38
44 0 19227 10
18 1 19228 -1
54 1 19229 -1
30 1 19230 -1
50 0 19231 2
8 0 19232 44
36 1 19233 -1
18 1 19234 -1
45 1 19235 -1
29 0 19236 34
38 1 19237 -1
30 1 19238 -1
3 0 19239 12
14 0 19240 30
1 1 19241 -1
53 0 19242 26
59 0 19243 40
46 1 19244 -1
9 0 19245 0
46 1 19246 -1
42 0 19247 46
56 0 19248 4
35 1 19249 -1
31 1 19250 -1
51 1 19251 -1
51 1 19252 -1
36 0 19253 34
35 0 19254 6
29 0 19255 6
11 1 19256 -1
31 0 19257 12
4 1 19258 -1
44 0 19259 12
13 1 19260 -1
29 1 19261 -1
57 1 19262 -1
17 0 19263 14
57 1 19264 -1
12 0 19265 10
31 0 19266 4
31 0 19267 12
47 1 19268 -1
15 1 19269 -1
13 0 19270 6
30 1 19271 -1
10 0 19272 12
6 0 19273 16
9 1 19274 -1
47 1 19275 -1
40 0 19276 36
10 0 19277 38
0 1 19278 -1
11 1 19279 -1
51 0 19280 28
1 1 19281 -1
13 0 19282 32
32 1 19283 -1
44 0 19284 6
51 1 19285 -1
4 0 19286 30
25 1 19287 -1
46 1 19288 -1
53 0 19289 0
38 0 19290 16
25 0 19291 44
25 1 19292 -1
32 1 19293 -1
45 1 19294 -1
20 1 19295 -1
18 0 19296 14
59 0 19297 26
22 0 19298 44
1 0 19299 4
37 1 19300 -1
59 0 19301 40
1 1 19302 -1
27 0 19303 8
42 1 19304 -1
11 1 19305 -1
53 0 19306 6
6 1 19307 -1
40 0 19308 8
46 0 19309 2
19 1 19310 -1
11 0 19311 38
38 1 19312 -1
18 1 19313 -1
46 1 19314 -1
27 0 19315 28
1 0 19316 40
8 0 19317 42
24 1 19318 -1
58 1 19319 -1
3 1 19320 -1
39 0 19321 22
52 0 19322 20
34 1 19323 -1
23 0 19324 8
9 0 19325 4
13 1 19326 -1
7 0 19327 46
11 1 19328 -1
29 1 19329 -1
27 0 19330 28
28 1 19331 -1
14 1 19332 -1
28 0 19333 40
29 1 19334 -1
1 0 19335 42
47 0 19336 6
41 1 19337 -1
38 1 19338 -1
56 1 19339 -1
22 1 19340 -1
15 0 19341 34
20 0 19342 2
7 0 19343 48
41 0 19344 46
18 0 19345 24
12 1 19346 -1
29 1 19347 -1
53 0 19348 48
20 0 19349 6
9 1 19350 -1
26 0 19351 30
15 0 19352 20
35 1 19353 -1
43 1 19354 -1
51 0 19355 20
24 1 19356 -1
35 1 19357 -1
42 0 19358 6
11 0 19359 26
50 1 19360 -1
54 0 19361 4
4 1 19362 -1
11 0 19363 12
33 1 19364 -1
56 1 19365 -1
24 0 19366 16
15 1 19367 -1
5 0 19368 34
22 0 19369 2
5 0 19370 18
25 1 19371 -1
9 1 19372 -1
47 0 19373 8
51 0 19374 0
1 1 19375 -1
20 0 19376 32
39 0 19377 34
26 0 19378 36
17 1 19379 -1
26 1 19380 -1
41 1 19381 -1
30 1 19382 -1
17 1 19383 -1
43 0 19384 16
24 0 19385 40
10 0 19386 16
54 1 19387 -1
8 1 19388 -1
12 0 19389 24
25 1 19390 -1
57 1 19391 -1
24 1 19392 -1
28 0 19393 10
20 0 19394 36
54 1 19395 -1
45 0 19396 16
31 0 19397 34
53 0 19398 32
18 1 19399 -1
24 0 19400 20
24 1 19401 -1
34 1 19402 -1
57 1 19403 -1
58 0 19404 46
35 1 19405 -1
47 0 19406 6
51 0 19407 20
42 1 19408 -1
23 0 19409 34
56 1 19410 -1
11 0 19411 26
47 1 19412 -1
31 1 19413 -1
51 1 19414 -1
9 1 19415 -1
35 0 19416 10
47 0 19417 48
2 0 19418 38
10 1 19419 -1
59 1 19420 -1
37 0 19421 2
29 0 19422 12
58 0 19423 4
58 1 19424 -1
46 1 19425 -1
9 0 19426 44
4 0 19427 28
46 1 19428 -1
9 0 19429 22
35 1 19430 -1
59 0 19431 38
34 1 19432 -1
10 0 19433 18
25 1 19434 -1
25 1 19435 -1
29 1 19436 -1
53 0 19437 16
7 0 19438 18
18 0 19439 22
45 1 19440 -1
54 0 19441 40
3 1 19442 -1
20 0 19443 40
35 0 19444 4
30 1 19445 -1
17 0 19446 6
46 1 19447 -1
29 1 19448 -1
4 0 19449 36
50 0 19450 6
18 1 19451 -1
8 1 19452 -1
18 0 19453 0
2 1 19454 -1
34 1 19455 -1
16 1 19456 -1
1 0 19457 36
10 0 19458 0
40 0 19459 16
6 1 19460 -1
40 0 19461 24
23 1 19462 -1
38 0 19463 24
49 1 19464 -1
1 1 19465 -1
2 0 19466 26
15 0 19467 14
54 1 19468 -1
27 0 19469 32
21 1 19470 -1
13 0 19471 36
20 0 19472 44
18 1 19473 -1
8 1 19474 -1
25 1 19475 -1
10 1 19476 -1
3 0 19477 24
45 0 19478 6
9 0 19479 44
49 0 19480 18
19 1 19481 -1
45 0 19482 34
56 1 19483 -1
37 1 19484 -1
20 0 19485 12
18 1 19486 -1
58 0 19487 12
1 0 19488 48
10 1 19489 -1
45 1 19490 -1
32 1 19491 -1
25 0 19492 0
14 0 19493 12
58 1 19494 -1
27 0 19495 28
10 1 19496 -1
24 1 19497 -1
51 1 19498 -1
3 0 19499 20
0 1 19500 -1
41 0 19501 12
14 0 19502 36
20 1 19503 -1
22 1 19504 -1
53 0 19505 16
31 0 19506 22
23 1 19507 -1
56 0 19508 20
23 1 19509 -1
35 0 19510 34
39 1 19511 -1
17 0 19512 14
24 1 19513 -1
29 1 19514 -1
18 0 19515 40
33 1 19516 -1
51 0 19517 46
8 0 19518 12
41 1 19519 -1
31 0 19520 14
34 0 19521 34
50 1 19522 -1
32 0 19523 2
34 1 19524 -1
47 1 19525 -1
53 0 19526 8
37 1 19527 -1
11 1 19528 -1
43 0 19529 32
24 0 19530 38
58 0 19531 12
18 1 19532 -1
54 1 19533 -1
34 0 19534 2
37 0 19535 2
57 1 19536 -1
53 0 19537 40
13 0 19538 18
44 1 19539 -1
37 0 19540 36
48 1 19541 -1
6 0 19542 8
44 1 19543 -1
29 1 19544 -1
29 1 19545 -1
9 1 19546 -1
30 0 19547 38
48 0 19548 6
20 0 19549 18
0 0 19550 22
12 1 19551 -1
5 0 19552 42
6 0 19553 42
20 1 19554 -1
6 1 19555 -1
19 0 19556 38
10 1 19557 -1
18 1 19558 -1
3 0 19559 20
30 1 19560 -1
24 1 19561 -1
27 1 19562 -1
42 1 19563 -1
42 1 19564 -1
57 0 19565 48
39 1 19566 -1
29 0 19567 32
5 0 19568 18
55 1 19569 -1
25 1 19570 -1
32 1 19571 -1
34 0 19572 6
41 0 19573 32
7 0 19574 26
50 0 19575 4
35 1 19576 -1
29 0 19577 20
58 1 19578 -1
17 1 19579 -1
5 1 19580 -1
27 0 19581 34
47 0 19582 40
2 0 19583 40
1 0 19584 2
28 1 19585 -1
2 0 19586 10
57 1 19587 -1
30 0 19588 6
29 0 19589 12
54 1 19590 -1
48 1 19591 -1
2 0 19592 18
56 0 19593 40
42 1 19594 -1
34 0 19595 30
3 0 19596 2
26 1 19597 -1
29 0 19598 40
25 1 19599 -1
15 1 19600 -1
54 0 19601 6
29 1 19602 -1
34 1 19603 -1
4 0 19604 0
25 0 19605 34
35 1 19606 -1
15 0 19607 2
26 0 19608 40
4 1 19609 -1
55 0 19610 38
1 1 19611 -1
32 1 19612 -1
14 0 19613 0
7 1 19614 -1
6 0 19615 4
22 0 19616 18
47 1 19617 -1
24 0 19618 42
29 1 19619 -1
33 1 19620 -1
43 1 19621 -1
40 1 19622 -1
49 1 19623 -1
2 0 19624 12
35 0 19625 2
38 0 19626 0
12 0 19627 32
17 1 19628 -1
4 0 19629 10
14 0 19630 6
29 1 19631 -1
30 0 19632 46
0 0 19633 20
43 1 19634 -1
18 0 19635 42
52 1 19636 -1
46 0 19637 12
54 1 19638 -1
29 0 19639 10
37 1 19640 -1
49 1 19641 -1
57 0 19642 24
48 1 19643 -1
14 0 19644 48
4 0 19645 24
3 1 19646 -1
51 1 19647 -1
49 1 19648 -1
11 0 19649 34
42 1 19650 -1
16 0 19651 28
44 1 19652 -1
9 1 19653 -1
31 1 19654 -1
0 0 19655 8
28 1 19656 -1
32 1 19657 -1
54 0 19658 34
19 0 19659 0
30 0 19660 40
32 0 19661 34
43 1 19662 -1
21 1 19663 -1
51 1 19664 -1
32 0 19665 26
58 0 19666 32
54 0 19667 32
28 0 19668 10
33 1 19669 -1
49 0 19670 42
27 1 19671 -1
33 0 19672 22
3 1 19673 -1
14 1 19674 -1
5 1 19675 -1
16 1 19676 -1
21 0 19677 34
22 0 19678 14
43 0 19679 28
12 0 19680 32
54 0 19681 46
33 1 19682 -1
23 1 19683 -1
55 1 19684 -1
57 0 19685 42
34 0 19686 48
33 1 19687 -1
35 1 19688 -1
59 1 19689 -1
5 0 19690 44
43 1 19691 -1
13 0 19692 32
5 0 19693 34
54 0 19694 36
24 1 19695 -1
34 0 19696 20
2 1 19697 -1
28 1 19698 -1
45 0 19699 24
44 1 19700 -1
12 1 19701 -1
54 1 19702 -1
33 0 19703 36
47 1 19704 -1
26 0 19705 18
29 1 19706 -1
15 1 19707 -1
2 0 19708 24
19 0 19709 16
48 0 19710 32
32 1 19711 -1
4 1 19712 -1
18 0 19713 34
44 0 19714 42
31 0 19715 16
16 1 19716 -1
32 0 19717 34
41 1 19718 -1
29 1 19719 -1
12 0 19720 42
8 0 19721 8
33 1 19722 -1
46 1 19723 -1
4 0 19724 20
23 1 19725 -1
23 0 19726 4
2 1 19727 -1
35 1 19728 -1
56 0 19729 46
42 0 19730 12
58 0 19731 4
37 0 19732 6
57 1 19733 -1
5 1 19734 -1
22 1 19735 -1
42 1 19736 -1
23 0 19737 28
16 0 19738 14
59 0 19739 18
19 1 19740 -1
56 0 19741 18
29 1 19742 -1
8 0 19743 16
16 0 19744 20
15 1 19745 -1
45 1 19746 -1
16 1 19747 -1
41 0 19748 8
57 1 19749 -1
22 0 19750 40
49 0 19751 14
6 1 19752 -1
9 1 19753 -1
38 0 19754 34
32 0 19755 40
17 1 19756 -1
8 1 19757 -1
53 1 19758 -1
8 0 19759 20
14 0 19760 2
1 1 19761 -1
31 1 19762 -1
15 0 19763 16
19 0 19764 28
45 0 19765 34
44 0 19766 16
59 1 19767 -1
7 0 19768 2
1 1 19769 -1
47 1 19770 -1
44 1 19771 -1
24 0 19772 42
28 1 19773 -1
13 1 19774 -1
59 1 19775 -1
49 0 19776 34
42 0 19777 38
20 0 19778 46
33 0 19779 14
45 0 19780 24
25 1 19781 -1
0 1 19782 -1
39 1 19783 -1
18 0 19784 40
45 0 19785 22
50 1 19786 -1
2 0 19787 6
19 0 19788 48
46 1 19789 -1
22 1 19790 -1
0 1 19791 -1
24 0 19792 8
25 0 19793 20
11 1 19794 -1
12 0 19795 34
55 1 19796 -1
1 0 19797 18
28 0 19798 22
13 1 19799 -1
14 1 19800 -1
27 1 19801 -1
43 0 19802 48
46 0 19803 10
27 1 19804 -1
41 1 19805 -1
6 0 19806 30
20 0 19807 36
27 0 19808 42
46 1 19809 -1
54 1 19810 -1
2 0 19811 8
7 1 19812 -1
21 1 19813 -1
25 0 19814 8
29 0 19815 34
10 1 19816 -1
39 1 19817 -1
52 0 19818 8
10 1 19819 -1
9 0 19820 38
17 0 19821 30
39 1 19822 -1
2 1 19823 -1
47 0 19824 32
15 1 19825 -1
27 0 19826 6
22 1 19827 -1
13 1 19828 -1
19 1 19829 -1
11 0 19830 30
41 0 19831 44
11 0 19832 4
0 0 19833 36
39 1 19834 -1
2 1 19835 -1
44 1 19836 -1
46 0 19837 44
7 0 19838 46
21 1 19839 -1
25 0 19840 6
35 0 19841 26
52 1 19842 -1
57 1 19843 -1
52 0 19844 10
31 0 19845 38
5 0 19846 28
5 1 19847 -1
43 0 19848 2
58 1 19849 -1
31 1 19850 -1
3 0 19851 28
45 1 19852 -1
38 0 19853 24
30 1 19854 -1
31 0 19855 20
17 1 19856 -1
58 0 19857 28
42 1 19858 -1
45 1 19859 -1
5 0 19860 22
41 1 19861 -1
56 1 19862 -1
9 0 19863 46
54 0 19864 38
39 0 19865 0
48 1 19866 -1
12 1 19867 -1
18 0 19868 8
44 0 19869 6
37 1 19870 -1
8 0 19871 14
17 1 19872 -1
39 0 19873 8
33 1 19874 -1
26 1 19875 -1
7 0 19876 20
56 1 19877 -1
12 0 19878 8
37 1 19879 -1
38 1 19880 -1
46 0 19881 46
23 0 19882 28
33 1 19883 -1
33 0 19884 26
12 1 19885 -1
23 0 19886 36
13 0 19887 42
22 0 19888 2
0 1 19889 -1
55 1 19890 -1
8 1 19891 -1
48 0 19892 48
13 1 19893 -1
43 0 19894 36
16 1 19895 -1
24 0 19896 20
14 1 19897 -1
24 1 19898 -1
8 0 19899 10
56 0 19900 36
1 0 19901 8
1 0 19902 46
52 1 19903 -1
3 1 19904 -1
54 0 19905 2
28 1 19906 -1
32 0 19907 46
30 1 19908 -1
5 1 19909 -1
7 0 19910 46
24 1 19911 -1
12 0 19912 24
53 0 19913 18
18 0 19914 40
19 1 19915 -1
1 0 19916 2
4 1 19917 -1
5 1 19918 -1
52 0 19919 26
23 1 19920 -1
59 0 19921 14
12 1 19922 -1
0 0 19923 26
37 1 19924 -1
16 1 19925 -1
25 0 19926 30
37 0 19927 48
7 0 19928 8
28 1 19929 -1
16 0 19930 4
19 1 19931 -1
29 0 19932 10
15 0 19933 28
32 1 19934 -1
7 1 19935 -1
15 1 19936 -1
39 0 19937 16
21 0 19938 36
35 1 19939 -1
12 1 19940 -1
41 0 19941 6
6 1 19942 -1
48 1 19943 -1
22 1 19944 -1
46 0 19945 12
37 0 19946 2
38 1 19947 -1
24 0 19948 28
32 0 19949 46
4 1 19950 -1
30 0 19951 46
51 0 19952 8
44 1 19953 -1
53 1 19954 -1
28 0 19955 46
19 1 19956 -1
40 1 19957 -1
56 0 19958 20
30 1 19959 -1
32 1 19960 -1
13 0 19961 36
32 0 19962 44
3 0 19963 12
13 1 19964 -1
5 0 19965 34
54 1 19966 -1
17 1 19967 -1
37 1 19968 -1
14 0 19969 38
9 1 19970 -1
12 0 19971 0
38 0 19972 0
29 0 19973 20
50 1 19974 -1
27 0 19975 14
38 1 19976 -1
56 1 19977 -1
33 0 19978 8
10 0 19979 14
9 1 19980 -1
27 1 19981 -1
3 1 19982 -1
42 0 19983 40
32 0 19984 32
15 0 19985 42
56 1 19986 -1
16 0 19987 16
27 1 19988 -1
19 1 19989 -1
34 1 19990 -1
59 0 19991 28
44 0 19992 26
12 0 19993 18
58 1 19994 -1
10 1 19995 -1
33 0 19996 44
27 0 19997 0
48 0 19998 6
15 0 19999 10
37 1 20000 -1
13 1 20001 -1
54 1 20002 -1
3 1 20003 -1
31 0 20004 10
50 0 20005 38
9 1 20006 -1
4 1 20007 -1
47 0 20008 24
18 0 20009 10
50 1 20010 -1
17 0 20011 18
56 1 20012 -1
55 0 20013 30
37 1 20014 -1
24 1 20015 -1
41 1 20016 -1
22 0 20017 40
50 0 20018 32
2 1 20019 -1
29 0 20020 26
31 0 20021 18
25 1 20022 -1
7 1 20023 -1
34 1 20024 -1
6 1 20025 -1
31 0 20026 6
34 1 20027 -1
46 0 20028 28
4 0 20029 12
17 0 20030 34
54 1 20031 -1
51 1 20032 -1
31 0 20033 28
57 0 20034 48
10 1 20035 -1
58 0 20036 34
48 0 20037 38
52 1 20038 -1
28 1 20039 -1
26 0 20040 10
41 1 20041 -1
4 0 20042 10
45 0 20043 44
22 1 20044 -1
38 1 20045 -1
34 0 20046 20
9 0 20047 26
36 1 20048 -1
47 0 20049 20
34 0 20050 40
5 1 20051 -1
45 1 20052 -1
54 1 20053 -1
2 0 20054 2
40 0 20055 2
46 1 20056 -1
26 1 20057 -1
29 1 20058 -1
33 1 20059 -1
7 0 20060 42
4 0 20061 44
13 0 20062 34
54 1 20063 -1
51 0 20064 28
43 1 20065 -1
3 0 20066 16
52 1 20067 -1
27 1 20068 -1
7 0 20069 14
8 1 20070 -1
41 0 20071 20
30 0 20072 40
6 0 20073 40
36 1 20074 -1
55 0 20075 8
5 1 20076 -1
0 1 20077 -1
33 1 20078 -1
6 0 20079 32
40 1 20080 -1
9 0 20081 36
25 0 20082 2
12 0 20083 16
58 1 20084 -1
1 1 20085 -1
42 0 20086 38
30 1 20087 -1
43 1 20088 -1
13 0 20089 0
10 0 20090 20
58 1 20091 -1
48 1 20092 -1
20 0 20093 10
10 1 20094 -1
48 0 20095 46
9 0 20096 2
54 0 20097 4
14 1 20098 -1
53 1 20099 -1
27 0 20100 10
43 0 20101 44
45 1 20102 -1
5 0 20103 8
1 0 20104 40
54 0 20105 46
43 1 20106 -1
23 0 20107 34
1 1 20108 -1
6 1 20109 -1
10 0 20110 22
20 1 20111 -1
26 1 20112 -1
25 1 20113 -1
3 1 20114 -1
53 0 20115 16
12 0 20116 10
16 1 20117 -1
2 0 20118 46
19 0 20119 44
6 0 20120 46
41 1 20121 -1
1 0 20122 0
25 1 20123 -1
16 0 20124 18
29 1 20125 -1
33 0 20126 40
14 0 20127 28
4 1 20128 -1
26 1 20129 -1
33 1 20130 -1
9 0 20131 48
39 1 20132 -1
20 1 20133 -1
43 1 20134 -1
23 0 20135 10
16 0 20136 48
57 0 20137 16
27 0 20138 4
7 1 20139 -1
30 0 20140 12
9 1 20141 -1
44 1 20142 -1
4 0 20143 20
13 1 20144 -1
40 0 20145 8
38 1 20146 -1
31 1 20147 -1
14 0 20148 26
11 1 20149 -1
42 1 20150 -1
3 0 20151 40
1 0 20152 34
17 0 20153 38
8 1 20154 -1
51 0 20155 22
53 1 20156 -1
41 0 20157 8
55 1 20158 -1
46 0 20159 24
31 0 20160 24
59 1 20161 -1
47 1 20162 -1
8 1 20163 -1
20 1 20164 -1
14 0 20165 12
42 0 20166 46
36 0 20167 30
54 0 20168 40
0 1 20169 -1
2 0 20170 18
39 1 20171 -1
35 1 20172 -1
38 1 20173 -1
9 0 20174 24
33 0 20175 30
26 1 20176 -1
58 1 20177 -1
10 1 20178 -1
11 0 20179 48
3 0 20180 28
42 1 20181 -1
0 0 20182 48
13 0 20183 16
52 1 20184 -1
47 1 20185 -1
31 0 20186 38
25 0 20187 16
9 1 20188 -1
35 0 20189 24
24 1 20190 -1
55 0 20191 22
40 0 20192 40
45 1 20193 -1
36 1 20194 -1
10 0 20195 6
42 0 20196 18
20 0 20197 8
34 1 20198 -1
42 0 20199 34
16 1 20200 -1
43 1 20201 -1
0 1 20202 -1
39 0 20203 18
42 0 20204 38
56 0 20205 22
12 1 20206 -1
56 1 20207 -1
13 1 20208 -1
20 1 20209 -1
59 0 20210 34
36 1 20211 -1
0 0 20212 34
20 1 20213 -1
10 0 20214 46
25 0 20215 24
45 1 20216 -1
42 1 20217 -1
51 0 20218 32
14 0 20219 40
40 1 20220 -1
19 1 20221 -1
47 0 20222 42
44 0 20223 2
49 1 20224 -1
34 1 20225 -1
13 0 20226 2
12 0 20227 26
58 0 20228 46
26 1 20229 -1
43 1 20230 -1
56 1 20231 -1
7 0 20232 14
55 1 20233 -1
35 1 20234 -1
12 0 20235 22
2 0 20236 40
44 0 20237 20
39 0 20238 38
59 1 20239 -1
20 1 20240 -1
11 1 20241 -1
10 0 20242 8
3 0 20243 36
28 1 20244 -1
35 0 20245 42
17 0 20246 12
59 1 20247 -1
7 1 20248 -1
19 1 20249 -1
39 0 20250 34
50 1 20251 -1
44 1 20252 -1
7 0 20253 0
49 0 20254 0
38 1 20255 -1
22 0 20256 12
17 1 20257 -1
37 1 20258 -1
10 0 20259 40
21 0 20260 16
54 0 20261 2
35 1 20262 -1
24 1 20263 -1
6 1 20264 -1
32 1 20265 -1
56 0 20266 40
56 0 20267 20
41 1 20268 -1
32 0 20269 12
16 0 20270 30
30 1 20271 -1
12 0 20272 24
38 0 20273 4
41 1 20274 -1
16 1 20275 -1
6 1 20276 -1
38 0 20277 0
58 0 20278 2
8 0 20279 6
20 1 20280 -1
36 0 20281 38
19 1 20282 -1
13 0 20283 46
56 1 20284 -1
38 0 20285 6
5 1 20286 -1
12 1 20287 -1
48 1 20288 -1
50 0 20289 44
41 1 20290 -1
44 0 20291 8
5 0 20292 8
19 1 20293 -1
45 1 20294 -1
56 0 20295 42
57 1 20296 -1
14 0 20297 16
8 0 20298 18
33 1 20299 -1
9 0 20300 34
36 1 20301 -1
35 0 20302 48
12 0 20303 6
51 1 20304 -1
39 1 20305 -1
43 1 20306 -1
36 0 20307 32
4 1 20308 -1
2 0 20309 46
43 0 20310 28
34 0 20311 42
18 1 20312 -1
59 1 20313 -1
8 0 20314 22
48 0 20315 0
30 1 20316 -1
39 0 20317 34
27 1 20318 -1
2 1 20319 -1
41 0 20320 32
2 1 20321 -1
11 1 20322 -1
21 1 20323 -1
30 0 20324 48
5 0 20325 18
14 1 20326 -1
57 0 20327 2
22 0 20328 14
58 0 20329 4
32 1 20330 -1
4 1 20331 -1
19 0 20332 2
10 0 20333 12
43 1 20334 -1
29 1 20335 -1
55 0 20336 16
14 1 20337 -1
51 0 20338 44
56 0 20339 28
47 0 20340 10
52 1 20341 -1
28 1 20342 -1
25 0 20343 22
53 1 20344 -1
28 0 20345 32
21 0 20346 20
19 1 20347 -1
35 0 20348 6
29 1 20349 -1
20 0 20350 42
17 1 20351 -1
54 1 20352 -1
4 0 20353 24
21 1 20354 -1
28 1 20355 -1
29 1 20356 -1
24 1 20357 -1
34 0 20358 12
23 1 20359 -1
33 0 20360 38
31 0 20361 8
4 0 20362 20
27 0 20363 6
30 1 20364 -1
0 0 20365 8
40 0 20366 4
46 1 20367 -1
45 0 20368 44
41 1 20369 -1
12 1 20370 -1
41 0 20371 8
28 0 20372 24
41 1 20373 -1
1 0 20374 12
2 1 20375 -1
42 0 20376 44
3 1 20377 -1
18 0 20378 48
22 1 20379 -1
56 1 20380 -1
0 0 20381 40
15 1 20382 -1
10 0 20383 6
44 0 20384 2
45 1 20385 -1
36 1 20386 -1
32 1 20387 -1
45 1 20388 -1
42 0 20389 6
32 0 20390 42
53 1 20391 -1
35 0 20392 42
26 0 20393 30
21 0 20394 14
3 1 20395 -1
52 0 20396 44
1 1 20397 -1
53 0 20398 34
53 0 20399 16
35 1 20400 -1
22 1 20401 -1
5 1 20402 -1
28 0 20403 30
0 1 20404 -1
21 0 20405 32
16 1 20406 -1
45 1 20407 -1
38 0 20408 26
3 1 20409 -1
59 0 20410 26
7 0 20411 8
29 1 20412 -1
41 0 20413 24
26 1 20414 -1
31 1 20415 -1
23 1 20416 -1
15 1 20417 -1
12 0 20418 34
39 0 20419 24
6 1 20420 -1
38 1 20421 -1
21 0 20422 4
51 0 20423 36
42 0 20424 32
0 0 20425 46
36 1 20426 -1
21 0 20427 18
51 1 20428 -1
53 0 20429 8
14 0 20430 46
26 1 20431 -1
52 0 20432 24
28 1 20433 -1
11 1 20434 -1
10 1 20435 -1
57 0 20436 30
20 1 20437 -1
47 1 20438 -1
43 1 20439 -1
51 0 20440 44
13 1 20441 -1
51 1 20442 -1
44 0 20443 0
32 1 20444 -1
31 0 20445 12
29 0 20446 44
16 0 20447 10
51 0 20448 8
3 1 20449 -1
51 0 20450 46
30 1 20451 -1
59 0 20452 2
2 0 20453 16
21 1 20454 -1
45 1 20455 -1
21 0 20456 0
46 0 20457 48
11 1 20458 -1
14 0 20459 30
23 0 20460 0
30 1 20461 -1
8 1 20462 -1
29 0 20463 8
53 0 20464 8
10 1 20465 -1
13 0 20466 14
47 1 20467 -1
32 0 20468 4
59 1 20469 -1
52 1 20470 -1
41 0 20471 6
11 0 20472 48
51 1 20473 -1
0 1 20474 -1
12 1 20475 -1
23 0 20476 22
19 1 20477 -1
20 1 20478 -1
31 1 20479 -1
59 0 20480 8
52 1 20481 -1
52 0 20482 32
38 0 20483 10
54 0 20484 28
6 1 20485 -1
37 1 20486 -1
11 0 20487 34
41 0 20488 22
16 1 20489 -1
22 0 20490 24
11 1 20491 -1
25 1 20492 -1
37 0 20493 40
53 1 20494 -1
45 0 20495 44
37 0 20496 6
38 0 20497 48
2 1 20498 -1
31 0 20499 44
28 1 20500 -1
13 1 20501 -1
41 0 20502 24
16 1 20503 -1
29 1 20504 -1
21 0 20505 12
14 1 20506 -1
6 0 20507 38
45 0 20508 30
1 0 20509 18
19 1 20510 -1
32 0 20511 44
56 1 20512 -1
28 0 20513 26
32 1 20514 -1
12 1 20515 -1
49 1 20516 -1
29 0 20517 36
51 1 20518 -1
34 0 20519 32
8 1 20520 -1
43 0 20521 46
59 0 20522 34
10 1 20523 -1
14 0 20524 28
15 1 20525 -1
21 0 20526 2
11 1 20527 -1
56 0 20528 24
28 0 20529 38
3 1 20530 -1
11 1 20531 -1
28 0 20532 12
43 0 20533 18
57 1 20534 -1
37 0 20535 42
33 0 20536 38
26 0 20537 0
56 1 20538 -1
35 1 20539 -1
23 1 20540 -1
43 0 20541 34
40 1 20542 -1
7 1 20543 -1
39 0 20544 42
13 1 20545 -1
53 0 20546 20
14 0 20547 38
5 1 20548 -1
20 1 20549 -1
39 0 20550 36
33 0 20551 44
1 1 20552 -1
24 0 20553 38
28 1 20554 -1
26 1 20555 -1
45 0 20556 28
6 0 20557 6
19 0 20558 20
29 1 20559 -1
35 1 20560 -1
29 0 20561 18
12 1 20562 -1
5 0 20563 8
37 1 20564 -1
1 1 20565 -1
50 0 20566 22
26 0 20567 32
1 0 20568 18
49 1 20569 -1
49 1 20570 -1
40 1 20571 -1
16 0 20572 32
35 0 20573 16
56 1 20574 -1
23 0 20575 28
26 1 20576 -1
13 0 20577 42
33 0 20578 46
15 0 20579 18
22 1 20580 -1
41 1 20581 -1
15 1 20582 -1
54 0 20583 34
0 0 20584 30
17 0 20585 20
37 1 20586 -1
40 1 20587 -1
9 1 20588 -1
13 0 20589 12
37 1 20590 -1
15 1 20591 -1
0 1 20592 -1
35 1 20593 -1
46 0 20594 24
47 0 20595 18
46 0 20596 38
42 0 20597 40
14 0 20598 38
49 1 20599 -1
36 0 20600 28
10 0 20601 38
7 1 20602 -1
39 1 20603 -1
44 1 20604 -1
31 0 20605 40
33 1 20606 -1
11 0 20607 34
47 1 20608 -1
55 1 20609 -1
38 0 20610 26
25 0 20611 36
6 0 20612 22
31 1 20613 -1
37 1 20614 -1
39 0 20615 4
59 1 20616 -1
27 0 20617 6
51 0 20618 36
46 1 20619 -1
15 1 20620 -1
11 0 20621 26
10 1 20622 -1
44 0 20623 38
32 1 20624 -1
12 0 20625 4
5 1 20626 -1
2 1 20627 -1
41 0 20628 44
29 0 20629 2
16 1 20630 -1
55 0 20631 26
39 1 20632 -1
49 0 20633 18
45 1 20634 -1
19 0 20635 6
27 0 20636 26
46 0 20637 22
1 1 20638 -1
28 1 20639 -1
33 1 20640 -1
42 0 20641 28
47 1 20642 -1
40 0 20643 24
52 1 20644 -1
47 1 20645 -1
25 0 20646 48
37 0 20647 22
33 1 20648 -1
9 1 20649 -1
40 1 20650 -1
14 0 20651 26
22 0 20652 38
50 1 20653 -1
46 0 20654 22
0 1 20655 -1
6 0 20656 4
41 1 20657 -1
21 0 20658 40
47 0 20659 22
50 1 20660 -1
6 1 20661 -1
18 1 20662 -1
42 1 20663 -1
55 0 20664 24
46 0 20665 18
54 0 20666 30
44 1 20667 -1
18 1 20668 -1
15 0 20669 10
44 0 20670 22
12 0 20671 6
5 1 20672 -1
58 1 20673 -1
11 0 20674 26
29 0 20675 42
4 1 20676 -1
45 1 20677 -1
37 0 20678 40
42 0 20679 4
58 0 20680 18
27 0 20681 0
28 1 20682 -1
51 1 20683 -1
31 1 20684 -1
25 1 20685 -1
31 0 20686 46
2 0 20687 30
6 0 20688 6
0 1 20689 -1
20 1 20690 -1
13 0 20691 22
11 0 20692 32
48 1 20693 -1
36 0 20694 32
46 1 20695 -1
20 1 20696 -1
24 0 20697 4
20 1 20698 -1
36 0 20699 4
50 0 20700 42
23 1 20701 -1
13 1 20702 -1
43 0 20703 2
15 1 20704 -1
13 0 20705 16
48 1 20706 -1
36 0 20707 48
4 1 20708 -1
16 0 20709 28
24 1 20710 -1
15 0 20711 24
59 0 20712 30
44 1 20713 -1
39 0 20714 2
40 1 20715 -1
52 0 20716 34
23 1 20717 -1
46 1 20718 -1
33 0 20719 40
16 0 20720 12
32 1 20721 -1
19 1 20722 -1
56 1 20723 -1
8 1 20724 -1
44 1 20725 -1
49 0 20726 22
18 0 20727 16
31 0 20728 42
15 1 20729 -1
20 0 20730 36
17 1 20731 -1
48 0 20732 36
14 0 20733 12
35 0 20734 14
15 1 20735 -1
38 1 20736 -1
5 0 20737 22
52 1 20738 -1
20 0 20739 40
39 1 20740 -1
2 1 20741 -1
14 0 20742 42
50 0 20743 48
58 1 20744 -1
4 1 20745 -1
3 1 20746 -1
57 0 20747 44
32 0 20748 16
8 0 20749 40
3 1 20750 -1
5 1 20751 -1
28 0 20752 2
40 1 20753 -1
37 0 20754 44
15 1 20755 -1
51 0 20756 22
25 1 20757 -1
33 1 20758 -1
0 0 20759 0
38 0 20760 28
30 0 20761 20
8 0 20762 28
28 1 20763 -1
29 1 20764 -1
38 1 20765 -1
26 0 20766 26
55 1 20767 -1
1 1 20768 -1
37 1 20769 -1
17 0 20770 46
4 0 20771 16
43 0 20772 30
32 0 20773 2
27 1 20774 -1
27 0 20775 40
58 1 20776 -1
38 0 20777 48
38 1 20778 -1
12 0 20779 22
30 0 20780 36
50 1 20781 -1
5 1 20782 -1
12 1 20783 -1
17 0 20784 24
43 1 20785 -1
1 0 20786 2
29 1 20787 -1
9 0 20788 18
33 1 20789 -1
12 0 20790 22
51 1 20791 -1
21 1 20792 -1
9 0 20793 34
54 0 20794 0
18 0 20795 30
8 1 20796 -1
32 0 20797 16
19 1 20798 -1
26 1 20799 -1
54 0 20800 42
58 0 20801 4
11 1 20802 -1
57 0 20803 36
18 1 20804 -1
8 0 20805 4
50 0 20806 30
47 1 20807 -1
10 1 20808 -1
54 1 20809 -1
1 0 20810 2
18 1 20811 -1
31 1 20812 -1
5 0 20813 28
28 1 20814 -1
35 0 20815 46
54 0 20816 6
29 0 20817 34
2 1 20818 -1
19 1 20819 -1
3 0 20820 26
3 1 20821 -1
59 1 20822 -1
19 0 20823 40
22 0 20824 2
52 0 20825 44
21 1 20826 -1
51 0 20827 10
45 1 20828 -1
29 0 20829 36
53 1 20830 -1
28 0 20831 34
7 1 20832 -1
50 1 20833 -1
31 0 20834 36
51 1 20835 -1
38 0 20836 44
45 1 20837 -1
50 0 20838 12
14 1 20839 -1
55 0 20840 34
7 1 20841 -1
49 0 20842 28
48 1 20843 -1
50 1 20844 -1
4 0 20845 30
56 0 20846 46
47 0 20847 40
30 0 20848 42
35 1 20849 -1
45 0 20850 0
32 1 20851 -1
44 1 20852 -1
18 1 20853 -1
21 0 20854 14
38 0 20855 16
37 1 20856 -1
24 0 20857 12
44 1 20858 -1
28 0 20859 30
40 1 20860 -1
11 0 20861 20
5 0 20862 6
38 1 20863 -1
38 0 20864 6
11 0 20865 48
49 0 20866 26
2 1 20867 -1
27 1 20868 -1
50 1 20869 -1
18 0 20870 42
44 1 20871 -1
19 1 20872 -1
5 1 20873 -1
16 1 20874 -1
35 0 20875 12
43 0 20876 20
0 0 20877 44
56 0 20878 32
58 1 20879 -1
46 0 20880 36
48 0 20881 0
8 1 20882 -1
26 0 20883 34
40 1 20884 -1
10 0 20885 6
14 1 20886 -1
47 1 20887 -1
39 0 20888 30
50 1 20889 -1
5 1 20890 -1
39 0 20891 18
24 0 20892 28
6 1 20893 -1
20 0 20894 8
0 1 20895 -1
24 1 20896 -1
59 0 20897 10
0 0 20898 12
54 1 20899 -1
43 1 20900 -1
48 1 20901 -1
44 0 20902 18
59 1 20903 -1
56 1 20904 -1
46 0 20905 8
41 1 20906 -1
41 1 20907 -1
14 0 20908 18
24 0 20909 40
28 0 20910 14
39 1 20911 -1
45 0 20912 38
49 1 20913 -1
40 0 20914 26
11 1 20915 -1
37 1 20916 -1
20 0 20917 44
27 1 20918 -1
47 0 20919 22
59 1 20920 -1
58 0 20921 38
2 0 20922 42
21 0 20923 8
27 0 20924 26
17 0 20925 36
26 1 20926 -1
15 1 20927 -1
12 1 20928 -1
32 0 20929 42
0 0 20930 20
58 1 20931 -1
42 1 20932 -1
5 1 20933 -1
16 1 20934 -1
37 1 20935 -1
45 1 20936 -1
1 0 20937 10
4 0 20938 22
34 1 20939 -1
10 0 20940 28
3 0 20941 10
16 0 20942 46
12 0 20943 30
23 1 20944 -1
55 1 20945 -1
14 0 20946 32
6 1 20947 -1
15 1 20948 -1
42 1 20949 -1
38 1 20950 -1
5 0 20951 38
10 0 20952 40
8 0 20953 0
35 0 20954 24
25 0 20955 44
2 1 20956 -1
58 1 20957 -1
40 1 20958 -1
47 0 20959 6
46 0 20960 40
51 0 20961 4
15 1 20962 -1
59 0 20963 40
58 0 20964 14
58 1 20965 -1
51 0 20966 20
52 1 20967 -1
43 1 20968 -1
41 0 20969 4
40 1 20970 -1
16 1 20971 -1
1 0 20972 14
39 1 20973 -1
15 0 20974 22
37 1 20975 -1
8 0 20976 16
54 1 20977 -1
3 0 20978 14
58 0 20979 34
57 1 20980 -1
15 0 20981 38
46 0 20982 42
37 0 20983 0
55 1 20984 -1
11 1 20985 -1
17 1 20986 -1
6 0 20987 6
20 1 20988 -1
30 0 20989 18
20 0 20990 10
18 1 20991 -1
6 0 20992 46
23 1 20993 -1
48 1 20994 -1
16 0 20995 48
34 1 20996 -1
34 0 20997 14
3 1 20998 -1
20 1 20999 -1
40 0 21000 22
50 0 21001 6
3 1 21002 -1
8 1 21003 -1
41 0 21004 4
27 0 21005 6
38 0 21006 6
50 1 21007 -1
56 1 21008 -1
35 1 21009 -1
1 0 21010 24
16 0 21011 48
24 1 21012 -1
22 1 21013 -1
47 0 21014 38
37 0 21015 12
1 1 21016 -1
0 1 21017 -1
3 0 21018 12
23 0 21019 12
41 1 21020 -1
8 0 21021 10
8 1 21022 -1
35 0 21023 16
45 1 21024 -1
40 0 21025 28
49 1 21026 -1
51 0 21027 24
40 0 21028 24
49 1 21029 -1
16 1 21030 -1
46 0 21031 20
8 0 21032 16
57 1 21033 -1
13 1 21034 -1
21 0 21035 4
55 1 21036 -1
40 1 21037 -1
56 0 21038 22
57 1 21039 -1
54 1 21040 -1
47 0 21041 0
21 1 21042 -1
11 0 21043 28
15 0 21044 38
11 1 21045 -1
35 0 21046 4
20 1 21047 -1
16 0 21048 4
52 1 21049 -1
38 0 21050 38
54 0 21051 18
34 0 21052 36
21 1 21053 -1
47 1 21054 -1
33 0 21055 14
47 1 21056 -1
39 1 21057 -1
29 0 21058 4
19 1 21059 -1
46 1 21060 -1
51 0 21061 8
45 0 21062 30
13 1 21063 -1
10 0 21064 44
6 1 21065 -1
39 0 21066 32
43 0 21067 48
1 0 21068 20
43 1 21069 -1
34 1 21070 -1
19 1 21071 -1
12 1 21072 -1
19 0 21073 6
42 0 21074 8
46 1 21075 -1
35 0 21076 26
19 1 21077 -1
18 0 21078 48
46 1 21079 -1
11 0 21080 14
2 0 21081 48
1 1 21082 -1
1 0 21083 46
2 1 21084 -1
47 1 21085 -1
34 1 21086 -1
10 0 21087 38
16 1 21088 -1
8 1 21089 -1
0 0 21090 24
11 0 21091 18
42 0 21092 22
44 1 21093 -1
23 0 21094 14
48 0 21095 38
23 1 21096 -1
43 0 21097 10
36 1 21098 -1
29 0 21099 22
33 0 21100 10
2 0 21101 18
41 1 21102 -1
8 1 21103 -1
56 0 21104 24
53 1 21105 -1
23 1 21106 -1
34 1 21107 -1
12 0 21108 12
38 0 21109 20
33 0 21110 32
38 1 21111 -1
40 1 21112 -1
55 1 21113 -1
26 0 21114 20
47 1 21115 -1
44 0 21116 34
22 1 21117 -1
57 0 21118 10
27 1 21119 -1
6 0 21120 10
21 0 21121 0
9 1 21122 -1
53 0 21123 48
41 1 21124 -1
51 0 21125 16
3 1 21126 -1
28 0 21127 20
47 1 21128 -1
6 1 21129 -1
10 0 21130 40
41 1 21131 -1
26 1 21132 -1
59 0 21133 18
30 1 21134 -1
15 0 21135 30
57 1 21136 -1
19 0 21137 46
52 0 21138 40
33 0 21139 38
56 1 21140 -1
50 0 21141 4
57 0 21142 34
57 1 21143 -1
7 0 21144 46
38 1 21145 -1
55 1 21146 -1
45 1 21147 -1
11 1 21148 -1
49 1 21149 -1
46 0 21150 16
19 0 21151 24
45 0 21152 12
23 0 21153 24
48 1 21154 -1
45 1 21155 -1
9 0 21156 24
53 0 21157 22
8 0 21158 4
18 1 21159 -1
17 1 21160 -1
35 1 21161 -1
27 0 21162 16
49 0 21163 32
51 1 21164 -1
14 1 21165 -1
18 0 21166 34
52 1 21167 -1
0 1 21168 -1
39 0 21169 32
43 0 21170 36
0 0 21171 12
22 1 21172 -1
30 1 21173 -1
24 1 21174 -1
52 0 21175 34
24 0 21176 32
7 0 21177 16
4 1 21178 -1
12 1 21179 -1
20 0 21180 34
25 1 21181 -1
25 1 21182 -1
41 0 21183 10
21 0 21184 46
25 1 21185 -1
57 0 21186 40
29 1 21187 -1
47 0 21188 16
15 0 21189 40
17 1 21190 -1
38 1 21191 -1
26 0 21192 46
25 0 21193 12
46 1 21194 -1
17 0 21195 8
2 1 21196 -1
19 0 21197 46
43 1 21198 -1
12 0 21199 14
20 1 21200 -1
24 1 21201 -1
42 1 21202 -1
48 0 21203 24
37 0 21204 34
7 1 21205 -1
34 1 21206 -1
3 0 21207 16
58 0 21208 4
6 0 21209 20
38 0 21210 44
14 1 21211 -1
7 0 21212 6
34 0 21213 32
56 1 21214 -1
27 1 21215 -1
6 1 21216 -1
36 0 21217 16
33 1 21218 -1
1 1 21219 -1
48 0 21220 24
17 1 21221 -1
33 1 21222 -1
34 1 21223 -1
18 0 21224 16
2 0 21225 30
1 0 21226 44
4 1 21227 -1
40 0 21228 42
50 0 21229 22
30 1 21230 -1
19 0 21231 48
50 0 21232 10
49 1 21233 -1
16 1 21234 -1
41 1 21235 -1
35 0 21236 18
10 1 21237 -1
48 1 21238 -1
54 0 21239 8
56 0 21240 24
8 0 21241 18
51 0 21242 10
4 0 21243 28
45 1 21244 -1
35 1 21245 -1
10 0 21246 12
42 1 21247 -1
37 0 21248 4
19 0 21249 32
5 1 21250 -1
20 1 21251 -1
52 0 21252 38
37 0 21253 34
52 1 21254 -1
34 0 21255 30
5 1 21256 -1
36 1 21257 -1
26 1 21258 -1
45 0 21259 32
53 1 21260 -1
30 0 21261 8
19 1 21262 -1
12 1 21263 -1
7 0 21264 46
15 1 21265 -1
5 1 21266 -1
46 0 21267 44
56 1 21268 -1
40 0 21269 0
38 0 21270 38
46 1 21271 -1
27 0 21272 42
31 1 21273 -1
46 1 21274 -1
55 0 21275 22
5 1 21276 -1
28 0 21277 18
38 0 21278 44
8 1 21279 -1
10 0 21280 30
10 1 21281 -1
39 0 21282 12
1 0 21283 42
29 0 21284 6
46 1 21285 -1
30 0 21286 20
0 1 21287 -1
44 1 21288 -1
24 0 21289 2
36 1 21290 -1
19 0 21291 2
39 0 21292 42
43 1 21293 -1
30 1 21294 -1
26 1 21295 -1
53 0 21296 16
52 0 21297 40
39 1 21298 -1
19 1 21299 -1
42 0 21300 38
35 0 21301 6
8 1 21302 -1
48 1 21303 -1
54 0 21304 14
15 0 21305 38
29 0 21306 2
20 0 21307 0
38 1 21308 -1
13 1 21309 -1
11 1 21310 -1
5 0 21311 12
20 0 21312 4
15 0 21313 22
32 1 21314 -1
28 1 21315 -1
21 1 21316 -1
1 1 21317 -1
7 0 21318 30
46 1 21319 -1
30 1 21320 -1
1 0 21321 4
4 1 21322 -1
26 0 21323 18
41 0 21324 32
2 0 21325 36
13 1 21326 -1
6 1 21327 -1
25 0 21328 40
56 1 21329 -1
40 0 21330 18
17 0 21331 22
27 1 21332 -1
22 0 21333 14
21 1 21334 -1
30 1 21335 -1
49 0 21336 24
16 1 21337 -1
51 0 21338 40
30 1 21339 -1
21 0 21340 48
49 1 21341 -1
38 0 21342 6
32 1 21343 -1
57 0 21344 40
50 1 21345 -1
38 0 21346 16
13 1 21347 -1
30 0 21348 30
16 1 21349 -1
44 0 21350 38
24 1 21351 -1
8 0 21352 30
37 0 21353 30
21 1 21354 -1
34 0 21355 0
22 1 21356 -1
25 1 21357 -1
47 1 21358 -1
38 0 21359 46
18 1 21360 -1
24 0 21361 26
31 1 21362 -1
55 0 21363 22
47 0 21364 38
42 1 21365 -1
41 0 21366 42
29 1 21367 -1
54 1 21368 -1
48 0 21369 16
45 0 21370 42
3 0 21371 48
36 0 21372 0
32 1 21373 -1
1 1 21374 -1
30 0 21375 32
36 0 21376 26
8 1 21377 -1
43 1 21378 -1
27 1 21379 -1
52 1 21380 -1
7 0 21381 22
26 0 21382 14
43 1 21383 -1
37 0 21384 8
19 0 21385 20
12 1 21386 -1
32 0 21387 42
40 1 21388 -1
0 0 21389 46
22 1 21390 -1
4 1 21391 -1
47 1 21392 -1
55 0 21393 0
21 0 21394 48
52 1 21395 -1
20 1 21396 -1
52 0 21397 34
5 0 21398 32
26 0 21399 30
27 1 21400 -1
52 1 21401 -1
25 0 21402 12
47 0 21403 2
49 0 21404 4
48 0 21405 28
49 1 21406 -1
5 1 21407 -1
58 1 21408 -1
20 1 21409 -1
16 1 21410 -1
3 0 21411 20
32 0 21412 0
51 1 21413 -1
24 1 21414 -1
12 0 21415 22
31 1 21416 -1
33 0 21417 32
57 0 21418 18
40 0 21419 14
24 1 21420 -1
30 1 21421 -1
1 0 21422 42
18 0 21423 32
4 1 21424 -1
22 1 21425 -1
43 1 21426 -1
5 0 21427 14
14 0 21428 30
48 1 21429 -1
10 0 21430 42
32 0 21431 32
20 0 21432 8
6 1 21433 -1
16 1 21434 -1
57 0 21435 8
35 1 21436 -1
15 1 21437 -1
24 0 21438 48
38 1 21439 -1
37 0 21440 8
39 1 21441 -1
57 0 21442 6
39 0 21443 42
52 0 21444 8
38 1 21445 -1
41 1 21446 -1
8 1 21447 -1
28 1 21448 -1
13 0 21449 2
41 0 21450 2
50 1 21451 -1
31 0 21452 0
28 1 21453 -1
47 0 21454 6
48 0 21455 44
2 1 21456 -1
8 1 21457 -1
40 1 21458 -1
56 1 21459 -1
19 0 21460 36
42 0 21461 28
25 0 21462 44
56 0 21463 26
11 1 21464 -1
38 0 21465 26
20 0 21466 18
12 1 21467 -1
59 1 21468 -1
30 0 21469 42
18 0 21470 0
19 1 21471 -1
7 1 21472 -1
50 0 21473 38
0 1 21474 -1
34 1 21475 -1
29 1 21476 -1
56 0 21477 44
17 1 21478 -1
26 0 21479 44
46 0 21480 16
18 1 21481 -1
28 0 21482 38
31 0 21483 40
20 1 21484 -1
51 1 21485 -1
48 1 21486 -1
46 0 21487 40
28 1 21488 -1
27 1 21489 -1
45 1 21490 -1
54 0 21491 42
5 0 21492 48
24 0 21493 0
21 0 21494 0
22 0 21495 32
51 1 21496 -1
29 1 21497 -1
1 0 21498 40
6 1 21499 -1
30 0 21500 6
11 0 21501 30
33 0 21502 22
8 1 21503 -1
57 1 21504 -1
39 0 21505 44
16 0 21506 30
27 1 21507 -1
22 0 21508 0
13 1 21509 -1
17 0 21510 24
45 0 21511 44
12 1 21512 -1
44 1 21513 -1
31 1 21514 -1
22 1 21515 -1
29 0 21516 36
11 0 21517 28
48 1 21518 -1
35 1 21519 -1
37 0 21520 12
27 0 21521 20
17 0 21522 14
15 1 21523 -1
21 1 21524 -1
45 1 21525 -1
3 0 21526 34
16 0 21527 20
38 0 21528 38
18 0 21529 2
4 1 21530 -1
3 1 21531 -1
51 1 21532 -1
46 1 21533 -1
28 0 21534 42
51 0 21535 2
13 0 21536 36
51 1 21537 -1
47 0 21538 48
24 1 21539 -1
2 1 21540 -1
1 1 21541 -1
23 0 21542 30
11 1 21543 -1
17 0 21544 14
28 0 21545 48
41 1 21546 -1
45 1 21547 -1
5 0 21548 24
12 1 21549 -1
54 1 21550 -1
52 0 21551 8
30 0 21552 16
25 1 21553 -1
16 0 21554 44
28 0 21555 24
51 1 21556 -1
37 1 21557 -1
20 0 21558 48
2 0 21559 12
47 0 21560 14
53 1 21561 -1
36 1 21562 -1
53 0 21563 40
56 1 21564 -1
50 1 21565 -1
11 0 21566 38
7 0 21567 18
34 1 21568 -1
10 0 21569 20
12 1 21570 -1
50 0 21571 48
0 0 21572 40
30 1 21573 -1
20 1 21574 -1
6 0 21575 42
51 1 21576 -1
56 0 21577 30
18 1 21578 -1
42 1 21579 -1
9 1 21580 -1
22 0 21581 18
52 1 21582 -1
9 0 21583 14
8 1 21584 -1
44 0 21585 38
19 1 21586 -1
1 0 21587 32
32 1 21588 -1
59 0 21589 48
14 0 21590 26
27 0 21591 28
23 1 21592 -1
41 0 21593 14
5 1 21594 -1
54 1 21595 -1
32 0 21596 40
22 0 21597 40
54 1 21598 -1
20 0 21599 44
10 1 21600 -1
0 1 21601 -1
20 0 21602 6
39 1 21603 -1
37 1 21604 -1
14 0 21605 26
42 0 21606 36
58 0 21607 36
40 1 21608 -1
12 1 21609 -1
16 1 21610 -1
44 0 21611 0
5 0 21612 34
49 0 21613 6
56 1 21614 -1
25 1 21615 -1
56 0 21616 48
54 1 21617 -1
15 0 21618 8
48 0 21619 4
38 0 21620 26
20 0 21621 4
42 1 21622 -1
57 1 21623 -1
15 1 21624 -1
1 1 21625 -1
46 1 21626 -1
26 0 21627 40
23 0 21628 14
34 0 21629 8
39 1 21630 -1
56 1 21631 -1
21 1 21632 -1
20 0 21633 0
4 0 21634 4
43 1 21635 -1
40 0 21636 38
0 0 21637 28
57 0 21638 38
47 1 21639 -1
57 0 21640 48
24 1 21641 -1
19 1 21642 -1
39 0 21643 22
38 0 21644 44
23 0 21645 28
32 1 21646 -1
23 1 21647 -1
31 1 21648 -1
57 0 21649 8
53 1 21650 -1
56 0 21651 8
3 1 21652 -1
47 0 21653 28
49 1 21654 -1
11 1 21655 -1
43 1 21656 -1
19 0 21657 40
37 0 21658 32
2 0 21659 44
6 1 21660 -1
17 1 21661 -1
19 0 21662 30
2 1 21663 -1
1 1 21664 -1
5 0 21665 4
5 1 21666 -1
31 0 21667 2
35 0 21668 16
23 1 21669 -1
29 0 21670 44
44 1 21671 -1
19 0 21672 4
46 0 21673 8
51 1 21674 -1
49 0 21675 26
12 1 21676 -1
38 0 21677 20
26 1 21678 -1
17 0 21679 36
13 0 21680 22
36 1 21681 -1
7 1 21682 -1
11 1 21683 -1
43 0 21684 2
55 0 21685 38
36 0 21686 2
52 1 21687 -1
19 0 21688 36
53 1 21689 -1
34 0 21690 38
48 1 21691 -1
14 1 21692 -1
21 0 21693 2
56 1 21694 -1
21 0 21695 28
1 1 21696 -1
6 0 21697 10
12 1 21698 -1
0 1 21699 -1
25 1 21700 -1
47 0 21701 8
38 0 21702 46
57 0 21703 36
3 1 21704 -1
30 1 21705 -1
0 0 21706 36
33 1 21707 -1
36 0 21708 42
16 0 21709 16
59 1 21710 -1
53 1 21711 -1
3 0 21712 48
4 0 21713 14
24 0 21714 0
17 1 21715 -1
55 1 21716 -1
24 0 21717 42
15 1 21718 -1
39 1 21719 -1
37 0 21720 48
30 1 21721 -1
14 0 21722 4
48 0 21723 26
19 1 21724 -1
54 0 21725 32
8 1 21726 -1
57 1 21727 -1
10 1 21728 -1
56 0 21729 8
24 1 21730 -1
28 0 21731 26
51 0 21732 20
31 1 21733 -1
24 0 21734 26
29 0 21735 10
8 1 21736 -1
23 1 21737 -1
58 1 21738 -1
31 0 21739 24
16 0 21740 6
12 0 21741 4
48 1 21742 -1
44 0 21743 14
16 0 21744 8
5 1 21745 -1
17 1 21746 -1
23 0 21747 14
44 1 21748 -1
55 0 21749 20
48 1 21750 -1
1 0 21751 32
55 1 21752 -1
2 1 21753 -1
28 0 21754 40
13 1 21755 -1
19 1 21756 -1
16 0 21757 8
10 0 21758 6
19 1 21759 -1
11 0 21760 2
24 1 21761 -1
54 0 21762 44
5 1 21763 -1
11 1 21764 -1
53 1 21765 -1
27 0 21766 38
52 0 21767 10
8 0 21768 8
41 0 21769 14
56 0 21770 42
26 1 21771 -1
3 0 21772 16
47 1 21773 -1
49 0 21774 40
35 1 21775 -1
20 1 21776 -1
15 0 21777 48
4 1 21778 -1
56 0 21779 28
40 0 21780 8
3 1 21781 -1
18 0 21782 14
47 1 21783 -1
25 0 21784 4
36 1 21785 -1
10 1 21786 -1
48 0 21787 38
37 1 21788 -1
34 0 21789 44
43 1 21790 -1
57 0 21791 22
10 1 21792 -1
11 0 21793 40
13 1 21794 -1
33 1 21795 -1
57 1 21796 -1
45 0 21797 44
47 0 21798 38
43 0 21799 38
18 1 21800 -1
26 0 21801 46
43 0 21802 32
18 1 21803 -1
24 1 21804 -1
35 0 21805 4
29 1 21806 -1
13 0 21807 20
22 0 21808 18
12 0 21809 28
39 1 21810 -1
12 0 21811 30
35 0 21812 20
8 1 21813 -1
9 1 21814 -1
26 1 21815 -1
16 0 21816 18
4 1 21817 -1
58 1 21818 -1
48 1 21819 -1
53 0 21820 44
13 1 21821 -1
41 0 21822 6
13 1 21823 -1
6 0 21824 28
11 1 21825 -1
48 1 21826 -1
48 1 21827 -1
25 0 21828 10
33 0 21829 22
26 1 21830 -1
51 0 21831 8
32 0 21832 32
3 1 21833 -1
22 0 21834 8
5 1 21835 -1
36 0 21836 34
25 0 21837 46
44 1 21838 -1
55 1 21839 -1
11 0 21840 26
8 1 21841 -1
45 1 21842 -1
43 0 21843 48
21 1 21844 -1
38 1 21845 -1
38 0 21846 46
48 0 21847 16
49 0 21848 40
15 1 21849 -1
54 1 21850 -1
1 1 21851 -1
34 0 21852 6
9 0 21853 10
26 1 21854 -1
0 1 21855 -1
45 0 21856 46
24 0 21857 2
40 0 21858 28
44 1 21859 -1
53 1 21860 -1
41 0 21861 24
50 1 21862 -1
29 0 21863 28
49 0 21864 16
23 1 21865 -1
31 0 21866 30
53 1 21867 -1
18 0 21868 38
28 1 21869 -1
7 1 21870 -1
54 0 21871 36
47 1 21872 -1
54 0 21873 0
54 0 21874 36
53 0 21875 10
12 1 21876 -1
27 1 21877 -1
52 0 21878 32
58 0 21879 8
16 1 21880 -1
51 0 21881 16
5 1 21882 -1
49 1 21883 -1
43 0 21884 42
29 1 21885 -1
26 0 21886 26
21 0 21887 12
38 0 21888 32
39 1 21889 -1
29 1 21890 -1
0 0 21891 4
42 1 21892 -1
18 1 21893 -1
19 0 21894 38
58 1 21895 -1
2 1 21896 -1
40 0 21897 26
1 0 21898 30
33 1 21899 -1
46 1 21900 -1
46 0 21901 38
32 1 21902 -1
59 1 21903 -1
40 0 21904 38
19 0 21905 10
17 0 21906 30
25 0 21907 20
28 1 21908 -1
4 1 21909 -1
38 1 21910 -1
59 0 21911 4
39 0 21912 42
3 0 21913 24
43 1 21914 -1
23 0 21915 26
58 1 21916 -1
46 1 21917 -1
10 0 21918 14
23 0 21919 0
5 1 21920 -1
32 0 21921 40
55 1 21922 -1
49 0 21923 28
27 0 21924 48
51 1 21925 -1
15 1 21926 -1
3 1 21927 -1
29 0 21928 26
37 1 21929 -1
12 0 21930 8
58 0 21931 4
20 1 21932 -1
19 0 21933 32
58 0 21934 8
37 1 21935 -1
51 1 21936 -1
20 1 21937 -1
24 0 21938 28
4 0 21939 48
59 0 21940 28
2 1 21941 -1
55 1 21942 -1
1 1 21943 -1
7 1 21944 -1
15 0 21945 26
15 0 21946 16
13 0 21947 46
51 1 21948 -1
29 1 21949 -1
27 0 21950 46
57 1 21951 -1
40 0 21952 38
42 0 21953 44
46 1 21954 -1
19 1 21955 -1
56 0 21956 48
53 1 21957 -1
19 0 21958 12
8 1 21959 -1
58 0 21960 2
13 0 21961 8
23 0 21962 44
6 1 21963 -1
13 1 21964 -1
25 0 21965 36
22 1 21966 -1
27 1 21967 -1
1 1 21968 -1
39 0 21969 20
27 1 21970 -1
18 0 21971 42
4 0 21972 42
27 1 21973 -1
38 0 21974 0
39 1 21975 -1
32 1 21976 -1
58 1 21977 -1
13 0 21978 44
15 1 21979 -1
19 0 21980 34
7 0 21981 46
33 0 21982 2
27 1 21983 -1
55 0 21984 28
26 1 21985 -1
46 0 21986 48
32 0 21987 34
24 1 21988 -1
10 1 21989 -1
11 1 21990 -1
39 0 21991 30
45 0 21992 4
27 1 21993 -1
3 0 21994 14
9 1 21995 -1
45 0 21996 42
2 1 21997 -1
42 0 21998 2
11 1 21999 -1
44 0 22000 8
3 1 22001 -1
48 0 22002 18
2 1 22003 -1
9 0 22004 26
44 0 22005 22
10 1 22006 -1
47 1 22007 -1
51 0 22008 24
2 0 22009 32
29 0 22010 38
48 1 22011 -1
10 1 22012 -1
12 0 22013 8
58 0 22014 44
3 1 22015 -1
3 1 22016 -1
5 1 22017 -1
12 0 22018 24
51 0 22019 14
24 1 22020 -1
5 1 22021 -1
3 0 22022 34
8 0 22023 38
59 1 22024 -1
31 0 22025 32
23 0 22026 30
53 1 22027 -1
39 0 22028 46
40 1 22029 -1
42 1 22030 -1
33 1 22031 -1
38 0 22032 34
5 0 22033 36
24 1 22034 -1
43 1 22035 -1
8 0 22036 44
33 0 22037 30
16 1 22038 -1
6 0 22039 12
37 1 22040 -1
54 1 22041 -1
40 0 22042 8
51 0 22043 0
56 1 22044 -1
15 1 22045 -1
36 1 22046 -1
56 0 22047 44
5 1 22048 -1
39 0 22049 8
51 0 22050 18
54 0 22051 36
3 1 22052 -1
44 1 22053 -1
29 1 22054 -1
2 0 22055 18
24 0 22056 46
12 0 22057 14
48 1 22058 -1
59 0 22059 10
2 1 22060 -1
24 1 22061 -1
11 0 22062 6
52 1 22063 -1
46 1 22064 -1
19 0 22065 44
10 1 22066 -1
10 0 22067 38
38 1 22068 -1
0 1 22069 -1
56 0 22070 0
18 1 22071 -1
42 1 22072 -1
36 0 22073 2
30 0 22074 40
47 0 22075 38
44 1 22076 -1
29 0 22077 14
54 1 22078 -1
31 1 22079 -1
17 0 22080 32
13 0 22081 6
23 1 22082 -1
31 0 22083 14
35 1 22084 -1
39 0 22085 42
41 1 22086 -1
22 1 22087 -1
0 0 22088 16
15 0 22089 0
0 1 22090 -1
23 0 22091 40
27 0 22092 42
20 0 22093 34
11 1 22094 -1
53 1 22095 -1
54 1 22096 -1
49 1 22097 -1
45 1 22098 -1
46 0 22099 6
45 0 22100 32
54 0 22101 16
26 0 22102 24
55 1 22103 -1
56 0 22104 8
10 1 22105 -1
49 0 22106 2
36 1 22107 -1
46 0 22108 8
8 0 22109 30
53 1 22110 -1
57 1 22111 -1
35 0 22112 28
38 0 22113 2
4 1 22114 -1
23 1 22115 -1
13 1 22116 -1
15 0 22117 34
46 0 22118 0
42 0 22119 42
0 1 22120 -1
44 0 22121 0
0 1 22122 -1
56 0 22123 10
15 0 22124 40
8 1 22125 -1
41 1 22126 -1
18 0 22127 14
35 1 22128 -1
46 0 22129 42
40 1 22130 -1
27 1 22131 -1
45 0 22132 16
15 0 22133 12
36 0 22134 12
0 1 22135 -1
26 0 22136 18
3 0 22137 40
22 1 22138 -1
3 1 22139 -1
40 0 22140 44
47 1 22141 -1
14 1 22142 -1
55 0 22143 40
44 1 22144 -1
41 0 22145 36
19 1 22146 -1
42 1 22147 -1
36 1 22148 -1
8 1 22149 -1
34 1 22150 -1
46 0 22151 38
50 1 22152 -1
0 0 22153 10
48 0 22154 30
33 0 22155 0
13 0 22156 22
45 1 22157 -1
2 0 22158 16
36 0 22159 48
51 0 22160 0
48 1 22161 -1
35 0 22162 32
25 1 22163 -1
31 1 22164 -1
16 0 22165 12
51 1 22166 -1
6 0 22167 36
51 1 22168 -1
57 1 22169 -1
42 0 22170 34
44 0 22171 36
16 1 22172 -1
11 0 22173 0
44 0 22174 42
38 1 22175 -1
57 0 22176 40
30 1 22177 -1
47 0 22178 42
34 1 22179 -1
23 0 22180 30
11 0 22181 14
39 1 22182 -1
43 1 22183 -1
38 1 22184 -1
57 1 22185 -1
0 0 22186 32
28 0 22187 44
2 1 22188 -1
35 1 22189 -1
28 0 22190 46
35 0 22191 8
46 0 22192 4
14 1 22193 -1
51 1 22194 -1
28 1 22195 -1
18 0 22196 10
27 0 22197 18
37 0 22198 42
58 0 22199 22
32 1 22200 -1
6 1 22201 -1
30 1 22202 -1
35 1 22203 -1
41 0 22204 32
57 0 22205 32
9 1 22206 -1
25 0 22207 6
37 1 22208 -1
52 1 22209 -1
53 1 22210 -1
26 0 22211 36
24 0 22212 44
50 0 22213 38
50 0 22214 30
17 1 22215 -1
23 1 22216 -1
13 1 22217 -1
42 0 22218 26
6 0 22219 26
59 1 22220 -1
31 0 22221 2
39 0 22222 16
19 1 22223 -1
36 1 22224 -1
56 1 22225 -1
27 0 22226 46
35 1 22227 -1
39 0 22228 8
57 0 22229 14
54 0 22230 40
1 1 22231 -1
47 0 22232 24
49 1 22233 -1
19 1 22234 -1
56 0 22235 48
27 0 22236 26
39 1 22237 -1
48 1 22238 -1
20 0 22239 28
12 0 22240 0
18 1 22241 -1
8 1 22242 -1
33 1 22243 -1
30 0 22244 36
42 0 22245 24
19 1 22246 -1
30 0 22247 16
28 1 22248 -1
6 0 22249 32
16 1 22250 -1
4 0 22251 4
36 0 22252 2
37 1 22253 -1
57 1 22254 -1
13 0 22255 10
38 1 22256 -1
29 0 22257 36
44 1 22258 -1
40 1 22259 -1
39 0 22260 40
10 0 22261 46
19 0 22262 44
43 1 22263 -1
10 1 22264 -1
38 1 22265 -1
20 1 22266 -1
45 0 22267 12
28 1 22268 -1
34 0 22269 36
38 0 22270 14
28 1 22271 -1
40 0 22272 24
44 0 22273 24
42 1 22274 -1
45 0 22275 30
50 1 22276 -1
10 1 22277 -1
28 1 22278 -1
29 0 22279 26
21 1 22280 -1
30 0 22281 36
55 0 22282 26
54 1 22283 -1
33 0 22284 46
3 0 22285 8
22 1 22286 -1
3 1 22287 -1
59 1 22288 -1
57 0 22289 36
24 0 22290 32
35 1 22291 -1
51 1 22292 -1
11 0 22293 18
43 0 22294 4
10 0 22295 36
41 1 22296 -1
31 1 22297 -1
45 0 22298 38
0 0 22299 22
42 1 22300 -1
52 0 22301 22
49 1 22302 -1
55 1 22303 -1
36 1 22304 -1
52 0 22305 14
51 0 22306 12
23 0 22307 2
47 0 22308 42
31 1 22309 -1
58 1 22310 -1
12 0 22311 30
42 0 22312 42
55 1 22313 -1
57 1 22314 -1
46 1 22315 -1
8 1 22316 -1
2 0 22317 40
41 0 22318 36
49 0 22319 18
42 1 22320 -1
35 0 22321 40
19 0 22322 38
3 0 22323 24
9 1 22324 -1
2 1 22325 -1
57 0 22326 12
8 1 22327 -1
33 1 22328 -1
43 0 22329 34
29 1 22330 -1
49 1 22331 -1
3 1 22332 -1
17 0 22333 24
19 0 22334 32
7 0 22335 20
54 0 22336 40
24 0 22337 12
8 1 22338 -1
6 1 22339 -1
7 1 22340 -1
52 1 22341 -1
57 1 22342 -1
35 0 22343 32
26 1 22344 -1
20 0 22345 48
15 1 22346 -1
27 0 22347 30
11 0 22348 46
27 0 22349 10
53 0 22350 34
21 1 22351 -1
46 0 22352 0
57 0 22353 36
3 1 22354 -1
19 1 22355 -1
59 0 22356 18
43 1 22357 -1
56 1 22358 -1
35 1 22359 -1
6 0 22360 34
10 1 22361 -1
21 0 22362 0
59 1 22363 -1
46 0 22364 48
8 0 22365 2
34 0 22366 44
19 1 22367 -1
44 0 22368 42
7 1 22369 -1
15 0 22370 26
36 1 22371 -1
39 0 22372 2
36 1 22373 -1
9 0 22374 8
51 0 22375 18
25 1 22376 -1
52 1 22377 -1
8 1 22378 -1
37 0 22379 36
16 0 22380 18
45 1 22381 -1
1 0 22382 18
16 1 22383 -1
31 1 22384 -1
25 1 22385 -1
50 0 22386 2
55 0 22387 14
51 1 22388 -1
45 0 22389 12
13 0 22390 8
19 1 22391 -1
7 0 22392 34
3 1 22393 -1
2 1 22394 -1
15 1 22395 -1
13 1 22396 -1
28 0 22397 28
12 1 22398 -1
25 0 22399 34
30 0 22400 36
25 0 22401 12
14 0 22402 42
44 1 22403 -1
22 1 22404 -1
41 1 22405 -1
29 0 22406 26
6 1 22407 -1
4 0 22408 20
37 1 22409 -1
46 1 22410 -1
14 0 22411 28
12 0 22412 40
18 0 22413 40
16 1 22414 -1
30 0 22415 48
57 0 22416 26
40 1 22417 -1
56 0 22418 10
9 1 22419 -1
7 1 22420 -1
4 0 22421 24
57 0 22422 12
44 1 22423 -1
34 1 22424 -1
49 1 22425 -1
30 0 22426 42
31 0 22427 36
31 0 22428 42
41 1 22429 -1
8 0 22430 34
3 1 22431 -1
31 1 22432 -1
10 1 22433 -1
46 0 22434 26
58 0 22435 18
25 1 22436 -1
52 0 22437 20
14 1 22438 -1
30 0 22439 2
49 1 22440 -1
4 0 22441 28
37 1 22442 -1
49 0 22443 44
41 1 22444 -1
53 1 22445 -1
53 0 22446 0
16 1 22447 -1
41 0 22448 48
37 1 22449 -1
9 0 22450 40
10 0 22451 24
31 0 22452 30
46 1 22453 -1
57 1 22454 -1
48 0 22455 12
51 1 22456 -1
45 0 22457 22
24 0 22458 16
11 1 22459 -1
3 0 22460 2
8 0 22461 30
12 1 22462 -1
51 1 22463 -1
36 0 22464 30
20 1 22465 -1
36 0 22466 14
29 0 22467 42
30 1 22468 -1
14 1 22469 -1
22 0 22470 10
58 1 22471 -1
5 0 22472 36
52 1 22473 -1
26 0 22474 32
53 1 22475 -1
59 1 22476 -1
19 0 22477 2
47 1 22478 -1
56 0 22479 22
3 1 22480 -1
27 1 22481 -1
9 0 22482 8
12 1 22483 -1
35 0 22484 24
25 0 22485 2
54 1 22486 -1
52 1 22487 -1
41 0 22488 20
14 0 22489 34
11 0 22490 6
21 0 22491 18
10 1 22492 -1
58 1 22493 -1
33 0 22494 6
44 1 22495 -1
36 1 22496 -1
31 0 22497 48
14 0 22498 30
19 1 22499 -1
33 1 22500 -1
55 0 22501 46
0 1 22502 -1
5 0 22503 4
59 1 22504 -1
0 0 22505 28
42 1 22506 -1
53 0 22507 20
16 0 22508 16
46 1 22509 -1
46 0 22510 44
30 1 22511 -1
8 1 22512 -1
22 1 22513 -1
50 1 22514 -1
52 1 22515 -1
34 0 22516 14
59 0 22517 38
39 1 22518 -1
30 0 22519 20
46 0 22520 14
1 1 22521 -1
26 0 22522 20
27 0 22523 12
18 1 22524 -1
49 1 22525 -1
45 0 22526 0
25 1 22527 -1
23 1 22528 -1
58 0 22529 44
28 0 22530 48
45 1 22531 -1
11 1 22532 -1
24 0 22533 28
22 1 22534 -1
45 1 22535 -1
2 0 22536 24
40 0 22537 38
11 0 22538 30
55 0 22539 20
18 1 22540 -1
59 0 22541 16
59 1 22542 -1
11 1 22543 -1
0 0 22544 6
18 0 22545 0
41 1 22546 -1
38 0 22547 40
28 0 22548 18
32 1 22549 -1
44 0 22550 18
27 0 22551 2
20 1 22552 -1
29 1 22553 -1
43 1 22554 -1
56 0 22555 0
2 0 22556 8
21 1 22557 -1
53 1 22558 -1
25 0 22559 46
50 1 22560 -1
8 0 22561 2
51 1 22562 -1
45 1 22563 -1
43 0 22564 18
58 1 22565 -1
12 0 22566 30
10 0 22567 42
8 0 22568 32
1 1 22569 -1
15 1 22570 -1
37 1 22571 -1
23 0 22572 40
2 1 22573 -1
56 0 22574 46
7 0 22575 4
34 1 22576 -1
37 1 22577 -1
57 0 22578 12
49 0 22579 30
35 1 22580 -1
44 1 22581 -1
27 1 22582 -1
21 0 22583 0
28 0 22584 0
58 1 22585 -1
33 0 22586 10
16 0 22587 28
10 0 22588 38
8 0 22589 12
42 1 22590 -1
6 1 22591 -1
3 1 22592 -1
56 1 22593 -1
43 0 22594 24
11 0 22595 14
53 1 22596 -1
37 1 22597 -1
15 0 22598 4
11 1 22599 -1
50 0 22600 10
13 1 22601 -1
16 0 22602 36
8 1 22603 -1
58 0 22604 28
26 1 22605 -1
15 0 22606 44
39 1 22607 -1
41 0 22608 48
11 1 22609 -1
44 1 22610 -1
41 0 22611 14
36 1 22612 -1
30 0 22613 20
33 1 22614 -1
5 0 22615 38
8 0 22616 36
18 1 22617 -1
11 1 22618 -1
55 0 22619 6
36 1 22620 -1
8 0 22621 36
59 0 22622 14
47 0 22623 34
40 1 22624 -1
8 0 22625 38
38 1 22626 -1
26 1 22627 -1
28 0 22628 22
29 0 22629 10
31 1 22630 -1
42 0 22631 6
38 0 22632 28
28 1 22633 -1
32 0 22634 8
59 1 22635 -1
31 1 22636 -1
53 1 22637 -1
15 0 22638 28
8 0 22639 32
40 1 22640 -1
27 1 22641 -1
55 0 22642 0
28 0 22643 16
12 1 22644 -1
30 0 22645 2
55 1 22646 -1
45 0 22647 18
21 1 22648 -1
57 1 22649 -1
31 0 22650 0
12 0 22651 42
17 1 22652 -1
39 0 22653 24
18 1 22654 -1
22 0 22655 2
3 1 22656 -1
49 1 22657 -1
7 1 22658 -1
40 0 22659 24
55 0 22660 30
17 1 22661 -1
7 0 22662 16
29 0 22663 4
40 1 22664 -1
18 1 22665 -1
51 1 22666 -1
58 0 22667 0
50 1 22668 -1
58 0 22669 8
49 1 22670 -1
11 0 22671 2
5 1 22672 -1
19 0 22673 12
42 0 22674 20
36 0 22675 24
10 1 22676 -1
37 1 22677 -1
51 1 22678 -1
6 0 22679 0
48 1 22680 -1
22 0 22681 26
54 0 22682 2
34 1 22683 -1
56 0 22684 20
3 0 22685 16
13 1 22686 -1
36 0 22687 4
5 1 22688 -1
35 0 22689 18
43 1 22690 -1
30 1 22691 -1
35 0 22692 18
2 0 22693 10
12 0 22694 44
57 1 22695 -1
46 1 22696 -1
57 0 22697 38
53 0 22698 22
30 1 22699 -1
1 1 22700 -1
26 0 22701 28
2 0 22702 46
33 0 22703 14
30 1 22704 -1
36 1 22705 -1
3 1 22706 -1
7 0 22707 46
3 0 22708 46
26 1 22709 -1
29 1 22710 -1
52 0 22711 14
5 1 22712 -1
40 0 22713 10
45 0 22714 12
35 1 22715 -1
22 1 22716 -1
53 1 22717 -1
20 0 22718 20
16 0 22719 4
44 1 22720 -1
27 1 22721 -1
33 1 22722 -1
7 0 22723 0
53 0 22724 46
47 1 22725 -1
32 0 22726 34
14 1 22727 -1
3 1 22728 -1
37 1 22729 -1
18 0 22730 14
10 0 22731 32
2 0 22732 0
31 1 22733 -1
47 0 22734 30
29 0 22735 14
59 1 22736 -1
22 0 22737 10
12 1 22738 -1
19 0 22739 22
27 0 22740 26
58 1 22741 -1
44 1 22742 -1
18 0 22743 32
36 0 22744 36
29 0 22745 4
51 1 22746 -1
20 1 22747 -1
43 0 22748 14
33 0 22749 12
48 1 22750 -1
32 1 22751 -1
4 1 22752 -1
14 0 22753 48
4 1 22754 -1
36 0 22755 38
18 0 22756 34
10 1 22757 -1
57 0 22758 32
48 1 22759 -1
19 1 22760 -1
58 0 22761 48
29 1 22762 -1
23 1 22763 -1
2 0 22764 44
35 1 22765 -1
37 1 22766 -1
0 1 22767 -1
4 0 22768 32
14 1 22769 -1
2 0 22770 8
40 0 22771 6
50 0 22772 12
28 1 22773 -1
39 1 22774 -1
30 0 22775 10
2 0 22776 20
36 0 22777 34
11 1 22778 -1
39 1 22779 -1
15 0 22780 2
26 0 22781 18
35 0 22782 4
17 1 22783 -1
58 1 22784 -1
43 0 22785 8
37 1 22786 -1
5 1 22787 -1
19 0 22788 26
14 0 22789 26
37 0 22790 12
16 1 22791 -1
29 0 22792 14
17 1 22793 -1
42 1 22794 -1
44 0 22795 32
3 1 22796 -1
57 1 22797 -1
10 0 22798 28
12 1 22799 -1
24 1 22800 -1
23 0 22801 8
54 1 22802 -1
58 0 22803 28
44 0 22804 12
41 1 22805 -1
19 0 22806 48
51 0 22807 30
6 1 22808 -1
12 0 22809 46
6 0 22810 46
27 0 22811 38
28 1 22812 -1
34 0 22813 32
0 1 22814 -1
18 0 22815 30
19 1 22816 -1
46 1 22817 -1
8 1 22818 -1
21 0 22819 42
23 1 22820 -1
36 1 22821 -1
10 0 22822 16
25 1 22823 -1
39 1 22824 -1
44 0 22825 24
30 0 22826 10
31 0 22827 48
28 0 22828 38
8 0 22829 20
23 1 22830 -1
49 1 22831 -1
52 0 22832 48
6 0 22833 48
59 1 22834 -1
30 1 22835 -1
33 1 22836 -1
27 1 22837 -1
13 0 22838 30
13 1 22839 -1
35 0 22840 22
20 0 22841 2
51 1 22842 -1
50 0 22843 14
47 1 22844 -1
54 1 22845 -1
26 1 22846 -1
41 0 22847 40
50 0 22848 32
12 1 22849 -1
15 0 22850 10
25 0 22851 38
23 0 22852 24
48 1 22853 -1
50 1 22854 -1
30 0 22855 28
2 0 22856 40
23 1 22857 -1
44 0 22858 36
30 0 22859 20
45 1 22860 -1
26 1 22861 -1
17 0 22862 16
3 0 22863 14
55 1 22864 -1
11 1 22865 -1
26 0 22866 30
12 1 22867 -1
22 0 22868 24
15 0 22869 32
54 1 22870 -1
23 1 22871 -1
42 1 22872 -1
28 0 22873 34
26 1 22874 -1
55 1 22875 -1
36 0 22876 48
4 1 22877 -1
4 1 22878 -1
53 0 22879 32
23 1 22880 -1
57 0 22881 24
26 0 22882 6
8 0 22883 28
24 1 22884 -1
32 1 22885 -1
26 0 22886 32
10 1 22887 -1
53 0 22888 18
33 0 22889 26
28 1 22890 -1
46 0 22891 48
47 1 22892 -1
38 0 22893 46
36 1 22894 -1
31 0 22895 36
19 0 22896 0
44 0 22897 36
0 1 22898 -1
56 1 22899 -1
45 0 22900 0
35 1 22901 -1
34 0 22902 28
40 1 22903 -1
35 0 22904 22
46 1 22905 -1
33 0 22906 36
29 1 22907 -1
37 0 22908 38
0 1 22909 -1
15 1 22910 -1
53 0 22911 46
19 1 22912 -1
35 1 22913 -1
37 0 22914 4
17 0 22915 18
10 1 22916 -1
22 1 22917 -1
42 0 22918 8
37 1 22919 -1
42 1 22920 -1
53 0 22921 44
13 1 22922 -1
37 0 22923 18
55 0 22924 36
26 1 22925 -1
41 1 22926 -1
51 0 22927 26
22 0 22928 4
51 0 22929 48
2 1 22930 -1
32 0 22931 0
27 0 22932 12
20 0 22933 16
52 1 22934 -1
10 1 22935 -1
22 1 22936 -1
44 1 22937 -1
44 0 22938 20
59 0 22939 46
8 1 22940 -1
11 0 22941 34
25 1 22942 -1
54 0 22943 2
50 1 22944 -1
53 0 22945 14
47 0 22946 18
49 1 22947 -1
20 0 22948 10
52 1 22949 -1
49 0 22950 22
15 1 22951 -1
16 1 22952 -1
41 0 22953 28
34 1 22954 -1
55 0 22955 4
59 1 22956 -1
26 0 22957 12
3 1 22958 -1
10 0 22959 36
57 1 22960 -1
47 1 22961 -1
15 1 22962 -1
53 0 22963 42
35 0 22964 2
18 1 22965 -1
27 1 22966 -1
13 0 22967 10
16 1 22968 -1
41 1 22969 -1
51 0 22970 22
5 0 22971 22
46 1 22972 -1
20 0 22973 40
20 0 22974 40
24 1 22975 -1
16 0 22976 16
50 0 22977 28
20 1 22978 -1
11 0 22979 36
15 0 22980 16
25 1 22981 -1
32 0 22982 4
23 1 22983 -1
34 1 22984 -1
14 1 22985 -1
14 0 22986 14
16 1 22987 -1
52 1 22988 -1
22 0 22989 32
24 1 22990 -1
53 0 22991 46
49 0 22992 28
4 1 22993 -1
15 0 22994 36
59 0 22995 28
59 0 22996 42
19 1 22997 -1
28 0 22998 10
26 1 22999 -1
27 0 23000 10
43 1 23001 -1
23 0 23002 20
45 1 23003 -1
27 0 23004 22
25 0 23005 12
21 1 23006 -1
17 1 23007 -1
5 0 23008 18
47 1 23009 -1
37 1 23010 -1
19 1 23011 -1
47 0 23012 14
40 0 23013 48
41 1 23014 -1
13 0 23015 18
44 0 23016 2
27 1 23017 -1
22 1 23018 -1
47 0 23019 4
9 1 23020 -1
9 0 23021 44
23 0 23022 48
36 1 23023 -1
4 1 23024 -1
45 0 23025 40
44 1 23026 -1
30 1 23027 -1
25 0 23028 20
52 1 23029 -1
20 0 23030 20
14 1 23031 -1
30 0 23032 14
39 1 23033 -1
42 1 23034 -1
41 0 23035 44
17 0 23036 4
44 0 23037 22
57 1 23038 -1
20 0 23039 14
43 0 23040 2
14 1 23041 -1
8 0 23042 10
53 1 23043 -1
55 1 23044 -1
4 0 23045 22
34 1 23046 -1
18 1 23047 -1
48 0 23048 10
19 1 23049 -1
49 0 23050 38
0 1 23051 -1
25 1 23052 -1
15 1 23053 -1
56 0 23054 34
47 0 23055 4
55 0 23056 30
5 0 23057 26
8 0 23058 26
35 1 23059 -1
24 1 23060 -1
18 1 23061 -1
59 0 23062 4
25 0 23063 38
45 0 23064 26
44 1 23065 -1
17 0 23066 6
27 0 23067 6
37 1 23068 -1
23 1 23069 -1
2 1 23070 -1
46 0 23071 30
53 1 23072 -1
25 1 23073 -1
59 0 23074 32
49 0 23075 6
3 0 23076 46
19 1 23077 -1
36 1 23078 -1
37 1 23079 -1
5 0 23080 2
54 1 23081 -1
11 0 23082 34
3 0 23083 38
2 0 23084 0
23 1 23085 -1
13 1 23086 -1
38 0 23087 48
20 1 23088 -1
42 0 23089 18
1 1 23090 -1
54 0 23091 38
16 1 23092 -1
37 1 23093 -1
51 0 23094 16
43 1 23095 -1
24 0 23096 32
15 0 23097 4
37 1 23098 -1
41 1 23099 -1
41 1 23100 -1
48 0 23101 46
22 0 23102 26
20 0 23103 24
42 1 23104 -1
34 1 23105 -1
10 1 23106 -1
34 0 23107 46
41 1 23108 -1
15 0 23109 48
17 0 23110 34
36 1 23111 -1
34 0 23112 38
21 0 23113 38
0 0 23114 32
26 1 23115 -1
5 1 23116 -1
54 0 23117 38
5 0 23118 10
38 1 23119 -1
53 0 23120 28
54 1 23121 -1
52 0 23122 22
53 1 23123 -1
37 0 23124 38
47 1 23125 -1
22 1 23126 -1
37 1 23127 -1
52 0 23128 32
10 0 23129 44
12 0 23130 6
42 0 23131 26
44 1 23132 -1
43 1 23133 -1
40 1 23134 -1
45 0 23135 34
26 1 23136 -1
8 1 23137 -1
39 0 23138 12
41 0 23139 36
39 1 23140 -1
3 0 23141 40
6 1 23142 -1
53 0 23143 42
8 0 23144 8
26 0 23145 10
19 1 23146 -1
1 1 23147 -1
29 0 23148 6
53 1 23149 -1
30 1 23150 -1
0 0 23151 48
19 1 23152 -1
54 0 23153 48
24 1 23154 -1
40 1 23155 -1
23 0 23156 40
53 1 23157 -1
11 0 23158 38
13 0 23159 14
39 1 23160 -1
5 1 23161 -1
10 0 23162 0
41 0 23163 34
38 0 23164 16
12 0 23165 28
44 1 23166 -1
36 0 23167 8
24 1 23168 -1
9 1 23169 -1
53 0 23170 18
5 1 23171 -1
20 1 23172 -1
41 0 23173 48
53 0 23174 30
42 1 23175 -1
12 0 23176 44
23 0 23177 14
4 0 23178 6
29 1 23179 -1
6 0 23180 26
20 1 23181 -1
18 1 23182 -1
5 1 23183 -1
16 0 23184 8
12 1 23185 -1
25 1 23186 -1
41 1 23187 -1
0 0 23188 38
3 0 23189 4
0 0 23190 10
40 1 23191 -1
18 0 23192 12
35 1 23193 -1
16 0 23194 30
17 1 23195 -1
50 0 23196 26
59 1 23197 -1
38 1 23198 -1
35 0 23199 6
37 0 23200 36
45 1 23201 -1
9 1 23202 -1
30 1 23203 -1
5 1 23204 -1
34 0 23205 44
45 1 23206 -1
48 0 23207 26
58 1 23208 -1
30 0 23209 16
34 0 23210 26
38 1 23211 -1
24 0 23212 0
18 1 23213 -1
52 0 23214 4
11 1 23215 -1
4 0 23216 32
35 0 23217 48
1 0 23218 44
34 1 23219 -1
37 1 23220 -1
44 0 23221 48
44 1 23222 -1
3 0 23223 22
48 1 23224 -1
42 0 23225 40
34 0 23226 18
13 1 23227 -1
49 1 23228 -1
52 1 23229 -1
19 1 23230 -1
59 0 23231 30
48 0 23232 6
15 1 23233 -1
53 0 23234 28
39 0 23235 22
59 1 23236 -1
46 1 23237 -1
0 1 23238 -1
26 0 23239 22
38 0 23240 6
40 1 23241 -1
37 0 23242 2
41 0 23243 18
49 1 23244 -1
9 0 23245 34
15 1 23246 -1
20 0 23247 28
48 0 23248 4
49 1 23249 -1
40 0 23250 38
8 0 23251 24
38 0 23252 16
0 1 23253 -1
51 1 23254 -1
43 0 23255 10
45 0 23256 42
24 1 23257 -1
55 1 23258 -1
9 1 23259 -1
8 1 23260 -1
53 0 23261 38
30 0 23262 14
26 1 23263 -1
5 0 23264 40
30 1 23265 -1
10 1 23266 -1
27 1 23267 -1
35 1 23268 -1
35 0 23269 12
48 0 23270 4
47 0 23271 24
59 1 23272 -1
48 0 23273 4
13 1 23274 -1
9 0 23275 48
47 1 23276 -1
39 0 23277 34
5 1 23278 -1
8 0 23279 0
2 1 23280 -1
34 1 23281 -1
23 0 23282 22
3 0 23283 42
18 1 23284 -1
56 1 23285 -1
20 0 23286 32
50 1 23287 -1
55 1 23288 -1
42 0 23289 16
36 0 23290 46
30 1 23291 -1
11 0 23292 36
44 0 23293 38
16 1 23294 -1
19 1 23295 -1
30 0 23296 48
20 1 23297 -1
25 0 23298 44
1 0 23299 20
9 1 23300 -1
8 0 23301 32
53 0 23302 12
50 1 23303 -1
39 1 23304 -1
46 1 23305 -1
22 0 23306 10
27 1 23307 -1
46 0 23308 28
59 0 23309 24
15 1 23310 -1
1 1 23311 -1
30 0 23312 14
15 1 23313 -1
11 1 23314 -1
52 0 23315 16
6 1 23316 -1
16 0 23317 32
27 1 23318 -1
46 0 23319 34
48 0 23320 26
28 1 23321 -1
18 1 23322 -1
11 0 23323 20
58 0 23324 2
46 1 23325 -1
43 1 23326 -1
26 0 23327 14
27 0 23328 20
23 1 23329 -1
55 0 23330 16
52 0 23331 20
33 1 23332 -1
4 0 23333 30
42 0 23334 28
38 1 23335 -1
57 0 23336 48
18 0 23337 22
7 1 23338 -1
32 1 23339 -1
57 1 23340 -1
12 1 23341 -1
22 0 23342 48
16 0 23343 38
24 0 23344 18
24 0 23345 8
51 1 23346 -1
14 1 23347 -1
7 1 23348 -1
26 1 23349 -1
39 0 23350 0
41 1 23351 -1
39 1 23352 -1
8 1 23353 -1
16 0 23354 4
13 0 23355 0
41 0 23356 20
52 0 23357 30
27 1 23358 -1
50 1 23359 -1
0 0 23360 18
22 0 23361 2
7 1 23362 -1
2 1 23363 -1
8 0 23364 48
25 1 23365 -1
46 0 23366 2
52 0 23367 18
27 1 23368 -1
19 1 23369 -1
21 1 23370 -1
32 0 23371 22
52 0 23372 26
46 1 23373 -1
53 0 23374 42
21 1 23375 -1
8 0 23376 8
14 1 23377 -1
19 0 23378 34
56 0 23379 8
25 1 23380 -1
0 0 23381 38
15 1 23382 -1
33 1 23383 -1
50 0 23384 38
34 0 23385 2
46 1 23386 -1
51 0 23387 8
45 0 23388 30
8 1 23389 -1
14 1 23390 -1
46 1 23391 -1
1 0 23392 26
43 1 23393 -1
33 0 23394 4
9 1 23395 -1
36 0 23396 4
49 0 23397 6
49 0 23398 24
13 1 23399 -1
30 1 23400 -1
16 1 23401 -1
39 0 23402 18
6 1 23403 -1
57 0 23404 18
3 0 23405 10
5 1 23406 -1
24 0 23407 14
21 0 23408 44
11 1 23409 -1
14 1 23410 -1
32 1 23411 -1
38 0 23412 22
14 0 23413 2
39 0 23414 24
8 1 23415 -1
56 1 23416 -1
5 1 23417 -1
21 0 23418 48
21 1 23419 -1
52 0 23420 28
1 1 23421 -1
17 0 23422 14
45 0 23423 30
15 0 23424 26
13 1 23425 -1
3 0 23426 18
56 1 23427 -1
42 1 23428 -1
22 1 23429 -1
58 1 23430 -1
44 0 23431 6
24 0 23432 12
1 1 23433 -1
24 0 23434 48
54 1 23435 -1
21 0 23436 26
2 0 23437 10
50 1 23438 -1
15 0 23439 8
47 1 23440 -1
33 1 23441 -1
46 0 23442 26
58 0 23443 6
46 1 23444 -1
46 0 23445 24
6 0 23446 14
24 1 23447 -1
56 1 23448 -1
41 1 23449 -1
15 0 23450 20
56 1 23451 -1
38 1 23452 -1
20 1 23453 -1
42 0 23454 16
26 0 23455 36
0 1 23456 -1
36 0 23457 28
36 1 23458 -1
1 0 23459 2
10 0 23460 12
9 0 23461 2
16 1 23462 -1
20 0 23463 16
34 1 23464 -1
38 0 23465 10
52 1 23466 -1
40 0 23467 30
11 1 23468 -1
6 1 23469 -1
6 1 23470 -1
50 0 23471 32
37 0 23472 8
24 0 23473 6
42 1 23474 -1
7 0 23475 38
26 1 23476 -1
32 1 23477 -1
13 0 23478 10
5 1 23479 -1
48 0 23480 14
4 0 23481 4
13 1 23482 -1
6 1 23483 -1
59 0 23484 8
58 1 23485 -1
6 1 23486 -1
54 0 23487 24
34 0 23488 48
33 1 23489 -1
0 1 23490 -1
9 0 23491 24
37 1 23492 -1
11 0 23493 38
36 0 23494 40
28 1 23495 -1
12 0 23496 28
41 0 23497 38
26 1 23498 -1
15 0 23499 28
56 0 23500 20
47 0 23501 6
34 1 23502 -1
34 1 23503 -1
58 0 23504 40
59 1 23505 -1
21 1 23506 -1
1 1 23507 -1
37 0 23508 30
19 0 23509 12
52 1 23510 -1
51 1 23511 -1
29 0 23512 6
21 1 23513 -1
51 0 23514 34
15 0 23515 6
18 1 23516 -1
4 0 23517 40
42 0 23518 24
52 1 23519 -1
28 0 23520 16
28 1 23521 -1
24 0 23522 44
57 1 23523 -1
7 1 23524 -1
19 1 23525 -1
34 0 23526 46
34 0 23527 26
41 0 23528 28
50 0 23529 12
41 1 23530 -1
52 0 23531 32
42 1 23532 -1
4 1 23533 -1
42 1 23534 -1
21 0 23535 12
38 1 23536 -1
33 0 23537 30
18 1 23538 -1
59 0 23539 4
44 1 23540 -1
43 0 23541 18
37 0 23542 42
52 1 23543 -1
38 1 23544 -1
58 1 23545 -1
8 0 23546 46
31 1 23547 -1
0 0 23548 46
16 0 23549 8
48 0 23550 0
13 1 23551 -1
28 0 23552 30
9 1 23553 -1
7 0 23554 28
12 1 23555 -1
6 1 23556 -1
3 1 23557 -1
33 0 23558 46
46 0 23559 0
23 1 23560 -1
11 0 23561 46
18 0 23562 8
44 0 23563 12
57 1 23564 -1
10 1 23565 -1
36 1 23566 -1
51 0 23567 2
55 0 23568 4
36 1 23569 -1
46 0 23570 8
10 1 23571 -1
4 0 23572 28
59 0 23573 48
20 1 23574 -1
23 1 23575 -1
16 1 23576 -1
8 1 23577 -1
20 1 23578 -1
44 0 23579 6
51 0 23580 10
9 1 23581 -1
46 1 23582 -1
45 0 23583 26
10 1 23584 -1
27 0 23585 16
57 0 23586 44
38 0 23587 6
46 1 23588 -1
28 0 23589 26
37 1 23590 -1
11 1 23591 -1
51 0 23592 24
33 0 23593 46
3 1 23594 -1
0 0 23595 18
30 0 23596 26
31 1 23597 -1
50 0 23598 48
37 1 23599 -1
45 0 23600 4
27 1 23601 -1
38 0 23602 32
12 1 23603 -1
41 1 23604 -1
39 1 23605 -1
49 1 23606 -1
54 0 23607 2
2 0 23608 32
23 1 23609 -1
8 0 23610 32
47 0 23611 26
4 1 23612 -1
15 1 23613 -1
37 0 23614 26
5 1 23615 -1
36 1 23616 -1
7 0 23617 10
27 0 23618 8
28 1 23619 -1
10 0 23620 42
6 0 23621 4
17 1 23622 -1
1 0 23623 36
5 1 23624 -1
3 0 23625 38
56 0 23626 32
25 0 23627 34
11 0 23628 16
38 1 23629 -1
44 1 23630 -1
14 1 23631 -1
21 1 23632 -1
32 0 23633 44
16 1 23634 -1
16 0 23635 44
9 1 23636 -1
3 1 23637 -1
23 1 23638 -1
51 0 23639 18
13 1 23640 -1
13 0 23641 18
48 0 23642 0
21 1 23643 -1
10 0 23644 4
4 1 23645 -1
27 0 23646 26
21 1 23647 -1
58 0 23648 46
18 1 23649 -1
27 0 23650 12
12 0 23651 24
36 0 23652 4
44 1 23653 -1
31 1 23654 -1
43 0 23655 30
18 0 23656 42
15 1 23657 -1
0 1 23658 -1
18 0 23659 12
12 1 23660 -1
25 0 23661 44
32 0 23662 6
41 0 23663 46
11 1 23664 -1
43 0 23665 6
46 1 23666 -1
53 1 23667 -1
0 0 23668 16
33 1 23669 -1
6 0 23670 48
25 1 23671 -1
50 1 23672 -1
20 1 23673 -1
7 0 23674 26
6 0 23675 46
21 0 23676 44
16 1 23677 -1
26 1 23678 -1
33 0 23679 0
3 0 23680 8
25 1 23681 -1
46 0 23682 18
58 1 23683 -1
12 1 23684 -1
30 1 23685 -1
15 1 23686 -1
10 1 23687 -1
36 0 23688 42
36 0 23689 30
49 0 23690 48
40 1 23691 -1
30 1 23692 -1
24 0 23693 38
38 0 23694 46
23 0 23695 0
23 1 23696 -1
12 0 23697 14
19 1 23698 -1
8 1 23699 -1
37 1 23700 -1
22 0 23701 24
50 1 23702 -1
19 0 23703 44
48 1 23704 -1
45 0 23705 0
41 1 23706 -1
53 0 23707 22
2 0 23708 14
7 1 23709 -1
32 1 23710 -1
0 0 23711 18
24 0 23712 18
32 1 23713 -1
7 1 23714 -1
29 1 23715 -1
24 0 23716 38
8 1 23717 -1
2 1 23718 -1
4 0 23719 42
28 0 23720 32
19 1 23721 -1
51 0 23722 32
43 0 23723 28
42 0 23724 42
3 0 23725 14
42 1 23726 -1
17 0 23727 34
41 0 23728 48
13 0 23729 10
26 1 23730 -1
14 0 23731 0
22 1 23732 -1
54 1 23733 -1
39 1 23734 -1
49 0 23735 24
23 1 23736 -1
26 1 23737 -1
56 1 23738 -1
54 0 23739 34
29 1 23740 -1
41 1 23741 -1
19 0 23742 20
10 0 23743 28
46 0 23744 28
1 1 23745 -1
3 1 23746 -1
50 0 23747 26
8 1 23748 -1
41 0 23749 16
27 0 23750 28
48 1 23751 -1
2 0 23752 42
41 0 23753 40
53 1 23754 -1
43 0 23755 22
43 1 23756 -1
39 0 23757 40
45 1 23758 -1
8 0 23759 2
59 1 23760 -1
1 0 23761 40
20 1 23762 -1
12 1 23763 -1
46 1 23764 -1
2 0 23765 36
2 0 23766 18
5 0 23767 20
9 0 23768 30
46 1 23769 -1
39 1 23770 -1
33 1 23771 -1
26 0 23772 4
23 1 23773 -1
39 0 23774 10
22 0 23775 8
11 1 23776 -1
12 0 23777 42
45 0 23778 40
19 1 23779 -1
44 1 23780 -1
20 0 23781 6
48 1 23782 -1
30 1 23783 -1
30 0 23784 28
7 0 23785 32
47 1 23786 -1
49 1 23787 -1
59 1 23788 -1
20 0 23789 28
56 0 23790 30
7 0 23791 4
11 1 23792 -1
1 0 23793 26
51 0 23794 26
8 1 23795 -1
14 0 23796 48
20 0 23797 12
10 1 23798 -1
48 1 23799 -1
0 1 23800 -1
29 0 23801 42
3 1 23802 -1
4 1 23803 -1
9 0 23804 0
2 0 23805 10
23 0 23806 40
34 1 23807 -1
7 1 23808 -1
12 1 23809 -1
2 0 23810 20
18 0 23811 10
31 1 23812 -1
34 0 23813 40
37 1 23814 -1
41 1 23815 -1
57 0 23816 32
3 0 23817 2
0 1 23818 -1
22 1 23819 -1
40 0 23820 2
31 0 23821 48
49 1 23822 -1
41 1 23823 -1
14 0 23824 36
16 1 23825 -1
15 0 23826 34
6 0 23827 18
6 1 23828 -1
0 0 23829 0
1 1 23830 -1
39 0 23831 42
32 1 23832 -1
30 0 23833 6
1 1 23834 -1
18 1 23835 -1
49 1 23836 -1
24 1 23837 -1
49 1 23838 -1
6 0 23839 16
39 0 23840 32
15 0 23841 48
54 1 23842 -1
2 0 23843 46
5 0 23844 8
8 1 23845 -1
30 0 23846 12
46 1 23847 -1
54 1 23848 -1
29 0 23849 16
40 0 23850 24
19 0 23851 26
56 1 23852 -1
47 0 23853 46
52 0 23854 10
2 1 23855 -1
37 1 23856 -1
40 0 23857 10
34 1 23858 -1
11 1 23859 -1
34 0 23860 4
39 0 23861 20
16 1 23862 -1
49 1 23863 -1
49 0 23864 4
48 0 23865 44
53 1 23866 -1
12 1 23867 -1
20 1 23868 -1
23 0 23869 14
5 1 23870 -1
51 0 23871 0
16 0 23872 30
46 0 23873 18
46 0 23874 16
47 1 23875 -1
18 1 23876 -1
4 0 23877 20
43 0 23878 46
18 1 23879 -1
51 1 23880 -1
8 1 23881 -1
51 1 23882 -1
42 0 23883 22
54 1 23884 -1
10 0 23885 38
22 0 23886 16
51 0 23887 28
42 1 23888 -1
1 0 23889 22
57 0 23890 48
48 1 23891 -1
18 1 23892 -1
26 1 23893 -1
48 0 23894 18
59 0 23895 48
42 0 23896 46
14 1 23897 -1
24 1 23898 -1
15 1 23899 -1
28 1 23900 -1
6 0 23901 36
42 0 23902 32
42 0 23903 24
30 1 23904 -1
49 0 23905 24
23 1 23906 -1
32 1 23907 -1
14 1 23908 -1
2 1 23909 -1
43 0 23910 6
30 0 23911 24
24 0 23912 30
40 1 23913 -1
7 0 23914 16
59 1 23915 -1
40 0 23916 48
3 1 23917 -1
14 0 23918 40
21 1 23919 -1
1 0 23920 38
36 1 23921 -1
4 0 23922 2
24 1 23923 -1
44 0 23924 32
24 0 23925 46
35 1 23926 -1
10 0 23927 14
54 1 23928 -1
30 1 23929 -1
3 0 23930 24
57 1 23931 -1
18 0 23932 40
11 1 23933 -1
50 0 23934 18
21 0 23935 8
8 1 23936 -1
9 1 23937 -1
32 0 23938 20
17 1 23939 -1
59 0 23940 14
26 1 23941 -1
56 0 23942 0
53 0 23943 32
8 0 23944 14
57 1 23945 -1
49 0 23946 34
6 0 23947 42
41 1 23948 -1
47 1 23949 -1
10 0 23950 34
23 1 23951 -1
2 1 23952 -1
52 1 23953 -1
57 0 23954 8
35 0 23955 44
58 1 23956 -1
22 0 23957 32
22 1 23958 -1
19 1 23959 -1
10 0 23960 36
16 1 23961 -1
32 0 23962 12
14 0 23963 20
28 1 23964 -1
2 0 23965 34
1 1 23966 -1
9 1 23967 -1
18 0 23968 16
54 1 23969 -1
16 1 23970 -1
25 0 23971 2
43 0 23972 8
49 1 23973 -1
43 0 23974 26
9 0 23975 20
5 1 23976 -1
33 0 23977 8
16 0 23978 2
39 0 23979 38
46 0 23980 24
56 1 23981 -1
54 0 23982 38
42 0 23983 32
58 1 23984 -1
36 1 23985 -1
18 0 23986 22
59 1 23987 -1
52 1 23988 -1
23 0 23989 30
23 1 23990 -1
1 1 23991 -1
22 0 23992 38
23 0 23993 2
30 0 23994 40
34 1 23995 -1
10 1 23996 -1
5 1 23997 -1
52 0 23998 4
5 1 23999 -1
12 1 24000 -1
35 1 24001 -1
11 1 24002 -1
17 0 24003 48
11 0 24004 30
15 1 24005 -1
49 0 24006 20
15 1 24007 -1
9 0 24008 8
18 0 24009 30
0 1 24010 -1
43 0 24011 20
18 0 24012 28
57 1 24013 -1
31 1 24014 -1
24 0 24015 30
42 1 24016 -1
54 1 24017 -1
21 0 24018 36
49 0 24019 28
45 1 24020 -1
57 1 24021 -1
51 1 24022 -1
50 1 24023 -1
1 0 24024 8
56 0 24025 38
2 1 24026 -1
1 0 24027 12
25 0 24028 2
21 0 24029 4
11 1 24030 -1
3 0 24031 18
21 1 24032 -1
25 1 24033 -1
13 1 24034 -1
3 0 24035 14
37 0 24036 30
52 0 24037 42
13 1 24038 -1
31 0 24039 30
8 0 24040 38
2 1 24041 -1
3 0 24042 2
56 0 24043 18
21 1 24044 -1
53 1 24045 -1
6 1 24046 -1
28 1 24047 -1
6 0 24048 6
51 1 24049 -1
30 1 24050 -1
58 0 24051 2
30 0 24052 32
35 1 24053 -1
35 0 24054 26
5 1 24055 -1
18 0 24056 36
42 0 24057 38
37 0 24058 10
5 1 24059 -1
47 0 24060 2
48 0 24061 18
13 1 24062 -1
16 1 24063 -1
59 0 24064 18
8 1 24065 -1
37 0 24066 0
56 0 24067 46
30 1 24068 -1
41 1 24069 -1
56 1 24070 -1
5 0 24071 14
20 0 24072 10
47 1 24073 -1
18 0 24074 32
21 1 24075 -1
21 0 24076 0
13 1 24077 -1
18 1 24078 -1
48 0 24079 36
24 1 24080 -1
26 1 24081 -1
0 0 24082 8
32 0 24083 12
8 1 24084 -1
2 0 24085 26
25 1 24086 -1
54 0 24087 26
56 0 24088 38
8 1 24089 -1
20 1 24090 -1
20 0 24091 18
43 1 24092 -1
19 1 24093 -1
36 0 24094 46
36 0 24095 6
1 1 24096 -1
49 1 24097 -1
43 0 24098 4
14 0 24099 2
46 1 24100 -1
2 0 24101 16
47 0 24102 26
5 1 24103 -1
32 1 24104 -1
27 1 24105 -1
4 1 24106 -1
30 0 24107 34
10 0 24108 16
16 0 24109 32
49 0 24110 12
26 0 24111 48
10 0 24112 34
57 1 24113 -1
18 1 24114 -1
16 1 24115 -1
59 1 24116 -1
17 1 24117 -1
53 1 24118 -1
4 0 24119 12
14 0 24120 48
14 0 24121 30
6 1 24122 -1
51 0 24123 36
12 0 24124 34
42 1 24125 -1
46 1 24126 -1
13 1 24127 -1
6 0 24128 46
46 0 24129 48
7 1 24130 -1
41 1 24131 -1
27 1 24132 -1
35 0 24133 44
16 0 24134 42
31 1 24135 -1
16 0 24136 6
11 1 24137 -1
11 1 24138 -1
51 0 24139 44
2 0 24140 40
21 0 24141 16
16 1 24142 -1
32 1 24143 -1
24 0 24144 28
28 0 24145 32
52 0 24146 20
55 1 24147 -1
30 1 24148 -1
54 1 24149 -1
22 1 24150 -1
1 0 24151 16
42 1 24152 -1
1 0 24153 8
49 0 24154 48
11 1 24155 -1
55 0 24156 36
10 0 24157 28
16 0 24158 34
53 1 24159 -1
13 1 24160 -1
57 1 24161 -1
27 1 24162 -1
11 0 24163 48
30 1 24164 -1
27 0 24165 18
25 0 24166 24
42 0 24167 12
40 1 24168 -1
29 1 24169 -1
40 0 24170 14
58 0 24171 22
41 0 24172 14
25 1 24173 -1
25 0 24174 42
39 1 24175 -1
32 1 24176 -1
30 0 24177 42
56 1 24178 -1
9 1 24179 -1
10 0 24180 4
26 0 24181 0
17 1 24182 -1
18 0 24183 10
16 0 24184 34
6 1 24185 -1
0 1 24186 -1
53 1 24187 -1
34 1 24188 -1
58 0 24189 28
55 1 24190 -1
57 0 24191 8
46 0 24192 24
36 1 24193 -1
52 0 24194 20
15 1 24195 -1
21 1 24196 -1
17 0 24197 46
45 1 24198 -1
13 0 24199 24
21 0 24200 12
23 0 24201 24
19 1 24202 -1
5 1 24203 -1
54 0 24204 22
58 1 24205 -1
13 0 24206 30
19 1 24207 -1
16 0 24208 28
14 1 24209 -1
10 0 24210 22
52 1 24211 -1
45 0 24212 46
45 0 24213 12
36 1 24214 -1
33 1 24215 -1
36 0 24216 26
26 0 24217 20
36 0 24218 2
35 1 24219 -1
17 1 24220 -1
44 0 24221 32
15 1 24222 -1
20 0 24223 38
19 1 24224 -1
47 1 24225 -1
47 0 24226 46
10 1 24227 -1
26 0 24228 10
3 0 24229 14
18 1 24230 -1
53 0 24231 6
20 1 24232 -1
39 1 24233 -1
34 0 24234 0
46 1 24235 -1
45 0 24236 38
0 1 24237 -1
45 0 24238 0
49 1 24239 -1
20 0 24240 2
48 0 24241 46
9 1 24242 -1
31 0 24243 18
28 1 24244 -1
28 1 24245 -1
8 1 24246 -1
34 0 24247 24
10 0 24248 26
21 0 24249 28
54 1 24250 -1
51 0 24251 14
54 1 24252 -1
23 1 24253 -1
55 0 24254 42
56 1 24255 -1
17 0 24256 14
45 0 24257 48
47 0 24258 34
58 0 24259 44
16 1 24260 -1
4 1 24261 -1
27 1 24262 -1
7 0 24263 16
44 0 24264 2
18 1 24265 -1
3 0 24266 44
2 1 24267 -1
42 0 24268 30
36 1 24269 -1
58 1 24270 -1
13 0 24271 10
23 1 24272 -1
59 1 24273 -1
15 0 24274 22
39 0 24275 10
54 1 24276 -1
33 1 24277 -1
13 0 24278 12
55 1 24279 -1
6 1 24280 -1
33 0 24281 38
51 0 24282 20
13 1 24283 -1
0 0 24284 8
52 0 24285 20
12 1 24286 -1
23 1 24287 -1
20 0 24288 42
29 1 24289 -1
16 1 24290 -1
44 1 24291 -1
37 0 24292 44
13 0 24293 24
3 0 24294 18
58 0 24295 4
59 1 24296 -1
30 1 24297 -1
22 1 24298 -1
9 1 24299 -1
6 1 24300 -1
37 0 24301 34
5 0 24302 24
11 0 24303 16
5 0 24304 6
46 0 24305 22
24 0 24306 42
26 1 24307 -1
59 1 24308 -1
39 1 24309 -1
4 0 24310 10
32 0 24311 24
18 0 24312 6
35 1 24313 -1
29 1 24314 -1
46 1 24315 -1
17 0 24316 26
27 0 24317 22
58 1 24318 -1
26 0 24319 24
57 1 24320 -1
23 1 24321 -1
9 0 24322 48
38 1 24323 -1
30 0 24324 46
51 1 24325 -1
18 0 24326 38
50 0 24327 38
9 1 24328 -1
17 1 24329 -1
57 0 24330 32
54 0 24331 44
59 1 24332 -1
51 1 24333 -1
14 0 24334 0
11 0 24335 38
44 1 24336 -1
43 1 24337 -1
5 0 24338 32
37 1 24339 -1
50 1 24340 -1
57 0 24341 18
46 0 24342 4
51 0 24343 2
16 1 24344 -1
44 0 24345 2
48 1 24346 -1
36 0 24347 48
12 1 24348 -1
33 0 24349 0
52 1 24350 -1
33 1 24351 -1
24 1 24352 -1
25 0 24353 38
12 1 24354 -1
17 0 24355 24
29 1 24356 -1
24 1 24357 -1
51 0 24358 32
41 0 24359 40
51 0 24360 12
56 0 24361 34
7 1 24362 -1
38 1 24363 -1
37 0 24364 24
41 1 24365 -1
12 0 24366 26
35 0 24367 48
47 1 24368 -1
0 0 24369 44
44 0 24370 40
59 1 24371 -1
51 1 24372 -1
0 0 24373 20
11 0 24374 36
32 1 24375 -1
22 0 24376 16
59 1 24377 -1
53 1 24378 -1
3 0 24379 42
30 1 24380 -1
19 1 24381 -1
57 0 24382 38
17 1 24383 -1
1 0 24384 8
46 1 24385 -1
27 0 24386 46
11 0 24387 4
54 0 24388 16
29 0 24389 18
24 1 24390 -1
54 1 24391 -1
4 1 24392 -1
52 0 24393 18
17 1 24394 -1
41 0 24395 36
3 0 24396 36
43 1 24397 -1
53 1 24398 -1
44 1 24399 -1
27 0 24400 20
43 0 24401 38
44 1 24402 -1
18 0 24403 42
28 0 24404 18
25 1 24405 -1
52 1 24406 -1
55 0 24407 30
49 0 24408 6
29 1 24409 -1
41 0 24410 38
7 1 24411 -1
25 0 24412 36
14 1 24413 -1
14 0 24414 46
15 0 24415 2
38 1 24416 -1
39 1 24417 -1
19 1 24418 -1
17 0 24419 12
20 0 24420 32
1 1 24421 -1
49 0 24422 32
51 1 24423 -1
53 1 24424 -1
37 0 24425 18
42 1 24426 -1
59 1 24427 -1
46 0 24428 2
38 0 24429 14
46 1 24430 -1
53 1 24431 -1
35 0 24432 26
24 0 24433 34
38 1 24434 -1
20 0 24435 48
25 0 24436 32
54 1 24437 -1
5 0 24438 38
39 1 24439 -1
4 1 24440 -1
19 0 24441 6
6 1 24442 -1
15 1 24443 -1
37 1 24444 -1
21 0 24445 36
27 1 24446 -1
44 0 24447 2
39 0 24448 46
7 0 24449 44
34 1 24450 -1
58 0 24451 42
56 0 24452 34
14 1 24453 -1
2 0 24454 10
25 1 24455 -1
32 1 24456 -1
19 0 24457 0
31 0 24458 0
32 1 24459 -1
32 0 24460 30
52 0 24461 10
34 1 24462 -1
19 0 24463 36
24 1 24464 -1
43 1 24465 -1
37 1 24466 -1
24 1 24467 -1
15 0 24468 18
14 1 24469 -1
28 0 24470 24
7 0 24471 6
11 0 24472 26
48 1 24473 -1
26 0 24474 36
32 1 24475 -1
40 1 24476 -1
34 0 24477 38
13 1 24478 -1
43 0 24479 30
48 0 24480 4
9 1 24481 -1
32 0 24482 28
32 1 24483 -1
50 1 24484 -1
55 1 24485 -1
50 0 24486 8
13 0 24487 12
7 1 24488 -1
35 1 24489 -1
31 0 24490 30
15 0 24491 6
20 1 24492 -1
9 0 24493 8
17 1 24494 -1
3 1 24495 -1
27 0 24496 10
13 0 24497 28
14 1 24498 -1
23 1 24499 -1
32 0 24500 28
13 0 24501 38
14 1 24502 -1
38 1 24503 -1
59 0 24504 42
49 1 24505 -1
57 1 24506 -1
12 0 24507 42
55 1 24508 -1
7 0 24509 26
29 0 24510 14
49 1 24511 -1
29 0 24512 28
3 0 24513 34
50 0 24514 42
52 1 24515 -1
48 1 24516 -1
3 1 24517 -1
51 0 24518 32
33 0 24519 48
37 1 24520 -1
24 1 24521 -1
36 1 24522 -1
39 0 24523 32
31 1 24524 -1
51 0 24525 4
6 0 24526 30
57 1 24527 -1
45 1 24528 -1
48 0 24529 16
41 0 24530 44
14 0 24531 18
2 0 24532 12
34 1 24533 -1
4 1 24534 -1
48 1 24535 -1
54 1 24536 -1
26 0 24537 4
17 0 24538 2
2 0 24539 40
31 1 24540 -1
22 1 24541 -1
30 1 24542 -1
43 0 24543 2
37 0 24544 30
39 0 24545 30
35 1 24546 -1
41 1 24547 -1
32 0 24548 16
58 1 24549 -1
16 1 24550 -1
1 0 24551 4
22 0 24552 44
45 0 24553 22
1 1 24554 -1
38 1 24555 -1
57 1 24556 -1
23 0 24557 42
47 0 24558 48
31 1 24559 -1
20 0 24560 44
42 1 24561 -1
54 0 24562 14
37 1 24563 -1
45 1 24564 -1
30 0 24565 48
21 1 24566 -1
16 0 24567 44
29 0 24568 34
24 0 24569 42
14 0 24570 2
17 1 24571 -1
49 1 24572 -1
32 0 24573 34
0 1 24574 -1
42 1 24575 -1
24 0 24576 32
25 1 24577 -1
58 1 24578 -1
14 0 24579 10
30 1 24580 -1
2 0 24581 6
18 1 24582 -1
57 0 24583 2
1 0 24584 30
42 0 24585 10
5 1 24586 -1
25 1 24587 -1
58 0 24588 20
8 0 24589 26
33 1 24590 -1
52 1 24591 -1
31 0 24592 30
24 1 24593 -1
32 0 24594 14
22 1 24595 -1
0 1 24596 -1
52 0 24597 38
57 0 24598 38
59 1 24599 -1
40 0 24600 18
4 0 24601 14
33 0 24602 28
43 1 24603 -1
13 1 24604 -1
42 1 24605 -1
49 0 24606 24
52 0 24607 32
29 1 24608 -1
9 1 24609 -1
26 0 24610 24
15 1 24611 -1
4 0 24612 42
52 0 24613 14
22 1 24614 -1
29 0 24615 48
52 1 24616 -1
37 0 24617 34
21 1 24618 -1
47 1 24619 -1
55 1 24620 -1
51 1 24621 -1
36 0 24622 6
21 0 24623 40
12 0 24624 2
8 0 24625 42
34 1 24626 -1
28 0 24627 16
31 0 24628 14
59 0 24629 0
25 1 24630 -1
25 0 24631 4
41 1 24632 -1
6 1 24633 -1
52 1 24634 -1
53 0 24635 44
48 0 24636 28
47 1 24637 -1
47 0 24638 20
47 0 24639 22
41 1 24640 -1
59 1 24641 -1
5 1 24642 -1
0 1 24643 -1
22 1 24644 -1
18 1 24645 -1
58 0 24646 32
54 0 24647 22
29 0 24648 44
4 1 24649 -1
25 0 24650 12
0 1 24651 -1
32 1 24652 -1
46 1 24653 -1
8 1 24654 -1
41 1 24655 -1
42 0 24656 16
39 0 24657 12
3 0 24658 6
30 0 24659 18
28 0 24660 42
45 0 24661 32
11 0 24662 10
33 1 24663 -1
52 0 24664 12
58 1 24665 -1
8 1 24666 -1
12 0 24667 40
20 1 24668 -1
14 0 24669 8
38 0 24670 8
29 1 24671 -1
15 1 24672 -1
15 1 24673 -1
30 1 24674 -1
20 0 24675 14
31 1 24676 -1
51 0 24677 28
40 1 24678 -1
11 1 24679 -1
19 0 24680 38
6 0 24681 32
33 1 24682 -1
19 0 24683 42
41 0 24684 46
18 0 24685 10
9 1 24686 -1
33 0 24687 44
37 0 24688 6
5 0 24689 22
25 1 24690 -1
18 1 24691 -1
4 1 24692 -1
59 1 24693 -1
40 0 24694 0
22 0 24695 36
6 1 24696 -1
57 1 24697 -1
15 0 24698 28
3 0 24699 12
56 1 24700 -1
38 1 24701 -1
26 0 24702 32
12 1 24703 -1
35 1 24704 -1
23 0 24705 44
53 0 24706 8
0 1 24707 -1
6 0 24708 12
15 1 24709 -1
38 0 24710 10
6 1 24711 -1
38 0 24712 34
58 0 24713 16
23 1 24714 -1
22 0 24715 46
21 0 24716 40
14 1 24717 -1
25 0 24718 40
24 1 24719 -1
22 1 24720 -1
16 1 24721 -1
35 0 24722 48
15 1 24723 -1
5 0 24724 44
33 0 24725 30
23 0 24726 42
40 1 24727 -1
48 0 24728 44
5 1 24729 -1
8 0 24730 40
43 1 24731 -1
37 0 24732 18
45 1 24733 -1
21 1 24734 -1
1 1 24735 -1
24 0 24736 20
54 1 24737 -1
6 0 24738 18
2 1 24739 -1
35 1 24740 -1
49 0 24741 4
52 0 24742 10
15 1 24743 -1
14 0 24744 36
49 1 24745 -1
46 0 24746 36
45 0 24747 4
12 0 24748 22
4 1 24749 -1
31 0 24750 28
10 1 24751 -1
0 0 24752 8
37 1 24753 -1
57 0 24754 42
31 1 24755 -1
19 1 24756 -1
53 0 24757 36
10 1 24758 -1
13 0 24759 4
6 1 24760 -1
1 1 24761 -1
49 0 24762 44
24 0 24763 28
46 0 24764 40
10 0 24765 46
40 1 24766 -1
37 1 24767 -1
55 1 24768 -1
31 1 24769 -1
54 1 24770 -1
37 0 24771 32
37 0 24772 2
5 0 24773 38
42 1 24774 -1
6 0 24775 2
41 0 24776 32
16 1 24777 -1
41 0 24778 44
25 1 24779 -1
50 1 24780 -1
23 0 24781 22
31 1 24782 -1
21 1 24783 -1
19 0 24784 48
6 0 24785 44
5 0 24786 14
38 1 24787 -1
8 1 24788 -1
15 0 24789 42
35 1 24790 -1
38 1 24791 -1
49 0 24792 24
29 1 24793 -1
12 1 24794 -1
21 0 24795 32
47 1 24796 -1
19 0 24797 48
46 1 24798 -1
32 0 24799 34
11 1 24800 -1
46 0 24801 20
24 0 24802 24
3 1 24803 -1
41 0 24804 8
54 0 24805 14
52 1 24806 -1
43 0 24807 4
15 1 24808 -1
3 1 24809 -1
1 0 24810 26
32 0 24811 8
17 0 24812 8
56 1 24813 -1
18 0 24814 8
0 1 24815 -1
5 1 24816 -1
51 1 24817 -1
29 0 24818 2
38 1 24819 -1
22 0 24820 40
25 1 24821 -1
21 0 24822 0
20 1 24823 -1
16 1 24824 -1
49 0 24825 32
12 0 24826 32
55 1 24827 -1
16 0 24828 24
18 0 24829 18
35 1 24830 -1
1 0 24831 36
8 1 24832 -1
9 0 24833 46
39 1 24834 -1
38 1 24835 -1
40 0 24836 18
32 1 24837 -1
0 0 24838 48
23 0 24839 42
5 1 24840 -1
40 0 24841 12
2 1 24842 -1
23 1 24843 -1
53 0 24844 4
39 0 24845 0
33 1 24846 -1
53 1 24847 -1
42 1 24848 -1
24 0 24849 32
19 1 24850 -1
37 0 24851 2
53 0 24852 26
6 0 24853 44
57 0 24854 2
50 1 24855 -1
29 0 24856 8
24 1 24857 -1
22 0 24858 0
52 0 24859 10
47 1 24860 -1
40 1 24861 -1
45 1 24862 -1
48 1 24863 -1
16 1 24864 -1
50 0 24865 12
15 0 24866 0
6 0 24867 32
57 1 24868 -1
58 1 24869 -1
18 0 24870 46
57 1 24871 -1
42 0 24872 16
46 0 24873 40
25 0 24874 8
26 0 24875 14
19 1 24876 -1
58 1 24877 -1
20 1 24878 -1
26 0 24879 16
16 1 24880 -1
28 1 24881 -1
7 1 24882 -1
38 0 24883 38
38 0 24884 2
22 0 24885 12
49 0 24886 20
16 1 24887 -1
44 1 24888 -1
11 1 24889 -1
58 1 24890 -1
1 0 24891 16
44 0 24892 2
34 0 24893 24
19 1 24894 -1
1 1 24895 -1
41 0 24896 26
15 0 24897 48
3 1 24898 -1
9 0 24899 2
15 1 24900 -1
38 1 24901 -1
29 1 24902 -1
47 0 24903 4
10 0 24904 8
6 1 24905 -1
55 0 24906 34
35 0 24907 42
38 1 24908 -1
12 1 24909 -1
29 0 24910 44
36 1 24911 -1
1 0 24912 42
11 1 24913 -1
32 0 24914 42
24 0 24915 36
11 0 24916 2
58 1 24917 -1
4 0 24918 16
44 1 24919 -1
6 0 24920 34
31 1 24921 -1
47 1 24922 -1
15 0 24923 22
45 0 24924 20
49 1 24925 -1
57 1 24926 -1
33 1 24927 -1
46 0 24928 44
49 0 24929 4
0 0 24930 22
49 1 24931 -1
50 0 24932 4
41 1 24933 -1
1 1 24934 -1
31 1 24935 -1
19 1 24936 -1
8 0 24937 22
7 0 24938 40
27 1 24939 -1
12 1 24940 -1
13 0 24941 34
53 1 24942 -1
37 0 24943 12
27 1 24944 -1
0 0 24945 34
8 0 24946 8
41 0 24947 32
14 1 24948 -1
35 1 24949 -1
43 0 24950 0
56 1 24951 -1
16 1 24952 -1
32 0 24953 18
47 1 24954 -1
11 0 24955 38
22 1 24956 -1
49 0 24957 24
11 0 24958 22
1 0 24959 24
15 1 24960 -1
31 1 24961 -1
34 0 24962 16
54 1 24963 -1
29 1 24964 -1
51 0 24965 22
8 0 24966 8
0 0 24967 24
18 1 24968 -1
55 0 24969 10
0 1 24970 -1
20 0 24971 40
22 1 24972 -1
40 1 24973 -1
6 1 24974 -1
57 0 24975 16
33 0 24976 14
56 0 24977 14
34 0 24978 16
47 0 24979 20
55 1 24980 -1
1 1 24981 -1
42 1 24982 -1
6 0 24983 32
32 1 24984 -1
8 0 24985 10
17 1 24986 -1
55 0 24987 10
1 0 24988 46
26 1 24989 -1
46 0 24990 46
55 1 24991 -1
56 1 24992 -1
14 1 24993 -1
22 0 24994 46
15 1 24995 -1
35 0 24996 24
16 1 24997 -1
48 0 24998 38
2 0 24999 18
7 1 25000 -1
18 1 25001 -1
33 0 25002 16
18 0 25003 26
32 0 25004 18
57 1 25005 -1
2 0 25006 14
50 1 25007 -1
19 0 25008 14
18 1 25009 -1
38 0 25010 34
13 0 25011 20
13 0 25012 48
31 1 25013 -1
0 1 25014 -1
36 1 25015 -1
42 1 25016 -1
58 1 25017 -1
31 0 25018 24
10 1 25019 -1
56 0 25020 22
26 1 25021 -1
55 1 25022 -1
38 0 25023 42
38 0 25024 18
25 1 25025 -1
35 0 25026 8
15 0 25027 30
13 1 25028 -1
17 1 25029 -1
38 0 25030 24
12 0 25031 16
1 1 25032 -1
26 0 25033 16
23 1 25034 -1
53 1 25035 -1
17 1 25036 -1
35 1 25037 -1
10 0 25038 14
18 0 25039 30
3 0 25040 32
40 0 25041 12
2 0 25042 26
41 1 25043 -1
36 1 25044 -1
42 0 25045 22
59 1 25046 -1
19 0 25047 16
15 0 25048 8
11 1 25049 -1
17 1 25050 -1
44 0 25051 2
30 0 25052 28
25 1 25053 -1
47 0 25054 44
28 1 25055 -1
34 1 25056 -1
5 0 25057 16
3 1 25058 -1
43 1 25059 -1
28 0 25060 24
47 1 25061 -1
3 0 25062 34
59 1 25063 -1
20 0 25064 14
19 0 25065 12
19 1 25066 -1
43 1 25067 -1
27 1 25068 -1
19 1 25069 -1
50 0 25070 16
2 0 25071 12
12 0 25072 34
2 1 25073 -1
58 0 25074 18
12 1 25075 -1
25 1 25076 -1
15 0 25077 16
54 0 25078 6
37 0 25079 20
40 0 25080 48
13 0 25081 28
4 1 25082 -1
49 1 25083 -1
0 1 25084 -1
5 0 25085 32
22 1 25086 -1
41 0 25087 36
47 1 25088 -1
42 0 25089 20
11 1 25090 -1
34 0 25091 38
5 0 25092 44
22 1 25093 -1
58 1 25094 -1
14 1 25095 -1
11 0 25096 42
35 0 25097 12
5 1 25098 -1
28 1 25099 -1
47 0 25100 6
25 1 25101 -1
37 0 25102 4
19 0 25103 48
15 1 25104 -1
7 0 25105 32
59 1 25106 -1
16 0 25107 4
19 0 25108 18
31 1 25109 -1
27 1 25110 -1
20 1 25111 -1
27 0 25112 44
0 0 25113 8
20 1 25114 -1
55 0 25115 44
6 1 25116 -1
17 0 25117 20
1 1 25118 -1
11 0 25119 28
36 1 25120 -1
53 0 25121 16
20 1 25122 -1
55 0 25123 30
52 1 25124 -1
36 0 25125 32
31 0 25126 8
19 0 25127 34
22 1 25128 -1
38 1 25129 -1
24 1 25130 -1
28 0 25131 20
34 1 25132 -1
4 0 25133 6
2 0 25134 28
39 1 25135 -1
39 1 25136 -1
4 1 25137 -1
14 1 25138 -1
57 0 25139 4
29 1 25140 -1
0 0 25141 10
34 0 25142 16
19 1 25143 -1
9 0 25144 0
28 0 25145 14
3 0 25146 12
8 1 25147 -1
1 1 25148 -1
50 1 25149 -1
38 0 25150 36
27 1 25151 -1
17 0 25152 48
3 0 25153 4
30 1 25154 -1
2 1 25155 -1
57 0 25156 34
16 1 25157 -1
54 0 25158 26
24 1 25159 -1
58 0 25160 14
49 0 25161 40
40 1 25162 -1
16 1 25163 -1
57 0 25164 34
25 0 25165 32
46 1 25166 -1
15 1 25167 -1
15 0 25168 0
18 1 25169 -1
47 0 25170 30
9 1 25171 -1
47 0 25172 2
37 0 25173 24
8 1 25174 -1
1 0 25175 18
39 0 25176 36
8 1 25177 -1
54 1 25178 -1
47 1 25179 -1
3 0 25180 8
46 1 25181 -1
14 0 25182 4
41 1 25183 -1
58 0 25184 48
42 0 25185 36
54 1 25186 -1
23 0 25187 8
14 0 25188 24
44 0 25189 40
46 1 25190 -1
13 1 25191 -1
53 1 25192 -1
50 0 25193 28
59 0 25194 38
49 1 25195 -1
44 1 25196 -1
46 1 25197 -1
1 0 25198 16
42 1 25199 -1
44 0 25200 22
3 1 25201 -1
44 0 25202 34
48 1 25203 -1
36 0 25204 4
24 0 25205 6
58 1 25206 -1
21 1 25207 -1
2 0 25208 42
26 0 25209 22
27 1 25210 -1
22 1 25211 -1
58 0 25212 44
54 0 25213 46
50 1 25214 -1
13 0 25215 26
47 0 25216 8
31 1 25217 -1
18 0 25218 8
5 1 25219 -1
55 0 25220 30
33 1 25221 -1
10 1 25222 -1
17 0 25223 44
36 1 25224 -1
0 0 25225 4
46 0 25226 14
9 1 25227 -1
56 1 25228 -1
38 1 25229 -1
57 0 25230 20
46 1 25231 -1
22 0 25232 40
18 0 25233 26
51 1 25234 -1
18 1 25235 -1
16 0 25236 28
9 0 25237 20
51 0 25238 0
20 1 25239 -1
6 1 25240 -1
13 1 25241 -1
39 0 25242 4
25 1 25243 -1
46 1 25244 -1
16 0 25245 40
47 1 25246 -1
37 0 25247 32
21 0 25248 32
10 0 25249 32
16 1 25250 -1
5 0 25251 40
17 0 25252 30
38 1 25253 -1
28 1 25254 -1
28 0 25255 10
17 1 25256 -1
2 1 25257 -1
9 0 25258 20
47 0 25259 20
48 1 25260 -1
15 1 25261 -1
55 0 25262 10
0 0 25263 22
42 1 25264 -1
24 1 25265 -1
1 1 25266 -1
0 1 25267 -1
55 0 25268 0
25 0 25269 30
20 0 25270 28
1 1 25271 -1
11 0 25272 0
56 0 25273 28
1 1 25274 -1
0 0 25275 22
10 1 25276 -1
32 1 25277 -1
1 0 25278 42
41 0 25279 24
10 0 25280 10
52 1 25281 -1
3 0 25282 48
5 1 25283 -1
40 1 25284 -1
9 0 25285 36
26 0 25286 26
17 1 25287 -1
20 0 25288 46
38 1 25289 -1
3 1 25290 -1
43 0 25291 38
29 1 25292 -1
1 0 25293 40
48 0 25294 28
11 1 25295 -1
23 1 25296 -1
45 1 25297 -1
14 0 25298 30
24 0 25299 16
30 1 25300 -1
40 0 25301 46
40 1 25302 -1
57 0 25303 10
53 0 25304 12
37 0 25305 46
54 1 25306 -1
50 1 25307 -1
35 0 25308 44
32 1 25309 -1
23 1 25310 -1
11 0 25311 16
5 1 25312 -1
25 0 25313 0
12 0 25314 20
16 1 25315 -1
3 1 25316 -1
9 1 25317 -1
36 1 25318 -1
22 1 25319 -1
17 0 25320 46
12 0 25321 44
24 1 25322 -1
2 1 25323 -1
26 0 25324 2
30 0 25325 18
31 0 25326 38
3 0 25327 16
10 1 25328 -1
25 1 25329 -1
15 1 25330 -1
9 0 25331 10
15 1 25332 -1
23 0 25333 14
46 1 25334 -1
36 0 25335 30
13 0 25336 6
53 0 25337 30
22 1 25338 -1
28 1 25339 -1
58 0 25340 8
16 1 25341 -1
11 0 25342 24
15 0 25343 34
28 1 25344 -1
4 0 25345 10
49 1 25346 -1
29 1 25347 -1
26 0 25348 32
53 1 25349 -1
10 0 25350 42
20 0 25351 44
15 0 25352 12
28 0 25353 2
49 1 25354 -1
32 1 25355 -1
2 0 25356 40
4 1 25357 -1
29 0 25358 4
36 1 25359 -1
36 0 25360 0
5 1 25361 -1
35 1 25362 -1
48 0 25363 48
50 1 25364 -1
22 0 25365 42
15 1 25366 -1
10 1 25367 -1
40 0 25368 8
31 1 25369 -1
34 1 25370 -1
36 0 25371 0
56 1 25372 -1
18 0 25373 38
33 0 25374 34
43 1 25375 -1
13 0 25376 10
28 0 25377 12
7 1 25378 -1
35 1 25379 -1
37 1 25380 -1
22 0 25381 44
10 0 25382 38
3 0 25383 6
21 1 25384 -1
12 0 25385 42
46 1 25386 -1
0 1 25387 -1
23 1 25388 -1
50 0 25389 20
56 0 25390 8
42 0 25391 46
22 1 25392 -1
56 0 25393 48
38 1 25394 -1
14 0 25395 32
7 1 25396 -1
11 1 25397 -1
22 0 25398 14
55 1 25399 -1
22 0 25400 40
24 1 25401 -1
55 1 25402 -1
29 0 25403 6
51 1 25404 -1
29 0 25405 8
35 1 25406 -1
51 0 25407 34
27 0 25408 26
37 1 25409 -1
43 0 25410 44
30 1 25411 -1
40 0 25412 32
32 1 25413 -1
54 0 25414 38
20 0 25415 20
3 0 25416 30
24 1 25417 -1
23 1 25418 -1
11 0 25419 2
36 1 25420 -1
8 0 25421 12
38 1 25422 -1
17 0 25423 40
27 0 25424 48
2 1 25425 -1
14 1 25426 -1
11 1 25427 -1
53 0 25428 38
25 0 25429 46
27 1 25430 -1
21 0 25431 46
36 0 25432 40
27 0 25433 4
29 0 25434 42
10 1 25435 -1
1 1 25436 -1
3 1 25437 -1
56 1 25438 -1
53 1 25439 -1
19 0 25440 28
43 0 25441 4
23 1 25442 -1
58 0 25443 48
37 1 25444 -1
31 1 25445 -1
16 0 25446 28
54 0 25447 38
37 1 25448 -1
16 0 25449 32
43 1 25450 -1
39 1 25451 -1
12 0 25452 12
55 0 25453 42
32 1 25454 -1
10 0 25455 48
41 1 25456 -1
56 1 25457 -1
2 1 25458 -1
8 0 25459 28
4 1 25460 -1
55 0 25461 28
2 0 25462 48
34 1 25463 -1
24 1 25464 -1
6 0 25465 38
41 1 25466 -1
13 0 25467 28
42 0 25468 44
35 0 25469 32
8 1 25470 -1
25 1 25471 -1
22 1 25472 -1
20 1 25473 -1
56 0 25474 4
9 0 25475 24
20 1 25476 -1
59 0 25477 42
24 1 25478 -1
24 0 25479 16
20 0 25480 42
10 1 25481 -1
26 0 25482 46
50 0 25483 40
23 0 25484 2
43 1 25485 -1
23 0 25486 26
28 1 25487 -1
26 1 25488 -1
20 0 25489 38
28 1 25490 -1
10 0 25491 48
42 1 25492 -1
51 1 25493 -1
50 1 25494 -1
36 0 25495 28
25 0 25496 0
51 1 25497 -1
34 0 25498 42
55 1 25499 -1
48 1 25500 -1
52 0 25501 34
15 0 25502 16
49 1 25503 -1
37 1 25504 -1
52 0 25505 0
58 0 25506 16
12 1 25507 -1
16 0 25508 20
4 0 25509 24
55 1 25510 -1
46 0 25511 0
26 1 25512 -1
58 1 25513 -1
30 0 25514 44
25 0 25515 14
22 1 25516 -1
57 1 25517 -1
45 0 25518 16
11 0 25519 16
37 1 25520 -1
18 1 25521 -1
39 0 25522 44
57 1 25523 -1
3 0 25524 6
27 0 25525 12
29 1 25526 -1
20 1 25527 -1
41 0 25528 4
48 0 25529 2
38 1 25530 -1
14 1 25531 -1
25 0 25532 42
41 1 25533 -1
28 0 25534 36
49 1 25535 -1
32 0 25536 20
26 0 25537 12
44 0 25538 20
1 1 25539 -1
14 1 25540 -1
7 1 25541 -1
14 1 25542 -1
55 0 25543 38
59 0 25544 6
49 1 25545 -1
42 1 25546 -1
34 0 25547 10
51 0 25548 28
58 1 25549 -1
44 0 25550 20
43 0 25551 20
11 0 25552 40
15 1 25553 -1
13 0 25554 46
44 1 25555 -1
41 0 25556 6
44 1 25557 -1
17 1 25558 -1
1 0 25559 34
14 0 25560 32
56 1 25561 -1
5 1 25562 -1
44 1 25563 -1
28 0 25564 28
56 0 25565 42
3 1 25566 -1
6 0 25567 46
19 1 25568 -1
58 0 25569 18
53 1 25570 -1
20 1 25571 -1
30 1 25572 -1
3 0 25573 28
42 1 25574 -1
51 0 25575 18
19 0 25576 46
59 0 25577 30
0 0 25578 32
59 1 25579 -1
12 1 25580 -1
21 1 25581 -1
36 0 25582 28
36 1 25583 -1
44 1 25584 -1
16 0 25585 40
43 0 25586 32
18 1 25587 -1
37 0 25588 22
19 0 25589 16
4 1 25590 -1
29 1 25591 -1
9 0 25592 22
50 1 25593 -1
51 1 25594 -1
14 0 25595 2
17 1 25596 -1
2 0 25597 30
3 0 25598 14
8 0 25599 14
4 1 25600 -1
20 1 25601 -1
23 1 25602 -1
22 0 25603 26
7 0 25604 48
22 0 25605 20
36 1 25606 -1
1 1 25607 -1
22 0 25608 12
47 1 25609 -1
23 0 25610 6
53 0 25611 8
35 0 25612 46
21 1 25613 -1
1 0 25614 28
18 1 25615 -1
23 1 25616 -1
15 0 25617 18
19 1 25618 -1
4 0 25619 30
21 1 25620 -1
15 1 25621 -1
30 0 25622 14
21 1 25623 -1
50 0 25624 0
30 1 25625 -1
52 1 25626 -1
54 0 25627 22
38 1 25628 -1
2 0 25629 16
15 1 25630 -1
34 1 25631 -1
42 0 25632 2
49 0 25633 24
36 0 25634 24
3 0 25635 6
47 1 25636 -1
20 1 25637 -1
25 0 25638 22
34 1 25639 -1
2 1 25640 -1
38 0 25641 28
58 0 25642 34
31 0 25643 40
45 1 25644 -1
35 1 25645 -1
27 0 25646 28
4 1 25647 -1
4 0 25648 10
19 0 25649 2
25 0 25650 16
48 1 25651 -1
27 0 25652 36
43 1 25653 -1
38 1 25654 -1
4 0 25655 12
8 1 25656 -1
27 1 25657 -1
41 1 25658 -1
43 1 25659 -1
24 0 25660 8
46 0 25661 10
51 1 25662 -1
14 0 25663 48
29 0 25664 6
30 0 25665 44
16 0 25666 30
24 1 25667 -1
47 1 25668 -1
15 1 25669 -1
51 0 25670 40
14 1 25671 -1
28 1 25672 -1
56 0 25673 8
48 0 25674 2
37 0 25675 6
13 0 25676 10
54 1 25677 -1
28 0 25678 24
36 1 25679 -1
5 1 25680 -1
12 0 25681 26
13 1 25682 -1
2 0 25683 20
28 1 25684 -1
35 1 25685 -1
29 0 25686 30
8 1 25687 -1
8 0 25688 20
3 0 25689 32
21 0 25690 44
28 1 25691 -1
46 1 25692 -1
49 0 25693 46
56 1 25694 -1
11 1 25695 -1
12 0 25696 14
7 0 25697 16
23 1 25698 -1
46 0 25699 34
40 1 25700 -1
25 1 25701 -1
22 1 25702 -1
17 0 25703 26
37 0 25704 0
31 0 25705 48
16 1 25706 -1
58 1 25707 -1
44 0 25708 12
39 1 25709 -1
18 0 25710 8
25 0 25711 16
6 1 25712 -1
53 0 25713 2
16 0 25714 40
45 1 25715 -1
4 0 25716 18
3 1 25717 -1
15 0 25718 6
4 1 25719 -1
56 1 25720 -1
6 0 25721 24
53 1 25722 -1
8 0 25723 10
18 0 25724 30
7 1 25725 -1
6 1 25726 -1
51 0 25727 2
7 1 25728 -1
57 1 25729 -1
20 0 25730 44
53 0 25731 12
8 1 25732 -1
6 1 25733 -1
16 1 25734 -1
23 0 25735 6
47 0 25736 40
2 1 25737 -1
47 0 25738 38
35 0 25739 18
2 1 25740 -1
35 0 25741 24
52 1 25742 -1
35 0 25743 48
17 0 25744 20
28 1 25745 -1
51 1 25746 -1
51 1 25747 -1
45 0 25748 14
3 1 25749 -1
8 1 25750 -1
24 0 25751 38
47 0 25752 46
40 0 25753 48
20 0 25754 46
14 0 25755 22
44 1 25756 -1
45 1 25757 -1
2 1 25758 -1
59 1 25759 -1
14 0 25760 36
58 0 25761 36
43 0 25762 46
27 1 25763 -1
26 0 25764 40
34 0 25765 18
1 1 25766 -1
18 0 25767 46
14 1 25768 -1
14 0 25769 36
5 1 25770 -1
6 1 25771 -1
25 1 25772 -1
16 0 25773 38
18 1 25774 -1
21 0 25775 20
53 1 25776 -1
8 1 25777 -1
4 0 25778 36
19 0 25779 10
27 1 25780 -1
27 0 25781 38
4 0 25782 32
18 1 25783 -1
49 0 25784 48
15 1 25785 -1
47 1 25786 -1
49 0 25787 14
10 1 25788 -1
45 0 25789 22
8 1 25790 -1
37 0 25791 4
28 0 25792 2
12 1 25793 -1
7 1 25794 -1
32 1 25795 -1
35 0 25796 26
23 1 25797 -1
6 1 25798 -1
15 0 25799 44
12 1 25800 -1
7 1 25801 -1
5 1 25802 -1
21 0 25803 6
52 1 25804 -1
8 0 25805 38
35 0 25806 44
2 0 25807 20
49 0 25808 46
10 0 25809 2
3 1 25810 -1
27 0 25811 2
5 1 25812 -1
7 0 25813 48
12 0 25814 14
24 0 25815 26
47 1 25816 -1
9 0 25817 38
12 1 25818 -1
56 1 25819 -1
59 0 25820 14
11 0 25821 18
0 1 25822 -1
52 0 25823 22
53 0 25824 16
48 1 25825 -1
56 1 25826 -1
5 1 25827 -1
0 1 25828 -1
25 1 25829 -1
53 1 25830 -1
50 0 25831 18
54 0 25832 36
25 1 25833 -1
4 0 25834 16
17 0 25835 48
7 1 25836 -1
23 1 25837 -1
13 0 25838 28
47 1 25839 -1
3 1 25840 -1
15 1 25841 -1
24 0 25842 42
32 0 25843 20
13 1 25844 -1
57 0 25845 48
43 0 25846 24
54 1 25847 -1
55 0 25848 44
53 0 25849 2
42 1 25850 -1
30 0 25851 8
6 1 25852 -1
20 0 25853 8
30 1 25854 -1
31 0 25855 4
55 1 25856 -1
20 0 25857 38
28 1 25858 -1
2 1 25859 -1
53 1 25860 -1
25 0 25861 2
12 0 25862 24
59 1 25863 -1
15 0 25864 48
28 1 25865 -1
36 0 25866 0
50 1 25867 -1
42 0 25868 8
47 0 25869 16
34 1 25870 -1
33 1 25871 -1
3 0 25872 10
1 0 25873 26
28 1 25874 -1
40 1 25875 -1
7 0 25876 6
44 0 25877 44
34 1 25878 -1
22 0 25879 36
41 1 25880 -1
54 0 25881 6
25 1 25882 -1
52 0 25883 40
51 0 25884 26
51 1 25885 -1
57 1 25886 -1
0 0 25887 40
35 1 25888 -1
27 1 25889 -1
15 0 25890 32
20 1 25891 -1
34 1 25892 -1
5 0 25893 28
44 1 25894 -1
27 0 25895 46
21 0 25896 20
39 0 25897 24
20 1 25898 -1
2 1 25899 -1
7 0 25900 18
33 0 25901 16
23 1 25902 -1
40 1 25903 -1
34 0 25904 0
13 1 25905 -1
10 1 25906 -1
37 0 25907 24
56 1 25908 -1
42 0 25909 2
47 0 25910 0
20 0 25911 12
54 1 25912 -1
6 0 25913 42
23 1 25914 -1
54 1 25915 -1
4 0 25916 46
10 0 25917 20
39 1 25918 -1
37 0 25919 4
10 1 25920 -1
32 0 25921 40
18 1 25922 -1
58 1 25923 -1
57 1 25924 -1
32 0 25925 32
20 0 25926 14
43 1 25927 -1
3 0 25928 14
59 0 25929 4
12 0 25930 12
44 1 25931 -1
36 0 25932 22
25 1 25933 -1
55 1 25934 -1
40 0 25935 32
53 1 25936 -1
26 1 25937 -1
43 0 25938 42
27 1 25939 -1
3 1 25940 -1
40 0 25941 14
50 0 25942 10
9 1 25943 -1
1 0 25944 8
7 0 25945 22
12 1 25946 -1
6 1 25947 -1
36 1 25948 -1
57 0 25949 0
56 0 25950 14
35 1 25951 -1
9 0 25952 18
25 1 25953 -1
7 0 25954 0
32 0 25955 14
12 0 25956 12
7 0 25957 40
36 1 25958 -1
38 0 25959 34
9 1 25960 -1
50 0 25961 22
14 1 25962 -1
59 0 25963 42
50 1 25964 -1
50 1 25965 -1
8 0 25966 32
51 1 25967 -1
30 1 25968 -1
25 1 25969 -1
54 0 25970 8
50 1 25971 -1
50 1 25972 -1
25 0 25973 22
35 1 25974 -1
47 0 25975 6
46 1 25976 -1
48 0 25977 2
59 1 25978 -1
9 0 25979 44
30 0 25980 0
32 1 25981 -1
28 0 25982 48
36 1 25983 -1
13 0 25984 38
8 0 25985 44
40 1 25986 -1
49 0 25987 4
36 0 25988 12
32 0 25989 0
5 1 25990 -1
10 0 25991 34
2 1 25992 -1
26 1 25993 -1
27 0 25994 4
54 1 25995 -1
31 1 25996 -1
2 1 25997 -1
32 0 25998 34
46 1 25999 -1
55 0 26000 10
31 0 26001 22
28 1 26002 -1
5 0 26003 44
14 1 26004 -1
43 1 26005 -1
30 1 26006 -1
43 0 26007 32
26 0 26008 36
4 1 26009 -1
41 0 26010 32
49 1 26011 -1
31 0 26012 28
13 0 26013 20
35 1 26014 -1
42 0 26015 26
59 0 26016 44
41 1 26017 -1
23 1 26018 -1
9 1 26019 -1
25 1 26020 -1
6 0 26021 34
40 1 26022 -1
38 0 26023 28
54 1 26024 -1
15 0 26025 42
49 0 26026 30
45 0 26027 48
55 1 26028 -1
42 1 26029 -1
56 0 26030 48
1 1 26031 -1
38 0 26032 34
8 0 26033 6
6 1 26034 -1
4 0 26035 40
49 1 26036 -1
13 1 26037 -1
30 1 26038 -1
51 0 26039 0
13 0 26040 0
15 0 26041 6
42 1 26042 -1
51 0 26043 6
35 1 26044 -1
30 0 26045 46
41 0 26046 2
53 1 26047 -1
58 0 26048 2
43 1 26049 -1
42 1 26050 -1
16 1 26051 -1
55 0 26052 8
28 0 26053 0
6 0 26054 38
11 1 26055 -1
3 0 26056 20
12 1 26057 -1
12 1 26058 -1
18 1 26059 -1
43 0 26060 32
38 0 26061 20
8 1 26062 -1
8 0 26063 22
13 1 26064 -1
40 0 26065 38
42 1 26066 -1
52 0 26067 14
2 1 26068 -1
23 0 26069 40
35 0 26070 44
24 0 26071 8
29 1 26072 -1
54 1 26073 -1
36 0 26074 4
27 1 26075 -1
8 1 26076 -1
9 0 26077 6
18 1 26078 -1
28 0 26079 30
14 0 26080 32
44 1 26081 -1
6 1 26082 -1
39 0 26083 12
35 1 26084 -1
18 1 26085 -1
12 0 26086 32
2 1 26087 -1
5 0 26088 18
15 0 26089 20
41 0 26090 16
15 1 26091 -1
0 1 26092 -1
59 0 26093 22
15 1 26094 -1
40 0 26095 28
26 1 26096 -1
7 1 26097 -1
5 0 26098 48
33 1 26099 -1
11 0 26100 8
23 0 26101 10
59 0 26102 46
11 1 26103 -1
50 1 26104 -1
24 1 26105 -1
54 0 26106 42
53 0 26107 42
31 0 26108 34
19 1 26109 -1
19 0 26110 32
21 1 26111 -1
34 1 26112 -1
33 0 26113 14
38 1 26114 -1
42 0 26115 10
57 0 26116 42
32 1 26117 -1
20 1 26118 -1
6 0 26119 4
6 1 26120 -1
29 1 26121 -1
27 0 26122 6
52 1 26123 -1
12 1 26124 -1
37 0 26125 46
16 0 26126 10
54 1 26127 -1
6 1 26128 -1
12 0 26129 26
36 0 26130 32
56 0 26131 32
39 1 26132 -1
26 0 26133 38
32 1 26134 -1
39 1 26135 -1
2 1 26136 -1
34 0 26137 6
44 0 26138 6
18 0 26139 38
29 1 26140 -1
56 0 26141 6
41 0 26142 0
49 1 26143 -1
59 0 26144 42
17 1 26145 -1
45 1 26146 -1
39 0 26147 34
30 1 26148 -1
52 0 26149 2
13 1 26150 -1
20 0 26151 38
28 1 26152 -1
44 1 26153 -1
20 1 26154 -1
16 0 26155 34
32 0 26156 12
25 0 26157 32
34 0 26158 20
31 1 26159 -1
29 0 26160 12
38 1 26161 -1
38 1 26162 -1
8 0 26163 8
51 1 26164 -1
59 1 26165 -1
23 1 26166 -1
54 1 26167 -1
30 0 26168 22
14 0 26169 12
11 0 26170 16
25 1 26171 -1
56 0 26172 28
7 0 26173 8
3 1 26174 -1
32 1 26175 -1
12 0 26176 48
11 1 26177 -1
12 0 26178 32
12 1 26179 -1
47 1 26180 -1
55 1 26181 -1
18 0 26182 10
37 0 26183 48
35 1 26184 -1
57 0 26185 8
16 0 26186 10
18 1 26187 -1
28 0 26188 2
20 0 26189 12
29 1 26190 -1
55 0 26191 46
30 1 26192 -1
0 0 26193 0
23 0 26194 36
28 1 26195 -1
35 0 26196 18
57 1 26197 -1
20 1 26198 -1
31 0 26199 32
15 1 26200 -1
55 0 26201 12
25 0 26202 4
37 0 26203 38
11 1 26204 -1
13 1 26205 -1
20 1 26206 -1
19 1 26207 -1
54 0 26208 22
42 1 26209 -1
41 1 26210 -1
42 0 26211 16
5 0 26212 0
44 0 26213 42
51 1 26214 -1
38 1 26215 -1
57 1 26216 -1
18 0 26217 26
30 0 26218 20
22 0 26219 12
37 0 26220 44
59 1 26221 -1
4 1 26222 -1
8 1 26223 -1
59 1 26224 -1
38 1 26225 -1
42 0 26226 0
21 0 26227 28
3 1 26228 -1
3 0 26229 22
45 0 26230 6
46 1 26231 -1
40 1 26232 -1
11 0 26233 8
30 1 26234 -1
29 0 26235 0
56 0 26236 32
38 1 26237 -1
11 0 26238 32
34 0 26239 0
19 0 26240 24
48 1 26241 -1
36 1 26242 -1
53 1 26243 -1
19 1 26244 -1
27 0 26245 28
52 1 26246 -1
26 0 26247 30
24 1 26248 -1
41 0 26249 22
5 0 26250 42
6 0 26251 14
50 1 26252 -1
19 0 26253 48
46 1 26254 -1
19 1 26255 -1
53 1 26256 -1
47 0 26257 32
40 1 26258 -1
54 0 26259 34
44 1 26260 -1
46 0 26261 6
25 0 26262 20
19 0 26263 30
55 1 26264 -1
9 1 26265 -1
23 0 26266 12
27 1 26267 -1
29 0 26268 10
48 0 26269 34
15 0 26270 8
54 1 26271 -1
52 1 26272 -1
13 0 26273 28
55 0 26274 2
45 1 26275 -1
34 1 26276 -1
53 0 26277 42
9 0 26278 24
11 1 26279 -1
1 0 26280 26
49 1 26281 -1
14 1 26282 -1
23 0 26283 14
54 1 26284 -1
27 0 26285 26
47 1 26286 -1
29 1 26287 -1
14 0 26288 6
0 1 26289 -1
25 0 26290 6
47 0 26291 2
9 1 26292 -1
20 0 26293 12
57 1 26294 -1
29 1 26295 -1
12 0 26296 2
38 1 26297 -1
56 1 26298 -1
2 0 26299 4
22 0 26300 2
4 0 26301 6
20 0 26302 34
42 1 26303 -1
47 1 26304 -1
13 0 26305 48
0 1 26306 -1
20 1 26307 -1
47 0 26308 36
18 0 26309 24
53 1 26310 -1
16 0 26311 10
42 1 26312 -1
50 0 26313 2
35 1 26314 -1
49 1 26315 -1
34 0 26316 24
49 0 26317 6
38 1 26318 -1
31 1 26319 -1
2 0 26320 8
39 0 26321 14
27 1 26322 -1
36 1 26323 -1
0 0 26324 22
31 0 26325 38
33 1 26326 -1
9 1 26327 -1
23 1 26328 -1
1 0 26329 36
56 0 26330 14
54 0 26331 0
51 0 26332 42
6 1 26333 -1
8 1 26334 -1
35 0 26335 14
49 0 26336 32
24 1 26337 -1
53 1 26338 -1
31 0 26339 26
50 1 26340 -1
55 1 26341 -1
0 0 26342 14
2 0 26343 36
12 1 26344 -1
52 0 26345 26
27 0 26346 34
40 0 26347 44
44 1 26348 -1
1 1 26349 -1
55 1 26350 -1
23 1 26351 -1
55 0 26352 32
49 0 26353 16
33 1 26354 -1
45 1 26355 -1
31 0 26356 38
36 1 26357 -1
45 1 26358 -1
49 0 26359 46
19 0 26360 6
13 1 26361 -1
24 0 26362 4
39 1 26363 -1
55 0 26364 38
52 0 26365 4
15 0 26366 38
25 0 26367 32
19 1 26368 -1
32 1 26369 -1
36 0 26370 20
41 1 26371 -1
53 1 26372 -1
15 0 26373 22
26 1 26374 -1
42 0 26375 18
8 1 26376 -1
17 0 26377 14
54 0 26378 40
42 1 26379 -1
36 1 26380 -1
51 0 26381 36
46 1 26382 -1
3 1 26383 -1
25 0 26384 12
15 0 26385 24
25 0 26386 2
5 1 26387 -1
6 1 26388 -1
46 0 26389 48
43 1 26390 -1
25 0 26391 40
1 0 26392 34
28 0 26393 28
43 1 26394 -1
25 1 26395 -1
24 1 26396 -1
46 1 26397 -1
0 0 26398 44
1 0 26399 24
24 1 26400 -1
48 1 26401 -1
7 1 26402 -1
35 0 26403 20
13 0 26404 2
20 0 26405 12
23 0 26406 18
52 1 26407 -1
16 1 26408 -1
20 1 26409 -1
46 0 26410 0
35 1 26411 -1
2 0 26412 26
37 1 26413 -1
28 0 26414 34
46 0 26415 28
26 1 26416 -1
8 0 26417 30
18 1 26418 -1
21 1 26419 -1
34 0 26420 2
13 0 26421 0
15 0 26422 34
8 1 26423 -1
37 0 26424 4
57 1 26425 -1
45 0 26426 28
44 0 26427 8
56 1 26428 -1
39 1 26429 -1
11 0 26430 30
28 1 26431 -1
48 1 26432 -1
1 0 26433 20
5 0 26434 32
27 1 26435 -1
27 0 26436 22
14 1 26437 -1
47 1 26438 -1
15 0 26439 10
52 0 26440 12
28 1 26441 -1
50 1 26442 -1
44 0 26443 24
32 1 26444 -1
6 1 26445 -1
46 0 26446 8
44 0 26447 2
19 1 26448 -1
9 0 26449 26
43 0 26450 14
24 1 26451 -1
22 1 26452 -1
35 1 26453 -1
7 0 26454 12
18 1 26455 -1
19 0 26456 2
15 1 26457 -1
27 1 26458 -1
41 1 26459 -1
45 0 26460 6
56 0 26461 48
2 1 26462 -1
43 0 26463 28
18 0 26464 16
54 0 26465 4
20 0 26466 40
38 1 26467 -1
59 0 26468 22
43 1 26469 -1
0 1 26470 -1
29 1 26471 -1
53 0 26472 24
22 0 26473 2
48 0 26474 10
21 1 26475 -1
33 1 26476 -1
48 0 26477 26
46 0 26478 34
18 1 26479 -1
39 1 26480 -1
6 0 26481 14
47 1 26482 -1
14 1 26483 -1
5 0 26484 10
46 0 26485 42
57 0 26486 22
8 1 26487 -1
25 1 26488 -1
46 1 26489 -1
36 0 26490 0
31 0 26491 46
43 1 26492 -1
43 1 26493 -1
48 1 26494 -1
28 0 26495 42
48 1 26496 -1
4 1 26497 -1
35 0 26498 36
38 0 26499 46
28 0 26500 2
31 1 26501 -1
28 1 26502 -1
3 0 26503 12
3 0 26504 4
21 1 26505 -1
41 0 26506 8
24 1 26507 -1
24 0 26508 4
0 1 26509 -1
4 0 26510 12
51 1 26511 -1
55 1 26512 -1
25 0 26513 22
7 1 26514 -1
35 0 26515 32
47 0 26516 40
33 0 26517 46
39 1 26518 -1
44 0 26519 24
51 0 26520 32
35 1 26521 -1
57 0 26522 20
47 1 26523 -1
40 1 26524 -1
15 1 26525 -1
48 0 26526 22
20 1 26527 -1
10 1 26528 -1
41 0 26529 24
10 1 26530 -1
8 0 26531 10
30 0 26532 28
54 0 26533 16
8 0 26534 34
35 1 26535 -1
18 0 26536 42
26 1 26537 -1
57 1 26538 -1
7 0 26539 4
36 0 26540 48
58 1 26541 -1
18 1 26542 -1
57 1 26543 -1
8 0 26544 36
29 1 26545 -1
43 1 26546 -1
15 0 26547 2
8 0 26548 12
10 0 26549 6
55 1 26550 -1
24 1 26551 -1
57 0 26552 32
15 0 26553 22
0 1 26554 -1
33 1 26555 -1
16 0 26556 6
50 1 26557 -1
19 0 26558 32
54 1 26559 -1
51 0 26560 26
35 0 26561 46
54 1 26562 -1
20 1 26563 -1
34 1 26564 -1
1 0 26565 10
19 0 26566 24
6 0 26567 16
41 1 26568 -1
9 0 26569 46
3 0 26570 48
4 1 26571 -1
25 1 26572 -1
25 0 26573 2
25 1 26574 -1
56 1 26575 -1
34 0 26576 8
28 0 26577 36
55 1 26578 -1
30 1 26579 -1
30 0 26580 20
58 1 26581 -1
35 0 26582 26
31 1 26583 -1
27 1 26584 -1
15 1 26585 -1
46 0 26586 10
33 0 26587 6
16 0 26588 44
15 0 26589 12
41 1 26590 -1
20 1 26591 -1
58 0 26592 8
11 1 26593 -1
48 0 26594 48
0 0 26595 48
59 1 26596 -1
20 1 26597 -1
25 0 26598 42
55 1 26599 -1
4 0 26600 46
58 1 26601 -1
32 0 26602 48
22 1 26603 -1
39 1 26604 -1
9 1 26605 -1
43 0 26606 6
1 0 26607 32
39 0 26608 42
46 1 26609 -1
50 0 26610 26
39 1 26611 -1
59 0 26612 8
18 0 26613 46
46 1 26614 -1
6 0 26615 20
1 1 26616 -1
42 1 26617 -1
21 0 26618 32
7 1 26619 -1
29 0 26620 4
26 1 26621 -1
14 0 26622 6
26 0 26623 20
26 0 26624 44
58 1 26625 -1
31 0 26626 42
3 1 26627 -1
47 0 26628 20
51 1 26629 -1
10 1 26630 -1
7 0 26631 36
35 1 26632 -1
57 0 26633 18
55 1 26634 -1
30 0 26635 30
25 0 26636 0
31 0 26637 16
12 0 26638 30
7 1 26639 -1
59 1 26640 -1
19 0 26641 12
59 1 26642 -1
59 1 26643 -1
49 1 26644 -1
48 1 26645 -1
35 0 26646 28
3 1 26647 -1
12 1 26648 -1
28 0 26649 24
33 1 26650 -1
6 0 26651 14
20 1 26652 -1
56 0 26653 12
32 0 26654 18
7 1 26655 -1
20 0 26656 24
47 0 26657 16
38 0 26658 28
46 1 26659 -1
25 1 26660 -1
42 1 26661 -1
18 0 26662 46
23 1 26663 -1
6 0 26664 24
50 0 26665 18
2 0 26666 46
26 0 26667 32
29 1 26668 -1
38 0 26669 20
1 1 26670 -1
5 1 26671 -1
42 1 26672 -1
34 1 26673 -1
3 1 26674 -1
23 0 26675 30
45 1 26676 -1
41 0 26677 36
49 1 26678 -1
41 0 26679 34
30 1 26680 -1
34 0 26681 10
3 0 26682 40
7 0 26683 44
43 1 26684 -1
2 1 26685 -1
48 0 26686 6
21 0 26687 38
46 1 26688 -1
15 0 26689 14
29 1 26690 -1
48 1 26691 -1
36 0 26692 34
22 0 26693 24
45 1 26694 -1
54 0 26695 32
1 1 26696 -1
43 1 26697 -1
25 1 26698 -1
8 0 26699 4
31 0 26700 48
43 0 26701 32
0 0 26702 38
51 1 26703 -1
50 1 26704 -1
31 0 26705 34
6 1 26706 -1
32 1 26707 -1
33 0 26708 0
18 0 26709 2
58 1 26710 -1
26 1 26711 -1
15 0 26712 24
20 0 26713 40
9 1 26714 -1
3 1 26715 -1
58 1 26716 -1
5 0 26717 36
11 0 26718 4
39 0 26719 2
15 1 26720 -1
49 0 26721 34
7 1 26722 -1
50 0 26723 12
22 1 26724 -1
2 1 26725 -1
16 0 26726 48
43 0 26727 8
0 1 26728 -1
39 0 26729 2
57 1 26730 -1
28 0 26731 6
16 0 26732 48
27 0 26733 20
32 1 26734 -1
48 1 26735 -1
45 0 26736 40
42 1 26737 -1
47 1 26738 -1
5 0 26739 12
6 1 26740 -1
40 1 26741 -1
29 0 26742 42
21 0 26743 48
8 0 26744 28
43 1 26745 -1
24 1 26746 -1
25 1 26747 -1
7 1 26748 -1
44 0 26749 0
9 0 26750 48
29 1 26751 -1
1 0 26752 26
2 1 26753 -1
2 0 26754 38
26 1 26755 -1
32 0 26756 20
22 1 26757 -1
9 1 26758 -1
58 0 26759 2
55 1 26760 -1
19 0 26761 8
33 0 26762 2
55 0 26763 10
20 0 26764 32
55 0 26765 46
9 1 26766 -1
32 0 26767 16
48 1 26768 -1
6 1 26769 -1
25 1 26770 -1
24 1 26771 -1
19 0 26772 24
42 1 26773 -1
47 1 26774 -1
38 0 26775 46
8 0 26776 36
58 0 26777 28
23 0 26778 36
25 1 26779 -1
45 1 26780 -1
30 0 26781 26
2 1 26782 -1
53 1 26783 -1
54 0 26784 18
14 0 26785 36
2 1 26786 -1
58 1 26787 -1
58 1 26788 -1
49 0 26789 8
51 0 26790 24
39 0 26791 46
6 1 26792 -1
35 0 26793 48
30 1 26794 -1
19 0 26795 42
8 0 26796 46
39 0 26797 0
42 1 26798 -1
24 1 26799 -1
14 1 26800 -1
2 1 26801 -1
32 1 26802 -1
46 0 26803 26
22 0 26804 16
26 0 26805 46
39 0 26806 14
34 1 26807 -1
36 1 26808 -1
46 1 26809 -1
23 1 26810 -1
53 0 26811 30
42 0 26812 46
10 1 26813 -1
25 0 26814 26
54 1 26815 -1
42 1 26816 -1
26 0 26817 34
0 1 26818 -1
59 0 26819 10
25 1 26820 -1
23 0 26821 20
38 0 26822 0
8 0 26823 40
36 1 26824 -1
51 0 26825 36
12 0 26826 24
54 1 26827 -1
54 1 26828 -1
14 0 26829 14
57 1 26830 -1
5 0 26831 46
4 1 26832 -1
50 0 26833 0
29 1 26834 -1
11 1 26835 -1
39 1 26836 -1
45 0 26837 8
45 0 26838 8
38 1 26839 -1
54 1 26840 -1
53 0 26841 6
30 0 26842 8
45 1 26843 -1
19 1 26844 -1
20 0 26845 20
7 0 26846 46
55 0 26847 18
53 1 26848 -1
43 0 26849 8
23 1 26850 -1
46 0 26851 38
47 0 26852 48
51 1 26853 -1
54 1 26854 -1
0 0 26855 28
23 1 26856 -1
44 0 26857 26
0 1 26858 -1
54 1 26859 -1
6 0 26860 34
45 0 26861 48
51 0 26862 44
27 1 26863 -1
39 1 26864 -1
56 1 26865 -1
45 0 26866 42
49 1 26867 -1
58 0 26868 32
17 1 26869 -1
11 0 26870 44
50 1 26871 -1
17 0 26872 44
45 1 26873 -1
44 0 26874 14
55 1 26875 -1
15 0 26876 24
46 0 26877 10
40 0 26878 8
12 1 26879 -1
54 0 26880 26
7 0 26881 48
44 1 26882 -1
21 1 26883 -1
51 1 26884 -1
1 1 26885 -1
0 0 26886 34
36 0 26887 30
5 1 26888 -1
54 0 26889 14
25 1 26890 -1
16 0 26891 20
17 1 26892 -1
4 0 26893 46
19 1 26894 -1
1 0 26895 6
10 1 26896 -1
42 0 26897 6
21 1 26898 -1
4 1 26899 -1
12 0 26900 46
26 1 26901 -1
4 1 26902 -1
44 0 26903 18
3 0 26904 6
35 0 26905 26
59 0 26906 16
15 1 26907 -1
25 1 26908 -1
1 1 26909 -1
59 0 26910 30
2 1 26911 -1
24 0 26912 26
35 1 26913 -1
51 0 26914 28
26 0 26915 14
17 1 26916 -1
8 1 26917 -1
22 1 26918 -1
26 0 26919 48
8 0 26920 42
56 0 26921 22
40 0 26922 0
50 0 26923 12
54 1 26924 -1
52 1 26925 -1
50 1 26926 -1
8 0 26927 22
46 0 26928 30
4 0 26929 20
30 1 26930 -1
23 1 26931 -1
5 1 26932 -1
21 0 26933 8
57 1 26934 -1
41 1 26935 -1
17 1 26936 -1
17 0 26937 22
15 0 26938 46
14 1 26939 -1
5 0 26940 4
18 1 26941 -1
26 1 26942 -1
25 0 26943 4
9 0 26944 10
25 0 26945 10
59 0 26946 48
43 0 26947 32
41 1 26948 -1
39 0 26949 8
49 0 26950 10
50 1 26951 -1
0 1 26952 -1
14 1 26953 -1
0 1 26954 -1
9 0 26955 20
10 1 26956 -1
59 1 26957 -1
35 0 26958 44
40 0 26959 36
22 1 26960 -1
55 1 26961 -1
19 1 26962 -1
17 0 26963 14
1 0 26964 34
46 1 26965 -1
11 1 26966 -1
38 0 26967 40
53 0 26968 2
33 0 26969 10
40 1 26970 -1
16 0 26971 6
5 0 26972 18
9 1 26973 -1
50 1 26974 -1
53 0 26975 0
41 1 26976 -1
42 0 26977 40
57 0 26978 10
4 0 26979 16
41 0 26980 4
6 1 26981 -1
12 1 26982 -1
22 1 26983 -1
45 0 26984 22
5 1 26985 -1
22 1 26986 -1
39 1 26987 -1
21 0 26988 0
42 1 26989 -1
0 1 26990 -1
16 0 26991 2
48 1 26992 -1
18 0 26993 22
58 0 26994 10
17 1 26995 -1
22 0 26996 28
42 1 26997 -1
55 0 26998 26
18 0 26999 32
0 1 27000 -1
52 1 27001 -1
25 1 27002 -1
56 1 27003 -1
32 0 27004 2
11 1 27005 -1
42 0 27006 36
11 0 27007 24
14 0 27008 46
23 0 27009 24
5 1 27010 -1
59 0 27011 12
58 0 27012 4
12 1 27013 -1
31 1 27014 -1
58 1 27015 -1
58 1 27016 -1
20 0 27017 6
44 1 27018 -1
27 0 27019 22
2 0 27020 14
7 0 27021 36
48 1 27022 -1
5 0 27023 4
20 1 27024 -1
45 1 27025 -1
36 0 27026 2
22 1 27027 -1
53 0 27028 36
5 1 27029 -1
30 0 27030 46
36 1 27031 -1
45 0 27032 30
58 0 27033 34
47 0 27034 48
17 1 27035 -1
56 0 27036 10
42 1 27037 -1
27 1 27038 -1
2 1 27039 -1
20 1 27040 -1
53 0 27041 30
14 0 27042 28
59 1 27043 -1
43 0 27044 20
54 1 27045 -1
26 0 27046 26
30 1 27047 -1
50 1 27048 -1
36 0 27049 0
20 0 27050 46
30 0 27051 2
37 1 27052 -1
22 1 27053 -1
37 1 27054 -1
52 0 27055 6
0 0 27056 42
33 1 27057 -1
59 0 27058 4
2 0 27059 2
38 0 27060 18
16 1 27061 -1
9 1 27062 -1
30 0 27063 14
30 0 27064 34
53 1 27065 -1
59 0 27066 18
24 1 27067 -1
27 0 27068 16
44 0 27069 14
30 1 27070 -1
24 1 27071 -1
5 1 27072 -1
33 0 27073 10
36 1 27074 -1
10 1 27075 -1
4 1 27076 -1
20 1 27077 -1
48 0 27078 14
3 0 27079 30
51 1 27080 -1
5 0 27081 30
58 0 27082 6
10 0 27083 16
37 1 27084 -1
37 0 27085 26
47 1 27086 -1
4 0 27087 48
11 1 27088 -1
55 0 27089 38
30 1 27090 -1
37 0 27091 14
32 1 27092 -1
47 0 27093 46
34 0 27094 4
27 1 27095 -1
31 0 27096 24
55 1 27097 -1
51 1 27098 -1
2 0 27099 20
48 1 27100 -1
38 1 27101 -1
20 1 27102 -1
43 0 27103 22
8 1 27104 -1
19 0 27105 2
16 0 27106 14
1 0 27107 8
42 1 27108 -1
42 1 27109 -1
54 0 27110 8
13 1 27111 -1
14 1 27112 -1
17 0 27113 2
57 1 27114 -1
54 0 27115 28
32 1 27116 -1
42 1 27117 -1
39 0 27118 18
11 0 27119 40
12 0 27120 2
36 1 27121 -1
0 1 27122 -1
41 0 27123 8
37 1 27124 -1
40 0 27125 36
16 0 27126 24
11 0 27127 44
1 0 27128 46
15 1 27129 -1
25 0 27130 20
11 1 27131 -1
23 0 27132 34
5 1 27133 -1
3 1 27134 -1
19 1 27135 -1
0 0 27136 30
37 1 27137 -1
13 1 27138 -1
3 0 27139 4
24 0 27140 48
42 1 27141 -1
57 1 27142 -1
4 1 27143 -1
38 0 27144 32
52 0 27145 32
18 1 27146 -1
5 0 27147 44
54 0 27148 44
38 0 27149 34
56 1 27150 -1
38 0 27151 10
14 1 27152 -1
52 1 27153 -1
43 1 27154 -1
18 0 27155 44
43 0 27156 8
27 0 27157 0
26 1 27158 -1
19 0 27159 44
4 0 27160 6
12 1 27161 -1
57 1 27162 -1
56 1 27163 -1
27 1 27164 -1
12 0 27165 40
37 0 27166 4
28 1 27167 -1
17 0 27168 46
27 0 27169 8
25 1 27170 -1
12 0 27171 20
8 0 27172 28
51 1 27173 -1
12 1 27174 -1
5 1 27175 -1
8 0 27176 32
49 1 27177 -1
22 1 27178 -1
18 0 27179 22
38 0 27180 0
58 1 27181 -1
52 1 27182 -1
19 0 27183 0
50 0 27184 34
12 1 27185 -1
42 0 27186 14
52 0 27187 48
40 1 27188 -1
28 1 27189 -1
30 0 27190 12
22 0 27191 26
49 1 27192 -1
8 1 27193 -1
13 1 27194 -1
3 0 27195 44
51 1 27196 -1
19 0 27197 30
38 0 27198 42
32 1 27199 -1
37 1 27200 -1
9 1 27201 -1
32 1 27202 -1
20 0 27203 46
25 0 27204 20
2 0 27205 6
56 0 27206 12
27 1 27207 -1
13 0 27208 42
47 1 27209 -1
56 1 27210 -1
54 0 27211 12
46 1 27212 -1
37 0 27213 18
3 0 27214 32
7 1 27215 -1
40 0 27216 10
12 0 27217 8
56 1 27218 -1
52 0 27219 26
24 0 27220 38
26 1 27221 -1
56 1 27222 -1
58 1 27223 -1
4 1 27224 -1
11 0 27225 12
39 1 27226 -1
49 0 27227 12
19 0 27228 22
22 0 27229 48
22 1 27230 -1
29 0 27231 26
12 0 27232 26
31 1 27233 -1
24 1 27234 -1
22 1 27235 -1
18 1 27236 -1
5 1 27237 -1
17 0 27238 36
4 0 27239 24
47 0 27240 12
58 1 27241 -1
18 0 27242 44
8 1 27243 -1
46 0 27244 40
3 0 27245 28
24 1 27246 -1
17 1 27247 -1
30 1 27248 -1
36 0 27249 22
2 0 27250 46
23 1 27251 -1
56 0 27252 4
25 0 27253 20
1 0 27254 4
34 1 27255 -1
42 1 27256 -1
25 1 27257 -1
56 0 27258 2
22 1 27259 -1
49 0 27260 48
20 0 27261 22
44 1 27262 -1
48 0 27263 12
57 1 27264 -1
36 1 27265 -1
38 0 27266 28
53 1 27267 -1
24 1 27268 -1
22 0 27269 34
29 0 27270 26
41 0 27271 2
3 1 27272 -1
57 0 27273 40
49 1 27274 -1
3 0 27275 42
54 1 27276 -1
44 1 27277 -1
9 1 27278 -1
24 1 27279 -1
17 0 27280 32
36 1 27281 -1
46 0 27282 4
8 0 27283 8
28 0 27284 16
5 0 27285 2
30 1 27286 -1
19 0 27287 48
0 1 27288 -1
33 1 27289 -1
19 0 27290 44
33 1 27291 -1
34 0 27292 20
27 0 27293 20
8 0 27294 42
32 1 27295 -1
32 0 27296 6
9 0 27297 46
6 0 27298 42
11 1 27299 -1
21 1 27300 -1
10 1 27301 -1
23 0 27302 20
22 1 27303 -1
57 1 27304 -1
32 1 27305 -1
24 0 27306 42
41 1 27307 -1
57 1 27308 -1
44 0 27309 16
59 0 27310 4
20 0 27311 30
14 0 27312 40
51 1 27313 -1
25 0 27314 42
43 1 27315 -1
5 1 27316 -1
1 0 27317 20
25 1 27318 -1
42 0 27319 24
16 1 27320 -1
5 1 27321 -1
31 0 27322 34
47 1 27323 -1
57 0 27324 8
49 1 27325 -1
38 1 27326 -1
33 0 27327 8
51 0 27328 42
56 1 27329 -1
26 1 27330 -1
49 0 27331 42
13 0 27332 48
28 0 27333 34
1 1 27334 -1
50 1 27335 -1
29 0 27336 28
22 1 27337 -1
23 1 27338 -1
35 0 27339 0
19 0 27340 0
45 1 27341 -1
10 0 27342 16
10 0 27343 36
39 1 27344 -1
46 0 27345 16
35 1 27346 -1
8 1 27347 -1
23 0 27348 42
19 1 27349 -1
8 0 27350 20
8 1 27351 -1
49 0 27352 4
53 0 27353 12
52 1 27354 -1
4 1 27355 -1
29 0 27356 6
27 0 27357 4
52 1 27358 -1
16 1 27359 -1
46 1 27360 -1
33 0 27361 24
29 1 27362 -1
45 0 27363 26
15 0 27364 6
50 1 27365 -1
48 0 27366 8
55 1 27367 -1
13 0 27368 24
37 1 27369 -1
22 0 27370 22
34 1 27371 -1
18 1 27372 -1
48 0 27373 42
39 1 27374 -1
52 0 27375 34
53 0 27376 4
0 0 27377 30
26 0 27378 36
18 1 27379 -1
50 1 27380 -1
56 1 27381 -1
54 1 27382 -1
48 0 27383 12
58 0 27384 34
3 1 27385 -1
22 0 27386 22
32 1 27387 -1
52 0 27388 46
5 1 27389 -1
55 1 27390 -1
25 0 27391 30
8 0 27392 34
32 0 27393 4
12 1 27394 -1
9 1 27395 -1
2 0 27396 36
21 0 27397 8
53 0 27398 26
47 1 27399 -1
2 0 27400 12
54 0 27401 2
14 0 27402 26
51 1 27403 -1
54 1 27404 -1
18 1 27405 -1
48 1 27406 -1
53 0 27407 12
59 0 27408 42
56 1 27409 -1
19 1 27410 -1
38 1 27411 -1
41 1 27412 -1
0 1 27413 -1
31 1 27414 -1
37 0 27415 34
3 1 27416 -1
34 0 27417 22
31 0 27418 18
1 0 27419 10
36 0 27420 30
44 1 27421 -1
5 1 27422 -1
56 0 27423 34
11 0 27424 2
7 0 27425 10
43 1 27426 -1
24 0 27427 16
13 1 27428 -1
50 1 27429 -1
42 0 27430 34
20 1 27431 -1
8 0 27432 28
37 0 27433 26
41 0 27434 30
43 1 27435 -1
0 1 27436 -1
26 0 27437 36
52 1 27438 -1
50 1 27439 -1
30 0 27440 30
38 1 27441 -1
48 0 27442 34
30 0 27443 0
9 1 27444 -1
7 1 27445 -1
21 1 27446 -1
42 0 27447 48
13 1 27448 -1
13 0 27449 20
24 0 27450 12
23 0 27451 22
10 0 27452 20
43 1 27453 -1
39 1 27454 -1
27 1 27455 -1
45 1 27456 -1
43 0 27457 44
50 0 27458 12
49 1 27459 -1
0 0 27460 0
29 0 27461 16
3 1 27462 -1
41 1 27463 -1
1 1 27464 -1
13 0 27465 42
32 0 27466 8
51 1 27467 -1
32 0 27468 44
3 0 27469 30
45 1 27470 -1
37 0 27471 38
9 1 27472 -1
52 1 27473 -1
43 0 27474 24
36 0 27475 32
34 1 27476 -1
35 0 27477 24
5 1 27478 -1
12 1 27479 -1
16 0 27480 44
3 0 27481 30
35 1 27482 -1
47 0 27483 34
58 1 27484 -1
30 1 27485 -1
56 1 27486 -1
10 1 27487 -1
58 0 27488 12
24 0 27489 12
36 0 27490 34
1 1 27491 -1
52 0 27492 46
25 0 27493 42
45 1 27494 -1
43 1 27495 -1
53 0 27496 16
41 0 27497 2
59 1 27498 -1
6 0 27499 4
1 0 27500 36
9 1 27501 -1
35 1 27502 -1
27 0 27503 24
7 0 27504 20
50 1 27505 -1
52 0 27506 0
59 0 27507 14
22 1 27508 -1
9 1 27509 -1
21 0 27510 10
52 1 27511 -1
39 0 27512 38
46 1 27513 -1
45 1 27514 -1
54 0 27515 0
57 1 27516 -1
4 1 27517 -1
58 0 27518 2
9 1 27519 -1
30 1 27520 -1
59 0 27521 6
34 0 27522 12
55 0 27523 20
20 0 27524 10
53 0 27525 12
12 1 27526 -1
42 1 27527 -1
2 1 27528 -1
51 1 27529 -1
18 0 27530 48
27 1 27531 -1
27 0 27532 36
43 0 27533 14
20 1 27534 -1
39 0 27535 6
24 1 27536 -1
43 0 27537 30
13 1 27538 -1
54 1 27539 -1
25 0 27540 44
46 0 27541 46
53 0 27542 48
29 1 27543 -1
47 1 27544 -1
30 0 27545 38
13 1 27546 -1
41 1 27547 -1
52 1 27548 -1
27 1 27549 -1
12 0 27550 48
46 0 27551 22
1 0 27552 0
56 0 27553 20
26 1 27554 -1
59 1 27555 -1
29 0 27556 18
59 0 27557 0
49 0 27558 6
14 1 27559 -1
3 0 27560 24
17 1 27561 -1
35 1 27562 -1
19 0 27563 12
56 0 27564 46
20 1 27565 -1
48 0 27566 6
10 1 27567 -1
4 0 27568 32
13 1 27569 -1
43 1 27570 -1
30 1 27571 -1
5 0 27572 6
44 0 27573 14
24 1 27574 -1
59 0 27575 26
25 0 27576 44
45 1 27577 -1
5 0 27578 28
57 1 27579 -1
17 0 27580 28
22 1 27581 -1
22 1 27582 -1
58 0 27583 12
59 1 27584 -1
39 0 27585 16
30 1 27586 -1
7 1 27587 -1
51 0 27588 36
5 1 27589 -1
32 0 27590 42
9 1 27591 -1
56 1 27592 -1
43 0 27593 38
24 0 27594 42
26 1 27595 -1
54 1 27596 -1
10 1 27597 -1
56 0 27598 0
29 0 27599 10
29 0 27600 24
56 1 27601 -1
10 0 27602 4
44 0 27603 36
48 1 27604 -1
4 0 27605 2
11 1 27606 -1
29 1 27607 -1
43 1 27608 -1
54 0 27609 40
9 0 27610 42
58 0 27611 40
23 0 27612 8
23 1 27613 -1
56 1 27614 -1
16 1 27615 -1
55 0 27616 18
24 1 27617 -1
59 0 27618 44
43 1 27619 -1
0 0 27620 6
39 0 27621 44
5 1 27622 -1
42 0 27623 40
6 1 27624 -1
22 0 27625 30
2 1 27626 -1
19 0 27627 24
55 1 27628 -1
17 1 27629 -1
22 0 27630 2
23 0 27631 2
56 1 27632 -1
10 0 27633 18
47 1 27634 -1
27 1 27635 -1
55 1 27636 -1
24 0 27637 14
1 0 27638 8
59 0 27639 36
19 1 27640 -1
10 1 27641 -1
24 0 27642 40
2 1 27643 -1
13 0 27644 30
32 0 27645 28
20 0 27646 38
0 1 27647 -1
48 1 27648 -1
7 0 27649 38
51 0 27650 0
50 1 27651 -1
50 0 27652 8
16 1 27653 -1
22 1 27654 -1
55 0 27655 8
51 0 27656 22
27 1 27657 -1
11 1 27658 -1
25 0 27659 12
23 0 27660 38
3 1 27661 -1
16 1 27662 -1
17 0 27663 4
22 1 27664 -1
53 1 27665 -1
15 1 27666 -1
14 0 27667 14
30 1 27668 -1
50 0 27669 14
2 0 27670 26
15 0 27671 4
20 0 27672 18
28 1 27673 -1
55 1 27674 -1
53 1 27675 -1
12 0 27676 34
29 1 27677 -1
27 1 27678 -1
39 0 27679 22
30 0 27680 6
22 0 27681 36
30 0 27682 20
0 0 27683 40
21 1 27684 -1
6 1 27685 -1
23 1 27686 -1
48 1 27687 -1
10 1 27688 -1
32 0 27689 10
50 0 27690 48
6 1 27691 -1
18 1 27692 -1
12 0 27693 42
23 0 27694 40
29 0 27695 28
28 1 27696 -1
32 0 27697 26
3 1 27698 -1
15 1 27699 -1
38 0 27700 14
6 1 27701 -1
16 0 27702 12
58 0 27703 44
28 1 27704 -1
52 1 27705 -1
42 0 27706 14
10 1 27707 -1
26 0 27708 46
56 0 27709 38
21 0 27710 36
45 0 27711 36
10 1 27712 -1
51 1 27713 -1
41 0 27714 14
59 1 27715 -1
4 1 27716 -1
30 0 27717 28
28 1 27718 -1
12 1 27719 -1
53 1 27720 -1
4 1 27721 -1
6 1 27722 -1
52 0 27723 14
55 0 27724 28
59 0 27725 2
3 0 27726 44
42 0 27727 26
15 1 27728 -1
23 1 27729 -1
6 1 27730 -1
27 0 27731 2
36 1 27732 -1
24 0 27733 38
41 0 27734 22
39 1 27735 -1
36 0 27736 8
57 0 27737 40
48 1 27738 -1
38 1 27739 -1
17 1 27740 -1
48 0 27741 34
53 0 27742 40
22 0 27743 40
24 0 27744 36
44 1 27745 -1
3 1 27746 -1
9 1 27747 -1
52 1 27748 -1
48 0 27749 10
54 0 27750 6
7 1 27751 -1
32 0 27752 22
7 0 27753 22
29 0 27754 48
10 1 27755 -1
27 1 27756 -1
15 0 27757 26
24 1 27758 -1
39 0 27759 40
1 1 27760 -1
16 0 27761 30
18 1 27762 -1
18 0 27763 42
15 1 27764 -1
10 1 27765 -1
22 0 27766 36
9 1 27767 -1
26 0 27768 26
22 1 27769 -1
13 1 27770 -1
53 0 27771 32
30 1 27772 -1
45 0 27773 4
16 1 27774 -1
46 0 27775 18
34 1 27776 -1
34 0 27777 24
29 0 27778 0
51 0 27779 40
45 1 27780 -1
42 0 27781 8
31 1 27782 -1
24 0 27783 4
38 0 27784 8
9 1 27785 -1
21 1 27786 -1
2 0 27787 2
1 0 27788 2
12 0 27789 26
56 0 27790 40
36 1 27791 -1
32 1 27792 -1
18 0 27793 2
56 1 27794 -1
14 1 27795 -1
26 1 27796 -1
22 0 27797 6
33 1 27798 -1
16 0 27799 34
9 0 27800 0
53 1 27801 -1
6 1 27802 -1
14 0 27803 38
56 1 27804 -1
56 0 27805 24
29 1 27806 -1
12 1 27807 -1
47 0 27808 22
17 1 27809 -1
53 0 27810 36
44 0 27811 24
19 1 27812 -1
31 0 27813 4
4 1 27814 -1
21 1 27815 -1
22 0 27816 46
23 0 27817 2
52 1 27818 -1
41 1 27819 -1
53 1 27820 -1
17 0 27821 28
1 0 27822 8
12 1 27823 -1
53 1 27824 -1
24 0 27825 4
53 0 27826 36
54 0 27827 22
37 1 27828 -1
9 1 27829 -1
7 1 27830 -1
37 0 27831 10
29 0 27832 28
33 1 27833 -1
48 1 27834 -1
46 0 27835 10
54 0 27836 44
35 0 27837 24
1 1 27838 -1
50 1 27839 -1
21 1 27840 -1
16 0 27841 0
57 0 27842 26
7 0 27843 12
28 1 27844 -1
49 1 27845 -1
15 0 27846 0
47 0 27847 40
5 1 27848 -1
32 1 27849 -1
4 0 27850 10
23 0 27851 44
34 1 27852 -1
51 0 27853 10
57 0 27854 0
33 1 27855 -1
21 1 27856 -1
28 1 27857 -1
45 1 27858 -1
6 1 27859 -1
14 1 27860 -1
33 0 27861 22
5 0 27862 18
49 0 27863 40
48 0 27864 4
38 0 27865 10
24 1 27866 -1
48 0 27867 26
22 1 27868 -1
27 1 27869 -1
6 0 27870 42
7 1 27871 -1
1 0 27872 4
13 0 27873 46
28 0 27874 24
24 1 27875 -1
26 0 27876 42
15 1 27877 -1
33 1 27878 -1
53 0 27879 28
40 1 27880 -1
24 0 27881 24
15 0 27882 10
27 1 27883 -1
28 1 27884 -1
41 1 27885 -1
3 1 27886 -1
23 0 27887 24
0 0 27888 42
55 0 27889 38
11 1 27890 -1
59 0 27891 14
2 1 27892 -1
25 1 27893 -1
19 0 27894 44
26 1 27895 -1
30 1 27896 -1
15 0 27897 24
42 0 27898 40
28 1 27899 -1
59 1 27900 -1
26 0 27901 20
28 1 27902 -1
13 1 27903 -1
2 1 27904 -1
57 0 27905 32
55 0 27906 30
3 0 27907 42
43 0 27908 14
3 1 27909 -1
5 1 27910 -1
28 0 27911 38
11 0 27912 20
34 1 27913 -1
0 0 27914 32
28 1 27915 -1
42 0 27916 40
53 0 27917 26
38 1 27918 -1
52 1 27919 -1
24 0 27920 34
46 0 27921 0
54 1 27922 -1
24 0 27923 10
30 1 27924 -1
56 0 27925 4
54 0 27926 36
24 1 27927 -1
30 0 27928 20
36 0 27929 24
24 1 27930 -1
48 0 27931 6
17 1 27932 -1
38 1 27933 -1
22 1 27934 -1
46 0 27935 4
51 0 27936 40
50 1 27937 -1
15 1 27938 -1
52 1 27939 -1
47 1 27940 -1
30 0 27941 6
33 0 27942 12
21 1 27943 -1
41 0 27944 30
2 1 27945 -1
25 0 27946 46
7 0 27947 14
23 0 27948 44
7 1 27949 -1
5 0 27950 8
43 1 27951 -1
0 1 27952 -1
14 0 27953 30
47 1 27954 -1
13 0 27955 20
31 1 27956 -1
43 0 27957 16
54 1 27958 -1
9 0 27959 32
54 0 27960 28
43 0 27961 32
31 1 27962 -1
28 1 27963 -1
3 1 27964 -1
41 0 27965 14
34 0 27966 30
21 1 27967 -1
47 0 27968 38
56 0 27969 18
0 1 27970 -1
54 1 27971 -1
4 0 27972 10
17 1 27973 -1
42 1 27974 -1
6 0 27975 46
15 0 27976 14
48 1 27977 -1
56 1 27978 -1
7 0 27979 8
39 1 27980 -1
55 0 27981 24
1 1 27982 -1
59 0 27983 32
7 1 27984 -1
3 0 27985 32
3 0 27986 20
2 1 27987 -1
42 1 27988 -1
47 0 27989 48
57 1 27990 -1
45 0 27991 6
4 1 27992 -1
26 1 27993 -1
13 1 27994 -1
26 0 27995 36
43 0 27996 6
2 1 27997 -1
9 0 27998 30
1 1 27999 -1
30 0 28000 24
50 0 28001 38
26 0 28002 44
2 1 28003 -1
30 1 28004 -1
39 1 28005 -1
18 1 28006 -1
12 0 28007 46
21 0 28008 22
28 0 28009 0
50 1 28010 -1
28 1 28011 -1
26 1 28012 -1
14 1 28013 -1
16 0 28014 42
50 0 28015 22
41 1 28016 -1
42 0 28017 40
31 0 28018 16
0 0 28019 20
22 1 28020 -1
2 0 28021 28
10 1 28022 -1
40 1 28023 -1
12 0 28024 40
34 0 28025 14
7 1 28026 -1
47 0 28027 14
13 1 28028 -1
7 0 28029 24
36 1 28030 -1
6 1 28031 -1
30 0 28032 10
19 1 28033 -1
18 0 28034 24
26 0 28035 40
9 1 28036 -1
13 1 28037 -1
23 0 28038 4
0 0 28039 38
20 1 28040 -1
30 0 28041 2
23 0 28042 4
53 1 28043 -1
44 1 28044 -1
42 0 28045 38
53 1 28046 -1
54 1 28047 -1
11 0 28048 38
14 1 28049 -1
5 0 28050 46
52 1 28051 -1
36 0 28052 12
28 0 28053 18
7 0 28054 12
39 1 28055 -1
13 0 28056 20
45 0 28057 38
20 0 28058 26
50 1 28059 -1
9 1 28060 -1
48 1 28061 -1
55 0 28062 12
6 1 28063 -1
44 1 28064 -1
52 0 28065 40
46 1 28066 -1
54 1 28067 -1
21 0 28068 0
33 0 28069 10
5 1 28070 -1
24 0 28071 32
14 1 28072 -1
42 1 28073 -1
1 1 28074 -1
33 0 28075 36
53 1 28076 -1
27 1 28077 -1
53 0 28078 22
3 0 28079 8
43 1 28080 -1
31 0 28081 24
18 0 28082 22
55 1 28083 -1
22 0 28084 6
8 1 28085 -1
55 1 28086 -1
10 0 28087 24
8 0 28088 48
27 0 28089 24
41 1 28090 -1
26 1 28091 -1
3 0 28092 24
53 1 28093 -1
53 0 28094 36
40 0 28095 4
17 0 28096 42
35 1 28097 -1
28 1 28098 -1
11 0 28099 8
12 1 28100 -1
24 0 28101 36
2 1 28102 -1
26 1 28103 -1
17 0 28104 28
52 1 28105 -1
5 1 28106 -1
25 1 28107 -1
58 1 28108 -1
5 0 28109 0
20 1 28110 -1
39 0 28111 48
24 0 28112 46
40 0 28113 10
50 0 28114 48
55 1 28115 -1
48 1 28116 -1
45 0 28117 32
26 1 28118 -1
1 0 28119 38
20 1 28120 -1
45 1 28121 -1
30 0 28122 12
14 0 28123 4
20 0 28124 0
27 1 28125 -1
21 1 28126 -1
12 0 28127 24
46 0 28128 6
26 0 28129 20
49 1 28130 -1
17 0 28131 44
6 1 28132 -1
55 0 28133 42
0 1 28134 -1
3 1 28135 -1
40 1 28136 -1
3 0 28137 36
4 1 28138 -1
40 1 28139 -1
44 0 28140 32
51 0 28141 2
9 0 28142 30
20 0 28143 12
15 1 28144 -1
43 1 28145 -1
25 0 28146 18
9 0 28147 22
16 1 28148 -1
0 1 28149 -1
43 0 28150 44
24 1 28151 -1
54 0 28152 8
26 0 28153 34
48 1 28154 -1
39 0 28155 46
0 1 28156 -1
41 1 28157 -1
52 0 28158 40
5 0 28159 4
2 1 28160 -1
19 0 28161 40
10 1 28162 -1
19 1 28163 -1
45 0 28164 46
27 0 28165 18
28 1 28166 -1
30 0 28167 30
21 1 28168 -1
55 0 28169 30
50 1 28170 -1
51 1 28171 -1
51 0 28172 36
6 0 28173 20
40 1 28174 -1
42 0 28175 34
54 1 28176 -1
36 1 28177 -1
22 0 28178 36
51 0 28179 48
18 0 28180 6
11 1 28181 -1
30 1 28182 -1
28 0 28183 22
39 1 28184 -1
32 0 28185 42
36 0 28186 18
32 1 28187 -1
14 1 28188 -1
21 1 28189 -1
0 0 28190 6
17 1 28191 -1
1 0 28192 6
33 1 28193 -1
19 0 28194 42
43 0 28195 10
21 1 28196 -1
40 0 28197 32
41 1 28198 -1
17 1 28199 -1
30 1 28200 -1
53 0 28201 46
14 0 28202 8
43 1 28203 -1
54 1 28204 -1
43 0 28205 8
35 1 28206 -1
14 0 28207 10
11 0 28208 6
56 1 28209 -1
2 0 28210 30
37 1 28211 -1
22 0 28212 24
15 1 28213 -1
22 0 28214 10
35 1 28215 -1
6 0 28216 34
19 1 28217 -1
23 1 28218 -1
48 0 28219 2
20 1 28220 -1
50 0 28221 24
3 1 28222 -1
24 0 28223 2
45 0 28224 14
28 0 28225 12
56 0 28226 18
25 1 28227 -1
42 1 28228 -1
30 0 28229 0
7 1 28230 -1
46 1 28231 -1
9 0 28232 38
43 1 28233 -1
28 0 28234 8
45 0 28235 6
15 1 28236 -1
40 0 28237 28
14 1 28238 -1
35 1 28239 -1
38 1 28240 -1
37 0 28241 2
39 1 28242 -1
49 0 28243 16
31 1 28244 -1
7 1 28245 -1
3 0 28246 44
7 0 28247 34
58 1 28248 -1
36 1 28249 -1
37 1 28250 -1
28 0 28251 42
4 0 28252 46
5 0 28253 16
2 1 28254 -1
31 0 28255 38
42 0 28256 24
48 1 28257 -1
57 0 28258 8
41 0 28259 40
23 1 28260 -1
7 0 28261 32
41 1 28262 -1
41 0 28263 14
52 0 28264 32
24 1 28265 -1
21 1 28266 -1
50 1 28267 -1
25 1 28268 -1
32 0 28269 16
14 0 28270 14
9 0 28271 0
53 1 28272 -1
32 0 28273 40
30 1 28274 -1
44 0 28275 6
5 1 28276 -1
6 1 28277 -1
20 0 28278 24
23 0 28279 22
53 0 28280 0
37 1 28281 -1
24 0 28282 34
20 1 28283 -1
32 1 28284 -1
59 1 28285 -1
33 0 28286 6
39 0 28287 38
38 0 28288 8
59 1 28289 -1
29 1 28290 -1
24 1 28291 -1
4 1 28292 -1
27 0 28293 44
14 0 28294 2
52 1 28295 -1
54 0 28296 4
58 0 28297 24
32 0 28298 48
52 1 28299 -1
4 1 28300 -1
19 1 28301 -1
46 0 28302 10
41 0 28303 34
42 1 28304 -1
54 1 28305 -1
20 1 28306 -1
6 0 28307 48
38 1 28308 -1
1 0 28309 46
27 0 28310 38
24 0 28311 32
40 1 28312 -1
53 1 28313 -1
10 0 28314 44
55 0 28315 30
5 1 28316 -1
56 1 28317 -1
43 0 28318 0
10 1 28319 -1
49 1 28320 -1
2 0 28321 40
20 0 28322 18
6 1 28323 -1
53 0 28324 14
58 1 28325 -1
40 0 28326 30
42 1 28327 -1
9 0 28328 38
28 0 28329 26
35 1 28330 -1
59 0 28331 26
54 1 28332 -1
0 1 28333 -1
36 1 28334 -1
30 1 28335 -1
53 0 28336 14
27 0 28337 34
50 0 28338 12
38 0 28339 40
4 0 28340 30
42 1 28341 -1
6 1 28342 -1
22 1 28343 -1
57 0 28344 34
42 1 28345 -1
10 0 28346 42
47 1 28347 -1
2 1 28348 -1
42 0 28349 30
39 0 28350 4
32 1 28351 -1
21 0 28352 8
38 0 28353 6
40 1 28354 -1
49 0 28355 4
32 0 28356 30
27 0 28357 30
8 1 28358 -1
44 1 28359 -1
37 1 28360 -1
8 0 28361 6
38 1 28362 -1
47 1 28363 -1
10 0 28364 38
17 1 28365 -1
10 0 28366 6
19 0 28367 38
6 1 28368 -1
42 1 28369 -1
5 0 28370 34
22 1 28371 -1
12 1 28372 -1
59 0 28373 42
32 1 28374 -1
30 0 28375 4
4 1 28376 -1
40 1 28377 -1
34 1 28378 -1
44 1 28379 -1
10 0 28380 2
54 0 28381 38
29 0 28382 48
21 0 28383 44
41 0 28384 18
34 1 28385 -1
19 0 28386 32
35 1 28387 -1
4 0 28388 2
52 1 28389 -1
38 1 28390 -1
2 0 28391 10
36 0 28392 22
35 1 28393 -1
20 0 28394 44
21 0 28395 34
30 0 28396 42
44 1 28397 -1
6 1 28398 -1
56 0 28399 42
27 1 28400 -1
34 0 28401 26
52 0 28402 44
23 0 28403 34
15 1 28404 -1
39 1 28405 -1
6 0 28406 40
36 1 28407 -1
47 1 28408 -1
21 1 28409 -1
23 0 28410 26
19 0 28411 12
57 1 28412 -1
19 0 28413 10
6 1 28414 -1
58 0 28415 46
13 1 28416 -1
41 1 28417 -1
25 0 28418 40
49 1 28419 -1
10 0 28420 16
36 0 28421 28
32 1 28422 -1
54 1 28423 -1
30 0 28424 20
13 0 28425 18
37 1 28426 -1
41 1 28427 -1
57 0 28428 14
4 0 28429 0
38 0 28430 34
0 1 28431 -1
32 1 28432 -1
49 0 28433 0
2 1 28434 -1
28 1 28435 -1
28 0 28436 28
33 1 28437 -1
50 0 28438 28
35 0 28439 2
7 1 28440 -1
38 1 28441 -1
4 0 28442 38
19 1 28443 -1
22 0 28444 36
26 1 28445 -1
40 0 28446 18
50 0 28447 46
44 1 28448 -1
7 0 28449 30
44 0 28450 42
12 1 28451 -1
35 0 28452 12
52 1 28453 -1
25 0 28454 48
55 0 28455 22
29 1 28456 -1
20 1 28457 -1
42 1 28458 -1
41 0 28459 22
49 1 28460 -1
30 1 28461 -1
23 0 28462 34
25 1 28463 -1
49 0 28464 34
52 0 28465 4
3 1 28466 -1
16 1 28467 -1
36 0 28468 8
28 0 28469 26
17 1 28470 -1
6 0 28471 26
23 1 28472 -1
58 0 28473 14
40 1 28474 -1
3 0 28475 48
27 1 28476 -1
54 1 28477 -1
13 1 28478 -1
5 0 28479 12
55 1 28480 -1
0 0 28481 2
39 1 28482 -1
32 0 28483 30
47 1 28484 -1
19 0 28485 34
27 0 28486 18
1 1 28487 -1
50 0 28488 36
57 0 28489 32
21 1 28490 -1
30 1 28491 -1
20 0 28492 40
27 0 28493 36
55 1 28494 -1
45 1 28495 -1
22 0 28496 26
30 0 28497 28
11 1 28498 -1
52 0 28499 40
45 1 28500 -1
46 1 28501 -1
14 1 28502 -1
14 0 28503 12
26 0 28504 44
35 0 28505 38
50 0 28506 2
0 1 28507 -1
48 1 28508 -1
6 0 28509 40
22 1 28510 -1
40 1 28511 -1
57 0 28512 22
11 0 28513 12
38 0 28514 36
50 1 28515 -1
36 1 28516 -1
57 0 28517 32
27 0 28518 48
26 1 28519 -1
5 0 28520 6
13 0 28521 42
37 1 28522 -1
39 1 28523 -1
25 1 28524 -1
5 1 28525 -1
24 0 28526 48
22 1 28527 -1
5 0 28528 8
6 1 28529 -1
40 0 28530 40
32 0 28531 8
0 0 28532 6
32 1 28533 -1
57 0 28534 6
46 0 28535 16
43 1 28536 -1
42 0 28537 46
35 1 28538 -1
29 1 28539 -1
59 1 28540 -1
32 0 28541 12
44 0 28542 28
39 1 28543 -1
22 1 28544 -1
9 0 28545 20
38 0 28546 0
28 0 28547 2
16 1 28548 -1
43 1 28549 -1
59 0 28550 4
47 1 28551 -1
43 1 28552 -1
6 0 28553 26
36 1 28554 -1
42 0 28555 4
57 1 28556 -1
7 1 28557 -1
17 0 28558 28
56 1 28559 -1
8 1 28560 -1
56 0 28561 32
55 0 28562 30
42 0 28563 36
3 1 28564 -1
16 1 28565 -1
15 0 28566 42
28 1 28567 -1
45 0 28568 0
49 1 28569 -1
56 0 28570 8
37 1 28571 -1
45 1 28572 -1
8 1 28573 -1
7 0 28574 48
48 0 28575 2
43 1 28576 -1
46 1 28577 -1
52 0 28578 10
10 0 28579 4
33 0 28580 28
3 0 28581 24
32 1 28582 -1
56 0 28583 8
29 1 28584 -1
46 0 28585 26
57 0 28586 8
7 1 28587 -1
56 0 28588 48
7 1 28589 -1
20 1 28590 -1
2 0 28591 22
0 0 28592 26
20 1 28593 -1
44 0 28594 26
12 1 28595 -1
38 0 28596 8
52 1 28597 -1
42 1 28598 -1
4 0 28599 40
52 1 28600 -1
25 0 28601 48
39 0 28602 2
1 1 28603 -1
13 1 28604 -1
36 1 28605 -1
54 0 28606 32
35 0 28607 14
35 1 28608 -1
25 1 28609 -1
59 1 28610 -1
52 0 28611 44
2 0 28612 38
7 0 28613 10
5 1 28614 -1
56 1 28615 -1
15 0 28616 22
45 1 28617 -1
9 0 28618 36
2 1 28619 -1
17 1 28620 -1
2 0 28621 26
9 0 28622 20
17 0 28623 44
35 1 28624 -1
57 0 28625 0
33 1 28626 -1
12 0 28627 48
24 1 28628 -1
8 0 28629 48
7 0 28630 8
15 1 28631 -1
23 1 28632 -1
20 1 28633 -1
56 0 28634 6
11 1 28635 -1
24 0 28636 40
50 1 28637 -1
48 1 28638 -1
5 1 28639 -1
22 0 28640 44
22 0 28641 36
26 0 28642 40
21 1 28643 -1
35 1 28644 -1
0 0 28645 28
24 0 28646 44
38 0 28647 18
34 0 28648 34
25 1 28649 -1
44 0 28650 46
49 1 28651 -1
35 0 28652 32
42 1 28653 -1
15 0 28654 4
13 1 28655 -1
50 1 28656 -1
58 1 28657 -1
2 0 28658 44
19 0 28659 44
13 1 28660 -1
1 1 28661 -1
32 0 28662 46
16 1 28663 -1
36 0 28664 10
49 0 28665 32
29 1 28666 -1
56 1 28667 -1
25 1 28668 -1
15 0 28669 44
29 0 28670 0
12 0 28671 46
50 0 28672 18
38 1 28673 -1
13 1 28674 -1
55 1 28675 -1
22 0 28676 6
0 1 28677 -1
47 1 28678 -1
59 0 28679 14
36 0 28680 48
0 0 28681 40
22 1 28682 -1
43 0 28683 14
10 1 28684 -1
25 1 28685 -1
33 0 28686 8
6 0 28687 34
16 0 28688 8
33 1 28689 -1
1 0 28690 14
49 1 28691 -1
31 1 28692 -1
42 1 28693 -1
27 0 28694 40
38 0 28695 4
26 1 28696 -1
52 1 28697 -1
36 1 28698 -1
37 0 28699 26
35 0 28700 32
45 1 28701 -1
8 1 28702 -1
35 0 28703 0
39 0 28704 42
44 1 28705 -1
15 0 28706 18
55 0 28707 32
49 1 28708 -1
33 1 28709 -1
31 0 28710 6
57 0 28711 48
35 1 28712 -1
0 1 28713 -1
6 0 28714 0
1 0 28715 4
32 0 28716 12
46 1 28717 -1
24 0 28718 16
36 1 28719 -1
39 1 28720 -1
11 0 28721 6
48 1 28722 -1
12 1 28723 -1
43 0 28724 22
10 0 28725 34
33 0 28726 30
35 1 28727 -1
59 1 28728 -1
57 1 28729 -1
45 0 28730 6
44 0 28731 14
56 1 28732 -1
51 1 28733 -1
8 0 28734 14
22 0 28735 20
10 1 28736 -1
7 1 28737 -1
17 0 28738 2
15 1 28739 -1
50 1 28740 -1
50 0 28741 26
7 0 28742 18
35 1 28743 -1
2 0 28744 38
45 1 28745 -1
30 0 28746 4
11 1 28747 -1
57 0 28748 48
48 1 28749 -1
0 1 28750 -1
22 1 28751 -1
51 1 28752 -1
22 0 28753 20
8 1 28754 -1
47 0 28755 38
39 0 28756 36
25 0 28757 32
56 0 28758 38
20 1 28759 -1
10 0 28760 6
10 1 28761 -1
56 0 28762 46
20 0 28763 0
53 1 28764 -1
9 0 28765 8
6 0 28766 14
52 1 28767 -1
2 1 28768 -1
36 0 28769 6
25 0 28770 44
23 0 28771 6
0 1 28772 -1
14 1 28773 -1
48 1 28774 -1
15 0 28775 40
11 1 28776 -1
24 0 28777 24
49 1 28778 -1
0 1 28779 -1
49 0 28780 28
51 0 28781 36
2 1 28782 -1
47 1 28783 -1
9 0 28784 18
24 0 28785 16
46 1 28786 -1
59 0 28787 48
50 1 28788 -1
54 1 28789 -1
39 0 28790 44
14 1 28791 -1
48 0 28792 6
17 0 28793 26
56 1 28794 -1
31 1 28795 -1
50 0 28796 42
53 0 28797 38
43 1 28798 -1
11 1 28799 -1
44 1 28800 -1
44 0 28801 16
45 0 28802 4
37 0 28803 28
38 0 28804 8
45 1 28805 -1
24 1 28806 -1
43 0 28807 22
2 1 28808 -1
23 0 28809 48
24 1 28810 -1
31 0 28811 46
29 0 28812 36
4 1 28813 -1
26 1 28814 -1
6 0 28815 32
49 1 28816 -1
36 0 28817 2
14 1 28818 -1
29 1 28819 -1
38 0 28820 26
9 0 28821 2
47 1 28822 -1
3 1 28823 -1
42 0 28824 22
11 0 28825 36
48 0 28826 36
22 1 28827 -1
8 0 28828 48
12 1 28829 -1
55 0 28830 18
55 1 28831 -1
19 1 28832 -1
4 1 28833 -1
1 0 28834 6
46 1 28835 -1
50 0 28836 14
8 1 28837 -1
44 1 28838 -1
57 1 28839 -1
21 0 28840 36
11 0 28841 4
57 0 28842 10
4 1 28843 -1
56 1 28844 -1
49 0 28845 30
50 0 28846 22
20 0 28847 46
46 1 28848 -1
13 0 28849 0
21 0 28850 38
53 1 28851 -1
36 0 28852 26
22 0 28853 32
5 0 28854 22
11 1 28855 -1
11 0 28856 14
57 1 28857 -1
48 1 28858 -1
59 1 28859 -1
51 1 28860 -1
52 1 28861 -1
9 1 28862 -1
26 0 28863 22
45 0 28864 38
37 0 28865 26
4 1 28866 -1
10 0 28867 10
24 0 28868 16
51 1 28869 -1
26 0 28870 22
18 1 28871 -1
50 0 28872 8
14 1 28873 -1
49 0 28874 30
0 1 28875 -1
16 0 28876 42
17 1 28877 -1
35 0 28878 40
5 1 28879 -1
27 1 28880 -1
24 1 28881 -1
41 0 28882 2
2 1 28883 -1
14 0 28884 22
52 1 28885 -1
47 0 28886 22
52 0 28887 42
48 0 28888 28
50 1 28889 -1
21 1 28890 -1
35 0 28891 2
23 0 28892 40
28 1 28893 -1
46 1 28894 -1
16 0 28895 40
26 1 28896 -1
13 0 28897 14
6 1 28898 -1
51 0 28899 48
23 0 28900 4
22 1 28901 -1
41 1 28902 -1
49 0 28903 0
17 0 28904 0
15 1 28905 -1
5 1 28906 -1
22 0 28907 46
0 0 28908 4
21 1 28909 -1
38 1 28910 -1
31 1 28911 -1
40 0 28912 8
18 0 28913 38
50 1 28914 -1
8 0 28915 16
43 1 28916 -1
33 0 28917 32
19 1 28918 -1
23 0 28919 38
46 0 28920 38
25 1 28921 -1
13 1 28922 -1
53 0 28923 14
13 1 28924 -1
47 1 28925 -1
54 0 28926 16
29 1 28927 -1
57 0 28928 16
45 1 28929 -1
8 0 28930 26
2 1 28931 -1
57 1 28932 -1
43 0 28933 20
16 1 28934 -1
45 0 28935 22
21 0 28936 0
49 1 28937 -1
50 0 28938 10
49 0 28939 4
54 0 28940 42
4 1 28941 -1
59 0 28942 2
31 0 28943 14
8 1 28944 -1
43 1 28945 -1
52 1 28946 -1
21 1 28947 -1
52 0 28948 44
18 1 28949 -1
29 0 28950 12
51 0 28951 42
14 0 28952 18
55 1 28953 -1
23 1 28954 -1
47 0 28955 2
21 1 28956 -1
22 0 28957 0
12 1 28958 -1
35 1 28959 -1
12 0 28960 16
55 1 28961 -1
51 1 28962 -1
27 0 28963 42
45 1 28964 -1
0 1 28965 -1
35 0 28966 22
41 1 28967 -1
0 0 28968 12
56 0 28969 42
24 0 28970 2
7 1 28971 -1
8 1 28972 -1
51 0 28973 26
52 1 28974 -1
36 1 28975 -1
29 0 28976 48
4 0 28977 44
45 1 28978 -1
38 0 28979 20
4 0 28980 36
21 0 28981 16
35 0 28982 36
5 1 28983 -1
33 1 28984 -1
32 1 28985 -1
47 0 28986 26
37 0 28987 30
48 0 28988 6
49 0 28989 32
26 1 28990 -1
39 1 28991 -1
55 0 28992 8
31 1 28993 -1
18 1 28994 -1
16 1 28995 -1
8 0 28996 26
37 0 28997 4
47 1 28998 -1
36 1 28999 -1
18 0 29000 18
16 1 29001 -1
42 1 29002 -1
3 1 29003 -1
13 0 29004 24
7 0 29005 6
55 0 29006 38
26 1 29007 -1
54 0 29008 36
57 0 29009 10
40 0 29010 14
16 1 29011 -1
45 1 29012 -1
14 0 29013 16
24 1 29014 -1
36 0 29015 26
23 0 29016 48
29 0 29017 8
14 1 29018 -1
19 1 29019 -1
45 0 29020 20
32 1 29021 -1
42 1 29022 -1
11 1 29023 -1
13 0 29024 6
8 0 29025 34
11 1 29026 -1
33 1 29027 -1
3 0 29028 32
51 0 29029 14
24 1 29030 -1
20 1 29031 -1
3 0 29032 42
4 0 29033 10
15 0 29034 8
53 1 29035 -1
41 1 29036 -1
16 0 29037 8
46 1 29038 -1
37 0 29039 44
27 1 29040 -1
46 1 29041 -1
43 0 29042 44
58 1 29043 -1
33 0 29044 8
18 1 29045 -1
13 0 29046 2
18 1 29047 -1
32 0 29048 2
29 1 29049 -1
36 0 29050 34
50 1 29051 -1
47 0 29052 0
53 1 29053 -1
31 0 29054 36
36 1 29055 -1
36 0 29056 4
34 1 29057 -1
38 0 29058 22
14 1 29059 -1
45 0 29060 22
32 1 29061 -1
52 0 29062 36
15 1 29063 -1
7 1 29064 -1
43 0 29065 48
47 1 29066 -1
29 0 29067 2
21 0 29068 8
43 0 29069 34
19 0 29070 14
58 0 29071 6
27 1 29072 -1
24 0 29073 40
41 1 29074 -1
7 0 29075 38
15 0 29076 18
19 1 29077 -1
50 1 29078 -1
55 1 29079 -1
1 1 29080 -1
24 1 29081 -1
9 0 29082 44
55 0 29083 16
4 0 29084 34
36 1 29085 -1
20 1 29086 -1
34 0 29087 24
32 0 29088 2
58 1 29089 -1
21 0 29090 22
5 1 29091 -1
54 0 29092 32
17 1 29093 -1
33 1 29094 -1
32 0 29095 16
10 0 29096 2
40 1 29097 -1
55 0 29098 2
34 1 29099 -1
40 1 29100 -1
12 1 29101 -1
26 0 29102 38
44 1 29103 -1
58 0 29104 18
58 0 29105 8
25 0 29106 26
20 1 29107 -1
21 0 29108 10
55 1 29109 -1
6 1 29110 -1
26 0 29111 8
25 1 29112 -1
42 1 29113 -1
45 0 29114 24
45 1 29115 -1
35 0 29116 34
21 0 29117 42
58 1 29118 -1
2 1 29119 -1
29 0 29120 24
17 0 29121 30
40 1 29122 -1
49 1 29123 -1
27 0 29124 48
9 0 29125 36
20 1 29126 -1
55 1 29127 -1
2 0 29128 20
54 1 29129 -1
13 0 29130 48
37 1 29131 -1
47 0 29132 18
37 1 29133 -1
38 1 29134 -1
17 0 29135 18
52 1 29136 -1
26 0 29137 0
0 0 29138 28
9 0 29139 10
51 1 29140 -1
25 1 29141 -1
39 0 29142 2
16 0 29143 36
46 1 29144 -1
50 0 29145 28
56 0 29146 12
40 0 29147 6
53 1 29148 -1
34 0 29149 14
37 1 29150 -1
27 1 29151 -1
14 0 29152 14
41 1 29153 -1
21 1 29154 -1
54 0 29155 6
47 1 29156 -1
10 1 29157 -1
14 1 29158 -1
56 0 29159 6
39 0 29160 34
19 0 29161 10
49 1 29162 -1
36 0 29163 0
38 1 29164 -1
42 1 29165 -1
9 1 29166 -1
49 0 29167 6
16 1 29168 -1
13 1 29169 -1
10 0 29170 12
37 0 29171 38
51 0 29172 40
42 1 29173 -1
26 1 29174 -1
2 1 29175 -1
53 0 29176 32
58 0 29177 36
32 1 29178 -1
40 0 29179 36
50 0 29180 32
13 1 29181 -1
18 0 29182 18
38 1 29183 -1
35 0 29184 38
53 0 29185 48
33 0 29186 28
28 0 29187 40
9 1 29188 -1
47 0 29189 12
8 1 29190 -1
21 0 29191 14
30 1 29192 -1
50 1 29193 -1
3 1 29194 -1
43 1 29195 -1
9 0 29196 18
30 0 29197 12
13 1 29198 -1
20 0 29199 44
11 1 29200 -1
7 1 29201 -1
42 1 29202 -1
50 1 29203 -1
31 1 29204 -1
40 1 29205 -1
1 0 29206 14
9 0 29207 0
43 0 29208 48
28 0 29209 26
19 1 29210 -1
46 1 29211 -1
27 0 29212 30
3 0 29213 2
15 1 29214 -1
3 1 29215 -1
55 0 29216 22
27 1 29217 -1
29 1 29218 -1
46 0 29219 44
38 0 29220 42
3 0 29221 46
19 1 29222 -1
46 0 29223 24
12 0 29224 14
17 1 29225 -1
48 0 29226 32
26 0 29227 42
38 1 29228 -1
0 0 29229 20
23 1 29230 -1
28 1 29231 -1
3 1 29232 -1
50 0 29233 2
0 1 29234 -1
6 0 29235 18
41 0 29236 18
15 1 29237 -1
8 0 29238 44
33 0 29239 14
24 0 29240 20
45 1 29241 -1
44 1 29242 -1
32 0 29243 6
56 1 29244 -1
4 0 29245 6
29 1 29246 -1
20 1 29247 -1
38 0 29248 26
34 1 29249 -1
25 1 29250 -1
12 0 29251 2
23 0 29252 26
45 0 29253 24
45 1 29254 -1
6 1 29255 -1
23 1 29256 -1
38 0 29257 0
52 0 29258 14
29 1 29259 -1
12 0 29260 2
40 0 29261 16
3 0 29262 44
27 0 29263 14
24 1 29264 -1
16 1 29265 -1
47 0 29266 8
54 1 29267 -1
54 0 29268 28
56 0 29269 28
51 1 29270 -1
26 1 29271 -1
40 0 29272 40
41 1 29273 -1
32 1 29274 -1
56 1 29275 -1
36 1 29276 -1
45 1 29277 -1
25 0 29278 12
17 0 29279 6
46 0 29280 26
7 1 29281 -1
38 1 29282 -1
52 0 29283 38
12 1 29284 -1
16 0 29285 24
15 0 29286 36
26 1 29287 -1
21 1 29288 -1
27 0 29289 48
31 0 29290 12
49 0 29291 22
32 1 29292 -1
44 0 29293 4
5 1 29294 -1
53 1 29295 -1
52 0 29296 6
19 1 29297 -1
53 1 29298 -1
20 0 29299 0
37 0 29300 8
13 0 29301 14
46 0 29302 46
21 1 29303 -1
44 0 29304 32
25 0 29305 12
6 1 29306 -1
1 1 29307 -1
37 0 29308 4
56 1 29309 -1
57 1 29310 -1
5 0 29311 44
55 0 29312 10
54 1 29313 -1
44 1 29314 -1
29 0 29315 38
33 1 29316 -1
39 0 29317 10
15 0 29318 16
56 1 29319 -1
49 1 29320 -1
56 0 29321 6
48 1 29322 -1
42 0 29323 18
27 1 29324 -1
56 0 29325 30
14 1 29326 -1
41 0 29327 40
11 0 29328 10
22 1 29329 -1
5 0 29330 42
24 1 29331 -1
56 0 29332 6
22 1 29333 -1
29 1 29334 -1
42 0 29335 32
53 1 29336 -1
37 1 29337 -1
21 0 29338 24
38 0 29339 26
28 0 29340 38
45 1 29341 -1
9 1 29342 -1
11 0 29343 42
32 1 29344 -1
28 0 29345 4
26 1 29346 -1
51 0 29347 44
35 0 29348 36
41 1 29349 -1
47 1 29350 -1
36 0 29351 10
13 1 29352 -1
58 1 29353 -1
20 1 29354 -1
58 0 29355 28
47 0 29356 16
5 1 29357 -1
22 0 29358 2
28 1 29359 -1
8 1 29360 -1
53 0 29361 2
35 0 29362 18
14 0 29363 22
1 1 29364 -1
50 0 29365 48
57 1 29366 -1
17 1 29367 -1
14 0 29368 6
17 0 29369 32
8 0 29370 6
43 1 29371 -1
57 1 29372 -1
25 0 29373 12
32 1 29374 -1
13 1 29375 -1
29 1 29376 -1
4 1 29377 -1
20 0 29378 36
1 0 29379 46
50 0 29380 46
33 0 29381 26
8 1 29382 -1
11 0 29383 12
53 0 29384 42
13 0 29385 24
7 1 29386 -1
48 1 29387 -1
37 0 29388 4
43 1 29389 -1
56 1 29390 -1
32 1 29391 -1
35 0 29392 26
39 1 29393 -1
52 0 29394 42
36 1 29395 -1
57 0 29396 2
29 1 29397 -1
7 0 29398 38
18 1 29399 -1
14 1 29400 -1
5 0 29401 48
7 0 29402 8
53 0 29403 22
32 0 29404 18
19 1 29405 -1
49 1 29406 -1
30 1 29407 -1
52 0 29408 24
1 1 29409 -1
0 0 29410 40
23 1 29411 -1
27 0 29412 0
54 1 29413 -1
0 1 29414 -1
42 1 29415 -1
48 0 29416 0
39 0 29417 24
19 0 29418 24
20 0 29419 8
34 1 29420 -1
30 1 29421 -1
32 0 29422 0
2 1 29423 -1
11 1 29424 -1
7 0 29425 28
50 0 29426 6
32 0 29427 42
2 1 29428 -1
20 1 29429 -1
26 1 29430 -1
9 0 29431 12
23 0 29432 8
55 1 29433 -1
48 0 29434 32
48 1 29435 -1
49 0 29436 12
35 0 29437 20
34 1 29438 -1
22 1 29439 -1
30 0 29440 18
24 1 29441 -1
4 0 29442 4
38 0 29443 26
13 0 29444 22
32 1 29445 -1
53 0 29446 20
11 1 29447 -1
26 1 29448 -1
30 0 29449 26
53 1 29450 -1
50 1 29451 -1
53 0 29452 8
13 0 29453 44
42 0 29454 4
8 1 29455 -1
29 1 29456 -1
17 1 29457 -1
26 0 29458 24
12 0 29459 2
29 1 29460 -1
29 1 29461 -1
26 0 29462 2
16 0 29463 6
35 0 29464 28
29 1 29465 -1
54 0 29466 6
16 1 29467 -1
11 1 29468 -1
42 0 29469 44
1 0 29470 24
41 1 29471 -1
16 0 29472 4
15 1 29473 -1
54 0 29474 10
56 1 29475 -1
13 0 29476 18
31 1 29477 -1
22 1 29478 -1
40 0 29479 12
26 0 29480 34
58 1 29481 -1
6 0 29482 20
32 0 29483 30
30 1 29484 -1
41 0 29485 38
19 1 29486 -1
6 1 29487 -1
37 1 29488 -1
11 0 29489 46
10 1 29490 -1
15 1 29491 -1
38 0 29492 6
44 0 29493 2
29 1 29494 -1
51 1 29495 -1
4 1 29496 -1
34 1 29497 -1
2 1 29498 -1
34 0 29499 16
12 0 29500 24
48 0 29501 8
29 0 29502 30
31 0 29503 18
33 1 29504 -1
6 0 29505 14
11 1 29506 -1
54 1 29507 -1
50 0 29508 2
25 1 29509 -1
16 0 29510 2
50 1 29511 -1
34 0 29512 30
16 1 29513 -1
51 0 29514 22
5 0 29515 2
24 1 29516 -1
18 0 29517 22
4 1 29518 -1
34 1 29519 -1
18 0 29520 40
26 0 29521 32
33 0 29522 18
40 1 29523 -1
8 1 29524 -1
43 1 29525 -1
56 1 29526 -1
24 0 29527 26
54 0 29528 34
28 0 29529 46
11 1 29530 -1
15 1 29531 -1
24 0 29532 34
0 1 29533 -1
39 1 29534 -1
47 0 29535 30
24 0 29536 26
41 1 29537 -1
43 0 29538 8
29 1 29539 -1
10 0 29540 10
5 1 29541 -1
36 1 29542 -1
30 0 29543 46
37 0 29544 10
22 1 29545 -1
51 1 29546 -1
2 0 29547 32
54 1 29548 -1
46 0 29549 42
41 0 29550 46
22 1 29551 -1
44 1 29552 -1
8 0 29553 34
51 0 29554 14
26 0 29555 28
53 1 29556 -1
56 1 29557 -1
4 0 29558 30
1 0 29559 8
8 0 29560 24
20 1 29561 -1
40 0 29562 48
16 1 29563 -1
35 1 29564 -1
15 1 29565 -1
10 0 29566 0
16 0 29567 32
17 0 29568 30
5 1 29569 -1
13 0 29570 24
43 1 29571 -1
22 0 29572 16
52 1 29573 -1
24 1 29574 -1
44 0 29575 32
40 1 29576 -1
8 0 29577 44
9 1 29578 -1
39 0 29579 4
28 1 29580 -1
39 1 29581 -1
38 1 29582 -1
47 0 29583 12
56 1 29584 -1
15 0 29585 12
49 0 29586 44
57 1 29587 -1
24 0 29588 20
42 0 29589 48
36 1 29590 -1
23 0 29591 6
43 1 29592 -1
44 0 29593 10
0 1 29594 -1
47 0 29595 30
19 1 29596 -1
11 0 29597 40
25 1 29598 -1
32 1 29599 -1
19 0 29600 32
11 1 29601 -1
5 0 29602 2
13 0 29603 36
31 1 29604 -1
16 0 29605 22
23 1 29606 -1
2 0 29607 48
24 1 29608 -1
42 1 29609 -1
20 0 29610 32
49 1 29611 -1
24 0 29612 48
18 1 29613 -1
25 0 29614 32
46 0 29615 44
21 1 29616 -1
4 1 29617 -1
22 0 29618 0
27 1 29619 -1
54 0 29620 8
34 0 29621 42
9 1 29622 -1
17 1 29623 -1
45 0 29624 20
4 0 29625 38
41 0 29626 42
44 1 29627 -1
33 1 29628 -1
46 0 29629 8
28 1 29630 -1
45 0 29631 42
27 1 29632 -1
2 0 29633 40
46 0 29634 8
26 1 29635 -1
14 0 29636 8
27 1 29637 -1
59 1 29638 -1
20 1 29639 -1
31 0 29640 4
52 0 29641 28
45 1 29642 -1
53 1 29643 -1
55 1 29644 -1
18 0 29645 40
29 1 29646 -1
41 0 29647 18
9 0 29648 10
6 0 29649 42
45 1 29650 -1
55 1 29651 -1
15 1 29652 -1
24 0 29653 48
57 1 29654 -1
19 0 29655 44
33 0 29656 34
25 0 29657 2
6 0 29658 36
16 1 29659 -1
28 0 29660 16
26 0 29661 42
56 1 29662 -1
44 1 29663 -1
31 1 29664 -1
36 0 29665 2
4 1 29666 -1
10 0 29667 36
50 1 29668 -1
51 1 29669 -1
58 0 29670 2
33 1 29671 -1
54 0 29672 48
41 1 29673 -1
1 1 29674 -1
34 1 29675 -1
6 1 29676 -1
59 0 29677 32
42 0 29678 24
5 0 29679 12
36 0 29680 10
22 1 29681 -1
14 0 29682 42
53 1 29683 -1
2 0 29684 10
10 0 29685 38
56 1 29686 -1
22 0 29687 30
11 0 29688 26
43 1 29689 -1
53 0 29690 38
47 1 29691 -1
18 0 29692 38
57 1 29693 -1
19 0 29694 36
19 0 29695 2
27 1 29696 -1
35 1 29697 -1
25 0 29698 32
58 1 29699 -1
51 1 29700 -1
41 1 29701 -1
35 0 29702 10
34 1 29703 -1
21 0 29704 42
26 1 29705 -1
28 0 29706 18
15 0 29707 2
58 0 29708 24
25 1 29709 -1
53 1 29710 -1
0 0 29711 48
16 1 29712 -1
15 1 29713 -1
44 0 29714 12
47 0 29715 30
39 1 29716 -1
38 0 29717 8
12 1 29718 -1
46 1 29719 -1
44 1 29720 -1
47 0 29721 30
58 1 29722 -1
54 0 29723 20
24 0 29724 6
51 0 29725 42
21 1 29726 -1
16 1 29727 -1
57 0 29728 6
39 0 29729 24
17 0 29730 36
22 1 29731 -1
39 1 29732 -1
17 1 29733 -1
55 0 29734 10
6 1 29735 -1
14 0 29736 18
2 0 29737 18
10 0 29738 32
29 0 29739 4
15 0 29740 44
54 1 29741 -1
0 1 29742 -1
46 1 29743 -1
4 1 29744 -1
52 0 29745 20
51 1 29746 -1
28 0 29747 44
29 1 29748 -1
55 1 29749 -1
11 0 29750 44
16 1 29751 -1
58 1 29752 -1
47 1 29753 -1
27 0 29754 6
59 1 29755 -1
18 1 29756 -1
42 0 29757 34
9 0 29758 24
47 0 29759 6
41 1 29760 -1
24 0 29761 30
39 0 29762 32
29 0 29763 46
44 1 29764 -1
0 0 29765 24
55 0 29766 10
50 0 29767 48
2 1 29768 -1
58 1 29769 -1
51 1 29770 -1
10 1 29771 -1
39 0 29772 20
4 0 29773 22
7 1 29774 -1
58 0 29775 26
53 0 29776 20
14 1 29777 -1
55 0 29778 28
56 1 29779 -1
31 1 29780 -1
35 0 29781 26
48 1 29782 -1
21 0 29783 34
17 1 29784 -1
2 1 29785 -1
2 0 29786 28
2 1 29787 -1
49 1 29788 -1
51 1 29789 -1
34 0 29790 36
10 0 29791 48
7 0 29792 16
32 1 29793 -1
26 0 29794 12
46 0 29795 10
42 1 29796 -1
42 0 29797 4
14 1 29798 -1
0 0 29799 14
38 1 29800 -1
12 0 29801 34
22 0 29802 12
54 1 29803 -1
14 0 29804 48
43 0 29805 30
30 1 29806 -1
59 0 29807 14
58 1 29808 -1
12 1 29809 -1
9 1 29810 -1
24 1 29811 -1
3 1 29812 -1
48 0 29813 12
1 0 29814 24
33 0 29815 38
0 1 29816 -1
43 0 29817 28
49 1 29818 -1
14 0 29819 46
12 0 29820 18
19 1 29821 -1
57 0 29822 36
49 1 29823 -1
52 1 29824 -1
13 0 29825 30
0 0 29826 4
5 1 29827 -1
50 1 29828 -1
13 1 29829 -1
8 1 29830 -1
15 0 29831 44
30 0 29832 38
58 0 29833 36
4 1 29834 -1
21 0 29835 32
38 1 29836 -1
21 0 29837 12
32 1 29838 -1
21 1 29839 -1
20 0 29840 0
25 0 29841 20
30 1 29842 -1
2 1 29843 -1
35 1 29844 -1
38 0 29845 0
16 0 29846 14
30 1 29847 -1
18 1 29848 -1
24 0 29849 30
34 0 29850 22
18 1 29851 -1
58 0 29852 26
30 1 29853 -1
43 0 29854 38
6 0 29855 16
20 1 29856 -1
51 1 29857 -1
57 1 29858 -1
0 0 29859 10
50 1 29860 -1
54 0 29861 2
5 1 29862 -1
44 0 29863 36
33 1 29864 -1
21 0 29865 10
26 0 29866 8
8 0 29867 6
36 1 29868 -1
29 0 29869 2
50 1 29870 -1
18 0 29871 44
5 1 29872 -1
45 1 29873 -1
32 1 29874 -1
23 1 29875 -1
45 0 29876 18
19 0 29877 16
49 1 29878 -1
49 0 29879 10
15 0 29880 46
57 0 29881 44
37 1 29882 -1
49 0 29883 2
58 1 29884 -1
29 0 29885 22
0 1 29886 -1
15 1 29887 -1
51 0 29888 2
14 1 29889 -1
6 0 29890 0
52 0 29891 24
37 1 29892 -1
26 1 29893 -1
10 1 29894 -1
13 0 29895 16
27 0 29896 2
44 1 29897 -1
49 0 29898 42
6 0 29899 40
48 0 29900 10
5 0 29901 32
18 1 29902 -1
0 1 29903 -1
53 1 29904 -1
22 0 29905 14
39 1 29906 -1
11 0 29907 2
18 1 29908 -1
2 1 29909 -1
10 0 29910 34
0 0 29911 14
40 1 29912 -1
22 1 29913 -1
15 1 29914 -1
40 0 29915 42
18 0 29916 4
49 1 29917 -1
35 0 29918 22
21 0 29919 42
24 1 29920 -1
48 1 29921 -1
21 0 29922 2
33 0 29923 0
27 0 29924 18
14 1 29925 -1
28 0 29926 24
39 0 29927 46
43 1 29928 -1
36 1 29929 -1
44 0 29930 48
31 1 29931 -1
30 1 29932 -1
23 0 29933 10
45 0 29934 30
39 1 29935 -1
38 0 29936 38
55 1 29937 -1
13 0 29938 0
30 1 29939 -1
24 1 29940 -1
37 1 29941 -1
46 1 29942 -1
30 0 29943 46
5 0 29944 40
49 0 29945 0
34 0 29946 6
58 1 29947 -1
18 0 29948 24
29 0 29949 24
57 1 29950 -1
32 0 29951 28
55 1 29952 -1
22 0 29953 4
29 1 29954 -1
31 1 29955 -1
17 1 29956 -1
0 1 29957 -1
17 0 29958 14
12 1 29959 -1
45 0 29960 18
42 0 29961 8
30 0 29962 28
15 1 29963 -1
47 1 29964 -1
5 0 29965 4
41 1 29966 -1
55 1 29967 -1
12 0 29968 14
37 1 29969 -1
3 0 29970 46
45 1 29971 -1
22 0 29972 0
46 1 29973 -1
43 0 29974 26
58 0 29975 0
57 1 29976 -1
51 0 29977 6
21 0 29978 38
10 1 29979 -1
55 0 29980 32
36 1 29981 -1
50 0 29982 48
38 1 29983 -1
56 0 29984 12
21 1 29985 -1
23 1 29986 -1
9 0 29987 34
28 1 29988 -1
34 0 29989 28
59 1 29990 -1
27 1 29991 -1
25 1 29992 -1
31 0 29993 32
43 0 29994 32
6 1 29995 -1
22 0 29996 22
29 0 29997 30
42 1 29998 -1
44 0 29999 44
21 1 30000 -1
49 0 30001 48
45 1 30002 -1
10 1 30003 -1
5 0 30004 2
46 1 30005 -1
8 1 30006 -1
52 0 30007 12
59 0 30008 24
11 1 30009 -1
14 0 30010 44
29 0 30011 20
42 0 30012 6
12 1 30013 -1
20 1 30014 -1
12 0 30015 32
32 1 30016 -1
13 1 30017 -1
37 0 30018 18
56 1 30019 -1
44 0 30020 0
15 0 30021 8
7 1 30022 -1
41 0 30023 18
58 0 30024 6
33 1 30025 -1
23 1 30026 -1
16 0 30027 16
26 1 30028 -1
3 1 30029 -1
19 1 30030 -1
3 0 30031 14
29 0 30032 16
27 1 30033 -1
5 0 30034 0
1 1 30035 -1
8 0 30036 2
25 0 30037 34
49 1 30038 -1
24 1 30039 -1
12 1 30040 -1
48 0 30041 16
42 0 30042 6
58 0 30043 20
56 1 30044 -1
38 1 30045 -1
52 1 30046 -1
51 0 30047 0
21 1 30048 -1
17 0 30049 12
54 0 30050 12
49 0 30051 20
27 1 30052 -1
39 0 30053 40
1 0 30054 44
28 1 30055 -1
37 1 30056 -1
34 1 30057 -1
2 1 30058 -1
2 0 30059 48
16 0 30060 40
10 1 30061 -1
35 1 30062 -1
59 1 30063 -1
12 0 30064 18
32 1 30065 -1
2 1 30066 -1
13 1 30067 -1
26 0 30068 16
56 0 30069 14
42 0 30070 8
2 0 30071 0
26 0 30072 8
53 1 30073 -1
51 0 30074 12
25 0 30075 34
59 1 30076 -1
34 1 30077 -1
42 0 30078 14
38 0 30079 14
30 1 30080 -1
29 0 30081 22
28 1 30082 -1
54 1 30083 -1
20 0 30084 38
47 1 30085 -1
43 0 30086 4
36 0 30087 32
22 1 30088 -1
27 1 30089 -1
20 1 30090 -1
32 0 30091 36
10 0 30092 36
0 1 30093 -1
54 0 30094 32
52 0 30095 16
58 1 30096 -1
32 0 30097 14
17 1 30098 -1
54 1 30099 -1
56 1 30100 -1
49 0 30101 20
25 0 30102 0
57 1 30103 -1
20 1 30104 -1
54 1 30105 -1
48 0 30106 14
55 0 30107 22
50 0 30108 30
18 1 30109 -1
1 1 30110 -1
13 0 30111 38
30 0 30112 12
55 0 30113 36
39 1 30114 -1
47 0 30115 32
46 0 30116 14
18 1 30117 -1
37 1 30118 -1
0 1 30119 -1
19 1 30120 -1
23 0 30121 16
17 1 30122 -1
52 0 30123 2
55 0 30124 10
0 0 30125 36
33 0 30126 6
13 1 30127 -1
49 1 30128 -1
39 1 30129 -1
19 0 30130 26
37 1 30131 -1
48 0 30132 14
7 0 30133 32
23 1 30134 -1
40 1 30135 -1
9 1 30136 -1
48 0 30137 38
41 0 30138 22
13 1 30139 -1
34 0 30140 0
17 0 30141 40
43 1 30142 -1
25 1 30143 -1
42 1 30144 -1
58 1 30145 -1
57 0 30146 8
27 0 30147 30
13 1 30148 -1
22 1 30149 -1
7 1 30150 -1
49 0 30151 20
2 0 30152 10
39 1 30153 -1
52 0 30154 6
13 0 30155 42
0 0 30156 28
8 1 30157 -1
15 1 30158 -1
19 1 30159 -1
16 0 30160 44
37 0 30161 4
0 1 30162 -1
40 0 30163 8
19 0 30164 0
53 0 30165 4
59 1 30166 -1
2 0 30167 46
59 1 30168 -1
40 1 30169 -1
21 0 30170 4
35 0 30171 46
57 1 30172 -1
34 0 30173 8
16 0 30174 32
45 1 30175 -1
24 0 30176 46
1 1 30177 -1
53 1 30178 -1
30 0 30179 34
52 1 30180 -1
8 0 30181 46
34 1 30182 -1
16 1 30183 -1
13 0 30184 2
15 0 30185 2
48 1 30186 -1
52 1 30187 -1
25 1 30188 -1
44 1 30189 -1
41 0 30190 24
39 0 30191 26
50 0 30192 30
52 0 30193 2
29 1 30194 -1
56 1 30195 -1
33 1 30196 -1
48 0 30197 14
39 1 30198 -1
32 0 30199 2
20 0 30200 24
41 0 30201 14
17 1 30202 -1
44 0 30203 4
46 1 30204 -1
23 1 30205 -1
22 0 30206 48
0 0 30207 30
17 1 30208 -1
11 0 30209 24
15 1 30210 -1
9 0 30211 26
11 0 30212 36
59 1 30213 -1
37 1 30214 -1
32 0 30215 4
43 0 30216 44
59 1 30217 -1
36 1 30218 -1
20 1 30219 -1
15 0 30220 36
22 0 30221 8
26 1 30222 -1
55 1 30223 -1
13 0 30224 14
22 1 30225 -1
2 0 30226 16
24 0 30227 28
33 1 30228 -1
9 1 30229 -1
55 0 30230 16
41 1 30231 -1
56 0 30232 40
10 0 30233 18
14 1 30234 -1
5 1 30235 -1
14 0 30236 40
50 1 30237 -1
40 0 30238 10
18 0 30239 12
24 1 30240 -1
54 1 30241 -1
59 1 30242 -1
37 1 30243 -1
11 0 30244 44
15 0 30245 44
38 0 30246 16
30 1 30247 -1
7 0 30248 6
30 0 30249 6
45 1 30250 -1
11 1 30251 -1
25 0 30252 48
45 1 30253 -1
19 1 30254 -1
20 0 30255 24
15 1 30256 -1
22 0 30257 22
59 0 30258 28
47 1 30259 -1
32 1 30260 -1
9 0 30261 14
39 0 30262 30
45 1 30263 -1
31 0 30264 4
10 1 30265 -1
1 1 30266 -1
56 0 30267 42
0 0 30268 30
0 1 30269 -1
34 1 30270 -1
50 0 30271 4
19 1 30272 -1
19 0 30273 38
10 1 30274 -1
33 0 30275 16
43 1 30276 -1
36 0 30277 38
22 0 30278 30
56 1 30279 -1
0 0 30280 2
22 1 30281 -1
56 0 30282 48
39 0 30283 26
38 1 30284 -1
6 1 30285 -1
2 0 30286 8
22 0 30287 20
27 1 30288 -1
27 0 30289 24
13 1 30290 -1
2 0 30291 38
50 1 30292 -1
27 0 30293 8
57 0 30294 32
39 1 30295 -1
14 1 30296 -1
1 0 30297 8
23 1 30298 -1
14 1 30299 -1
31 0 30300 10
47 0 30301 40
45 1 30302 -1
44 1 30303 -1
19 0 30304 40
30 0 30305 10
17 0 30306 8
6 0 30307 14
18 1 30308 -1
43 1 30309 -1
21 1 30310 -1
56 0 30311 30
25 0 30312 18
58 1 30313 -1
7 1 30314 -1
11 0 30315 18
39 1 30316 -1
47 0 30317 46
39 0 30318 10
5 1 30319 -1
53 1 30320 -1
20 1 30321 -1
15 0 30322 30
45 1 30323 -1
33 1 30324 -1
27 0 30325 36
34 1 30326 -1
16 0 30327 14
7 0 30328 8
46 0 30329 40
59 1 30330 -1
36 0 30331 48
16 1 30332 -1
39 0 30333 48
59 1 30334 -1
5 0 30335 36
58 1 30336 -1
46 0 30337 34
59 1 30338 -1
25 1 30339 -1
5 0 30340 40
2 1 30341 -1
30 1 30342 -1
27 0 30343 36
6 0 30344 20
8 1 30345 -1
22 0 30346 22
27 0 30347 40
26 0 30348 46
9 1 30349 -1
1 0 30350 20
6 0 30351 22
40 1 30352 -1
29 0 30353 48
53 1 30354 -1
28 0 30355 44
17 1 30356 -1
18 1 30357 -1
32 0 30358 20
10 1 30359 -1
31 1 30360 -1
30 0 30361 46
41 1 30362 -1
8 1 30363 -1
38 0 30364 38
22 0 30365 46
51 1 30366 -1
15 0 30367 10
47 1 30368 -1
7 1 30369 -1
43 0 30370 28
13 1 30371 -1
58 1 30372 -1
54 0 30373 34
16 1 30374 -1
52 0 30375 10
22 0 30376 12
37 0 30377 0
19 1 30378 -1
37 0 30379 2
31 0 30380 2
9 1 30381 -1
24 1 30382 -1
20 0 30383 40
18 1 30384 -1
43 0 30385 26
43 1 30386 -1
4 0 30387 14
52 1 30388 -1
18 0 30389 6
24 1 30390 -1
31 1 30391 -1
33 0 30392 4
18 0 30393 34
53 1 30394 -1
14 1 30395 -1
44 0 30396 2
39 1 30397 -1
30 1 30398 -1
18 0 30399 38
51 0 30400 48
1 0 30401 10
32 1 30402 -1
24 0 30403 42
17 1 30404 -1
18 0 30405 4
14 0 30406 8
7 1 30407 -1
45 1 30408 -1
13 0 30409 24
36 0 30410 48
52 1 30411 -1
0 0 30412 44
17 1 30413 -1
41 1 30414 -1
15 0 30415 26
9 1 30416 -1
32 1 30417 -1
41 0 30418 26
48 1 30419 -1
30 1 30420 -1
36 0 30421 14
16 0 30422 30
30 1 30423 -1
53 0 30424 18
10 0 30425 14
2 0 30426 20
19 1 30427 -1
37 1 30428 -1
5 0 30429 16
46 0 30430 4
27 1 30431 -1
21 1 30432 -1
51 1 30433 -1
25 0 30434 30
8 1 30435 -1
34 1 30436 -1
50 0 30437 38
43 0 30438 42
0 1 30439 -1
18 0 30440 42
21 1 30441 -1
39 1 30442 -1
31 0 30443 34
13 1 30444 -1
47 0 30445 22
5 0 30446 10
57 1 30447 -1
1 1 30448 -1
7 0 30449 0
50 0 30450 22
52 1 30451 -1
7 0 30452 18
48 1 30453 -1
20 0 30454 38
32 0 30455 6
51 1 30456 -1
34 1 30457 -1
40 0 30458 46
51 1 30459 -1
16 1 30460 -1
57 0 30461 26
27 1 30462 -1
19 0 30463 38
42 0 30464 2
40 1 30465 -1
0 0 30466 46
51 1 30467 -1
19 0 30468 24
5 0 30469 18
1 0 30470 40
31 1 30471 -1
48 1 30472 -1
22 1 30473 -1
37 1 30474 -1
31 0 30475 44
55 1 30476 -1
40 0 30477 6
21 0 30478 36
10 0 30479 28
13 0 30480 28
6 1 30481 -1
19 1 30482 -1
20 0 30483 42
5 1 30484 -1
4 0 30485 44
9 0 30486 6
4 1 30487 -1
14 0 30488 44
49 1 30489 -1
50 1 30490 -1
34 0 30491 32
43 1 30492 -1
29 0 30493 4
11 1 30494 -1
34 0 30495 4
48 0 30496 18
15 1 30497 -1
44 1 30498 -1
37 0 30499 34
51 0 30500 44
43 1 30501 -1
4 1 30502 -1
28 1 30503 -1
24 0 30504 10
59 1 30505 -1
2 0 30506 24
9 0 30507 32
45 1 30508 -1
45 1 30509 -1
56 1 30510 -1
32 0 30511 12
19 0 30512 32
30 1 30513 -1
8 0 30514 42
57 1 30515 -1
55 1 30516 -1
44 0 30517 14
40 0 30518 44
27 1 30519 -1
56 0 30520 24
37 1 30521 -1
4 0 30522 46
41 0 30523 12
8 1 30524 -1
43 1 30525 -1
24 0 30526 42
52 0 30527 42
43 0 30528 24
46 0 30529 4
5 1 30530 -1
29 0 30531 30
1 1 30532 -1
51 0 30533 42
19 1 30534 -1
55 1 30535 -1
29 0 30536 40
21 1 30537 -1
56 0 30538 34
1 1 30539 -1
59 0 30540 0
11 1 30541 -1
21 0 30542 48
33 1 30543 -1
27 1 30544 -1
24 0 30545 30
16 0 30546 30
0 0 30547 28
37 1 30548 -1
36 1 30549 -1
44 1 30550 -1
44 0 30551 0
13 1 30552 -1
2 1 30553 -1
34 0 30554 8
23 1 30555 -1
19 0 30556 18
54 1 30557 -1
15 0 30558 22
1 0 30559 20
9 1 30560 -1
29 0 30561 24
28 1 30562 -1
14 0 30563 4
35 1 30564 -1
50 1 30565 -1
43 1 30566 -1
59 0 30567 38
45 1 30568 -1
6 0 30569 46
19 1 30570 -1
35 1 30571 -1
31 0 30572 40
35 0 30573 8
22 0 30574 16
57 1 30575 -1
52 1 30576 -1
8 0 30577 46
32 1 30578 -1
8 0 30579 32
14 0 30580 40
43 1 30581 -1
35 0 30582 18
19 0 30583 10
43 1 30584 -1
17 1 30585 -1
16 0 30586 28
41 1 30587 -1
11 0 30588 14
40 1 30589 -1
45 0 30590 32
6 0 30591 36
23 1 30592 -1
53 0 30593 12
22 1 30594 -1
52 1 30595 -1
9 0 30596 12
17 0 30597 6
2 1 30598 -1
27 0 30599 24
18 1 30600 -1
21 1 30601 -1
0 1 30602 -1
9 0 30603 40
8 0 30604 28
22 1 30605 -1
45 0 30606 20
22 0 30607 24
42 1 30608 -1
4 1 30609 -1
35 1 30610 -1
6 0 30611 14
4 0 30612 6
32 0 30613 10
34 1 30614 -1
22 1 30615 -1
0 1 30616 -1
32 0 30617 4
16 1 30618 -1
13 0 30619 40
19 0 30620 20
57 0 30621 12
34 1 30622 -1
28 0 30623 2
16 0 30624 44
41 1 30625 -1
19 0 30626 34
28 1 30627 -1
28 1 30628 -1
5 0 30629 38
18 1 30630 -1
42 0 30631 0
52 0 30632 10
52 1 30633 -1
4 0 30634 2
45 1 30635 -1
52 1 30636 -1
31 1 30637 -1
11 0 30638 42
45 0 30639 30
43 0 30640 12
24 1 30641 -1
55 1 30642 -1
22 0 30643 36
30 0 30644 36
26 1 30645 -1
8 1 30646 -1
5 0 30647 4
58 1 30648 -1
57 0 30649 12
53 0 30650 12
23 0 30651 42
56 0 30652 30
49 1 30653 -1
52 1 30654 -1
16 0 30655 12
11 1 30656 -1
14 1 30657 -1
35 1 30658 -1
43 1 30659 -1
10 0 30660 0
10 1 30661 -1
57 0 30662 32
15 1 30663 -1
45 0 30664 40
31 0 30665 2
46 1 30666 -1
41 0 30667 14
42 0 30668 4
53 1 30669 -1
31 1 30670 -1
26 0 30671 34
45 1 30672 -1
28 0 30673 14
20 1 30674 -1
45 0 30675 48
39 1 30676 -1
21 0 30677 20
52 1 30678 -1
19 0 30679 42
33 0 30680 18
19 1 30681 -1
14 1 30682 -1
40 0 30683 48
14 1 30684 -1
51 0 30685 10
3 1 30686 -1
53 1 30687 -1
57 0 30688 32
14 0 30689 16
43 1 30690 -1
34 0 30691 8
43 0 30692 34
58 1 30693 -1
49 0 30694 28
47 1 30695 -1
34 1 30696 -1
9 1 30697 -1
34 0 30698 22
7 1 30699 -1
42 1 30700 -1
41 0 30701 20
22 0 30702 30
17 0 30703 46
2 0 30704 32
7 1 30705 -1
33 0 30706 20
0 1 30707 -1
6 1 30708 -1
59 1 30709 -1
29 1 30710 -1
54 0 30711 28
23 0 30712 42
53 1 30713 -1
11 0 30714 16
21 0 30715 10
39 1 30716 -1
0 1 30717 -1
57 1 30718 -1
41 1 30719 -1
36 0 30720 22
30 0 30721 2
54 0 30722 12
9 1 30723 -1
9 0 30724 18
59 0 30725 34
42 1 30726 -1
10 1 30727 -1
56 0 30728 36
32 1 30729 -1
29 0 30730 4
10 1 30731 -1
33 1 30732 -1
32 0 30733 40
45 0 30734 34
2 0 30735 32
17 1 30736 -1
52 1 30737 -1
10 0 30738 6
9 1 30739 -1
16 0 30740 10
0 0 30741 38
52 0 30742 10
59 0 30743 12
42 0 30744 28
13 1 30745 -1
54 1 30746 -1
21 1 30747 -1
50 1 30748 -1
52 0 30749 40
18 1 30750 -1
1 0 30751 0
34 1 30752 -1
29 1 30753 -1
49 1 30754 -1
45 0 30755 6
23 1 30756 -1
59 0 30757 38
5 0 30758 16
12 1 30759 -1
8 1 30760 -1
45 0 30761 26
31 0 30762 36
54 0 30763 34
50 1 30764 -1
38 1 30765 -1
8 0 30766 28
34 0 30767 20
44 1 30768 -1
25 1 30769 -1
48 1 30770 -1
45 0 30771 18
8 0 30772 14
45 0 30773 8
27 0 30774 32
46 0 30775 46
6 1 30776 -1
59 1 30777 -1
1 1 30778 -1
14 1 30779 -1
5 0 30780 6
46 1 30781 -1
49 1 30782 -1
18 0 30783 40
58 0 30784 42
12 1 30785 -1
12 1 30786 -1
0 0 30787 48
17 0 30788 48
41 0 30789 42
32 1 30790 -1
35 0 30791 38
51 1 30792 -1
47 0 30793 10
14 1 30794 -1
34 1 30795 -1
12 0 30796 0
56 1 30797 -1
9 1 30798 -1
29 1 30799 -1
5 0 30800 32
54 0 30801 26
38 1 30802 -1
14 0 30803 16
33 0 30804 20
52 1 30805 -1
50 0 30806 40
38 1 30807 -1
38 0 30808 26
38 0 30809 12
37 0 30810 28
18 1 30811 -1
50 0 30812 40
2 1 30813 -1
51 1 30814 -1
12 0 30815 16
45 1 30816 -1
3 1 30817 -1
17 1 30818 -1
35 0 30819 16
13 0 30820 22
51 1 30821 -1
2 0 30822 16
52 0 30823 16
18 1 30824 -1
35 1 30825 -1
53 0 30826 48
59 0 30827 38
27 1 30828 -1
26 1 30829 -1
17 0 30830 26
19 1 30831 -1
34 0 30832 40
9 1 30833 -1
57 0 30834 22
0 1 30835 -1
24 0 30836 24
41 1 30837 -1
46 1 30838 -1
30 0 30839 14
7 0 30840 46
3 0 30841 18
38 0 30842 46
41 0 30843 40
45 0 30844 22
22 1 30845 -1
22 1 30846 -1
37 0 30847 26
15 1 30848 -1
10 1 30849 -1
24 1 30850 -1
19 0 30851 44
56 1 30852 -1
0 1 30853 -1
46 1 30854 -1
12 0 30855 46
35 0 30856 30
23 1 30857 -1
45 0 30858 34
2 1 30859 -1
2 0 30860 38
54 0 30861 14
20 1 30862 -1
46 1 30863 -1
4 1 30864 -1
4 0 30865 36
23 0 30866 10
55 0 30867 28
17 1 30868 -1
23 0 30869 46
45 0 30870 42
7 1 30871 -1
51 1 30872 -1
41 0 30873 14
58 1 30874 -1
27 0 30875 48
27 1 30876 -1
34 0 30877 46
21 1 30878 -1
24 1 30879 -1
29 1 30880 -1
54 0 30881 10
52 0 30882 12
37 1 30883 -1
1 0 30884 32
18 0 30885 26
52 1 30886 -1
53 0 30887 36
44 1 30888 -1
45 1 30889 -1
51 0 30890 20
41 1 30891 -1
53 0 30892 18
16 1 30893 -1
21 1 30894 -1
53 0 30895 38
20 0 30896 42
46 1 30897 -1
9 0 30898 6
9 0 30899 26
11 1 30900 -1
31 1 30901 -1
2 0 30902 46
46 1 30903 -1
43 0 30904 30
17 0 30905 30
38 1 30906 -1
55 0 30907 2
57 1 30908 -1
6 0 30909 46
41 1 30910 -1
58 1 30911 -1
49 0 30912 36
18 0 30913 30
59 1 30914 -1
34 1 30915 -1
19 1 30916 -1
27 0 30917 2
11 0 30918 0
48 1 30919 -1
15 1 30920 -1
59 0 30921 26
37 0 30922 26
23 0 30923 26
28 0 30924 30
46 0 30925 38
50 0 30926 48
22 0 30927 12
5 1 30928 -1
21 1 30929 -1
19 1 30930 -1
23 0 30931 42
15 1 30932 -1
22 1 30933 -1
36 1 30934 -1
29 0 30935 14
54 0 30936 22
27 1 30937 -1
36 1 30938 -1
2 1 30939 -1
17 0 30940 38
5 1 30941 -1
10 0 30942 16
30 0 30943 46
20 1 30944 -1
16 1 30945 -1
13 0 30946 28
48 1 30947 -1
2 0 30948 22
16 0 30949 18
32 0 30950 46
23 1 30951 -1
53 0 30952 6
40 1 30953 -1
13 0 30954 40
8 1 30955 -1
51 1 30956 -1
18 0 30957 46
11 1 30958 -1
12 1 30959 -1
34 0 30960 16
46 0 30961 46
19 1 30962 -1
12 1 30963 -1
45 0 30964 34
10 1 30965 -1
49 1 30966 -1
15 0 30967 44
31 1 30968 -1
27 0 30969 32
30 0 30970 32
50 1 30971 -1
44 0 30972 24
26 1 30973 -1
21 0 30974 10
29 1 30975 -1
24 1 30976 -1
56 0 30977 38
17 1 30978 -1
26 0 30979 44
37 0 30980 36
31 1 30981 -1
32 0 30982 6
39 1 30983 -1
11 0 30984 24
39 0 30985 6
14 0 30986 44
3 1 30987 -1
31 1 30988 -1
50 1 30989 -1
48 0 30990 8
29 0 30991 26
38 0 30992 36
49 1 30993 -1
22 1 30994 -1
3 1 30995 -1
25 0 30996 22
5 1 30997 -1
50 1 30998 -1
24 0 30999 18
2 0 31000 30
57 0 31001 42
21 0 31002 32
26 1 31003 -1
2 1 31004 -1
9 0 31005 10
9 0 31006 36
27 1 31007 -1
17 1 31008 -1
29 1 31009 -1
57 0 31010 4
20 1 31011 -1
58 0 31012 28
39 0 31013 4
17 1 31014 -1
27 0 31015 42
49 0 31016 18
35 1 31017 -1
48 1 31018 -1
31 0 31019 44
59 1 31020 -1
2 1 31021 -1
52 0 31022 6
49 0 31023 4
25 1 31024 -1
54 1 31025 -1
32 0 31026 34
27 0 31027 18
48 1 31028 -1
17 0 31029 44
24 1 31030 -1
2 0 31031 48
22 1 31032 -1
36 0 31033 2
48 1 31034 -1
2 0 31035 22
0 1 31036 -1
46 1 31037 -1
4 0 31038 20
41 0 31039 4
47 1 31040 -1
16 1 31041 -1
39 0 31042 40
3 0 31043 16
52 0 31044 18
42 1 31045 -1
18 0 31046 20
13 1 31047 -1
58 1 31048 -1
40 0 31049 40
12 1 31050 -1
6 0 31051 6
31 0 31052 2
6 0 31053 14
16 1 31054 -1
19 1 31055 -1
16 1 31056 -1
36 0 31057 12
24 1 31058 -1
0 1 31059 -1
12 0 31060 22
26 0 31061 22
43 1 31062 -1
29 0 31063 26
6 1 31064 -1
10 1 31065 -1
37 0 31066 48
59 1 31067 -1
13 0 31068 0
30 1 31069 -1
57 0 31070 2
39 0 31071 2
57 1 31072 -1
50 0 31073 4
20 1 31074 -1
26 0 31075 36
3 1 31076 -1
24 0 31077 48
58 0 31078 38
11 1 31079 -1
53 1 31080 -1
25 0 31081 8
38 1 31082 -1
4 1 31083 -1
39 1 31084 -1
28 0 31085 38
59 0 31086 26
3 0 31087 40
56 0 31088 24
41 1 31089 -1
51 0 31090 16
36 1 31091 -1
35 0 31092 16
58 1 31093 -1
6 1 31094 -1
33 1 31095 -1
33 0 31096 12
18 0 31097 26
32 1 31098 -1
22 1 31099 -1
0 1 31100 -1
11 0 31101 6
28 0 31102 14
7 0 31103 40
11 1 31104 -1
29 1 31105 -1
58 0 31106 8
53 1 31107 -1
44 0 31108 36
31 0 31109 20
49 1 31110 -1
55 1 31111 -1
11 0 31112 44
34 1 31113 -1
21 1 31114 -1
22 0 31115 34
29 1 31116 -1
42 0 31117 14
8 0 31118 14
11 1 31119 -1
42 0 31120 48
0 1 31121 -1
29 0 31122 36
54 1 31123 -1
36 0 31124 22
15 0 31125 8
36 1 31126 -1
0 0 31127 24
36 0 31128 34
23 1 31129 -1
37 1 31130 -1
41 1 31131 -1
23 0 31132 44
20 1 31133 -1
57 1 31134 -1
4 0 31135 10
49 1 31136 -1
7 0 31137 30
29 0 31138 30
58 1 31139 -1
27 0 31140 18
43 1 31141 -1
20 0 31142 16
6 1 31143 -1
6 1 31144 -1
6 1 31145 -1
56 0 31146 48
28 0 31147 40
47 0 31148 10
50 0 31149 30
51 1 31150 -1
36 1 31151 -1
39 0 31152 6
40 1 31153 -1
56 1 31154 -1
15 1 31155 -1
39 0 31156 8
3 0 31157 48
49 0 31158 40
36 0 31159 14
48 0 31160 28
19 1 31161 -1
25 1 31162 -1
29 0 31163 6
59 1 31164 -1
50 0 31165 8
35 1 31166 -1
20 0 31167 38
1 1 31168 -1
52 0 31169 12
13 1 31170 -1
24 1 31171 -1
27 1 31172 -1
29 0 31173 20
24 0 31174 32
48 0 31175 42
6 0 31176 0
29 1 31177 -1
16 1 31178 -1
29 0 31179 24
45 0 31180 0
45 1 31181 -1
26 1 31182 -1
6 0 31183 4
24 1 31184 -1
46 0 31185 4
22 1 31186 -1
58 1 31187 -1
15 0 31188 38
16 0 31189 32
55 1 31190 -1
46 1 31191 -1
26 0 31192 16
27 0 31193 44
53 0 31194 46
14 0 31195 14
27 1 31196 -1
25 1 31197 -1
35 0 31198 6
10 1 31199 -1
13 1 31200 -1
32 0 31201 38
57 0 31202 10
28 1 31203 -1
18 1 31204 -1
22 0 31205 26
11 1 31206 -1
1 1 31207 -1
14 0 31208 24
33 1 31209 -1
37 1 31210 -1
28 0 31211 34
45 0 31212 36
24 0 31213 12
38 1 31214 -1
34 1 31215 -1
6 0 31216 4
5 0 31217 4
5 1 31218 -1
42 0 31219 22
0 1 31220 -1
55 1 31221 -1
3 0 31222 16
51 0 31223 2
27 1 31224 -1
0 0 31225 22
20 0 31226 36
8 1 31227 -1
11 0 31228 6
45 1 31229 -1
1 0 31230 26
59 1 31231 -1
16 1 31232 -1
37 0 31233 2
4 1 31234 -1
55 1 31235 -1
8 1 31236 -1
57 1 31237 -1
37 0 31238 42
43 0 31239 26
34 0 31240 34
22 1 31241 -1
11 1 31242 -1
21 0 31243 42
38 1 31244 -1
33 0 31245 44
32 1 31246 -1
34 0 31247 20
11 0 31248 10
58 0 31249 6
4 0 31250 12
13 1 31251 -1
5 0 31252 38
43 1 31253 -1
37 1 31254 -1
5 0 31255 36
54 1 31256 -1
46 1 31257 -1
17 0 31258 34
2 0 31259 38
37 0 31260 0
25 1 31261 -1
24 1 31262 -1
36 1 31263 -1
22 0 31264 32
23 1 31265 -1
12 1 31266 -1
57 0 31267 40
27 0 31268 38
33 1 31269 -1
46 0 31270 22
11 1 31271 -1
21 0 31272 22
38 0 31273 12
29 1 31274 -1
58 1 31275 -1
38 0 31276 12
36 0 31277 18
1 1 31278 -1
52 0 31279 22
5 1 31280 -1
41 1 31281 -1
37 0 31282 0
34 1 31283 -1
5 0 31284 36
33 1 31285 -1
57 0 31286 2
57 0 31287 0
21 1 31288 -1
55 0 31289 0
38 1 31290 -1
53 1 31291 -1
37 0 31292 38
43 0 31293 22
12 1 31294 -1
17 0 31295 12
28 1 31296 -1
51 1 31297 -1
55 1 31298 -1
32 1 31299 -1
37 0 31300 24
50 0 31301 18
53 0 31302 48
49 1 31303 -1
29 0 31304 20
24 0 31305 14
23 0 31306 42
59 0 31307 46
8 1 31308 -1
12 1 31309 -1
10 1 31310 -1
48 0 31311 38
48 1 31312 -1
29 1 31313 -1
20 1 31314 -1
32 0 31315 0
34 0 31316 12
19 0 31317 26
42 1 31318 -1
0 0 31319 16
50 1 31320 -1
13 0 31321 28
56 0 31322 32
45 1 31323 -1
17 1 31324 -1
27 1 31325 -1
22 0 31326 4
12 0 31327 28
54 0 31328 8
23 1 31329 -1
13 1 31330 -1
44 1 31331 -1
48 0 31332 12
23 0 31333 12
23 1 31334 -1
32 0 31335 18
47 1 31336 -1
57 1 31337 -1
22 0 31338 0
12 1 31339 -1
59 0 31340 8
39 0 31341 14
39 1 31342 -1
16 1 31343 -1
2 0 31344 12
45 1 31345 -1
53 0 31346 38
52 0 31347 32
17 0 31348 22
19 1 31349 -1
22 1 31350 -1
56 0 31351 2
22 0 31352 8
53 1 31353 -1
43 0 31354 28
27 0 31355 42
11 1 31356 -1
12 1 31357 -1
24 1 31358 -1
21 1 31359 -1
56 0 31360 2
28 0 31361 6
44 0 31362 32
35 1 31363 -1
56 0 31364 16
37 0 31365 16
28 1 31366 -1
45 1 31367 -1
13 1 31368 -1
52 1 31369 -1
29 0 31370 48
2 1 31371 -1
21 1 31372 -1
55 0 31373 32
23 0 31374 14
55 0 31375 42
2 1 31376 -1
53 1 31377 -1
23 0 31378 10
3 1 31379 -1
2 0 31380 44
5 1 31381 -1
23 0 31382 24
17 0 31383 10
51 1 31384 -1
51 0 31385 18
35 1 31386 -1
44 1 31387 -1
41 1 31388 -1
44 0 31389 12
11 0 31390 18
58 1 31391 -1
3 0 31392 18
15 1 31393 -1
20 0 31394 46
2 0 31395 6
40 1 31396 -1
8 1 31397 -1
38 1 31398 -1
13 0 31399 30
1 0 31400 2
25 1 31401 -1
52 1 31402 -1
53 0 31403 48
50 0 31404 34
7 1 31405 -1
7 1 31406 -1
21 0 31407 40
58 0 31408 28
54 0 31409 28
55 1 31410 -1
21 0 31411 30
14 1 31412 -1
21 1 31413 -1
49 1 31414 -1
23 0 31415 24
42 0 31416 26
55 0 31417 38
51 1 31418 -1
49 1 31419 -1
53 0 31420 34
59 0 31421 10
48 1 31422 -1
6 1 31423 -1
25 0 31424 36
51 1 31425 -1
15 0 31426 32
10 0 31427 38
19 0 31428 22
5 1 31429 -1
18 1 31430 -1
54 1 31431 -1
57 0 31432 38
7 1 31433 -1
6 0 31434 26
28 1 31435 -1
39 0 31436 14
20 1 31437 -1
21 0 31438 2
13 0 31439 44
39 1 31440 -1
24 1 31441 -1
6 0 31442 0
20 0 31443 22
51 0 31444 44
58 1 31445 -1
2 1 31446 -1
56 1 31447 -1
18 1 31448 -1
45 0 31449 2
51 0 31450 10
26 1 31451 -1
31 1 31452 -1
46 0 31453 6
26 0 31454 2
51 0 31455 0
14 1 31456 -1
21 0 31457 6
57 1 31458 -1
52 0 31459 12
7 0 31460 40
49 1 31461 -1
12 1 31462 -1
25 0 31463 26
46 1 31464 -1
30 0 31465 4
48 1 31466 -1
7 0 31467 22
22 1 31468 -1
24 1 31469 -1
34 0 31470 26
1 0 31471 38
52 0 31472 28
43 0 31473 32
24 1 31474 -1
50 1 31475 -1
54 1 31476 -1
14 1 31477 -1
12 1 31478 -1
21 0 31479 16
15 1 31480 -1
51 0 31481 12
18 1 31482 -1
55 0 31483 32
40 0 31484 4
40 0 31485 44
27 1 31486 -1
38 1 31487 -1
8 0 31488 42
33 1 31489 -1
50 0 31490 30
16 1 31491 -1
3 1 31492 -1
43 0 31493 34
58 1 31494 -1
34 0 31495 38
16 0 31496 36
2 0 31497 14
14 1 31498 -1
52 0 31499 38
41 0 31500 36
59 0 31501 40
51 1 31502 -1
3 1 31503 -1
49 0 31504 6
21 1 31505 -1
52 1 31506 -1
41 0 31507 46
13 0 31508 22
51 1 31509 -1
21 0 31510 36
39 0 31511 14
21 1 31512 -1
59 1 31513 -1
7 1 31514 -1
44 1 31515 -1
53 0 31516 4
21 0 31517 4
15 1 31518 -1
20 1 31519 -1
34 1 31520 -1
34 0 31521 40
24 1 31522 -1
15 0 31523 44
13 0 31524 46
35 0 31525 46
4 1 31526 -1
59 1 31527 -1
29 1 31528 -1
14 0 31529 24
14 1 31530 -1
59 1 31531 -1
8 0 31532 8
56 1 31533 -1
41 0 31534 26
0 0 31535 8
52 1 31536 -1
20 0 31537 34
4 0 31538 48
42 1 31539 -1
11 0 31540 18
25 1 31541 -1
25 1 31542 -1
54 1 31543 -1
58 1 31544 -1
11 0 31545 34
55 0 31546 22
27 0 31547 4
57 1 31548 -1
22 1 31549 -1
22 0 31550 26
58 0 31551 30
12 0 31552 26
47 1 31553 -1
39 1 31554 -1
19 0 31555 40
57 1 31556 -1
33 0 31557 34
57 0 31558 10
6 0 31559 44
57 0 31560 46
38 1 31561 -1
54 0 31562 42
7 1 31563 -1
29 0 31564 16
4 1 31565 -1
34 1 31566 -1
3 0 31567 6
31 1 31568 -1
15 0 31569 18
33 0 31570 28
14 1 31571 -1
31 0 31572 30
27 1 31573 -1
20 1 31574 -1
28 0 31575 34
2 1 31576 -1
19 0 31577 26
51 0 31578 30
19 1 31579 -1
49 1 31580 -1
31 0 31581 42
7 1 31582 -1
59 1 31583 -1
7 0 31584 18
41 0 31585 16
55 1 31586 -1
7 1 31587 -1
8 0 31588 12
48 1 31589 -1
4 1 31590 -1
53 0 31591 18
8 1 31592 -1
39 1 31593 -1
2 0 31594 44
24 0 31595 30
58 1 31596 -1
19 0 31597 48
47 0 31598 42
13 1 31599 -1
5 0 31600 18
41 0 31601 16
33 1 31602 -1
6 0 31603 38
7 0 31604 46
13 1 31605 -1
6 1 31606 -1
44 0 31607 28
49 1 31608 -1
1 1 31609 -1
54 0 31610 0
56 1 31611 -1
6 0 31612 24
56 0 31613 2
1 1 31614 -1
57 1 31615 -1
22 0 31616 38
54 0 31617 36
2 1 31618 -1
12 0 31619 44
28 1 31620 -1
12 0 31621 26
22 0 31622 26
44 1 31623 -1
53 1 31624 -1
10 1 31625 -1
59 0 31626 36
58 1 31627 -1
46 0 31628 36
31 0 31629 42
49 0 31630 44
19 1 31631 -1
18 0 31632 20
47 1 31633 -1
45 0 31634 42
4 1 31635 -1
17 1 31636 -1
43 0 31637 14
38 0 31638 0
10 0 31639 18
12 1 31640 -1
40 1 31641 -1
59 1 31642 -1
38 0 31643 18
22 0 31644 34
53 0 31645 40
1 1 31646 -1
45 1 31647 -1
5 1 31648 -1
42 0 31649 26
52 0 31650 46
45 1 31651 -1
10 1 31652 -1
49 0 31653 10
15 0 31654 18
38 0 31655 4
4 1 31656 -1
42 1 31657 -1
25 1 31658 -1
19 1 31659 -1
42 1 31660 -1
52 0 31661 10
52 0 31662 28
10 1 31663 -1
58 0 31664 30
12 1 31665 -1
59 0 31666 28
17 0 31667 40
36 1 31668 -1
35 1 31669 -1
35 1 31670 -1
0 0 31671 14
48 0 31672 4
17 0 31673 12
27 0 31674 18
20 0 31675 32
10 1 31676 -1
43 1 31677 -1
5 1 31678 -1
40 1 31679 -1
8 0 31680 28
7 0 31681 0
52 1 31682 -1
44 0 31683 14
20 0 31684 34
33 1 31685 -1
25 1 31686 -1
46 0 31687 22
46 1 31688 -1
8 1 31689 -1
4 1 31690 -1
58 0 31691 16
18 0 31692 38
57 1 31693 -1
55 0 31694 46
57 0 31695 24
28 0 31696 10
50 1 31697 -1
6 1 31698 -1
48 0 31699 46
6 1 31700 -1
32 1 31701 -1
15 1 31702 -1
21 0 31703 12
2 0 31704 20
52 1 31705 -1
17 1 31706 -1
23 0 31707 10
35 0 31708 48
16 0 31709 42
47 0 31710 8
2 1 31711 -1
5 0 31712 0
52 1 31713 -1
32 1 31714 -1
15 1 31715 -1
24 0 31716 30
58 0 31717 2
21 1 31718 -1
42 0 31719 16
26 1 31720 -1
6 0 31721 26
2 1 31722 -1
1 1 31723 -1
24 0 31724 4
52 1 31725 -1
23 0 31726 22
45 1 31727 -1
35 0 31728 38
20 1 31729 -1
21 0 31730 20
52 0 31731 2
28 1 31732 -1
8 0 31733 16
58 1 31734 -1
0 0 31735 34
37 1 31736 -1
50 1 31737 -1
15 0 31738 16
27 1 31739 -1
28 0 31740 42
2 1 31741 -1
58 1 31742 -1
57 0 31743 34
26 0 31744 22
35 1 31745 -1
27 0 31746 42
20 1 31747 -1
4 0 31748 38
50 1 31749 -1
48 0 31750 22
28 0 31751 40
24 1 31752 -1
43 1 31753 -1
33 0 31754 48
19 0 31755 10
17 1 31756 -1
40 0 31757 26
53 1 31758 -1
20 0 31759 30
52 1 31760 -1
39 0 31761 16
55 1 31762 -1
50 1 31763 -1
6 0 31764 48
40 0 31765 28
59 1 31766 -1
32 0 31767 42
31 1 31768 -1
36 1 31769 -1
31 0 31770 30
50 1 31771 -1
14 1 31772 -1
46 0 31773 46
36 0 31774 28
49 0 31775 30
54 1 31776 -1
37 0 31777 44
1 1 31778 -1
4 1 31779 -1
24 0 31780 48
27 1 31781 -1
46 0 31782 28
35 1 31783 -1
29 1 31784 -1
19 0 31785 40
34 0 31786 22
5 0 31787 12
55 0 31788 34
28 1 31789 -1
56 1 31790 -1
9 1 31791 -1
2 1 31792 -1
29 1 31793 -1
51 0 31794 30
19 1 31795 -1
37 1 31796 -1
30 1 31797 -1
38 0 31798 14
40 1 31799 -1
55 0 31800 28
14 0 31801 16
36 0 31802 6
17 0 31803 38
20 0 31804 46
11 1 31805 -1
8 1 31806 -1
40 0 31807 8
41 1 31808 -1
3 1 31809 -1
50 0 31810 48
10 0 31811 28
46 0 31812 40
55 0 31813 46
45 0 31814 0
24 1 31815 -1
21 0 31816 18
59 1 31817 -1
42 0 31818 16
50 1 31819 -1
18 0 31820 46
9 0 31821 10
39 1 31822 -1
54 1 31823 -1
54 1 31824 -1
46 1 31825 -1
58 1 31826 -1
45 0 31827 12
59 0 31828 44
47 0 31829 22
43 0 31830 28
24 1 31831 -1
36 1 31832 -1
12 0 31833 42
36 1 31834 -1
33 1 31835 -1
38 1 31836 -1
14 0 31837 36
0 0 31838 34
15 0 31839 22
27 1 31840 -1
57 1 31841 -1
13 0 31842 6
39 0 31843 44
27 0 31844 26
19 1 31845 -1
51 0 31846 16
57 1 31847 -1
51 1 31848 -1
44 1 31849 -1
28 0 31850 24
19 1 31851 -1
32 0 31852 28
42 0 31853 30
46 1 31854 -1
54 0 31855 38
29 1 31856 -1
16 0 31857 22
4 1 31858 -1
7 0 31859 12
59 0 31860 46
13 1 31861 -1
3 0 31862 14
50 1 31863 -1
4 1 31864 -1
25 1 31865 -1
15 0 31866 46
27 0 31867 22
21 0 31868 28
31 1 31869 -1
11 0 31870 4
36 0 31871 44
11 1 31872 -1
22 1 31873 -1
18 0 31874 4
43 0 31875 24
40 1 31876 -1
56 1 31877 -1
47 1 31878 -1
28 1 31879 -1
28 1 31880 -1
37 0 31881 18
23 1 31882 -1
12 1 31883 -1
43 0 31884 30
2 0 31885 38
0 0 31886 20
44 1 31887 -1
46 0 31888 6
49 0 31889 0
27 1 31890 -1
1 1 31891 -1
1 0 31892 22
50 0 31893 10
10 0 31894 38
9 1 31895 -1
17 1 31896 -1
13 1 31897 -1
57 0 31898 6
28 0 31899 42
32 1 31900 -1
55 1 31901 -1
20 1 31902 -1
51 0 31903 14
7 1 31904 -1
31 0 31905 36
29 0 31906 22
49 0 31907 0
40 1 31908 -1
43 1 31909 -1
25 1 31910 -1
40 0 31911 4
41 1 31912 -1
49 0 31913 18
48 0 31914 40
38 1 31915 -1
20 0 31916 10
7 1 31917 -1
15 1 31918 -1
33 0 31919 44
46 0 31920 16
32 0 31921 44
4 0 31922 44
48 0 31923 0
7 1 31924 -1
33 1 31925 -1
28 1 31926 -1
41 0 31927 34
52 0 31928 40
18 1 31929 -1
29 1 31930 -1
28 0 31931 16
18 1 31932 -1
32 1 31933 -1
55 1 31934 -1
21 0 31935 18
53 1 31936 -1
58 0 31937 8
36 1 31938 -1
24 1 31939 -1
49 0 31940 40
22 1 31941 -1
28 0 31942 46
17 0 31943 48
18 0 31944 8
28 1 31945 -1
8 0 31946 42
57 0 31947 28
35 1 31948 -1
46 0 31949 8
0 1 31950 -1
36 0 31951 48
2 1 31952 -1
14 0 31953 36
16 0 31954 38
23 1 31955 -1
18 1 31956 -1
11 1 31957 -1
12 0 31958 36
4 0 31959 22
26 1 31960 -1
52 0 31961 22
10 0 31962 0
34 1 31963 -1
45 1 31964 -1
13 1 31965 -1
48 0 31966 10
19 0 31967 8
30 1 31968 -1
13 1 31969 -1
8 0 31970 18
56 1 31971 -1
8 1 31972 -1
11 0 31973 40
20 0 31974 16
24 1 31975 -1
42 0 31976 16
4 1 31977 -1
28 0 31978 34
34 1 31979 -1
26 0 31980 2
14 1 31981 -1
34 0 31982 36
44 1 31983 -1
49 1 31984 -1
50 0 31985 12
12 0 31986 48
55 0 31987 46
51 0 31988 10
19 1 31989 -1
15 1 31990 -1
34 0 31991 28
37 1 31992 -1
49 1 31993 -1
47 0 31994 28
27 0 31995 42
9 1 31996 -1
37 0 31997 12
25 0 31998 38
39 1 31999 -1
10 1 32000 -1
46 1 32001 -1
7 1 32002 -1
38 0 32003 32
32 1 32004 -1
45 0 32005 4
5 0 32006 6
13 1 32007 -1
42 0 32008 32
2 1 32009 -1
48 1 32010 -1
57 0 32011 18
13 0 32012 6
5 1 32013 -1
42 0 32014 42
24 1 32015 -1
36 0 32016 36
40 0 32017 34
57 1 32018 -1
23 0 32019 10
5 1 32020 -1
4 1 32021 -1
48 0 32022 10
25 0 32023 16
19 1 32024 -1
54 0 32025 26
12 1 32026 -1
42 1 32027 -1
58 0 32028 16
54 0 32029 16
9 0 32030 10
3 1 32031 -1
56 0 32032 48
42 0 32033 28
58 1 32034 -1
52 1 32035 -1
14 1 32036 -1
36 1 32037 -1
59 1 32038 -1
9 0 32039 4
52 0 32040 48
56 1 32041 -1
7 1 32042 -1
15 0 32043 22
44 0 32044 34
33 0 32045 6
31 1 32046 -1
18 1 32047 -1
6 0 32048 34
23 1 32049 -1
15 0 32050 28
52 0 32051 34
9 1 32052 -1
30 1 32053 -1
9 0 32054 36
8 0 32055 22
18 1 32056 -1
19 1 32057 -1
3 0 32058 34
38 1 32059 -1
7 1 32060 -1
58 0 32061 44
10 0 32062 38
13 1 32063 -1
52 0 32064 26
31 0 32065 42
45 0 32066 28
4 1 32067 -1
22 1 32068 -1
0 0 32069 40
26 1 32070 -1
44 0 32071 28
9 1 32072 -1
41 0 32073 14
24 0 32074 16
54 1 32075 -1
10 1 32076 -1
2 0 32077 44
1 0 32078 18
49 1 32079 -1
42 1 32080 -1
20 0 32081 12
9 0 32082 38
6 1 32083 -1
38 0 32084 6
0 1 32085 -1
32 0 32086 28
46 1 32087 -1
1 0 32088 14
20 1 32089 -1
1 0 32090 20
42 1 32091 -1
50 0 32092 22
26 1 32093 -1
54 0 32094 20
55 0 32095 28
34 1 32096 -1
38 1 32097 -1
29 1 32098 -1
0 1 32099 -1
51 0 32100 4
5 1 32101 -1
19 0 32102 26
0 0 32103 48
12 0 32104 8
46 1 32105 -1
13 1 32106 -1
16 0 32107 44
54 0 32108 32
28 1 32109 -1
20 0 32110 36
5 1 32111 -1
3 0 32112 4
6 0 32113 46
11 1 32114 -1
35 1 32115 -1
33 1 32116 -1
25 1 32117 -1
57 0 32118 2
35 0 32119 6
36 1 32120 -1
19 0 32121 12
57 1 32122 -1
48 0 32123 18
9 1 32124 -1
59 1 32125 -1
19 0 32126 14
38 1 32127 -1
24 1 32128 -1
17 0 32129 12
58 1 32130 -1
58 0 32131 14
42 1 32132 -1
53 0 32133 6
4 1 32134 -1
20 0 32135 6
59 0 32136 2
37 1 32137 -1
0 1 32138 -1
39 0 32139 4
27 0 32140 12
4 1 32141 -1
37 0 32142 10
34 1 32143 -1
16 1 32144 -1
45 0 32145 32
18 0 32146 14
19 1 32147 -1
2 0 32148 26
12 0 32149 32
26 1 32150 -1
47 1 32151 -1
56 1 32152 -1
7 0 32153 12
22 1 32154 -1
50 0 32155 14
25 1 32156 -1
13 0 32157 26
39 0 32158 36
57 1 32159 -1
24 0 32160 16
10 1 32161 -1
35 1 32162 -1
22 0 32163 30
18 0 32164 16
37 1 32165 -1
1 0 32166 10
13 0 32167 20
58 1 32168 -1
20 0 32169 46
49 0 32170 14
32 1 32171 -1
55 1 32172 -1
1 0 32173 12
14 0 32174 16
10 1 32175 -1
28 1 32176 -1
57 0 32177 28
1 1 32178 -1
41 1 32179 -1
23 0 32180 12
57 1 32181 -1
57 0 32182 0
24 1 32183 -1
21 1 32184 -1
53 0 32185 10
26 1 32186 -1
46 0 32187 0
39 1 32188 -1
2 0 32189 22
46 1 32190 -1
26 0 32191 42
39 1 32192 -1
55 0 32193 34
54 0 32194 6
39 0 32195 4
54 0 32196 36
20 0 32197 36
55 1 32198 -1
21 1 32199 -1
7 1 32200 -1
20 1 32201 -1
13 0 32202 22
38 1 32203 -1
37 1 32204 -1
43 0 32205 26
58 0 32206 2
3 1 32207 -1
12 0 32208 14
30 0 32209 44
57 0 32210 4
50 0 32211 0
39 1 32212 -1
1 1 32213 -1
29 1 32214 -1
21 1 32215 -1
10 1 32216 -1
25 0 32217 8
5 1 32218 -1
1 0 32219 12
17 1 32220 -1
37 0 32221 20
56 0 32222 2
4 0 32223 16
37 0 32224 36
26 0 32225 18
1 0 32226 14
40 1 32227 -1
1 1 32228 -1
38 0 32229 0
53 1 32230 -1
50 1 32231 -1
47 0 32232 26
25 1 32233 -1
17 1 32234 -1
39 1 32235 -1
22 0 32236 38
42 1 32237 -1
17 1 32238 -1
49 0 32239 12
17 1 32240 -1
8 1 32241 -1
17 0 32242 16
32 1 32243 -1
48 1 32244 -1
28 0 32245 12
11 0 32246 12
25 0 32247 40
10 0 32248 38
58 0 32249 24
6 1 32250 -1
29 0 32251 32
39 0 32252 18
59 1 32253 -1
59 1 32254 -1
24 1 32255 -1
33 0 32256 4
19 0 32257 2
19 1 32258 -1
28 0 32259 2
44 1 32260 -1
40 1 32261 -1
20 0 32262 24
43 1 32263 -1
44 1 32264 -1
24 1 32265 -1
43 0 32266 32
42 0 32267 18
6 1 32268 -1
53 0 32269 46
41 0 32270 40
33 1 32271 -1
1 0 32272 20
14 1 32273 -1
35 0 32274 38
56 0 32275 46
35 1 32276 -1
53 1 32277 -1
23 1 32278 -1
12 1 32279 -1
23 0 32280 14
27 1 32281 -1
10 0 32282 0
34 0 32283 46
8 0 32284 46
50 1 32285 -1
27 0 32286 16
47 1 32287 -1
35 0 32288 16
26 1 32289 -1
5 0 32290 26
20 1 32291 -1
57 1 32292 -1
38 0 32293 18
50 1 32294 -1
58 0 32295 22
34 1 32296 -1
55 0 32297 2
49 1 32298 -1
20 0 32299 32
38 0 32300 6
33 1 32301 -1
58 1 32302 -1
5 0 32303 28
9 0 32304 6
53 0 32305 12
7 1 32306 -1
39 0 32307 34
24 1 32308 -1
35 0 32309 26
34 1 32310 -1
17 0 32311 10
20 0 32312 10
53 1 32313 -1
51 0 32314 48
58 1 32315 -1
11 1 32316 -1
53 1 32317 -1
40 0 32318 36
6 0 32319 14
53 0 32320 16
35 1 32321 -1
32 0 32322 18
16 1 32323 -1
0 0 32324 32
29 1 32325 -1
58 1 32326 -1
46 1 32327 -1
13 0 32328 0
58 0 32329 8
59 1 32330 -1
11 0 32331 8
54 0 32332 22
31 1 32333 -1
2 1 32334 -1
10 0 32335 4
13 1 32336 -1
34 1 32337 -1
57 0 32338 30
57 1 32339 -1
53 1 32340 -1
6 0 32341 46
5 0 32342 48
58 0 32343 20
9 1 32344 -1
30 1 32345 -1
57 0 32346 32
32 1 32347 -1
58 0 32348 30
30 0 32349 34
50 0 32350 16
30 0 32351 48
56 1 32352 -1
4 1 32353 -1
20 1 32354 -1
31 0 32355 30
6 0 32356 36
11 0 32357 0
51 1 32358 -1
56 0 32359 22
27 1 32360 -1
59 1 32361 -1
12 1 32362 -1
39 1 32363 -1
20 0 32364 20
48 1 32365 -1
4 0 32366 12
15 1 32367 -1
24 1 32368 -1
21 0 32369 26
36 1 32370 -1
56 0 32371 28
46 0 32372 22
51 0 32373 40
41 0 32374 4
54 0 32375 42
7 1 32376 -1
15 1 32377 -1
35 0 32378 48
14 1 32379 -1
58 1 32380 -1
56 0 32381 6
13 1 32382 -1
50 1 32383 -1
7 0 32384 40
18 0 32385 46
54 1 32386 -1
36 0 32387 32
53 1 32388 -1
3 1 32389 -1
15 1 32390 -1
40 0 32391 48
15 0 32392 10
40 1 32393 -1
2 1 32394 -1
31 1 32395 -1
36 0 32396 26
50 0 32397 8
47 0 32398 20
49 1 32399 -1
18 1 32400 -1
32 0 32401 0
40 0 32402 40
13 1 32403 -1
7 1 32404 -1
32 0 32405 44
19 0 32406 14
7 1 32407 -1
18 0 32408 2
8 1 32409 -1
17 0 32410 10
36 0 32411 0
13 0 32412 24
14 1 32413 -1
18 1 32414 -1
56 1 32415 -1
26 0 32416 4
26 0 32417 30
0 0 32418 2
46 0 32419 44
45 1 32420 -1
1 1 32421 -1
54 0 32422 30
48 1 32423 -1
27 0 32424 16
9 1 32425 -1
18 0 32426 38
21 0 32427 30
46 0 32428 46
35 1 32429 -1
42 1 32430 -1
31 1 32431 -1
28 1 32432 -1
48 1 32433 -1
24 0 32434 32
52 1 32435 -1
4 0 32436 16
48 0 32437 32
44 1 32438 -1
22 0 32439 0
19 1 32440 -1
15 0 32441 32
48 0 32442 44
45 1 32443 -1
45 1 32444 -1
23 0 32445 24
3 1 32446 -1
42 1 32447 -1
19 1 32448 -1
6 0 32449 0
4 0 32450 42
18 0 32451 38
32 1 32452 -1
39 0 32453 38
41 1 32454 -1
10 0 32455 14
20 1 32456 -1
49 0 32457 48
3 1 32458 -1
6 0 32459 18
32 1 32460 -1
20 1 32461 -1
33 0 32462 28
49 0 32463 46
34 1 32464 -1
37 1 32465 -1
12 0 32466 42
6 1 32467 -1
30 0 32468 8
30 1 32469 -1
19 0 32470 8
49 0 32471 38
3 0 32472 38
48 1 32473 -1
56 0 32474 24
10 1 32475 -1
16 1 32476 -1
52 0 32477 6
44 1 32478 -1
42 1 32479 -1
42 0 32480 48
39 0 32481 18
29 0 32482 34
19 1 32483 -1
8 1 32484 -1
25 1 32485 -1
32 1 32486 -1
12 0 32487 40
31 0 32488 24
36 1 32489 -1
34 0 32490 42
34 1 32491 -1
53 1 32492 -1
45 0 32493 2
50 0 32494 46
58 1 32495 -1
25 0 32496 38
38 0 32497 2
41 1 32498 -1
26 0 32499 12
4 1 32500 -1
38 0 32501 46
59 0 32502 26
34 1 32503 -1
3 0 32504 32
11 1 32505 -1
49 1 32506 -1
18 1 32507 -1
47 1 32508 -1
9 0 32509 28
32 0 32510 36
31 1 32511 -1
33 0 32512 28
23 1 32513 -1
30 0 32514 20
16 0 32515 0
38 1 32516 -1
59 0 32517 6
27 1 32518 -1
35 0 32519 48
18 1 32520 -1
38 0 32521 26
56 1 32522 -1
8 1 32523 -1
49 0 32524 42
25 0 32525 30
53 1 32526 -1
34 0 32527 48
14 0 32528 8
14 1 32529 -1
13 1 32530 -1
43 1 32531 -1
10 0 32532 16
34 1 32533 -1
42 1 32534 -1
50 0 32535 10
53 1 32536 -1
22 0 32537 0
59 0 32538 12
57 1 32539 -1
42 0 32540 22
0 0 32541 22
31 1 32542 -1
57 1 32543 -1
7 1 32544 -1
56 0 32545 6
33 1 32546 -1
57 0 32547 10
25 1 32548 -1
46 0 32549 24
20 1 32550 -1
19 0 32551 4
17 0 32552 36
39 1 32553 -1
20 0 32554 34
35 0 32555 0
7 0 32556 40
42 1 32557 -1
16 1 32558 -1
3 1 32559 -1
50 0 32560 46
13 0 32561 38
6 1 32562 -1
15 1 32563 -1
44 1 32564 -1
5 0 32565 40
3 1 32566 -1
12 0 32567 0
19 1 32568 -1
39 1 32569 -1
24 0 32570 40
57 0 32571 4
21 1 32572 -1
39 0 32573 44
53 0 32574 12
53 1 32575 -1
32 0 32576 48
43 0 32577 34
3 0 32578 0
8 1 32579 -1
24 1 32580 -1
44 1 32581 -1
15 0 32582 42
3 1 32583 -1
10 1 32584 -1
53 0 32585 6
45 0 32586 44
56 1 32587 -1
47 1 32588 -1
7 0 32589 34
16 0 32590 28
37 1 32591 -1
50 0 32592 22
37 1 32593 -1
48 0 32594 28
49 1 32595 -1
41 0 32596 18
35 0 32597 48
0 1 32598 -1
36 0 32599 18
56 1 32600 -1
37 0 32601 6
0 1 32602 -1
19 1 32603 -1
28 0 32604 0
24 0 32605 46
50 1 32606 -1
47 0 32607 14
50 0 32608 46
41 1 32609 -1
56 1 32610 -1
40 1 32611 -1
17 0 32612 44
40 1 32613 -1
33 0 32614 44
45 1 32615 -1
20 0 32616 16
35 0 32617 32
0 1 32618 -1
25 0 32619 42
28 1 32620 -1
9 0 32621 14
25 0 32622 26
59 0 32623 28
12 1 32624 -1
54 1 32625 -1
33 1 32626 -1
40 0 32627 16
23 1 32628 -1
15 0 32629 20
44 0 32630 8
58 1 32631 -1
24 1 32632 -1
18 1 32633 -1
34 0 32634 24
54 1 32635 -1
48 0 32636 16
12 0 32637 34
6 0 32638 36
26 1 32639 -1
53 1 32640 -1
12 0 32641 10
56 1 32642 -1
58 1 32643 -1
44 0 32644 16
21 1 32645 -1
54 0 32646 40
48 0 32647 8
34 0 32648 18
56 0 32649 32
1 1 32650 -1
29 1 32651 -1
51 1 32652 -1
37 1 32653 -1
56 0 32654 30
20 1 32655 -1
29 0 32656 40
35 1 32657 -1
25 0 32658 20
27 0 32659 24
24 1 32660 -1
3 0 32661 22
28 0 32662 44
44 0 32663 4
10 1 32664 -1
20 0 32665 26
43 1 32666 -1
29 0 32667 6
53 1 32668 -1
40 0 32669 44
35 1 32670 -1
25 0 32671 10
11 1 32672 -1
46 1 32673 -1
22 1 32674 -1
12 1 32675 -1
1 0 32676 10
5 1 32677 -1
1 0 32678 36
59 1 32679 -1
44 0 32680 36
23 1 32681 -1
4 0 32682 48
0 0 32683 36
58 1 32684 -1
0 1 32685 -1
54 0 32686 12
29 0 32687 46
4 1 32688 -1
37 0 32689 30
21 1 32690 -1
33 1 32691 -1
34 0 32692 12
25 0 32693 12
27 1 32694 -1
22 1 32695 -1
59 1 32696 -1
14 0 32697 24
31 0 32698 36
5 1 32699 -1
5 0 32700 44
16 0 32701 42
16 0 32702 44
2 1 32703 -1
11 0 32704 40
1 1 32705 -1
28 1 32706 -1
15 1 32707 -1
49 0 32708 4
43 1 32709 -1
0 1 32710 -1
49 1 32711 -1
12 0 32712 40
24 1 32713 -1
10 0 32714 30
42 0 32715 32
15 1 32716 -1
53 0 32717 12
12 1 32718 -1
46 0 32719 46
59 1 32720 -1
7 0 32721 36
47 0 32722 4
2 0 32723 8
58 1 32724 -1
59 0 32725 38
37 0 32726 40
19 0 32727 4
34 0 32728 36
49 1 32729 -1
0 1 32730 -1
3 1 32731 -1
9 1 32732 -1
25 0 32733 36
11 0 32734 20
37 1 32735 -1
24 1 32736 -1
39 0 32737 44
41 1 32738 -1
0 0 32739 0
21 0 32740 8
41 0 32741 20
44 0 32742 2
51 1 32743 -1
16 1 32744 -1
2 0 32745 10
52 1 32746 -1
27 1 32747 -1
6 1 32748 -1
50 1 32749 -1
17 0 32750 24
38 1 32751 -1
1 0 32752 20
35 0 32753 16
29 0 32754 24
51 1 32755 -1
17 1 32756 -1
22 1 32757 -1
15 0 32758 0
38 1 32759 -1
27 1 32760 -1
9 0 32761 0
17 0 32762 24
41 0 32763 16
4 1 32764 -1
40 1 32765 -1
38 1 32766 -1
5 0 32767 4
19 1 32768 -1
44 0 32769 8
51 0 32770 0
16 0 32771 26
7 0 32772 32
49 1 32773 -1
16 1 32774 -1
59 1 32775 -1
56 0 32776 12
33 0 32777 18
41 0 32778 14
22 1 32779 -1
48 1 32780 -1
35 1 32781 -1
40 0 32782 16
43 1 32783 -1
44 0 32784 16
2 1 32785 -1
58 0 32786 40
7 1 32787 -1
41 1 32788 -1
49 0 32789 46
53 0 32790 32
7 0 32791 42
3 0 32792 46
7 0 32793 34
25 1 32794 -1
22 1 32795 -1
49 0 32796 44
43 0 32797 42
59 0 32798 6
15 0 32799 6
0 1 32800 -1
11 1 32801 -1
20 0 32802 42
12 1 32803 -1
26 1 32804 -1
7 0 32805 44
24 1 32806 -1
14 0 32807 22
47 1 32808 -1
45 1 32809 -1
19 0 32810 48
25 1 32811 -1
20 1 32812 -1
13 0 32813 8
5 1 32814 -1
16 1 32815 -1
18 0 32816 16
51 1 32817 -1
16 0 32818 38
53 0 32819 16
49 0 32820 34
57 1 32821 -1
52 0 32822 10
25 1 32823 -1
0 0 32824 30
6 1 32825 -1
35 1 32826 -1
35 0 32827 38
18 0 32828 44
26 0 32829 14
47 0 32830 16
54 1 32831 -1
19 1 32832 -1
45 1 32833 -1
11 1 32834 -1
43 0 32835 38
12 1 32836 -1
24 1 32837 -1
31 0 32838 38
59 1 32839 -1
25 0 32840 4
12 0 32841 44
10 1 32842 -1
39 1 32843 -1
35 0 32844 26
19 1 32845 -1
56 0 32846 28
7 1 32847 -1
18 0 32848 22
50 0 32849 36
24 0 32850 32
16 1 32851 -1
31 1 32852 -1
22 1 32853 -1
29 0 32854 30
42 0 32855 10
3 0 32856 40
2 0 32857 32
8 1 32858 -1
56 0 32859 32
34 1 32860 -1
5 1 32861 -1
15 1 32862 -1
31 0 32863 44
52 1 32864 -1
12 0 32865 40
3 1 32866 -1
57 1 32867 -1
32 1 32868 -1
39 0 32869 6
20 0 32870 10
27 0 32871 8
52 1 32872 -1
27 1 32873 -1
6 0 32874 16
50 0 32875 32
49 1 32876 -1
8 0 32877 38
27 1 32878 -1
53 0 32879 40
13 1 32880 -1
1 1 32881 -1
5 1 32882 -1
1 0 32883 8
26 1 32884 -1
56 0 32885 18
31 0 32886 10
2 1 32887 -1
52 1 32888 -1
53 0 32889 38
7 1 32890 -1
49 0 32891 12
54 0 32892 0
20 1 32893 -1
6 1 32894 -1
58 0 32895 40
35 0 32896 0
38 0 32897 26
45 1 32898 -1
52 1 32899 -1
2 0 32900 6
57 0 32901 40
0 1 32902 -1
12 0 32903 10
9 1 32904 -1
11 0 32905 46
27 1 32906 -1
38 1 32907 -1
48 0 32908 28
27 0 32909 20
7 1 32910 -1
7 0 32911 34
55 1 32912 -1
36 1 32913 -1
23 1 32914 -1
21 0 32915 16
41 0 32916 44
58 0 32917 8
1 1 32918 -1
12 1 32919 -1
3 0 32920 18
22 0 32921 48
5 1 32922 -1
0 1 32923 -1
35 1 32924 -1
12 0 32925 18
51 0 32926 24
28 1 32927 -1
32 0 32928 40
25 0 32929 34
11 1 32930 -1
15 1 32931 -1
51 0 32932 2
4 1 32933 -1
5 0 32934 32
36 0 32935 8
23 0 32936 26
46 1 32937 -1
58 1 32938 -1
40 1 32939 -1
58 1 32940 -1
6 1 32941 -1
15 0 32942 18
26 0 32943 12
27 0 32944 22
32 1 32945 -1
26 0 32946 40
59 1 32947 -1
1 0 32948 14
45 1 32949 -1
8 1 32950 -1
46 0 32951 40
2 0 32952 20
19 0 32953 26
3 1 32954 -1
18 1 32955 -1
27 0 32956 44
25 1 32957 -1
7 0 32958 2
45 0 32959 32
53 0 32960 6
26 1 32961 -1
32 0 32962 8
49 1 32963 -1
12 1 32964 -1
42 0 32965 18
5 1 32966 -1
26 0 32967 26
42 0 32968 2
36 1 32969 -1
52 1 32970 -1
49 0 32971 36
17 1 32972 -1
6 1 32973 -1
24 0 32974 42
39 1 32975 -1
53 0 32976 34
5 0 32977 42
46 1 32978 -1
19 1 32979 -1
42 0 32980 4
49 1 32981 -1
55 0 32982 8
52 1 32983 -1
41 0 32984 0
52 0 32985 36
4 1 32986 -1
24 0 32987 46
11 0 32988 34
24 1 32989 -1
22 0 32990 12
28 0 32991 34
36 1 32992 -1
5 1 32993 -1
12 0 32994 20
39 1 32995 -1
7 1 32996 -1
34 1 32997 -1
11 1 32998 -1
57 1 32999 -1
7 1 33000 -1
57 0 33001 22
56 1 33002 -1
10 1 33003 -1
56 0 33004 14
34 0 33005 32
14 0 33006 20
41 0 33007 20
15 1 33008 -1
46 0 33009 2
40 0 33010 6
49 1 33011 -1
41 1 33012 -1
6 0 33013 14
0 0 33014 14
3 0 33015 42
6 0 33016 30
33 1 33017 -1
35 0 33018 44
10 1 33019 -1
15 1 33020 -1
23 0 33021 32
34 1 33022 -1
54 1 33023 -1
12 1 33024 -1
23 0 33025 36
31 1 33026 -1
22 0 33027 8
36 0 33028 36
22 1 33029 -1
27 1 33030 -1
45 0 33031 48
23 0 33032 24
52 1 33033 -1
9 0 33034 4
20 0 33035 36
19 1 33036 -1
45 0 33037 2
3 1 33038 -1
26 1 33039 -1
8 0 33040 8
26 0 33041 18
0 1 33042 -1
43 1 33043 -1
8 0 33044 28
18 1 33045 -1
57 0 33046 28
15 1 33047 -1
58 0 33048 18
32 0 33049 30
11 1 33050 -1
43 1 33051 -1
53 1 33052 -1
6 0 33053 20
0 0 33054 40
17 1 33055 -1
42 0 33056 0
42 0 33057 0
21 0 33058 22
37 1 33059 -1
32 1 33060 -1
37 0 33061 10
10 0 33062 22
11 1 33063 -1
10 0 33064 2
7 1 33065 -1
12 1 33066 -1
8 1 33067 -1
10 0 33068 0
23 1 33069 -1
49 0 33070 38
31 1 33071 -1
23 0 33072 12
15 1 33073 -1
57 1 33074 -1
4 0 33075 42
24 0 33076 26
2 1 33077 -1
59 0 33078 48
51 0 33079 36
57 0 33080 24
46 1 33081 -1
59 1 33082 -1
37 0 33083 32
28 0 33084 38
51 1 33085 -1
38 0 33086 30
28 1 33087 -1
51 1 33088 -1
52 0 33089 26
22 0 33090 10
36 1 33091 -1
57 1 33092 -1
52 0 33093 28
55 1 33094 -1
5 1 33095 -1
51 0 33096 42
17 0 33097 44
16 1 33098 -1
18 0 33099 10
18 0 33100 6
22 1 33101 -1
14 0 33102 46
37 1 33103 -1
40 1 33104 -1
50 1 33105 -1
3 1 33106 -1
36 1 33107 -1
53 0 33108 20
15 0 33109 38
17 1 33110 -1
21 0 33111 24
57 0 33112 18
2 0 33113 38
7 0 33114 30
9 1 33115 -1
52 0 33116 10
6 1 33117 -1
48 1 33118 -1
40 0 33119 2
45 1 33120 -1
11 0 33121 24
40 1 33122 -1
59 0 33123 28
22 0 33124 14
25 1 33125 -1
26 1 33126 -1
59 1 33127 -1
0 1 33128 -1
7 0 33129 24
50 0 33130 4
22 0 33131 14
39 1 33132 -1
57 1 33133 -1
34 0 33134 26
45 1 33135 -1
0 0 33136 36
23 1 33137 -1
12 0 33138 32
55 1 33139 -1
10 1 33140 -1
32 0 33141 10
7 0 33142 8
50 1 33143 -1
42 0 33144 32
22 0 33145 12
21 1 33146 -1
57 1 33147 -1
24 0 33148 16
40 0 33149 38
20 1 33150 -1
6 1 33151 -1
39 0 33152 40
52 0 33153 32
37 0 33154 0
20 1 33155 -1
18 1 33156 -1
14 0 33157 42
18 1 33158 -1
17 0 33159 36
43 1 33160 -1
51 0 33161 12
33 1 33162 -1
8 0 33163 44
13 1 33164 -1
40 1 33165 -1
25 0 33166 32
3 0 33167 30
13 1 33168 -1
40 1 33169 -1
22 0 33170 38
13 0 33171 4
5 0 33172 6
39 1 33173 -1
12 1 33174 -1
12 0 33175 0
2 1 33176 -1
58 0 33177 32
16 0 33178 44
35 1 33179 -1
12 1 33180 -1
45 1 33181 -1
28 0 33182 28
36 0 33183 0
34 1 33184 -1
36 0 33185 38
49 1 33186 -1
21 1 33187 -1
34 0 33188 28
10 1 33189 -1
34 0 33190 46
21 1 33191 -1
5 0 33192 22
5 1 33193 -1
35 0 33194 8
13 1 33195 -1
37 0 33196 12
19 0 33197 38
36 1 33198 -1
34 0 33199 10
43 1 33200 -1
0 1 33201 -1
36 0 33202 22
57 0 33203 18
39 0 33204 28
9 0 33205 36
32 1 33206 -1
46 1 33207 -1
34 1 33208 -1
17 1 33209 -1
7 0 33210 38
51 1 33211 -1
38 1 33212 -1
3 0 33213 22
57 1 33214 -1
44 1 33215 -1
41 0 33216 4
46 1 33217 -1
3 0 33218 42
3 0 33219 34
13 0 33220 2
47 1 33221 -1
57 1 33222 -1
4 0 33223 44
57 0 33224 32
57 0 33225 30
18 0 33226 34
11 1 33227 -1
15 0 33228 44
4 1 33229 -1
0 1 33230 -1
12 1 33231 -1
49 0 33232 32
18 1 33233 -1
21 0 33234 40
45 0 33235 36
45 0 33236 6
47 1 33237 -1
48 0 33238 12
56 1 33239 -1
28 1 33240 -1
6 0 33241 16
52 1 33242 -1
26 1 33243 -1
24 0 33244 20
37 1 33245 -1
27 0 33246 38
25 1 33247 -1
33 0 33248 22
24 1 33249 -1
5 0 33250 18
42 1 33251 -1
43 0 33252 48
5 1 33253 -1
55 0 33254 2
49 1 33255 -1
44 1 33256 -1
10 1 33257 -1
57 1 33258 -1
38 0 33259 2
4 0 33260 20
46 0 33261 36
25 0 33262 6
37 1 33263 -1
59 0 33264 28
15 1 33265 -1
27 0 33266 30
22 1 33267 -1
14 0 33268 34
55 0 33269 42
25 1 33270 -1
58 1 33271 -1
11 0 33272 40
30 1 33273 -1
57 0 33274 30
8 1 33275 -1
17 1 33276 -1
10 0 33277 38
3 1 33278 -1
42 0 33279 20
56 1 33280 -1
34 0 33281 36
54 1 33282 -1
42 0 33283 36
33 1 33284 -1
32 0 33285 38
18 0 33286 2
2 0 33287 0
17 0 33288 36
59 1 33289 -1
46 1 33290 -1
31 1 33291 -1
28 0 33292 26
7 1 33293 -1
40 1 33294 -1
10 0 33295 30
55 1 33296 -1
13 0 33297 2
21 1 33298 -1
34 0 33299 10
3 1 33300 -1
4 0 33301 48
47 0 33302 38
22 1 33303 -1
43 0 33304 40
20 1 33305 -1
24 0 33306 48
49 1 33307 -1
49 0 33308 16
21 1 33309 -1
43 1 33310 -1
3 0 33311 38
20 0 33312 16
31 0 33313 44
16 1 33314 -1
38 1 33315 -1
12 1 33316 -1
38 0 33317 24
45 0 33318 46
13 1 33319 -1
5 0 33320 8
5 1 33321 -1
32 0 33322 2
23 0 33323 48
0 0 33324 26
39 1 33325 -1
53 1 33326 -1
45 1 33327 -1
6 0 33328 12
26 1 33329 -1
33 1 33330 -1
12 0 33331 2
14 0 33332 44
13 1 33333 -1
10 0 33334 44
24 0 33335 18
0 1 33336 -1
13 0 33337 12
9 1 33338 -1
29 1 33339 -1
24 0 33340 2
42 1 33341 -1
4 0 33342 16
59 0 33343 16
57 1 33344 -1
27 1 33345 -1
44 0 33346 32
52 0 33347 28
29 1 33348 -1
47 0 33349 24
42 1 33350 -1
38 0 33351 48
21 0 33352 26
43 1 33353 -1
29 1 33354 -1
58 0 33355 24
38 1 33356 -1
21 1 33357 -1
26 0 33358 26
30 1 33359 -1
11 1 33360 -1
9 1 33361 -1
41 0 33362 30
50 0 33363 38
25 1 33364 -1
13 0 33365 26
26 0 33366 30
16 0 33367 38
27 1 33368 -1
50 0 33369 14
3 1 33370 -1
46 1 33371 -1
5 0 33372 42
59 1 33373 -1
0 0 33374 46
3 0 33375 26
30 0 33376 12
42 1 33377 -1
40 1 33378 -1
45 1 33379 -1
54 0 33380 2
43 0 33381 22
53 1 33382 -1
13 0 33383 32
45 0 33384 42
49 0 33385 22
5 1 33386 -1
43 1 33387 -1
29 1 33388 -1
33 1 33389 -1
5 1 33390 -1
36 0 33391 0
26 1 33392 -1
33 0 33393 30
58 1 33394 -1
45 0 33395 36
18 1 33396 -1
10 0 33397 24
8 0 33398 46
52 0 33399 10
31 1 33400 -1
57 0 33401 26
26 0 33402 42
42 1 33403 -1
21 1 33404 -1
21 0 33405 18
50 1 33406 -1
18 1 33407 -1
52 0 33408 10
3 0 33409 40
38 1 33410 -1
24 0 33411 18
45 1 33412 -1
42 1 33413 -1
37 1 33414 -1
26 0 33415 36
35 1 33416 -1
2 0 33417 16
56 0 33418 38
35 1 33419 -1
35 0 33420 26
38 0 33421 20
6 0 33422 46
36 1 33423 -1
40 1 33424 -1
17 0 33425 4
14 1 33426 -1
25 1 33427 -1
5 0 33428 16
18 1 33429 -1
27 1 33430 -1
57 0 33431 28
11 1 33432 -1
42 0 33433 6
18 0 33434 32
12 0 33435 0
47 1 33436 -1
38 0 33437 8
21 1 33438 -1
38 0 33439 20
35 1 33440 -1
21 1 33441 -1
11 0 33442 48
47 0 33443 8
14 1 33444 -1
44 0 33445 28
55 1 33446 -1
30 1 33447 -1
48 1 33448 -1
2 0 33449 8
42 1 33450 -1
18 1 33451 -1
40 1 33452 -1
45 0 33453 42
50 0 33454 32
51 0 33455 44
54 0 33456 20
31 1 33457 -1
36 0 33458 48
17 0 33459 4
17 1 33460 -1
7 1 33461 -1
15 1 33462 -1
53 0 33463 14
55 0 33464 6
28 1 33465 -1
14 0 33466 40
40 1 33467 -1
7 0 33468 18
8 0 33469 32
29 1 33470 -1
37 0 33471 36
27 0 33472 10
44 1 33473 -1
20 1 33474 -1
37 1 33475 -1
46 0 33476 16
43 1 33477 -1
52 1 33478 -1
44 1 33479 -1
24 0 33480 44
24 1 33481 -1
20 0 33482 12
37 0 33483 0
15 1 33484 -1
6 0 33485 44
11 0 33486 38
57 1 33487 -1
15 0 33488 10
7 0 33489 44
43 0 33490 30
40 1 33491 -1
28 0 33492 20
32 1 33493 -1
20 1 33494 -1
41 1 33495 -1
15 0 33496 0
44 1 33497 -1
35 1 33498 -1
5 0 33499 36
48 0 33500 0
13 0 33501 6
43 1 33502 -1
40 1 33503 -1
21 1 33504 -1
21 0 33505 28
57 0 33506 20
1 1 33507 -1
30 0 33508 14
58 0 33509 34
53 0 33510 32
5 0 33511 16
6 1 33512 -1
53 1 33513 -1
42 1 33514 -1
5 1 33515 -1
52 0 33516 14
22 0 33517 12
18 1 33518 -1
45 0 33519 12
43 1 33520 -1
18 0 33521 18
43 1 33522 -1
8 0 33523 0
45 0 33524 38
53 0 33525 6
24 1 33526 -1
39 1 33527 -1
41 0 33528 42
55 1 33529 -1
34 1 33530 -1
15 1 33531 -1
2 0 33532 14
19 0 33533 34
52 1 33534 -1
12 1 33535 -1
1 0 33536 44
7 1 33537 -1
10 0 33538 42
36 1 33539 -1
42 1 33540 -1
7 0 33541 28
52 0 33542 36
55 0 33543 2
30 1 33544 -1
34 0 33545 48
15 1 33546 -1
4 0 33547 28
27 1 33548 -1
56 1 33549 -1
10 0 33550 44
44 0 33551 0
5 1 33552 -1
42 1 33553 -1
47 1 33554 -1
17 1 33555 -1
2 0 33556 30
27 0 33557 40
24 0 33558 16
43 0 33559 12
23 1 33560 -1
42 0 33561 42
23 1 33562 -1
12 0 33563 4
9 1 33564 -1
0 0 33565 2
47 1 33566 -1
5 0 33567 28
42 1 33568 -1
44 1 33569 -1
55 0 33570 34
10 0 33571 24
36 0 33572 10
15 1 33573 -1
58 1 33574 -1
21 0 33575 4
42 1 33576 -1
9 1 33577 -1
20 0 33578 0
18 0 33579 32
39 1 33580 -1
35 0 33581 6
44 0 33582 48
43 1 33583 -1
16 0 33584 42
6 1 33585 -1
0 0 33586 40
15 1 33587 -1
9 1 33588 -1
54 1 33589 -1
54 0 33590 34
11 0 33591 42
23 1 33592 -1
54 1 33593 -1
35 0 33594 26
12 0 33595 16
45 0 33596 6
17 1 33597 -1
47 1 33598 -1
0 1 33599 -1
14 0 33600 12
37 0 33601 36
19 1 33602 -1
22 1 33603 -1
17 0 33604 14
47 0 33605 46
47 1 33606 -1
25 0 33607 46
50 0 33608 42
21 1 33609 -1
6 1 33610 -1
32 0 33611 36
10 0 33612 20
58 1 33613 -1
57 1 33614 -1
6 0 33615 10
29 0 33616 30
15 1 33617 -1
8 1 33618 -1
11 0 33619 0
44 0 33620 36
37 1 33621 -1
12 0 33622 48
20 1 33623 -1
33 0 33624 22
47 1 33625 -1
6 1 33626 -1
17 1 33627 -1
24 1 33628 -1
29 1 33629 -1
43 0 33630 40
17 0 33631 4
27 0 33632 38
14 1 33633 -1
35 0 33634 34
46 0 33635 18
38 1 33636 -1
31 0 33637 26
20 0 33638 42
59 0 33639 14
6 1 33640 -1
57 1 33641 -1
54 0 33642 6
4 1 33643 -1
28 1 33644 -1
58 0 33645 30
14 1 33646 -1
46 0 33647 6
47 1 33648 -1
59 0 33649 10
18 1 33650 -1
43 1 33651 -1
44 0 33652 2
20 1 33653 -1
44 1 33654 -1
22 0 33655 28
16 0 33656 42
58 0 33657 40
20 1 33658 -1
49 1 33659 -1
37 0 33660 36
51 1 33661 -1
4 0 33662 46
46 0 33663 26
32 1 33664 -1
20 0 33665 18
43 1 33666 -1
56 1 33667 -1
45 0 33668 34
51 0 33669 46
50 0 33670 26
1 1 33671 -1
59 1 33672 -1
21 0 33673 10
43 1 33674 -1
25 0 33675 46
46 1 33676 -1
18 0 33677 2
37 1 33678 -1
57 0 33679 24
16 0 33680 28
4 1 33681 -1
31 1 33682 -1
3 1 33683 -1
29 0 33684 40
2 1 33685 -1
1 0 33686 44
19 1 33687 -1
46 0 33688 26
6 1 33689 -1
2 1 33690 -1
59 0 33691 34
15 1 33692 -1
5 0 33693 38
12 0 33694 16
2 1 33695 -1
57 1 33696 -1
56 0 33697 4
16 0 33698 10
37 1 33699 -1
58 0 33700 8
56 0 33701 44
54 1 33702 -1
42 1 33703 -1
44 0 33704 18
25 0 33705 2
17 1 33706 -1
17 0 33707 20
19 0 33708 18
26 1 33709 -1
43 1 33710 -1
48 1 33711 -1
59 1 33712 -1
32 0 33713 44
0 0 33714 26
29 0 33715 4
9 1 33716 -1
53 1 33717 -1
7 1 33718 -1
30 0 33719 30
43 1 33720 -1
2 0 33721 8
0 0 33722 48
29 1 33723 -1
6 0 33724 26
0 0 33725 32
20 0 33726 32
48 1 33727 -1
3 0 33728 34
6 1 33729 -1
45 0 33730 2
47 1 33731 -1
38 1 33732 -1
54 1 33733 -1
5 1 33734 -1
5 0 33735 0
28 0 33736 0
59 1 33737 -1
23 0 33738 8
20 0 33739 28
23 0 33740 26
0 1 33741 -1
24 1 33742 -1
12 1 33743 -1
39 0 33744 20
53 0 33745 4
39 0 33746 24
24 0 33747 8
32 1 33748 -1
22 1 33749 -1
40 1 33750 -1
36 1 33751 -1
23 0 33752 6
8 0 33753 34
52 1 33754 -1
11 0 33755 10
38 0 33756 42
35 1 33757 -1
14 0 33758 20
13 1 33759 -1
25 1 33760 -1
58 0 33761 42
45 0 33762 26
16 1 33763 -1
34 1 33764 -1
29 1 33765 -1
16 0 33766 20
15 0 33767 38
30 0 33768 4
27 1 33769 -1
32 1 33770 -1
0 1 33771 -1
39 1 33772 -1
32 0 33773 30
37 0 33774 34
16 1 33775 -1
45 0 33776 36
19 1 33777 -1
33 1 33778 -1
14 1 33779 -1
8 0 33780 28
52 1 33781 -1
52 1 33782 -1
33 0 33783 16
7 0 33784 40
0 0 33785 38
38 0 33786 8
56 0 33787 48
58 1 33788 -1
15 0 33789 10
32 1 33790 -1
55 1 33791 -1
18 0 33792 0
54 1 33793 -1
1 1 33794 -1
24 0 33795 30
24 0 33796 36
16 0 33797 0
33 1 33798 -1
16 1 33799 -1
30 1 33800 -1
27 0 33801 24
13 0 33802 44
13 0 33803 14
5 0 33804 32
52 1 33805 -1
42 0 33806 22
22 1 33807 -1
33 0 33808 22
1 1 33809 -1
34 0 33810 30
48 0 33811 10
16 1 33812 -1
15 1 33813 -1
24 1 33814 -1
22 0 33815 20
26 1 33816 -1
42 0 33817 20
10 1 33818 -1
31 0 33819 12
21 0 33820 42
56 1 33821 -1
14 1 33822 -1
50 0 33823 14
19 1 33824 -1
31 1 33825 -1
32 1 33826 -1
22 0 33827 46
12 0 33828 14
5 1 33829 -1
24 0 33830 2
10 0 33831 30
21 0 33832 32
7 1 33833 -1
24 0 33834 6
38 1 33835 -1
7 1 33836 -1
5 1 33837 -1
7 0 33838 12
55 1 33839 -1
14 0 33840 38
56 1 33841 -1
54 0 33842 10
48 1 33843 -1
22 0 33844 2
7 0 33845 32
48 0 33846 10
20 0 33847 44
23 1 33848 -1
18 0 33849 36
26 0 33850 24
14 1 33851 -1
59 1 33852 -1
47 1 33853 -1
42 0 33854 48
32 1 33855 -1
35 0 33856 20
4 1 33857 -1
7 1 33858 -1
17 1 33859 -1
45 0 33860 32
58 1 33861 -1
31 1 33862 -1
27 0 33863 26
16 0 33864 38
15 0 33865 38
2 0 33866 0
41 1 33867 -1
26 1 33868 -1
32 0 33869 8
15 1 33870 -1
36 0 33871 10
58 0 33872 36
49 0 33873 44
32 1 33874 -1
4 1 33875 -1
54 0 33876 12
40 1 33877 -1
54 1 33878 -1
9 0 33879 18
7 0 33880 38
44 1 33881 -1
56 1 33882 -1
48 1 33883 -1
10 0 33884 14
13 0 33885 32
46 1 33886 -1
5 0 33887 28
56 0 33888 44
55 0 33889 34
50 1 33890 -1
54 1 33891 -1
1 0 33892 4
43 0 33893 36
11 1 33894 -1
1 1 33895 -1
45 1 33896 -1
37 1 33897 -1
39 0 33898 22
39 0 33899 10
47 1 33900 -1
8 1 33901 -1
1 0 33902 4
6 0 33903 44
38 1 33904 -1
32 1 33905 -1
11 0 33906 6
3 1 33907 -1
3 1 33908 -1
5 0 33909 28
2 0 33910 42
31 1 33911 -1
6 0 33912 44
3 0 33913 46
38 1 33914 -1
45 1 33915 -1
21 0 33916 4
6 1 33917 -1
1 0 33918 46
38 0 33919 42
2 1 33920 -1
25 1 33921 -1
34 1 33922 -1
29 0 33923 36
25 0 33924 42
33 1 33925 -1
34 0 33926 12
8 1 33927 -1
16 0 33928 24
50 1 33929 -1
15 0 33930 32
49 1 33931 -1
58 0 33932 2
56 1 33933 -1
41 1 33934 -1
45 0 33935 24
17 0 33936 14
6 1 33937 -1
32 0 33938 28
2 0 33939 48
20 1 33940 -1
28 1 33941 -1
19 1 33942 -1
45 0 33943 12
59 0 33944 2
9 0 33945 40
25 1 33946 -1
48 1 33947 -1
39 0 33948 18
46 1 33949 -1
23 0 33950 42
37 0 33951 0
31 0 33952 14
50 1 33953 -1
48 0 33954 48
25 0 33955 22
49 1 33956 -1
13 1 33957 -1
5 0 33958 48
39 1 33959 -1
39 0 33960 48
41 1 33961 -1
43 0 33962 2
6 0 33963 40
31 1 33964 -1
48 1 33965 -1
46 0 33966 12
31 0 33967 38
19 1 33968 -1
40 1 33969 -1
41 1 33970 -1
52 1 33971 -1
48 0 33972 44
6 0 33973 8
30 1 33974 -1
28 0 33975 40
15 0 33976 0
8 1 33977 -1
48 1 33978 -1
24 0 33979 26
13 0 33980 16
27 0 33981 10
0 0 33982 14
47 1 33983 -1
5 1 33984 -1
39 0 33985 20
46 1 33986 -1
1 1 33987 -1
23 1 33988 -1
50 1 33989 -1
5 0 33990 14
54 0 33991 14
9 1 33992 -1
49 0 33993 18
29 0 33994 38
21 1 33995 -1
30 1 33996 -1
44 1 33997 -1
4 0 33998 4
14 0 33999 22
58 1 34000 -1
14 0 34001 6
40 0 34002 12
15 1 34003 -1
30 1 34004 -1
47 1 34005 -1
0 1 34006 -1
46 0 34007 2
21 0 34008 16
46 1 34009 -1
19 1 34010 -1
47 0 34011 18
33 0 34012 20
24 0 34013 20
35 1 34014 -1
22 1 34015 -1
29 0 34016 14
6 1 34017 -1
26 0 34018 8
50 1 34019 -1
5 1 34020 -1
26 1 34021 -1
30 1 34022 -1
17 0 34023 32
35 0 34024 40
9 1 34025 -1
49 0 34026 4
14 0 34027 40
32 0 34028 22
14 1 34029 -1
43 0 34030 38
1 0 34031 6
47 0 34032 18
26 1 34033 -1
48 1 34034 -1
9 0 34035 34
23 0 34036 20
32 1 34037 -1
21 0 34038 28
43 1 34039 -1
44 1 34040 -1
45 0 34041 32
20 1 34042 -1
37 1 34043 -1
5 0 34044 46
6 1 34045 -1
10 0 34046 36
15 0 34047 14
26 0 34048 2
25 1 34049 -1
17 0 34050 0
59 0 34051 6
56 0 34052 48
3 1 34053 -1
41 1 34054 -1
55 1 34055 -1
37 1 34056 -1
4 0 34057 10
46 1 34058 -1
50 1 34059 -1
5 1 34060 -1
0 1 34061 -1
0 0 34062 26
45 0 34063 42
55 0 34064 4
57 1 34065 -1
55 1 34066 -1
19 0 34067 46
33 0 34068 16
1 1 34069 -1
49 0 34070 8
8 0 34071 28
7 1 34072 -1
3 1 34073 -1
22 1 34074 -1
21 0 34075 22
28 1 34076 -1
13 0 34077 40
23 1 34078 -1
52 0 34079 20
9 0 34080 30
48 0 34081 26
18 1 34082 -1
41 1 34083 -1
44 0 34084 28
30 1 34085 -1
44 1 34086 -1
54 0 34087 16
28 0 34088 2
30 1 34089 -1
26 1 34090 -1
57 0 34091 48
2 1 34092 -1
14 0 34093 2
47 0 34094 46
49 1 34095 -1
42 0 34096 34
22 0 34097 10
9 1 34098 -1
4 1 34099 -1
7 0 34100 10
10 1 34101 -1
44 0 34102 16
58 0 34103 42
18 1 34104 -1
24 1 34105 -1
51 1 34106 -1
41 0 34107 16
33 0 34108 46
57 1 34109 -1
6 0 34110 24
35 1 34111 -1
1 0 34112 12
32 0 34113 42
47 1 34114 -1
26 1 34115 -1
50 0 34116 0
5 0 34117 26
45 1 34118 -1
57 1 34119 -1
2 1 34120 -1
49 0 34121 26
49 0 34122 38
13 1 34123 -1
30 0 34124 20
46 0 34125 36
48 0 34126 8
45 0 34127 20
44 1 34128 -1
26 1 34129 -1
44 1 34130 -1
41 0 34131 48
9 1 34132 -1
3 1 34133 -1
25 1 34134 -1
19 0 34135 18
22 0 34136 40
47 0 34137 48
59 0 34138 22
3 1 34139 -1
37 1 34140 -1
8 0 34141 42
17 1 34142 -1
25 0 34143 2
48 1 34144 -1
8 0 34145 16
54 0 34146 8
15 1 34147 -1
44 1 34148 -1
6 0 34149 4
13 1 34150 -1
55 1 34151 -1
15 0 34152 42
24 0 34153 2
0 1 34154 -1
17 1 34155 -1
55 0 34156 10
31 0 34157 6
12 1 34158 -1
0 0 34159 2
58 1 34160 -1
0 1 34161 -1
9 0 34162 26
41 0 34163 30
26 0 34164 36
36 1 34165 -1
15 1 34166 -1
7 1 34167 -1
40 0 34168 10
54 1 34169 -1
17 0 34170 28
58 0 34171 40
38 0 34172 18
39 1 34173 -1
33 0 34174 42
44 0 34175 6
13 1 34176 -1
42 1 34177 -1
47 1 34178 -1
43 0 34179 6
31 0 34180 18
48 1 34181 -1
35 0 34182 0
16 1 34183 -1
28 1 34184 -1
24 0 34185 6
16 1 34186 -1
44 1 34187 -1
37 0 34188 16
28 0 34189 22
55 0 34190 6
1 1 34191 -1
30 1 34192 -1
24 0 34193 48
3 0 34194 32
4 1 34195 -1
6 0 34196 14
42 1 34197 -1
41 1 34198 -1
19 0 34199 32
33 0 34200 16
50 1 34201 -1
4 1 34202 -1
33 1 34203 -1
30 1 34204 -1
55 0 34205 0
18 0 34206 24
32 0 34207 44
0 1 34208 -1
17 1 34209 -1
9 1 34210 -1
0 1 34211 -1
48 0 34212 20
59 0 34213 22
47 0 34214 38
46 0 34215 48
34 1 34216 -1
34 0 34217 14
39 0 34218 32
18 1 34219 -1
17 0 34220 40
16 1 34221 -1
37 1 34222 -1
41 0 34223 4
57 0 34224 0
6 0 34225 30
31 1 34226 -1
44 1 34227 -1
25 1 34228 -1
13 1 34229 -1
16 1 34230 -1
15 0 34231 22
58 0 34232 42
45 1 34233 -1
9 0 34234 20
2 0 34235 48
37 1 34236 -1
3 0 34237 8
7 0 34238 44
57 1 34239 -1
23 1 34240 -1
5 1 34241 -1
59 0 34242 10
29 1 34243 -1
10 0 34244 20
41 1 34245 -1
56 0 34246 8
36 0 34247 16
11 1 34248 -1
3 0 34249 32
38 1 34250 -1
9 1 34251 -1
16 0 34252 24
15 1 34253 -1
33 0 34254 20
12 0 34255 20
19 1 34256 -1
23 1 34257 -1
7 0 34258 34
48 1 34259 -1
7 0 34260 40
39 1 34261 -1
17 0 34262 0
50 0 34263 6
34 1 34264 -1
16 0 34265 32
49 1 34266 -1
13 0 34267 28
30 1 34268 -1
0 1 34269 -1
2 1 34270 -1
50 1 34271 -1
59 0 34272 12
30 0 34273 16
6 0 34274 34
33 1 34275 -1
54 0 34276 22
49 1 34277 -1
5 0 34278 40
1 0 34279 6
25 1 34280 -1
16 0 34281 8
55 1 34282 -1
25 1 34283 -1
59 1 34284 -1
33 1 34285 -1
40 0 34286 6
44 0 34287 8
49 1 34288 -1
2 1 34289 -1
42 0 34290 32
57 0 34291 30
19 1 34292 -1
15 0 34293 6
31 1 34294 -1
44 0 34295 4
9 0 34296 30
48 1 34297 -1
19 0 34298 26
0 1 34299 -1
13 1 34300 -1
39 0 34301 18
8 1 34302 -1
25 0 34303 26
23 1 34304 -1
4 0 34305 8
51 0 34306 14
42 0 34307 48
29 1 34308 -1
50 1 34309 -1
5 0 34310 6
40 0 34311 12
21 1 34312 -1
15 0 34313 14
50 0 34314 46
32 1 34315 -1
19 1 34316 -1
40 1 34317 -1
23 0 34318 8
15 0 34319 34
14 1 34320 -1
37 0 34321 2
43 0 34322 42
42 0 34323 28
14 0 34324 6
19 1 34325 -1
25 1 34326 -1
20 0 34327 16
58 1 34328 -1
12 1 34329 -1
49 1 34330 -1
48 0 34331 14
12 1 34332 -1
25 0 34333 48
9 0 34334 46
34 1 34335 -1
31 0 34336 18
52 1 34337 -1
16 1 34338 -1
0 0 34339 32
5 1 34340 -1
0 1 34341 -1
16 1 34342 -1
24 0 34343 28
15 0 34344 0
52 0 34345 36
1 1 34346 -1
50 0 34347 34
2 0 34348 40
46 1 34349 -1
6 1 34350 -1
41 0 34351 40
18 1 34352 -1
4 0 34353 10
42 1 34354 -1
59 1 34355 -1
34 0 34356 36
13 1 34357 -1
16 1 34358 -1
57 0 34359 4
8 0 34360 34
41 1 34361 -1
57 0 34362 40
16 0 34363 10
9 1 34364 -1
24 0 34365 38
3 0 34366 32
14 1 34367 -1
56 1 34368 -1
17 1 34369 -1
10 1 34370 -1
44 1 34371 -1
13 0 34372 20
2 0 34373 6
12 0 34374 40
3 0 34375 18
30 0 34376 4
50 1 34377 -1
54 1 34378 -1
43 1 34379 -1
9 0 34380 18
0 0 34381 26
6 0 34382 30
58 0 34383 32
25 1 34384 -1
37 1 34385 -1
46 1 34386 -1
7 0 34387 18
21 1 34388 -1
58 0 34389 20
22 1 34390 -1
20 1 34391 -1
31 0 34392 16
8 1 34393 -1
22 1 34394 -1
8 0 34395 40
48 0 34396 32
3 1 34397 -1
13 0 34398 18
32 0 34399 26
50 0 34400 28
43 1 34401 -1
10 1 34402 -1
43 0 34403 24
57 0 34404 6
3 1 34405 -1
59 1 34406 -1
54 0 34407 32
2 0 34408 42
40 1 34409 -1
4 1 34410 -1
15 1 34411 -1
46 0 34412 46
10 1 34413 -1
1 1 34414 -1
15 0 34415 16
58 0 34416 12
46 0 34417 28
26 0 34418 8
14 0 34419 14
19 1 34420 -1
54 1 34421 -1
32 1 34422 -1
0 0 34423 0
36 1 34424 -1
7 0 34425 12
39 1 34426 -1
38 0 34427 18
35 1 34428 -1
8 1 34429 -1
17 0 34430 26
29 1 34431 -1
42 0 34432 28
20 1 34433 -1
40 0 34434 20
12 0 34435 0
54 1 34436 -1
53 1 34437 -1
16 0 34438 42
6 1 34439 -1
1 0 34440 2
37 1 34441 -1
23 1 34442 -1
33 0 34443 0
29 0 34444 40
53 0 34445 8
19 0 34446 34
36 1 34447 -1
41 1 34448 -1
40 0 34449 44
53 1 34450 -1
6 0 34451 16
34 0 34452 4
9 1 34453 -1
8 0 34454 16
57 1 34455 -1
0 0 34456 4
43 1 34457 -1
31 0 34458 46
11 1 34459 -1
30 1 34460 -1
29 1 34461 -1
55 0 34462 22
51 1 34463 -1
18 1 34464 -1
44 0 34465 10
9 1 34466 -1
48 0 34467 46
10 1 34468 -1
50 0 34469 44
37 0 34470 38
7 0 34471 44
1 1 34472 -1
12 1 34473 -1
22 1 34474 -1
35 0 34475 16
16 0 34476 42
46 1 34477 -1
9 1 34478 -1
26 0 34479 6
30 0 34480 16
9 0 34481 18
7 1 34482 -1
50 0 34483 38
7 1 34484 -1
21 0 34485 32
23 1 34486 -1
49 0 34487 22
52 1 34488 -1
12 1 34489 -1
19 1 34490 -1
16 0 34491 22
59 0 34492 44
52 0 34493 30
14 1 34494 -1
2 0 34495 22
10 0 34496 34
8 1 34497 -1
21 0 34498 4
41 1 34499 -1
7 0 34500 48
12 1 34501 -1
36 0 34502 6
56 1 34503 -1
8 0 34504 40
50 1 34505 -1
48 0 34506 28
11 1 34507 -1
32 0 34508 2
30 1 34509 -1
11 0 34510 24
34 1 34511 -1
14 1 34512 -1
15 1 34513 -1
1 0 34514 18
35 1 34515 -1
54 1 34516 -1
7 1 34517 -1
26 0 34518 12
39 0 34519 22
29 0 34520 10
15 0 34521 24
35 1 34522 -1
2 0 34523 6
1 0 34524 40
31 1 34525 -1
20 1 34526 -1
56 0 34527 26
43 1 34528 -1
58 0 34529 34
36 1 34530 -1
53 0 34531 8
26 0 34532 32
8 1 34533 -1
20 1 34534 -1
46 1 34535 -1
37 0 34536 0
29 1 34537 -1
32 0 34538 48
21 1 34539 -1
22 1 34540 -1
40 0 34541 42
20 0 34542 48
9 0 34543 36
49 0 34544 42
21 1 34545 -1
59 0 34546 40
21 1 34547 -1
18 1 34548 -1
37 1 34549 -1
17 1 34550 -1
44 0 34551 42
3 0 34552 46
26 1 34553 -1
41 0 34554 6
31 0 34555 2
45 1 34556 -1
4 1 34557 -1
11 0 34558 34
47 0 34559 34
41 1 34560 -1
55 1 34561 -1
41 1 34562 -1
12 1 34563 -1
41 0 34564 30
49 0 34565 14
37 0 34566 22
22 0 34567 34
40 0 34568 46
4 1 34569 -1
7 1 34570 -1
56 1 34571 -1
25 1 34572 -1
50 0 34573 12
48 0 34574 32
30 1 34575 -1
41 0 34576 28
45 1 34577 -1
25 1 34578 -1
57 0 34579 22
44 0 34580 48
53 1 34581 -1
33 0 34582 6
0 0 34583 28
17 0 34584 16
23 1 34585 -1
31 1 34586 -1
14 0 34587 46
0 0 34588 44
12 1 34589 -1
59 1 34590 -1
10 1 34591 -1
57 1 34592 -1
12 0 34593 16
24 0 34594 0
33 1 34595 -1
53 0 34596 38
3 1 34597 -1
3 0 34598 4
15 1 34599 -1
46 1 34600 -1
22 0 34601 26
30 0 34602 20
2 1 34603 -1
59 1 34604 -1
50 0 34605 8
45 0 34606 28
3 1 34607 -1
4 0 34608 2
38 0 34609 4
45 1 34610 -1
34 1 34611 -1
10 0 34612 36
31 1 34613 -1
10 0 34614 2
17 1 34615 -1
18 0 34616 48
12 0 34617 30
33 0 34618 46
56 1 34619 -1
40 0 34620 16
41 1 34621 -1
20 1 34622 -1
34 0 34623 6
50 1 34624 -1
31 0 34625 22
11 0 34626 10
5 0 34627 40
3 1 34628 -1
19 1 34629 -1
1 1 34630 -1
15 1 34631 -1
51 0 34632 28
26 1 34633 -1
2 1 34634 -1
52 0 34635 34
36 0 34636 36
27 1 34637 -1
57 0 34638 36
7 0 34639 8
40 0 34640 38
24 1 34641 -1
3 0 34642 0
11 1 34643 -1
23 1 34644 -1
56 1 34645 -1
18 0 34646 10
59 0 34647 0
22 0 34648 44
18 1 34649 -1
57 1 34650 -1
7 1 34651 -1
12 1 34652 -1
26 0 34653 48
11 1 34654 -1
36 0 34655 16
55 1 34656 -1
57 0 34657 6
55 1 34658 -1
10 0 34659 12
45 0 34660 22
48 1 34661 -1
15 0 34662 4
53 1 34663 -1
21 0 34664 38
23 1 34665 -1
3 1 34666 -1
22 0 34667 10
45 0 34668 8
15 0 34669 24
57 1 34670 -1
53 1 34671 -1
37 0 34672 38
18 1 34673 -1
45 1 34674 -1
19 0 34675 20
27 0 34676 22
17 1 34677 -1
26 0 34678 48
44 1 34679 -1
34 0 34680 44
20 1 34681 -1
46 0 34682 4
1 0 34683 30
3 1 34684 -1
46 0 34685 32
11 0 34686 30
15 1 34687 -1
3 1 34688 -1
15 0 34689 28
50 0 34690 24
40 1 34691 -1
37 0 34692 0
1 1 34693 -1
53 1 34694 -1
40 1 34695 -1
53 1 34696 -1
31 0 34697 6
55 0 34698 12
59 0 34699 40
30 0 34700 22
6 1 34701 -1
52 1 34702 -1
57 1 34703 -1
57 0 34704 10
52 1 34705 -1
55 1 34706 -1
20 0 34707 24
9 0 34708 4
1 0 34709 10
4 1 34710 -1
26 1 34711 -1
35 1 34712 -1
53 0 34713 42
35 1 34714 -1
0 0 34715 16
17 0 34716 24
54 0 34717 4
44 1 34718 -1
24 1 34719 -1
36 1 34720 -1
11 0 34721 24
25 0 34722 32
44 1 34723 -1
55 0 34724 40
29 1 34725 -1
56 0 34726 4
37 0 34727 2
47 1 34728 -1
40 1 34729 -1
4 0 34730 8
26 1 34731 -1
44 1 34732 -1
35 1 34733 -1
54 0 34734 12
50 0 34735 12
46 1 34736 -1
45 0 34737 40
32 0 34738 12
7 1 34739 -1
58 1 34740 -1
3 0 34741 40
10 0 34742 38
42 0 34743 22
41 1 34744 -1
7 0 34745 44
9 1 34746 -1
53 0 34747 6
43 1 34748 -1
41 0 34749 10
32 1 34750 -1
56 0 34751 44
33 1 34752 -1
36 0 34753 36
37 0 34754 34
33 1 34755 -1
9 1 34756 -1
6 0 34757 44
51 1 34758 -1
46 0 34759 46
19 0 34760 14
44 1 34761 -1
50 1 34762 -1
44 0 34763 26
4 0 34764 16
43 1 34765 -1
23 1 34766 -1
35 1 34767 -1
31 0 34768 20
45 0 34769 30
12 1 34770 -1
23 0 34771 42
2 0 34772 32
24 1 34773 -1
34 1 34774 -1
7 0 34775 12
54 1 34776 -1
7 0 34777 12
38 1 34778 -1
14 0 34779 4
37 0 34780 36
46 1 34781 -1
29 0 34782 10
1 1 34783 -1
48 0 34784 18
19 1 34785 -1
13 1 34786 -1
18 0 34787 48
29 0 34788 44
21 1 34789 -1
47 1 34790 -1
4 1 34791 -1
3 0 34792 38
30 1 34793 -1
18 0 34794 40
40 0 34795 22
58 1 34796 -1
41 1 34797 -1
21 1 34798 -1
4 1 34799 -1
54 1 34800 -1
32 0 34801 48
56 0 34802 40
25 0 34803 48
23 0 34804 2
26 0 34805 2
53 1 34806 -1
32 1 34807 -1
13 0 34808 22
41 0 34809 18
48 1 34810 -1
35 1 34811 -1
15 0 34812 40
49 1 34813 -1
30 0 34814 48
33 1 34815 -1
38 0 34816 22
57 1 34817 -1
49 0 34818 40
41 0 34819 42
4 1 34820 -1
48 1 34821 -1
34 0 34822 48
43 1 34823 -1
47 0 34824 34
3 0 34825 0
33 1 34826 -1
26 1 34827 -1
17 0 34828 16
50 0 34829 38
36 1 34830 -1
52 1 34831 -1
8 1 34832 -1
26 0 34833 24
25 1 34834 -1
19 0 34835 44
11 1 34836 -1
42 0 34837 42
25 1 34838 -1
25 1 34839 -1
21 1 34840 -1
21 0 34841 48
13 0 34842 6
31 0 34843 2
52 1 34844 -1
2 0 34845 12
1 0 34846 2
21 0 34847 36
47 0 34848 0
26 1 34849 -1
8 1 34850 -1
33 0 34851 38
29 0 34852 16
11 1 34853 -1
19 1 34854 -1
2 1 34855 -1
59 0 34856 46
9 0 34857 2
21 1 34858 -1
26 0 34859 46
55 1 34860 -1
8 0 34861 4
2 0 34862 14
7 1 34863 -1
20 1 34864 -1
24 1 34865 -1
9 1 34866 -1
21 0 34867 0
20 0 34868 28
17 1 34869 -1
5 1 34870 -1
3 0 34871 20
53 0 34872 0
47 0 34873 2
3 1 34874 -1
33 0 34875 38
13 0 34876 6
58 0 34877 38
4 1 34878 -1
10 1 34879 -1
17 1 34880 -1
0 0 34881 36
8 0 34882 36
29 1 34883 -1
32 1 34884 -1
55 1 34885 -1
8 0 34886 18
18 1 34887 -1
44 0 34888 48
40 0 34889 18
6 1 34890 -1
50 0 34891 30
29 0 34892 14
23 1 34893 -1
57 1 34894 -1
17 1 34895 -1
32 1 34896 -1
41 0 34897 38
18 0 34898 28
51 0 34899 20
8 1 34900 -1
10 1 34901 -1
42 1 34902 -1
2 0 34903 44
39 1 34904 -1
32 0 34905 46
20 0 34906 32
43 1 34907 -1
47 1 34908 -1
48 1 34909 -1
23 0 34910 2
18 1 34911 -1
42 1 34912 -1
30 0 34913 16
12 0 34914 18
14 1 34915 -1
6 0 34916 28
57 0 34917 42
44 0 34918 0
52 0 34919 24
21 0 34920 30
32 0 34921 12
17 0 34922 22
19 1 34923 -1
57 1 34924 -1
5 0 34925 6
52 1 34926 -1
55 1 34927 -1
53 0 34928 40
37 1 34929 -1
30 1 34930 -1
2 0 34931 12
26 1 34932 -1
24 0 34933 36
25 1 34934 -1
25 1 34935 -1
25 0 34936 38
25 0 34937 40
18 1 34938 -1
46 0 34939 16
1 1 34940 -1
59 1 34941 -1
23 0 34942 8
39 1 34943 -1
44 0 34944 28
49 0 34945 18
59 1 34946 -1
41 0 34947 6
12 1 34948 -1
58 0 34949 32
40 1 34950 -1
15 0 34951 48
20 0 34952 28
43 1 34953 -1
26 0 34954 0
33 1 34955 -1
31 1 34956 -1
33 1 34957 -1
38 1 34958 -1
9 0 34959 26
18 1 34960 -1
14 0 34961 38
28 1 34962 -1
36 0 34963 48
40 0 34964 40
43 0 34965 10
32 1 34966 -1
2 1 34967 -1
36 1 34968 -1
8 0 34969 2
19 1 34970 -1
25 0 34971 28
50 1 34972 -1
48 0 34973 2
39 0 34974 10
23 1 34975 -1
35 0 34976 10
40 1 34977 -1
53 0 34978 32
52 1 34979 -1
47 0 34980 34
19 0 34981 32
46 0 34982 46
37 1 34983 -1
5 0 34984 44
8 1 34985 -1
45 1 34986 -1
47 1 34987 -1
40 1 34988 -1
52 1 34989 -1
1 0 34990 30
50 0 34991 6
3 1 34992 -1
25 0 34993 8
48 1 34994 -1
8 0 34995 14
29 0 34996 46
47 0 34997 24
42 0 34998 18
50 1 34999 -1
55 1 35000 -1
9 1 35001 -1
37 0 35002 24
11 1 35003 -1
56 0 35004 36
56 0 35005 34
32 1 35006 -1
41 1 35007 -1
3 0 35008 22
56 1 35009 -1
37 0 35010 8
51 1 35011 -1
26 1 35012 -1
28 0 35013 34
21 1 35014 -1
13 0 35015 24
45 0 35016 18
38 0 35017 20
6 1 35018 -1
33 1 35019 -1
33 1 35020 -1
18 0 35021 40
51 0 35022 28
24 0 35023 26
18 1 35024 -1
56 1 35025 -1
34 1 35026 -1
18 0 35027 18
31 0 35028 2
3 1 35029 -1
46 1 35030 -1
48 0 35031 34
14 1 35032 -1
55 0 35033 26
54 0 35034 2
52 1 35035 -1
5 0 35036 6
18 0 35037 16
18 1 35038 -1
37 1 35039 -1
58 1 35040 -1
35 0 35041 24
2 0 35042 24
18 0 35043 0
30 1 35044 -1
8 1 35045 -1
52 0 35046 40
22 1 35047 -1
37 0 35048 32
10 0 35049 6
14 0 35050 18
26 1 35051 -1
8 1 35052 -1
24 0 35053 22
48 0 35054 42
7 0 35055 26
0 1 35056 -1
31 1 35057 -1
56 0 35058 46
17 1 35059 -1
55 1 35060 -1
29 1 35061 -1
15 0 35062 40
48 1 35063 -1
58 0 35064 48
55 0 35065 18
40 0 35066 48
20 1 35067 -1
48 1 35068 -1
44 1 35069 -1
36 1 35070 -1
44 1 35071 -1
0 0 35072 44
22 0 35073 42
4 0 35074 42
55 0 35075 30
44 0 35076 4
48 1 35077 -1
56 1 35078 -1
15 0 35079 20
39 1 35080 -1
26 0 35081 38
48 1 35082 -1
34 0 35083 32
12 0 35084 4
31 0 35085 38
58 1 35086 -1
17 1 35087 -1
45 1 35088 -1
43 1 35089 -1
24 0 35090 36
23 0 35091 28
13 1 35092 -1
50 0 35093 46
5 1 35094 -1
59 1 35095 -1
40 1 35096 -1
43 0 35097 10
56 0 35098 12
37 1 35099 -1
58 0 35100 4
12 0 35101 46
9 1 35102 -1
18 0 35103 36
34 1 35104 -1
21 0 35105 48
34 1 35106 -1
39 1 35107 -1
24 0 35108 46
37 0 35109 22
3 1 35110 -1
38 1 35111 -1
54 1 35112 -1
10 0 35113 18
57 1 35114 -1
38 0 35115 12
43 0 35116 18
29 0 35117 16
36 1 35118 -1
58 1 35119 -1
21 0 35120 14
9 0 35121 36
30 0 35122 6
50 1 35123 -1
43 0 35124 48
7 1 35125 -1
54 1 35126 -1
0 1 35127 -1
2 0 35128 0
43 1 35129 -1
20 0 35130 6
28 1 35131 -1
34 0 35132 44
50 1 35133 -1
32 1 35134 -1
0 0 35135 22
12 0 35136 12
56 0 35137 44
45 1 35138 -1
22 1 35139 -1
44 0 35140 10
6 0 35141 48
32 0 35142 0
26 1 35143 -1
45 1 35144 -1
39 0 35145 24
29 1 35146 -1
55 0 35147 38
53 1 35148 -1
12 1 35149 -1
4 0 35150 44
34 1 35151 -1
29 0 35152 4
26 1 35153 -1
9 0 35154 30
58 1 35155 -1
25 0 35156 16
59 0 35157 10
4 1 35158 -1
2 1 35159 -1
30 0 35160 42
23 0 35161 40
55 1 35162 -1
4 1 35163 -1
2 0 35164 22
22 1 35165 -1
57 0 35166 20
41 1 35167 -1
55 0 35168 40
30 1 35169 -1
55 1 35170 -1
29 0 35171 30
42 0 35172 34
13 0 35173 26
55 1 35174 -1
14 1 35175 -1
33 0 35176 46
51 1 35177 -1
5 0 35178 42
59 1 35179 -1
23 0 35180 24
17 0 35181 12
23 1 35182 -1
33 0 35183 34
35 1 35184 -1
57 0 35185 28
50 0 35186 6
42 1 35187 -1
42 1 35188 -1
22 0 35189 4
29 1 35190 -1
18 0 35191 36
54 1 35192 -1
50 0 35193 20
10 1 35194 -1
11 0 35195 40
48 1 35196 -1
45 0 35197 2
56 1 35198 -1
51 0 35199 38
9 1 35200 -1
37 1 35201 -1
47 1 35202 -1
14 0 35203 34
57 0 35204 40
58 0 35205 0
1 1 35206 -1
18 1 35207 -1
36 1 35208 -1
47 0 35209 4
8 0 35210 48
41 0 35211 0
48 1 35212 -1
5 0 35213 26
14 1 35214 -1
36 1 35215 -1
41 0 35216 4
35 0 35217 12
44 0 35218 6
39 1 35219 -1
1 0 35220 26
8 1 35221 -1
3 0 35222 6
8 1 35223 -1
18 0 35224 16
37 1 35225 -1
36 0 35226 44
42 1 35227 -1
15 1 35228 -1
36 0 35229 10
32 0 35230 16
59 1 35231 -1
10 1 35232 -1
20 0 35233 28
44 0 35234 2
21 1 35235 -1
45 1 35236 -1
17 1 35237 -1
36 0 35238 20
34 1 35239 -1
8 0 35240 32
4 1 35241 -1
11 1 35242 -1
32 0 35243 32
54 1 35244 -1
22 0 35245 36
9 0 35246 44
17 1 35247 -1
47 1 35248 -1
21 0 35249 28
57 0 35250 34
43 1 35251 -1
15 0 35252 46
52 0 35253 20
40 1 35254 -1
14 0 35255 20
12 1 35256 -1
47 1 35257 -1
21 0 35258 40
44 0 35259 10
21 1 35260 -1
18 1 35261 -1
40 0 35262 6
30 1 35263 -1
59 0 35264 8
20 0 35265 34
35 0 35266 18
0 1 35267 -1
44 1 35268 -1
45 1 35269 -1
43 1 35270 -1
29 0 35271 38
41 0 35272 2
41 0 35273 26
20 1 35274 -1
39 0 35275 48
43 1 35276 -1
55 0 35277 36
37 1 35278 -1
33 0 35279 24
54 1 35280 -1
23 0 35281 6
45 1 35282 -1
40 1 35283 -1
42 0 35284 48
15 1 35285 -1
25 0 35286 30
5 0 35287 2
51 1 35288 -1
11 0 35289 20
46 1 35290 -1
45 1 35291 -1
20 0 35292 40
51 1 35293 -1
42 0 35294 4
29 1 35295 -1
36 1 35296 -1
37 0 35297 16
40 0 35298 36
36 0 35299 28
23 1 35300 -1
20 1 35301 -1
54 1 35302 -1
46 0 35303 42
13 1 35304 -1
21 0 35305 12
43 0 35306 24
16 1 35307 -1
38 1 35308 -1
17 0 35309 20
40 0 35310 42
14 1 35311 -1
46 1 35312 -1
13 0 35313 24
58 0 35314 4
42 1 35315 -1
9 0 35316 10
55 1 35317 -1
11 1 35318 -1
38 0 35319 8
37 0 35320 32
41 1 35321 -1
5 0 35322 32
17 0 35323 48
19 1 35324 -1
11 1 35325 -1
9 0 35326 20
7 1 35327 -1
54 0 35328 8
48 0 35329 30
19 1 35330 -1
44 1 35331 -1
28 1 35332 -1
19 1 35333 -1
16 0 35334 26
12 0 35335 26
45 0 35336 26
32 1 35337 -1
40 0 35338 30
52 1 35339 -1
20 0 35340 12
43 1 35341 -1
56 0 35342 40
10 1 35343 -1
51 1 35344 -1
34 1 35345 -1
5 0 35346 8
12 0 35347 44
55 0 35348 2
51 1 35349 -1
4 1 35350 -1
17 0 35351 14
42 0 35352 24
8 0 35353 8
48 0 35354 40
26 1 35355 -1
17 0 35356 28
17 1 35357 -1
44 1 35358 -1
8 1 35359 -1
48 1 35360 -1
45 0 35361 8
34 0 35362 24
59 1 35363 -1
52 0 35364 34
58 0 35365 6
23 0 35366 46
54 1 35367 -1
48 0 35368 8
7 1 35369 -1
19 1 35370 -1
7 1 35371 -1
31 1 35372 -1
4 1 35373 -1
45 0 35374 26
8 1 35375 -1
39 0 35376 32
41 1 35377 -1
26 0 35378 26
12 1 35379 -1
33 0 35380 24
53 0 35381 38
35 0 35382 10
5 1 35383 -1
0 0 35384 6
56 1 35385 -1
44 0 35386 2
58 0 35387 14
44 1 35388 -1
47 0 35389 34
4 0 35390 44
52 1 35391 -1
36 0 35392 46
44 1 35393 -1
58 1 35394 -1
22 1 35395 -1
0 0 35396 14
58 0 35397 6
24 1 35398 -1
13 1 35399 -1
23 1 35400 -1
28 0 35401 30
31 0 35402 34
11 0 35403 4
8 1 35404 -1
9 0 35405 2
59 1 35406 -1
55 0 35407 22
30 0 35408 38
35 1 35409 -1
54 0 35410 12
55 1 35411 -1
24 1 35412 -1
43 1 35413 -1
43 0 35414 22
36 0 35415 14
22 1 35416 -1
26 1 35417 -1
20 0 35418 26
6 1 35419 -1
57 1 35420 -1
54 0 35421 34
52 1 35422 -1
13 1 35423 -1
58 0 35424 2
4 0 35425 34
10 0 35426 4
13 0 35427 12
12 1 35428 -1
7 0 35429 18
10 1 35430 -1
5 0 35431 2
6 0 35432 34
50 1 35433 -1
4 1 35434 -1
58 0 35435 14
19 1 35436 -1
28 1 35437 -1
47 0 35438 16
57 1 35439 -1
15 1 35440 -1
29 0 35441 26
0 1 35442 -1
50 0 35443 20
14 0 35444 12
54 1 35445 -1
3 1 35446 -1
18 0 35447 42
29 0 35448 12
10 1 35449 -1
38 1 35450 -1
40 0 35451 18
24 0 35452 38
10 1 35453 -1
22 0 35454 2
45 1 35455 -1
5 0 35456 46
12 0 35457 10
59 0 35458 6
28 1 35459 -1
37 1 35460 -1
26 0 35461 34
0 1 35462 -1
22 1 35463 -1
17 1 35464 -1
19 0 35465 46
26 0 35466 40
15 1 35467 -1
9 1 35468 -1
12 0 35469 48
57 0 35470 36
6 1 35471 -1
26 1 35472 -1
7 0 35473 46
42 0 35474 12
55 0 35475 18
28 1 35476 -1
23 0 35477 14
41 0 35478 8
56 1 35479 -1
24 1 35480 -1
55 0 35481 42
31 1 35482 -1
58 1 35483 -1
34 0 35484 22
0 1 35485 -1
43 0 35486 16
1 1 35487 -1
18 0 35488 48
44 0 35489 2
51 0 35490 42
12 1 35491 -1
5 1 35492 -1
48 0 35493 32
39 0 35494 20
52 1 35495 -1
56 0 35496 36
54 1 35497 -1
40 1 35498 -1
23 1 35499 -1
15 0 35500 40
59 1 35501 -1
35 0 35502 44
28 1 35503 -1
10 0 35504 38
40 1 35505 -1
32 0 35506 12
58 0 35507 2
56 0 35508 14
45 0 35509 48
23 1 35510 -1
7 1 35511 -1
58 1 35512 -1
50 1 35513 -1
10 1 35514 -1
46 0 35515 12
58 1 35516 -1
15 0 35517 38
12 0 35518 20
32 0 35519 48
34 1 35520 -1
40 0 35521 34
30 1 35522 -1
55 1 35523 -1
23 0 35524 26
8 0 35525 26
31 0 35526 22
11 1 35527 -1
41 0 35528 6
11 0 35529 12
16 1 35530 -1
49 1 35531 -1
53 1 35532 -1
37 1 35533 -1
42 0 35534 26
44 1 35535 -1
49 0 35536 22
49 1 35537 -1
4 1 35538 -1
1 0 35539 24
25 0 35540 48
55 0 35541 16
48 0 35542 12
59 1 35543 -1
22 0 35544 16
24 1 35545 -1
2 1 35546 -1
4 1 35547 -1
34 0 35548 4
49 0 35549 28
9 0 35550 8
45 1 35551 -1
36 1 35552 -1
15 0 35553 14
41 1 35554 -1
54 1 35555 -1
24 0 35556 30
36 0 35557 36
30 1 35558 -1
51 0 35559 4
29 1 35560 -1
42 1 35561 -1
23 0 35562 34
28 0 35563 32
53 1 35564 -1
47 1 35565 -1
23 0 35566 16
37 0 35567 4
49 1 35568 -1
19 0 35569 24
4 1 35570 -1
40 0 35571 6
42 1 35572 -1
37 1 35573 -1
50 0 35574 4
18 0 35575 38
42 0 35576 38
58 1 35577 -1
34 1 35578 -1
53 1 35579 -1
16 0 35580 14
19 1 35581 -1
19 0 35582 20
22 1 35583 -1
26 0 35584 38
58 1 35585 -1
18 0 35586 18
31 1 35587 -1
17 0 35588 0
57 1 35589 -1
31 0 35590 12
22 1 35591 -1
53 0 35592 42
30 0 35593 44
14 1 35594 -1
23 0 35595 12
0 1 35596 -1
24 1 35597 -1
53 1 35598 -1
5 1 35599 -1
29 0 35600 22
26 0 35601 20
40 0 35602 6
51 0 35603 20
18 1 35604 -1
3 0 35605 18
26 1 35606 -1
45 1 35607 -1
34 0 35608 0
37 1 35609 -1
49 1 35610 -1
2 1 35611 -1
39 1 35612 -1
59 0 35613 12
8 0 35614 46
6 0 35615 30
40 0 35616 28
0 0 35617 4
13 1 35618 -1
54 0 35619 38
48 1 35620 -1
1 1 35621 -1
44 0 35622 32
47 0 35623 2
0 0 35624 16
47 1 35625 -1
0 0 35626 6
41 1 35627 -1
47 1 35628 -1
12 0 35629 42
20 1 35630 -1
19 0 35631 34
4 1 35632 -1
12 0 35633 40
30 1 35634 -1
47 1 35635 -1
4 0 35636 26
58 0 35637 36
52 0 35638 24
47 1 35639 -1
41 0 35640 0
37 1 35641 -1
55 1 35642 -1
4 1 35643 -1
33 0 35644 18
44 0 35645 2
52 0 35646 48
57 1 35647 -1
22 0 35648 32
1 1 35649 -1
16 1 35650 -1
22 1 35651 -1
30 0 35652 36
40 0 35653 26
9 1 35654 -1
9 0 35655 30
37 1 35656 -1
18 0 35657 16
0 0 35658 20
24 1 35659 -1
33 0 35660 46
42 1 35661 -1
24 1 35662 -1
15 1 35663 -1
58 1 35664 -1
16 0 35665 42
59 0 35666 46
22 0 35667 10
33 1 35668 -1
19 0 35669 36
20 0 35670 30
6 1 35671 -1
43 1 35672 -1
2 0 35673 36
0 1 35674 -1
15 0 35675 48
38 1 35676 -1
17 0 35677 38
34 0 35678 48
7 1 35679 -1
30 0 35680 0
52 0 35681 24
30 1 35682 -1
30 1 35683 -1
6 1 35684 -1
14 1 35685 -1
5 1 35686 -1
35 1 35687 -1
45 0 35688 32
28 0 35689 4
8 0 35690 40
42 0 35691 24
55 1 35692 -1
34 0 35693 36
59 0 35694 2
48 1 35695 -1
50 1 35696 -1
53 0 35697 46
30 1 35698 -1
57 1 35699 -1
1 0 35700 32
41 1 35701 -1
41 0 35702 48
57 1 35703 -1
53 0 35704 24
46 0 35705 40
50 0 35706 44
24 1 35707 -1
33 0 35708 28
57 1 35709 -1
11 1 35710 -1
32 1 35711 -1
55 0 35712 38
28 0 35713 26
22 1 35714 -1
55 1 35715 -1
37 1 35716 -1
49 0 35717 16
4 0 35718 8
48 0 35719 26
50 1 35720 -1
42 1 35721 -1
41 0 35722 40
26 1 35723 -1
30 0 35724 38
32 0 35725 48
23 1 35726 -1
41 0 35727 28
44 0 35728 18
58 1 35729 -1
38 1 35730 -1
58 0 35731 14
59 0 35732 40
16 1 35733 -1
50 1 35734 -1
41 1 35735 -1
21 1 35736 -1
37 0 35737 36
1 0 35738 28
41 0 35739 36
38 0 35740 0
10 1 35741 -1
59 0 35742 4
53 1 35743 -1
48 1 35744 -1
27 1 35745 -1
12 1 35746 -1
59 0 35747 0
29 1 35748 -1
3 0 35749 24
38 0 35750 8
17 0 35751 20
2 1 35752 -1
44 0 35753 4
4 1 35754 -1
53 0 35755 34
32 1 35756 -1
29 0 35757 40
57 0 35758 42
56 1 35759 -1
48 1 35760 -1
45 0 35761 42
38 1 35762 -1
32 1 35763 -1
21 0 35764 34
47 1 35765 -1
53 0 35766 0
36 1 35767 -1
26 0 35768 32
55 0 35769 18
32 0 35770 10
45 1 35771 -1
19 0 35772 0
49 0 35773 34
24 0 35774 2
31 1 35775 -1
54 1 35776 -1
10 0 35777 44
39 1 35778 -1
56 1 35779 -1
24 1 35780 -1
32 0 35781 24
52 0 35782 34
13 1 35783 -1
27 0 35784 0
28 1 35785 -1
10 0 35786 34
28 1 35787 -1
20 1 35788 -1
37 0 35789 16
32 1 35790 -1
15 1 35791 -1
22 1 35792 -1
43 0 35793 46
7 0 35794 0
9 0 35795 32
36 0 35796 8
42 0 35797 26
21 1 35798 -1
18 1 35799 -1
59 0 35800 18
45 1 35801 -1
2 1 35802 -1
57 1 35803 -1
30 0 35804 20
43 0 35805 2
32 0 35806 40
26 1 35807 -1
0 0 35808 26
35 1 35809 -1
2 1 35810 -1
51 1 35811 -1
18 0 35812 8
38 0 35813 36
56 1 35814 -1
7 1 35815 -1
41 1 35816 -1
51 0 35817 6
10 1 35818 -1
25 1 35819 -1
12 0 35820 42
22 0 35821 30
37 0 35822 10
47 0 35823 6
37 0 35824 38
55 1 35825 -1
14 1 35826 -1
16 1 35827 -1
13 0 35828 0
0 0 35829 46
41 0 35830 4
45 1 35831 -1
20 0 35832 20
28 1 35833 -1
12 1 35834 -1
24 0 35835 4
15 1 35836 -1
16 0 35837 6
37 1 35838 -1
35 0 35839 8
46 0 35840 10
34 1 35841 -1
48 1 35842 -1
53 1 35843 -1
16 0 35844 18
39 1 35845 -1
55 1 35846 -1
54 0 35847 38
30 0 35848 36
51 1 35849 -1
6 0 35850 24
2 1 35851 -1
48 0 35852 12
33 1 35853 -1
8 1 35854 -1
37 0 35855 40
33 1 35856 -1
6 0 35857 8
58 0 35858 18
3 1 35859 -1
14 0 35860 44
2 0 35861 30
17 1 35862 -1
33 1 35863 -1
30 1 35864 -1
19 0 35865 30
12 1 35866 -1
21 0 35867 16
47 1 35868 -1
56 0 35869 22
9 0 35870 26
16 1 35871 -1
16 0 35872 4
10 0 35873 2
36 1 35874 -1
22 1 35875 -1
24 0 35876 46
44 1 35877 -1
23 0 35878 18
35 1 35879 -1
1 1 35880 -1
26 0 35881 2
45 1 35882 -1
36 0 35883 36
25 0 35884 12
20 1 35885 -1
39 0 35886 8
7 1 35887 -1
33 1 35888 -1
44 0 35889 28
53 1 35890 -1
51 0 35891 34
53 0 35892 42
30 0 35893 32
7 0 35894 36
50 1 35895 -1
37 0 35896 22
28 1 35897 -1
5 0 35898 30
17 1 35899 -1
57 1 35900 -1
13 0 35901 18
25 1 35902 -1
48 1 35903 -1
43 1 35904 -1
45 0 35905 28
33 0 35906 14
54 0 35907 14
52 0 35908 26
37 1 35909 -1
59 1 35910 -1
22 0 35911 32
10 1 35912 -1
48 0 35913 26
17 1 35914 -1
56 0 35915 12
7 1 35916 -1
11 0 35917 2
55 1 35918 -1
56 0 35919 38
47 0 35920 48
24 1 35921 -1
11 1 35922 -1
51 1 35923 -1
31 0 35924 48
1 1 35925 -1
16 1 35926 -1
0 0 35927 38
33 1 35928 -1
25 0 35929 12
39 0 35930 44
44 1 35931 -1
54 0 35932 12
43 1 35933 -1
33 0 35934 18
13 1 35935 -1
59 1 35936 -1
22 0 35937 34
17 0 35938 24
23 0 35939 36
51 1 35940 -1
51 0 35941 2
53 1 35942 -1
43 0 35943 14
51 1 35944 -1
49 1 35945 -1
39 0 35946 30
19 0 35947 24
6 1 35948 -1
28 1 35949 -1
13 0 35950 38
16 0 35951 46
49 1 35952 -1
51 0 35953 8
30 1 35954 -1
35 0 35955 8
55 0 35956 2
48 0 35957 0
48 1 35958 -1
48 1 35959 -1
11 0 35960 26
45 1 35961 -1
11 1 35962 -1
22 1 35963 -1
34 0 35964 18
52 1 35965 -1
49 0 35966 8
40 0 35967 4
3 0 35968 22
20 1 35969 -1
48 1 35970 -1
14 0 35971 8
5 1 35972 -1
19 1 35973 -1
40 1 35974 -1
28 0 35975 24
26 1 35976 -1
10 0 35977 12
40 1 35978 -1
24 0 35979 2
50 0 35980 48
44 0 35981 2
5 1 35982 -1
45 1 35983 -1
17 1 35984 -1
53 0 35985 36
25 0 35986 10
14 0 35987 16
9 1 35988 -1
0 0 35989 6
29 1 35990 -1
25 0 35991 12
48 1 35992 -1
0 0 35993 30
26 1 35994 -1
11 0 35995 32
34 1 35996 -1
56 1 35997 -1
31 1 35998 -1
59 1 35999 -1
22 0 36000 12
12 0 36001 4
42 1 36002 -1
56 1 36003 -1
11 0 36004 8
23 0 36005 40
35 0 36006 0
49 0 36007 24
0 0 36008 26
29 0 36009 44
3 0 36010 42
5 1 36011 -1
12 1 36012 -1
45 1 36013 -1
18 1 36014 -1
30 1 36015 -1
7 0 36016 28
30 1 36017 -1
53 0 36018 22
25 0 36019 2
31 1 36020 -1
59 1 36021 -1
35 0 36022 28
17 0 36023 8
30 1 36024 -1
8 0 36025 6
5 1 36026 -1
59 1 36027 -1
30 0 36028 8
34 1 36029 -1
51 0 36030 18
24 0 36031 26
57 0 36032 6
8 1 36033 -1
33 0 36034 4
20 1 36035 -1
8 0 36036 16
5 0 36037 4
3 1 36038 -1
47 1 36039 -1
43 1 36040 -1
11 1 36041 -1
30 0 36042 22
13 0 36043 48
52 1 36044 -1
36 1 36045 -1
58 1 36046 -1
24 0 36047 8
37 1 36048 -1
36 0 36049 44
35 1 36050 -1
8 0 36051 10
18 0 36052 42
57 0 36053 20
39 1 36054 -1
45 0 36055 2
6 1 36056 -1
17 0 36057 20
56 1 36058 -1
55 0 36059 16
34 1 36060 -1
37 0 36061 38
20 1 36062 -1
37 1 36063 -1
2 0 36064 6
39 0 36065 40
2 1 36066 -1
38 0 36067 0
50 0 36068 30
30 1 36069 -1
53 1 36070 -1
49 1 36071 -1
50 0 36072 22
20 1 36073 -1
10 0 36074 24
37 0 36075 2
18 1 36076 -1
53 1 36077 -1
42 0 36078 24
24 0 36079 34
53 1 36080 -1
11 1 36081 -1
45 0 36082 44
47 0 36083 30
5 1 36084 -1
3 0 36085 34
7 1 36086 -1
19 0 36087 12
3 1 36088 -1
10 1 36089 -1
21 1 36090 -1
57 0 36091 32
30 0 36092 34
51 0 36093 12
49 1 36094 -1
11 0 36095 34
21 1 36096 -1
48 0 36097 0
59 0 36098 26
2 1 36099 -1
57 1 36100 -1
7 0 36101 20
59 1 36102 -1
42 0 36103 38
37 1 36104 -1
23 1 36105 -1
24 0 36106 10
44 1 36107 -1
2 0 36108 32
22 0 36109 10
27 1 36110 -1
57 1 36111 -1
49 0 36112 38
49 0 36113 28
55 0 36114 12
58 1 36115 -1
5 1 36116 -1
26 0 36117 0
43 0 36118 44
58 1 36119 -1
34 1 36120 -1
52 1 36121 -1
35 0 36122 16
38 1 36123 -1
42 1 36124 -1
4 0 36125 42
52 0 36126 16
15 1 36127 -1
18 0 36128 6
47 0 36129 26
22 0 36130 36
50 1 36131 -1
11 1 36132 -1
48 0 36133 36
27 0 36134 28
47 1 36135 -1
46 1 36136 -1
5 1 36137 -1
31 1 36138 -1
2 0 36139 28
25 1 36140 -1
37 0 36141 12
56 0 36142 42
44 0 36143 2
4 1 36144 -1
26 0 36145 30
46 1 36146 -1
18 1 36147 -1
47 0 36148 0
30 0 36149 30
10 1 36150 -1
28 1 36151 -1
14 1 36152 -1
17 0 36153 28
11 1 36154 -1
21 1 36155 -1
26 0 36156 38
34 1 36157 -1
33 0 36158 32
23 0 36159 10
16 1 36160 -1
28 0 36161 32
52 0 36162 40
47 1 36163 -1
8 1 36164 -1
28 0 36165 44
16 0 36166 32
2 1 36167 -1
47 0 36168 46
41 1 36169 -1
58 1 36170 -1
21 0 36171 6
15 0 36172 0
52 0 36173 2
53 0 36174 42
3 1 36175 -1
3 1 36176 -1
42 1 36177 -1
33 0 36178 8
45 0 36179 36
43 1 36180 -1
28 1 36181 -1
52 0 36182 20
30 1 36183 -1
23 1 36184 -1
1 0 36185 24
6 1 36186 -1
35 0 36187 10
9 0 36188 18
28 0 36189 10
2 1 36190 -1
59 0 36191 38
55 0 36192 24
6 1 36193 -1
39 1 36194 -1
58 1 36195 -1
33 0 36196 16
35 0 36197 14
14 1 36198 -1
3 0 36199 44
19 0 36200 34
29 1 36201 -1
36 1 36202 -1
43 1 36203 -1
6 0 36204 18
10 0 36205 2
47 0 36206 12
58 1 36207 -1
22 1 36208 -1
48 0 36209 6
41 0 36210 2
7 0 36211 42
39 0 36212 6
33 1 36213 -1
40 1 36214 -1
6 1 36215 -1
45 0 36216 22
18 1 36217 -1
8 1 36218 -1
43 0 36219 20
54 0 36220 0
36 1 36221 -1
3 1 36222 -1
57 1 36223 -1
33 0 36224 24
53 1 36225 -1
46 0 36226 2
12 1 36227 -1
2 1 36228 -1
25 0 36229 38
18 1 36230 -1
29 0 36231 10
21 0 36232 46
42 0 36233 32
22 1 36234 -1
50 1 36235 -1
56 0 36236 28
59 1 36237 -1
32 1 36238 -1
22 0 36239 38
53 0 36240 48
30 1 36241 -1
17 1 36242 -1
17 0 36243 12
53 0 36244 2
4 1 36245 -1
28 0 36246 28
32 0 36247 42
19 1 36248 -1
14 0 36249 4
1 0 36250 30
5 1 36251 -1
55 1 36252 -1
40 1 36253 -1
45 0 36254 0
31 0 36255 16
22 0 36256 16
59 1 36257 -1
54 1 36258 -1
11 0 36259 28
4 1 36260 -1
19 0 36261 16
48 1 36262 -1
15 1 36263 -1
32 1 36264 -1
45 0 36265 28
15 0 36266 38
2 1 36267 -1
26 0 36268 6
38 0 36269 2
23 1 36270 -1
53 0 36271 26
24 1 36272 -1
14 1 36273 -1
25 1 36274 -1
21 0 36275 46
6 0 36276 48
42 1 36277 -1
27 1 36278 -1
58 0 36279 16
47 0 36280 20
46 1 36281 -1
8 0 36282 8
11 0 36283 20
41 1 36284 -1
0 1 36285 -1
40 0 36286 38
46 1 36287 -1
41 0 36288 36
58 0 36289 42
49 1 36290 -1
24 1 36291 -1
5 0 36292 4
8 0 36293 32
8 1 36294 -1
6 1 36295 -1
23 0 36296 20
21 1 36297 -1
21 1 36298 -1
21 0 36299 22
50 0 36300 0
22 1 36301 -1
46 1 36302 -1
30 0 36303 40
0 1 36304 -1
57 0 36305 30
48 1 36306 -1
41 1 36307 -1
0 1 36308 -1
18 0 36309 34
22 0 36310 46
45 0 36311 40
10 0 36312 26
6 1 36313 -1
58 0 36314 20
10 0 36315 14
19 1 36316 -1
45 0 36317 0
45 1 36318 -1
35 1 36319 -1
54 0 36320 2
7 1 36321 -1
16 1 36322 -1
31 0 36323 2
59 0 36324 2
4 1 36325 -1
18 1 36326 -1
5 0 36327 38
18 0 36328 4
18 0 36329 38
5 1 36330 -1
28 0 36331 32
38 1 36332 -1
11 0 36333 2
37 0 36334 16
0 1 36335 -1
31 1 36336 -1
12 0 36337 24
44 1 36338 -1
45 0 36339 28
2 1 36340 -1
28 0 36341 28
40 1 36342 -1
42 0 36343 38
54 0 36344 22
23 1 36345 -1
47 0 36346 4
0 1 36347 -1
54 1 36348 -1
20 0 36349 18
31 1 36350 -1
45 1 36351 -1
59 0 36352 44
58 1 36353 -1
2 0 36354 40
47 1 36355 -1
41 0 36356 26
34 1 36357 -1
5 0 36358 18
38 0 36359 36
0 0 36360 36
11 0 36361 18
41 1 36362 -1
45 1 36363 -1
51 1 36364 -1
6 1 36365 -1
45 0 36366 38
58 0 36367 0
26 1 36368 -1
14 0 36369 34
37 0 36370 20
49 0 36371 30
58 1 36372 -1
43 1 36373 -1
11 0 36374 44
15 1 36375 -1
56 1 36376 -1
6 1 36377 -1
34 0 36378 42
18 0 36379 14
8 1 36380 -1
59 1 36381 -1
41 0 36382 36
23 1 36383 -1
24 0 36384 22
24 1 36385 -1
4 0 36386 6
27 0 36387 48
21 1 36388 -1
22 1 36389 -1
26 1 36390 -1
4 0 36391 24
21 1 36392 -1
42 0 36393 10
34 0 36394 20
25 0 36395 8
17 1 36396 -1
49 1 36397 -1
54 1 36398 -1
24 0 36399 18
52 0 36400 42
25 1 36401 -1
44 0 36402 22
11 1 36403 -1
35 0 36404 42
20 1 36405 -1
31 1 36406 -1
22 0 36407 48
57 0 36408 18
46 0 36409 28
32 1 36410 -1
25 1 36411 -1
50 0 36412 28
40 0 36413 42
7 1 36414 -1
20 0 36415 4
44 1 36416 -1
25 0 36417 36
31 1 36418 -1
30 0 36419 4
32 0 36420 8
50 1 36421 -1
17 1 36422 -1
5 1 36423 -1
31 0 36424 28
51 1 36425 -1
46 0 36426 20
32 1 36427 -1
52 0 36428 42
30 0 36429 12
7 0 36430 36
57 0 36431 24
11 1 36432 -1
44 0 36433 44
52 0 36434 16
0 0 36435 2
51 1 36436 -1
42 1 36437 -1
28 1 36438 -1
21 0 36439 34
37 1 36440 -1
12 1 36441 -1
1 1 36442 -1
20 1 36443 -1
1 0 36444 32
17 1 36445 -1
17 1 36446 -1
5 0 36447 38
7 1 36448 -1
4 1 36449 -1
8 0 36450 36
21 0 36451 30
51 1 36452 -1
16 0 36453 48
11 0 36454 16
26 0 36455 28
11 0 36456 36
25 1 36457 -1
47 0 36458 34
25 0 36459 26
38 1 36460 -1
4 1 36461 -1
50 1 36462 -1
36 1 36463 -1
56 0 36464 14
48 0 36465 48
58 1 36466 -1
5 1 36467 -1
23 1 36468 -1
26 0 36469 2
5 0 36470 6
9 1 36471 -1
0 0 36472 32
23 1 36473 -1
48 0 36474 12
21 1 36475 -1
17 0 36476 0
18 1 36477 -1
5 0 36478 46
8 0 36479 2
12 0 36480 48
37 1 36481 -1
32 1 36482 -1
12 1 36483 -1
30 0 36484 6
47 1 36485 -1
20 0 36486 4
36 0 36487 36
17 1 36488 -1
20 0 36489 46
58 1 36490 -1
58 0 36491 40
27 1 36492 -1
44 1 36493 -1
33 1 36494 -1
32 0 36495 44
32 1 36496 -1
47 0 36497 12
1 1 36498 -1
47 0 36499 18
28 0 36500 14
27 0 36501 46
56 0 36502 8
33 1 36503 -1
11 1 36504 -1
41 1 36505 -1
21 0 36506 26
18 0 36507 34
28 0 36508 4
40 1 36509 -1
52 0 36510 42
28 1 36511 -1
36 1 36512 -1
52 0 36513 18
3 1 36514 -1
28 0 36515 28
9 1 36516 -1
59 0 36517 18
1 1 36518 -1
32 0 36519 42
37 1 36520 -1
30 0 36521 38
14 1 36522 -1
0 1 36523 -1
25 0 36524 36
11 0 36525 30
47 1 36526 -1
9 1 36527 -1
25 0 36528 22
12 0 36529 12
22 1 36530 -1
16 1 36531 -1
34 0 36532 14
22 1 36533 -1
44 0 36534 18
28 0 36535 6
9 1 36536 -1
5 0 36537 6
22 1 36538 -1
9 1 36539 -1
48 1 36540 -1
34 0 36541 36
20 1 36542 -1
9 0 36543 26
0 0 36544 42
22 0 36545 46
34 1 36546 -1
58 1 36547 -1
50 1 36548 -1
48 0 36549 34
9 0 36550 32
48 1 36551 -1
40 0 36552 42
22 0 36553 2
45 0 36554 8
23 0 36555 18
54 1 36556 -1
50 1 36557 -1
36 1 36558 -1
14 0 36559 28
14 0 36560 12
24 1 36561 -1
11 1 36562 -1
10 0 36563 6
0 1 36564 -1
49 1 36565 -1
45 0 36566 12
23 0 36567 14
59 0 36568 40
38 0 36569 46
3 0 36570 46
36 0 36571 14
29 1 36572 -1
0 1 36573 -1
5 1 36574 -1
53 1 36575 -1
46 1 36576 -1
58 0 36577 44
55 1 36578 -1
26 1 36579 -1
11 0 36580 10
10 1 36581 -1
15 0 36582 38
37 0 36583 28
31 0 36584 44
18 1 36585 -1
58 1 36586 -1
40 0 36587 6
16 1 36588 -1
46 1 36589 -1
24 1 36590 -1
2 0 36591 16
55 0 36592 38
18 0 36593 48
49 0 36594 8
44 1 36595 -1
22 1 36596 -1
3 1 36597 -1
4 0 36598 36
34 0 36599 24
13 1 36600 -1
27 1 36601 -1
54 0 36602 34
17 0 36603 46
46 1 36604 -1
48 0 36605 14
51 0 36606 2
42 1 36607 -1
57 1 36608 -1
24 1 36609 -1
2 1 36610 -1
50 0 36611 38
6 0 36612 34
24 1 36613 -1
58 1 36614 -1
7 1 36615 -1
29 0 36616 12
46 0 36617 36
3 1 36618 -1
0 0 36619 20
24 0 36620 2
42 0 36621 10
59 0 36622 14
32 1 36623 -1
13 1 36624 -1
6 0 36625 26
41 1 36626 -1
30 1 36627 -1
9 0 36628 4
22 1 36629 -1
54 1 36630 -1
57 0 36631 18
4 0 36632 0
0 0 36633 46
41 0 36634 48
27 1 36635 -1
9 0 36636 40
30 1 36637 -1
36 0 36638 16
59 1 36639 -1
23 1 36640 -1
31 1 36641 -1
23 0 36642 28
57 0 36643 10
49 1 36644 -1
9 0 36645 2
24 1 36646 -1
33 0 36647 22
6 1 36648 -1
37 1 36649 -1
57 1 36650 -1
12 0 36651 16
23 0 36652 48
51 0 36653 28
9 1 36654 -1
35 1 36655 -1
43 0 36656 4
12 1 36657 -1
22 0 36658 24
12 1 36659 -1
25 0 36660 16
16 1 36661 -1
2 0 36662 2
1 0 36663 26
15 0 36664 22
6 1 36665 -1
38 1 36666 -1
11 1 36667 -1
6 0 36668 40
0 0 36669 14
27 1 36670 -1
38 1 36671 -1
26 0 36672 44
51 0 36673 16
9 0 36674 10
31 1 36675 -1
53 0 36676 40
36 0 36677 48
47 1 36678 -1
50 1 36679 -1
19 1 36680 -1
1 0 36681 24
21 1 36682 -1
5 1 36683 -1
27 0 36684 34
27 0 36685 36
37 1 36686 -1
6 0 36687 20
46 1 36688 -1
59 1 36689 -1
39 1 36690 -1
22 0 36691 42
17 0 36692 26
25 1 36693 -1
31 0 36694 34
17 0 36695 40
47 1 36696 -1
45 1 36697 -1
5 0 36698 46
38 1 36699 -1
59 1 36700 -1
55 1 36701 -1
23 0 36702 8
21 1 36703 -1
15 0 36704 44
6 0 36705 28
32 1 36706 -1
21 0 36707 10
11 0 36708 28
7 0 36709 36
17 1 36710 -1
40 0 36711 10
18 1 36712 -1
16 0 36713 10
4 1 36714 -1
35 0 36715 10
18 1 36716 -1
6 1 36717 -1
37 1 36718 -1
54 0 36719 42
49 0 36720 10
46 1 36721 -1
14 1 36722 -1
35 1 36723 -1
39 0 36724 8
38 0 36725 24
5 0 36726 2
48 1 36727 -1
37 0 36728 22
29 1 36729 -1
54 0 36730 40
33 0 36731 38
31 1 36732 -1
0 1 36733 -1
10 0 36734 10
4 1 36735 -1
54 0 36736 30
17 1 36737 -1
23 0 36738 34
5 1 36739 -1
36 0 36740 42
28 1 36741 -1
30 0 36742 28
0 1 36743 -1
12 0 36744 48
36 1 36745 -1
26 1 36746 -1
12 1 36747 -1
45 0 36748 36
50 0 36749 8
35 0 36750 46
20 0 36751 40
10 1 36752 -1
29 1 36753 -1
4 1 36754 -1
26 0 36755 20
0 0 36756 44
59 1 36757 -1
43 0 36758 44
27 1 36759 -1
12 1 36760 -1
4 0 36761 38
10 0 36762 48
10 0 36763 32
54 1 36764 -1
7 0 36765 0
58 0 36766 0
57 0 36767 24
29 1 36768 -1
16 1 36769 -1
2 1 36770 -1
40 1 36771 -1
55 0 36772 22
18 0 36773 0
18 0 36774 18
47 0 36775 30
20 1 36776 -1
39 1 36777 -1
12 1 36778 -1
22 0 36779 46
4 1 36780 -1
55 0 36781 20
28 1 36782 -1
20 0 36783 24
44 0 36784 4
53 1 36785 -1
40 1 36786 -1
27 1 36787 -1
7 0 36788 48
21 1 36789 -1
42 0 36790 32
24 1 36791 -1
26 1 36792 -1
21 0 36793 10
25 0 36794 44
51 0 36795 36
24 1 36796 -1
38 0 36797 32
22 1 36798 -1
32 0 36799 0
5 0 36800 30
43 1 36801 -1
15 1 36802 -1
34 1 36803 -1
44 1 36804 -1
37 0 36805 14
20 0 36806 30
2 0 36807 46
58 1 36808 -1
4 0 36809 46
37 1 36810 -1
21 1 36811 -1
29 1 36812 -1
20 0 36813 10
27 0 36814 20
19 0 36815 6
5 1 36816 -1
2 1 36817 -1
26 0 36818 8
50 0 36819 34
28 0 36820 38
43 1 36821 -1
38 0 36822 12
19 1 36823 -1
21 1 36824 -1
19 1 36825 -1
16 1 36826 -1
27 1 36827 -1
19 0 36828 0
40 0 36829 32
16 1 36830 -1
3 0 36831 40
56 1 36832 -1
28 0 36833 4
58 0 36834 42
6 1 36835 -1
56 0 36836 14
29 1 36837 -1
42 1 36838 -1
39 0 36839 18
46 1 36840 -1
50 0 36841 34
45 1 36842 -1
7 0 36843 20
47 1 36844 -1
44 0 36845 10
24 0 36846 48
45 1 36847 -1
40 0 36848 6
18 1 36849 -1
25 1 36850 -1
48 0 36851 12
29 0 36852 48
7 1 36853 -1
15 1 36854 -1
25 0 36855 38
1 1 36856 -1
27 0 36857 16
57 0 36858 24
43 1 36859 -1
40 0 36860 30
58 0 36861 24
44 1 36862 -1
19 1 36863 -1
0 0 36864 8
25 0 36865 20
1 1 36866 -1
59 1 36867 -1
29 0 36868 24
42 0 36869 38
50 1 36870 -1
24 0 36871 44
56 1 36872 -1
17 1 36873 -1
12 0 36874 14
51 1 36875 -1
3 0 36876 4
3 0 36877 46
26 0 36878 6
46 1 36879 -1
3 0 36880 18
54 1 36881 -1
41 1 36882 -1
11 1 36883 -1
30 0 36884 38
32 0 36885 18
28 1 36886 -1
2 1 36887 -1
30 0 36888 16
59 0 36889 24
55 0 36890 0
44 1 36891 -1
19 1 36892 -1
51 1 36893 -1
3 0 36894 22
13 1 36895 -1
31 0 36896 4
53 0 36897 24
32 1 36898 -1
4 0 36899 48
50 0 36900 12
50 1 36901 -1
2 0 36902 8
55 1 36903 -1
8 1 36904 -1
29 1 36905 -1
27 0 36906 26
0 1 36907 -1
12 0 36908 14
42 0 36909 24
59 1 36910 -1
16 0 36911 32
57 1 36912 -1
58 0 36913 32
16 1 36914 -1
31 0 36915 38
17 0 36916 6
20 1 36917 -1
11 1 36918 -1
38 1 36919 -1
0 0 36920 46
16 1 36921 -1
56 0 36922 36
32 0 36923 20
15 0 36924 38
3 1 36925 -1
51 0 36926 40
17 1 36927 -1
41 1 36928 -1
57 1 36929 -1
29 1 36930 -1
47 1 36931 -1
3 0 36932 10
45 0 36933 8
20 1 36934 -1
59 0 36935 48
49 0 36936 32
45 1 36937 -1
12 0 36938 28
4 0 36939 22
43 0 36940 14
23 1 36941 -1
17 1 36942 -1
23 1 36943 -1
42 0 36944 36
19 1 36945 -1
57 0 36946 44
46 1 36947 -1
2 1 36948 -1
47 0 36949 8
54 0 36950 44
28 0 36951 12
6 0 36952 38
59 1 36953 -1
22 1 36954 -1
57 1 36955 -1
40 1 36956 -1
30 1 36957 -1
0 0 36958 0
37 0 36959 48
8 0 36960 18
25 1 36961 -1
31 0 36962 38
54 1 36963 -1
48 0 36964 2
18 1 36965 -1
15 1 36966 -1
36 0 36967 26
37 1 36968 -1
13 0 36969 30
20 0 36970 6
27 0 36971 44
25 1 36972 -1
16 0 36973 44
23 1 36974 -1
21 0 36975 24
1 0 36976 8
16 1 36977 -1
16 1 36978 -1
23 1 36979 -1
13 0 36980 20
21 1 36981 -1
34 1 36982 -1
28 1 36983 -1
23 1 36984 -1
14 0 36985 36
29 0 36986 12
57 0 36987 40
55 0 36988 12
59 1 36989 -1
53 1 36990 -1
55 0 36991 12
44 0 36992 26
34 0 36993 8
32 1 36994 -1
53 1 36995 -1
38 0 36996 40
41 0 36997 20
1 1 36998 -1
1 1 36999 -1
45 0 37000 34
46 0 37001 20
18 1 37002 -1
47 0 37003 42
9 1 37004 -1
51 0 37005 6
22 0 37006 10
24 1 37007 -1
9 1 37008 -1
20 0 37009 18
35 1 37010 -1
5 0 37011 10
16 0 37012 42
34 1 37013 -1
47 1 37014 -1
57 0 37015 48
11 0 37016 46
51 1 37017 -1
42 1 37018 -1
42 0 37019 4
15 1 37020 -1
16 1 37021 -1
36 1 37022 -1
19 0 37023 20
31 1 37024 -1
27 1 37025 -1
27 0 37026 0
20 1 37027 -1
24 0 37028 38
5 1 37029 -1
32 0 37030 2
57 0 37031 48
21 1 37032 -1
50 1 37033 -1
21 0 37034 40
56 1 37035 -1
3 0 37036 16
56 0 37037 4
36 0 37038 30
50 0 37039 8
29 1 37040 -1
22 0 37041 26
31 1 37042 -1
51 1 37043 -1
57 1 37044 -1
40 0 37045 28
58 0 37046 26
9 0 37047 16
35 1 37048 -1
31 0 37049 26
31 0 37050 20
19 1 37051 -1
43 1 37052 -1
16 1 37053 -1
54 0 37054 46
38 1 37055 -1
53 1 37056 -1
55 1 37057 -1
5 0 37058 30
21 1 37059 -1
55 0 37060 12
58 1 37061 -1
37 0 37062 46
58 0 37063 34
1 0 37064 0
13 0 37065 28
45 1 37066 -1
38 1 37067 -1
1 0 37068 22
12 0 37069 18
37 1 37070 -1
14 1 37071 -1
43 0 37072 24
54 0 37073 42
22 1 37074 -1
9 0 37075 28
41 0 37076 40
24 1 37077 -1
43 0 37078 10
13 1 37079 -1
40 1 37080 -1
46 0 37081 24
25 0 37082 2
49 1 37083 -1
53 1 37084 -1
6 0 37085 8
4 1 37086 -1
45 0 37087 18
40 1 37088 -1
27 1 37089 -1
15 1 37090 -1
10 1 37091 -1
24 0 37092 10
29 0 37093 30
29 0 37094 16
45 1 37095 -1
48 0 37096 48
51 0 37097 0
37 1 37098 -1
49 0 37099 26
18 1 37100 -1
25 1 37101 -1
47 0 37102 32
39 1 37103 -1
39 0 37104 48
32 0 37105 24
44 1 37106 -1
53 1 37107 -1
30 1 37108 -1
41 0 37109 32
35 1 37110 -1
53 0 37111 22
53 1 37112 -1
4 0 37113 26
54 1 37114 -1
12 0 37115 48
5 1 37116 -1
43 0 37117 32
7 1 37118 -1
28 0 37119 38
24 0 37120 32
57 0 37121 40
31 1 37122 -1
2 0 37123 2
58 0 37124 22
42 1 37125 -1
56 1 37126 -1
20 0 37127 20
41 1 37128 -1
36 1 37129 -1
45 0 37130 0
22 0 37131 28
28 1 37132 -1
54 0 37133 22
15 1 37134 -1
31 0 37135 30
59 1 37136 -1
1 0 37137 24
29 1 37138 -1
0 1 37139 -1
59 0 37140 26
41 0 37141 28
11 0 37142 14
14 1 37143 -1
55 1 37144 -1
37 0 37145 42
52 1 37146 -1
35 1 37147 -1
18 1 37148 -1
36 0 37149 6
17 0 37150 30
47 1 37151 -1
44 1 37152 -1
11 1 37153 -1
15 0 37154 36
35 0 37155 40
24 0 37156 28
20 1 37157 -1
53 1 37158 -1
57 0 37159 12
18 0 37160 2
42 1 37161 -1
50 1 37162 -1
39 1 37163 -1
2 0 37164 44
10 0 37165 6
29 0 37166 4
43 0 37167 12
50 1 37168 -1
46 0 37169 48
58 1 37170 -1
31 0 37171 10
21 1 37172 -1
42 1 37173 -1
28 0 37174 20
17 1 37175 -1
43 0 37176 18
31 1 37177 -1
32 0 37178 4
4 0 37179 38
24 1 37180 -1
42 0 37181 10
43 1 37182 -1
41 1 37183 -1
44 0 37184 2
37 0 37185 16
35 1 37186 -1
3 1 37187 -1
4 0 37188 38
38 1 37189 -1
5 0 37190 28
27 1 37191 -1
26 1 37192 -1
18 0 37193 34
26 1 37194 -1
48 0 37195 24
56 0 37196 18
10 1 37197 -1
37 0 37198 30
10 0 37199 38
6 1 37200 -1
25 0 37201 38
36 1 37202 -1
26 1 37203 -1
4 1 37204 -1
26 1 37205 -1
12 1 37206 -1
15 0 37207 44
38 0 37208 44
1 1 37209 -1
23 0 37210 20
7 0 37211 8
20 0 37212 16
48 0 37213 10
50 0 37214 0
3 0 37215 42
59 1 37216 -1
38 1 37217 -1
59 0 37218 14
15 0 37219 4
14 1 37220 -1
19 1 37221 -1
50 1 37222 -1
44 1 37223 -1
34 1 37224 -1
52 0 37225 26
53 0 37226 26
4 0 37227 12
29 0 37228 2
54 1 37229 -1
3 1 37230 -1
11 0 37231 28
5 1 37232 -1
43 0 37233 22
34 1 37234 -1
54 1 37235 -1
2 0 37236 40
59 0 37237 44
1 1 37238 -1
37 0 37239 32
7 1 37240 -1
20 1 37241 -1
12 0 37242 8
25 0 37243 46
32 1 37244 -1
45 0 37245 0
17 0 37246 16
29 1 37247 -1
13 1 37248 -1
36 0 37249 0
0 0 37250 4
44 1 37251 -1
8 1 37252 -1
1 0 37253 14
50 1 37254 -1
52 1 37255 -1
55 0 37256 32
27 0 37257 32
50 0 37258 36
30 1 37259 -1
53 1 37260 -1
14 0 37261 4
5 0 37262 14
9 1 37263 -1
7 0 37264 24
54 0 37265 32
19 1 37266 -1
52 0 37267 0
5 1 37268 -1
29 1 37269 -1
47 1 37270 -1
25 1 37271 -1
32 1 37272 -1
59 1 37273 -1
53 0 37274 18
35 0 37275 10
23 0 37276 28
37 1 37277 -1
32 0 37278 44
23 0 37279 20
54 1 37280 -1
53 1 37281 -1
42 0 37282 6
50 1 37283 -1
39 0 37284 2
13 1 37285 -1
22 1 37286 -1
19 0 37287 16
48 0 37288 0
58 0 37289 22
53 1 37290 -1
53 1 37291 -1
48 0 37292 12
3 1 37293 -1
50 1 37294 -1
32 0 37295 4
4 0 37296 44
8 1 37297 -1
6 0 37298 26
38 1 37299 -1
28 1 37300 -1
28 1 37301 -1
37 0 37302 30
28 0 37303 12
17 0 37304 12
17 0 37305 12
54 0 37306 28
45 1 37307 -1
18 0 37308 26
8 0 37309 48
41 1 37310 -1
39 1 37311 -1
16 1 37312 -1
8 0 37313 8
46 1 37314 -1
4 0 37315 20
18 0 37316 16
5 1 37317 -1
27 0 37318 38
8 1 37319 -1
5 1 37320 -1
43 1 37321 -1
11 1 37322 -1
38 0 37323 38
23 0 37324 22
51 0 37325 36
14 1 37326 -1
43 0 37327 26
20 1 37328 -1
43 0 37329 48
25 0 37330 28
23 0 37331 10
30 1 37332 -1
16 1 37333 -1
37 1 37334 -1
31 0 37335 28
36 1 37336 -1
39 0 37337 48
13 0 37338 30
49 1 37339 -1
21 1 37340 -1
54 1 37341 -1
11 1 37342 -1
5 0 37343 0
14 0 37344 4
46 0 37345 48
6 0 37346 26
3 1 37347 -1
6 0 37348 14
13 0 37349 8
7 1 37350 -1
22 0 37351 44
0 1 37352 -1
52 1 37353 -1
7 1 37354 -1
20 1 37355 -1
52 0 37356 30
3 0 37357 8
13 1 37358 -1
34 0 37359 0
22 1 37360 -1
36 0 37361 32
4 1 37362 -1
13 0 37363 4
12 1 37364 -1
7 1 37365 -1
44 0 37366 0
48 1 37367 -1
46 0 37368 6
57 1 37369 -1
19 1 37370 -1
1 1 37371 -1
4 0 37372 10
49 0 37373 10
54 0 37374 42
22 1 37375 -1
13 0 37376 48
30 1 37377 -1
14 0 37378 12
50 1 37379 -1
29 0 37380 38
14 1 37381 -1
51 1 37382 -1
51 0 37383 4
37 0 37384 32
43 0 37385 38
32 1 37386 -1
39 1 37387 -1
32 0 37388 34
34 1 37389 -1
31 0 37390 22
9 0 37391 2
58 1 37392 -1
43 1 37393 -1
35 1 37394 -1
44 0 37395 4
20 0 37396 28
43 0 37397 40
16 1 37398 -1
13 1 37399 -1
20 1 37400 -1
26 0 37401 44
14 0 37402 14
17 1 37403 -1
12 0 37404 14
6 0 37405 4
2 0 37406 18
16 1 37407 -1
25 1 37408 -1
15 1 37409 -1
43 0 37410 38
20 0 37411 28
2 1 37412 -1
4 0 37413 2
56 1 37414 -1
1 0 37415 36
56 1 37416 -1
42 0 37417 12
42 1 37418 -1
16 1 37419 -1
7 0 37420 44
25 0 37421 24
56 0 37422 20
38 1 37423 -1
26 0 37424 30
6 1 37425 -1
48 1 37426 -1
47 1 37427 -1
10 1 37428 -1
41 0 37429 12
56 0 37430 6
19 0 37431 38
31 1 37432 -1
26 1 37433 -1
48 0 37434 0
18 1 37435 -1
19 0 37436 46
44 0 37437 0
52 1 37438 -1
28 0 37439 0
48 0 37440 30
37 1 37441 -1
27 1 37442 -1
24 0 37443 28
34 1 37444 -1
44 0 37445 48
58 1 37446 -1
39 1 37447 -1
13 0 37448 26
11 1 37449 -1
58 1 37450 -1
10 0 37451 18
26 0 37452 0
24 0 37453 40
29 1 37454 -1
6 0 37455 20
5 1 37456 -1
27 1 37457 -1
20 0 37458 8
55 1 37459 -1
12 1 37460 -1
3 0 37461 20
5 0 37462 0
0 1 37463 -1
32 1 37464 -1
59 1 37465 -1
6 1 37466 -1
34 0 37467 42
40 0 37468 26
6 0 37469 12
15 0 37470 46
41 1 37471 -1
51 1 37472 -1
51 0 37473 44
58 0 37474 48
54 0 37475 8
28 1 37476 -1
11 0 37477 32
40 1 37478 -1
38 1 37479 -1
8 0 37480 18
35 0 37481 0
24 0 37482 0
16 1 37483 -1
50 1 37484 -1
29 1 37485 -1
22 0 37486 20
36 1 37487 -1
35 1 37488 -1
56 1 37489 -1
26 1 37490 -1
56 1 37491 -1
42 0 37492 42
29 0 37493 34
2 0 37494 6
46 0 37495 42
57 0 37496 24
40 1 37497 -1
9 1 37498 -1
15 1 37499 -1
6 0 37500 20
53 0 37501 8
9 0 37502 44
31 1 37503 -1
25 1 37504 -1
59 0 37505 26
1 0 37506 38
28 1 37507 -1
45 1 37508 -1
21 0 37509 40
55 0 37510 18
48 1 37511 -1
7 0 37512 22
37 1 37513 -1
56 0 37514 0
38 1 37515 -1
5 1 37516 -1
26 0 37517 48
20 0 37518 48
7 0 37519 4
25 1 37520 -1
13 1 37521 -1
53 0 37522 4
39 0 37523 2
58 1 37524 -1
32 0 37525 2
50 1 37526 -1
59 0 37527 6
42 1 37528 -1
46 1 37529 -1
15 0 37530 36
16 1 37531 -1
15 0 37532 2
46 1 37533 -1
34 0 37534 26
30 0 37535 20
34 1 37536 -1
36 0 37537 26
48 0 37538 42
46 1 37539 -1
40 1 37540 -1
12 0 37541 44
55 1 37542 -1
22 0 37543 0
44 1 37544 -1
14 0 37545 32
25 1 37546 -1
27 0 37547 12
22 1 37548 -1
19 0 37549 28
19 1 37550 -1
54 1 37551 -1
45 0 37552 24
13 0 37553 0
36 1 37554 -1
5 1 37555 -1
22 0 37556 14
20 1 37557 -1
38 1 37558 -1
28 1 37559 -1
0 0 37560 16
50 0 37561 26
50 0 37562 6
28 0 37563 2
19 1 37564 -1
46 1 37565 -1
34 1 37566 -1
15 0 37567 14
10 1 37568 -1
58 0 37569 38
12 1 37570 -1
5 0 37571 18
7 0 37572 26
39 1 37573 -1
20 0 37574 36
16 1 37575 -1
45 0 37576 36
42 1 37577 -1
34 1 37578 -1
43 1 37579 -1
17 0 37580 8
16 0 37581 8
32 1 37582 -1
25 0 37583 10
5 0 37584 34
27 1 37585 -1
10 1 37586 -1
4 0 37587 32
16 0 37588 4
38 0 37589 24
46 0 37590 30
57 1 37591 -1
19 1 37592 -1
0 0 37593 12
47 0 37594 0
45 1 37595 -1
30 0 37596 30
23 1 37597 -1
49 1 37598 -1
12 0 37599 32
16 1 37600 -1
8 1 37601 -1
47 0 37602 16
37 0 37603 6
10 1 37604 -1
8 0 37605 42
29 0 37606 48
40 1 37607 -1
10 0 37608 34
54 1 37609 -1
46 0 37610 14
9 1 37611 -1
7 0 37612 48
43 1 37613 -1
50 1 37614 -1
4 1 37615 -1
26 0 37616 2
3 0 37617 8
41 1 37618 -1
44 1 37619 -1
24 1 37620 -1
3 1 37621 -1
30 0 37622 6
36 1 37623 -1
49 0 37624 40
58 0 37625 42
32 0 37626 0
28 1 37627 -1
38 1 37628 -1
4 0 37629 16
52 0 37630 22
56 0 37631 46
36 1 37632 -1
19 0 37633 28
37 1 37634 -1
43 0 37635 36
0 1 37636 -1
21 1 37637 -1
3 0 37638 46
15 1 37639 -1
57 1 37640 -1
41 1 37641 -1
35 0 37642 44
53 0 37643 26
42 0 37644 10
38 1 37645 -1
57 1 37646 -1
17 0 37647 6
55 1 37648 -1
11 0 37649 20
53 0 37650 14
0 0 37651 6
43 0 37652 18
46 1 37653 -1
37 0 37654 4
21 1 37655 -1
44 1 37656 -1
44 1 37657 -1
8 1 37658 -1
9 0 37659 4
14 1 37660 -1
57 0 37661 48
35 0 37662 40
24 0 37663 38
39 1 37664 -1
37 1 37665 -1
20 1 37666 -1
10 0 37667 40
27 0 37668 10
4 0 37669 14
7 0 37670 46
29 0 37671 46
54 1 37672 -1
25 1 37673 -1
4 0 37674 48
54 1 37675 -1
1 1 37676 -1
16 0 37677 14
2 1 37678 -1
17 0 37679 32
43 1 37680 -1
2 0 37681 26
52 1 37682 -1
8 1 37683 -1
20 0 37684 42
39 0 37685 10
55 1 37686 -1
8 0 37687 38
8 0 37688 8
44 1 37689 -1
14 0 37690 20
27 1 37691 -1
25 1 37692 -1
58 1 37693 -1
18 0 37694 24
26 1 37695 -1
5 0 37696 34
23 0 37697 24
22 1 37698 -1
4 0 37699 24
55 0 37700 16
34 1 37701 -1
29 0 37702 4
23 1 37703 -1
28 1 37704 -1
4 0 37705 48
46 0 37706 6
27 1 37707 -1
59 1 37708 -1
55 0 37709 2
59 1 37710 -1
11 0 37711 30
59 0 37712 38
16 0 37713 0
43 1 37714 -1
50 1 37715 -1
58 1 37716 -1
4 1 37717 -1
32 1 37718 -1
46 0 37719 4
28 0 37720 28
16 0 37721 0
14 1 37722 -1
7 0 37723 22
42 1 37724 -1
16 1 37725 -1
27 0 37726 40
15 0 37727 38
31 0 37728 34
21 1 37729 -1
26 1 37730 -1
34 0 37731 20
33 1 37732 -1
22 0 37733 14
38 1 37734 -1
58 0 37735 40
57 0 37736 30
6 1 37737 -1
16 0 37738 2
24 1 37739 -1
17 1 37740 -1
17 0 37741 36
48 1 37742 -1
31 1 37743 -1
16 0 37744 34
39 0 37745 38
37 1 37746 -1
35 0 37747 28
43 0 37748 32
43 1 37749 -1
12 1 37750 -1
19 0 37751 22
17 1 37752 -1
23 1 37753 -1
1 0 37754 30
41 0 37755 48
29 1 37756 -1
52 0 37757 34
36 1 37758 -1
2 1 37759 -1
31 0 37760 20
44 0 37761 38
41 0 37762 26
41 0 37763 8
51 1 37764 -1
38 1 37765 -1
30 1 37766 -1
35 1 37767 -1
37 1 37768 -1
45 0 37769 18
28 0 37770 8
0 1 37771 -1
4 1 37772 -1
10 0 37773 46
48 0 37774 26
34 0 37775 0
58 0 37776 40
27 1 37777 -1
11 1 37778 -1
27 1 37779 -1
43 1 37780 -1
6 0 37781 34
49 1 37782 -1
26 0 37783 16
44 0 37784 34
25 1 37785 -1
49 0 37786 18
42 0 37787 10
27 1 37788 -1
27 1 37789 -1
2 0 37790 22
17 0 37791 2
35 0 37792 40
5 0 37793 10
21 1 37794 -1
53 1 37795 -1
24 1 37796 -1
11 0 37797 42
11 1 37798 -1
25 1 37799 -1
25 0 37800 34
59 0 37801 46
45 1 37802 -1
34 1 37803 -1
40 0 37804 36
38 0 37805 8
21 1 37806 -1
34 0 37807 8
48 1 37808 -1
8 1 37809 -1
28 0 37810 14
43 1 37811 -1
23 0 37812 6
34 1 37813 -1
2 0 37814 2
37 1 37815 -1
57 0 37816 8
51 0 37817 44
16 0 37818 34
3 1 37819 -1
18 1 37820 -1
39 0 37821 14
2 1 37822 -1
45 0 37823 22
23 1 37824 -1
41 0 37825 42
45 1 37826 -1
14 0 37827 16
44 1 37828 -1
35 1 37829 -1
25 1 37830 -1
40 0 37831 40
55 0 37832 36
42 1 37833 -1
25 0 37834 48
3 0 37835 42
1 1 37836 -1
59 1 37837 -1
48 0 37838 10
59 1 37839 -1
47 0 37840 2
40 0 37841 44
2 0 37842 12
30 0 37843 30
8 1 37844 -1
59 1 37845 -1
13 1 37846 -1
4 0 37847 24
5 1 37848 -1
35 0 37849 8
32 0 37850 36
38 0 37851 0
13 1 37852 -1
41 1 37853 -1
0 0 37854 16
49 1 37855 -1
33 0 37856 0
9 1 37857 -1
25 1 37858 -1
29 0 37859 10
28 1 37860 -1
44 1 37861 -1
2 0 37862 36
21 0 37863 38
41 1 37864 -1
49 0 37865 20
26 1 37866 -1
11 1 37867 -1
15 1 37868 -1
24 0 37869 24
4 0 37870 32
10 1 37871 -1
59 0 37872 8
7 1 37873 -1
18 0 37874 34
14 1 37875 -1
45 0 37876 26
5 1 37877 -1
6 1 37878 -1
43 0 37879 32
38 0 37880 10
59 1 37881 -1
14 0 37882 48
23 0 37883 4
54 1 37884 -1
31 0 37885 0
58 0 37886 18
16 1 37887 -1
30 1 37888 -1
43 0 37889 12
23 1 37890 -1
18 0 37891 48
2 0 37892 30
53 1 37893 -1
31 1 37894 -1
51 1 37895 -1
29 0 37896 42
28 0 37897 46
15 0 37898 34
58 1 37899 -1
42 0 37900 14
11 0 37901 0
28 1 37902 -1
48 1 37903 -1
35 1 37904 -1
51 0 37905 48
29 1 37906 -1
1 0 37907 24
40 1 37908 -1
38 1 37909 -1
30 0 37910 38
4 0 37911 26
47 0 37912 40
42 1 37913 -1
9 0 37914 10
7 1 37915 -1
3 1 37916 -1
26 1 37917 -1
28 0 37918 14
38 1 37919 -1
21 0 37920 22
8 1 37921 -1
57 1 37922 -1
24 0 37923 40
48 0 37924 40
31 1 37925 -1
34 1 37926 -1
36 0 37927 30
45 1 37928 -1
44 0 37929 8
54 0 37930 2
13 0 37931 4
28 1 37932 -1
14 1 37933 -1
12 1 37934 -1
6 0 37935 40
22 1 37936 -1
19 1 37937 -1
7 1 37938 -1
57 0 37939 46
44 0 37940 32
42 0 37941 24
25 0 37942 36
59 1 37943 -1
29 0 37944 0
38 1 37945 -1
40 1 37946 -1
25 0 37947 0
14 0 37948 18
24 1 37949 -1
13 0 37950 12
19 0 37951 28
5 1 37952 -1
59 0 37953 16
32 1 37954 -1
27 0 37955 34
47 0 37956 40
16 1 37957 -1
19 0 37958 2
42 1 37959 -1
48 1 37960 -1
26 1 37961 -1
7 0 37962 24
53 0 37963 6
27 1 37964 -1
21 0 37965 24
22 0 37966 30
51 1 37967 -1
16 1 37968 -1
26 1 37969 -1
11 0 37970 30
21 1 37971 -1
37 0 37972 24
30 0 37973 34
35 0 37974 26
5 0 37975 38
8 0 37976 34
53 0 37977 28
34 1 37978 -1
21 1 37979 -1
16 1 37980 -1
33 1 37981 -1
53 0 37982 0
35 1 37983 -1
57 1 37984 -1
7 0 37985 32
15 1 37986 -1
47 0 37987 32
25 1 37988 -1
13 1 37989 -1
57 0 37990 28
21 0 37991 28
23 1 37992 -1
32 0 37993 48
37 0 37994 32
2 1 37995 -1
12 0 37996 42
50 1 37997 -1
59 0 37998 46
42 0 37999 12
37 1 38000 -1
9 1 38001 -1
5 1 38002 -1
54 0 38003 30
43 0 38004 4
41 1 38005 -1
2 0 38006 10
3 1 38007 -1
31 1 38008 -1
4 0 38009 0
40 1 38010 -1
7 0 38011 24
44 1 38012 -1
8 0 38013 14
10 1 38014 -1
18 1 38015 -1
9 0 38016 48
30 1 38017 -1
12 0 38018 42
21 1 38019 -1
13 0 38020 48
11 1 38021 -1
34 0 38022 34
38 0 38023 34
39 1 38024 -1
17 1 38025 -1
35 0 38026 12
45 1 38027 -1
3 0 38028 48
42 1 38029 -1
25 1 38030 -1
23 0 38031 42
2 0 38032 8
20 1 38033 -1
37 0 38034 6
24 0 38035 30
7 1 38036 -1
59 1 38037 -1
16 0 38038 30
23 0 38039 36
40 1 38040 -1
38 1 38041 -1
44 0 38042 8
45 0 38043 4
6 1 38044 -1
2 1 38045 -1
24 0 38046 26
42 1 38047 -1
3 0 38048 36
49 1 38049 -1
33 1 38050 -1
6 1 38051 -1
17 0 38052 12
18 0 38053 30
38 1 38054 -1
0 1 38055 -1
11 0 38056 2
18 1 38057 -1
18 0 38058 48
7 0 38059 8
33 0 38060 10
20 1 38061 -1
57 1 38062 -1
49 0 38063 30
8 1 38064 -1
46 1 38065 -1
33 0 38066 30
2 0 38067 18
44 0 38068 46
46 0 38069 18
56 1 38070 -1
35 1 38071 -1
37 1 38072 -1
56 0 38073 30
51 0 38074 42
18 1 38075 -1
50 0 38076 46
8 0 38077 42
53 1 38078 -1
39 0 38079 32
12 1 38080 -1
34 0 38081 36
0 0 38082 46
51 1 38083 -1
56 1 38084 -1
8 0 38085 24
16 0 38086 40
8 1 38087 -1
38 1 38088 -1
56 1 38089 -1
5 1 38090 -1
6 0 38091 32
25 1 38092 -1
18 0 38093 48
28 0 38094 8
34 1 38095 -1
45 0 38096 38
58 0 38097 44
18 1 38098 -1
51 1 38099 -1
25 0 38100 48
41 0 38101 4
40 1 38102 -1
50 1 38103 -1
37 0 38104 4
10 0 38105 28
37 0 38106 10
6 1 38107 -1
22 1 38108 -1
10 0 38109 2
49 1 38110 -1
25 0 38111 38
50 0 38112 26
20 1 38113 -1
55 1 38114 -1
52 1 38115 -1
46 1 38116 -1
37 0 38117 32
49 0 38118 26
36 0 38119 14
35 1 38120 -1
33 1 38121 -1
32 1 38122 -1
58 0 38123 2
28 1 38124 -1
46 0 38125 32
52 0 38126 24
32 0 38127 24
50 0 38128 16
59 0 38129 36
44 1 38130 -1
6 1 38131 -1
47 0 38132 12
3 1 38133 -1
0 1 38134 -1
54 1 38135 -1
34 0 38136 8
8 1 38137 -1
15 0 38138 42
38 0 38139 36
16 0 38140 38
34 1 38141 -1
40 0 38142 24
12 1 38143 -1
8 0 38144 4
7 1 38145 -1
15 1 38146 -1
6 0 38147 2
8 1 38148 -1
5 1 38149 -1
23 0 38150 6
25 1 38151 -1
14 1 38152 -1
47 0 38153 12
46 0 38154 28
3 0 38155 24
25 1 38156 -1
30 1 38157 -1
58 1 38158 -1
41 0 38159 28
47 0 38160 2
6 0 38161 46
28 0 38162 14
36 1 38163 -1
34 0 38164 32
19 1 38165 -1
43 1 38166 -1
32 1 38167 -1
17 1 38168 -1
32 0 38169 20
37 0 38170 34
37 0 38171 14
39 1 38172 -1
15 0 38173 28
27 1 38174 -1
46 0 38175 26
37 1 38176 -1
6 1 38177 -1
4 1 38178 -1
58 0 38179 4
44 0 38180 42
43 0 38181 22
16 1 38182 -1
28 1 38183 -1
53 0 38184 24
56 0 38185 42
18 0 38186 48
37 1 38187 -1
26 0 38188 36
23 1 38189 -1
6 1 38190 -1
3 1 38191 -1
43 0 38192 18
4 0 38193 36
26 1 38194 -1
2 1 38195 -1
26 1 38196 -1
59 0 38197 46
22 1 38198 -1
51 1 38199 -1
28 0 38200 16
57 0 38201 0
41 0 38202 36
30 1 38203 -1
48 1 38204 -1
2 1 38205 -1
0 0 38206 28
23 0 38207 36
48 0 38208 44
39 0 38209 26
46 1 38210 -1
20 0 38211 26
58 1 38212 -1
7 0 38213 18
33 1 38214 -1
46 0 38215 44
59 0 38216 40
30 1 38217 -1
56 0 38218 6
27 1 38219 -1
38 1 38220 -1
33 1 38221 -1
23 1 38222 -1
31 0 38223 16
16 0 38224 12
49 1 38225 -1
36 0 38226 16
19 0 38227 2
13 1 38228 -1
40 0 38229 48
53 0 38230 0
38 1 38231 -1
22 1 38232 -1
39 1 38233 -1
3 0 38234 14
12 0 38235 8
43 1 38236 -1
13 1 38237 -1
51 1 38238 -1
22 0 38239 40
12 0 38240 20
36 1 38241 -1
14 0 38242 48
50 1 38243 -1
39 0 38244 8
59 0 38245 44
36 1 38246 -1
43 0 38247 14
59 0 38248 32
20 0 38249 30
11 1 38250 -1
25 1 38251 -1
26 0 38252 6
29 1 38253 -1
23 1 38254 -1
5 1 38255 -1
22 0 38256 6
39 1 38257 -1
58 1 38258 -1
2 0 38259 48
20 0 38260 40
11 0 38261 16
11 1 38262 -1
46 0 38263 16
21 1 38264 -1
35 1 38265 -1
39 0 38266 30
19 0 38267 20
46 1 38268 -1
25 0 38269 30
7 1 38270 -1
20 0 38271 36
33 0 38272 40
49 0 38273 4
26 1 38274 -1
32 1 38275 -1
9 1 38276 -1
7 1 38277 -1
4 0 38278 32
46 0 38279 2
56 1 38280 -1
45 1 38281 -1
22 0 38282 0
13 0 38283 48
34 1 38284 -1
53 1 38285 -1
58 0 38286 26
18 1 38287 -1
33 0 38288 36
22 1 38289 -1
26 0 38290 48
26 0 38291 42
43 0 38292 22
31 1 38293 -1
56 1 38294 -1
13 0 38295 2
30 1 38296 -1
22 0 38297 4
44 1 38298 -1
45 1 38299 -1
32 1 38300 -1
11 0 38301 34
42 0 38302 24
59 1 38303 -1
53 1 38304 -1
53 0 38305 22
41 1 38306 -1
51 0 38307 26
28 0 38308 24
51 1 38309 -1
30 1 38310 -1
54 0 38311 48
56 1 38312 -1
30 0 38313 10
25 0 38314 34
5 0 38315 10
2 0 38316 28
28 1 38317 -1
13 1 38318 -1
26 0 38319 8
7 0 38320 44
59 1 38321 -1
23 1 38322 -1
46 1 38323 -1
4 0 38324 48
44 0 38325 44
18 1 38326 -1
38 1 38327 -1
56 1 38328 -1
50 0 38329 34
40 0 38330 18
19 0 38331 46
1 1 38332 -1
5 0 38333 34
51 0 38334 32
9 1 38335 -1
33 0 38336 44
20 1 38337 -1
35 1 38338 -1
36 0 38339 48
59 0 38340 32
17 1 38341 -1
13 1 38342 -1
40 0 38343 42
13 0 38344 36
29 1 38345 -1
59 1 38346 -1
16 1 38347 -1
59 0 38348 38
35 1 38349 -1
2 1 38350 -1
30 0 38351 48
17 1 38352 -1
48 0 38353 12
21 1 38354 -1
29 1 38355 -1
44 0 38356 8
30 0 38357 30
30 1 38358 -1
19 0 38359 2
31 1 38360 -1
40 0 38361 46
37 1 38362 -1
40 0 38363 2
24 1 38364 -1
32 0 38365 34
5 1 38366 -1
9 0 38367 44
45 0 38368 4
53 0 38369 26
27 0 38370 30
32 1 38371 -1
25 1 38372 -1
50 0 38373 8
16 1 38374 -1
6 1 38375 -1
27 0 38376 32
51 0 38377 0
2 0 38378 26
0 1 38379 -1
58 0 38380 46
17 1 38381 -1
28 0 38382 36
14 1 38383 -1
59 1 38384 -1
17 0 38385 34
9 1 38386 -1
31 1 38387 -1
35 1 38388 -1
9 0 38389 12
43 0 38390 22
4 0 38391 40
24 1 38392 -1
0 1 38393 -1
43 0 38394 48
1 0 38395 0
47 1 38396 -1
2 1 38397 -1
18 0 38398 26
8 1 38399 -1
30 0 38400 36
17 0 38401 34
36 1 38402 -1
37 0 38403 34
44 1 38404 -1
25 1 38405 -1
8 0 38406 12
13 1 38407 -1
32 1 38408 -1
0 0 38409 6
8 0 38410 8
39 1 38411 -1
35 0 38412 8
9 0 38413 34
54 0 38414 34
28 1 38415 -1
51 1 38416 -1
43 0 38417 6
5 1 38418 -1
54 0 38419 12
35 0 38420 12
26 1 38421 -1
14 1 38422 -1
24 0 38423 48
26 1 38424 -1
20 1 38425 -1
7 0 38426 0
45 1 38427 -1
32 0 38428 16
18 0 38429 16
45 0 38430 16
34 0 38431 2
4 1 38432 -1
44 1 38433 -1
58 1 38434 -1
46 0 38435 18
30 0 38436 6
53 1 38437 -1
40 0 38438 26
5 1 38439 -1
29 1 38440 -1
4 0 38441 16
30 1 38442 -1
44 0 38443 20
13 1 38444 -1
37 0 38445 16
36 0 38446 40
5 1 38447 -1
35 1 38448 -1
8 1 38449 -1
41 0 38450 20
34 1 38451 -1
6 0 38452 24
27 0 38453 0
27 0 38454 24
11 1 38455 -1
28 1 38456 -1
20 1 38457 -1
55 0 38458 32
27 0 38459 0
24 0 38460 4
30 1 38461 -1
20 0 38462 14
24 1 38463 -1
39 0 38464 12
44 1 38465 -1
19 0 38466 36
20 1 38467 -1
42 1 38468 -1
55 1 38469 -1
22 1 38470 -1
19 0 38471 32
16 1 38472 -1
26 0 38473 38
53 1 38474 -1
28 1 38475 -1
38 1 38476 -1
34 0 38477 20
32 0 38478 38
45 0 38479 44
11 1 38480 -1
10 1 38481 -1
43 0 38482 40
6 0 38483 36
6 0 38484 48
35 0 38485 40
34 1 38486 -1
20 0 38487 18
34 1 38488 -1
5 1 38489 -1
31 1 38490 -1
34 0 38491 24
14 1 38492 -1
23 0 38493 40
22 1 38494 -1
10 0 38495 28
28 0 38496 12
31 1 38497 -1
30 0 38498 16
51 0 38499 42
29 1 38500 -1
13 0 38501 36
17 1 38502 -1
50 0 38503 42
40 1 38504 -1
14 0 38505 40
28 1 38506 -1
50 1 38507 -1
38 0 38508 36
45 1 38509 -1
43 0 38510 8
14 1 38511 -1
47 0 38512 40
17 0 38513 20
54 1 38514 -1
4 1 38515 -1
31 0 38516 8
23 1 38517 -1
7 1 38518 -1
45 0 38519 36
52 1 38520 -1
24 0 38521 42
23 1 38522 -1
32 0 38523 8
4 0 38524 4
44 1 38525 -1
44 1 38526 -1
37 0 38527 2
25 1 38528 -1
18 1 38529 -1
54 0 38530 20
23 0 38531 18
44 0 38532 28
50 0 38533 0
44 0 38534 20
38 1 38535 -1
39 1 38536 -1
16 0 38537 18
38 0 38538 28
39 0 38539 46
26 0 38540 48
55 0 38541 6
27 1 38542 -1
4 0 38543 24
52 1 38544 -1
2 0 38545 38
8 1 38546 -1
43 1 38547 -1
6 1 38548 -1
32 1 38549 -1
50 0 38550 24
15 1 38551 -1
40 1 38552 -1
42 1 38553 -1
36 0 38554 16
15 0 38555 8
11 1 38556 -1
53 1 38557 -1
21 0 38558 4
33 1 38559 -1
32 1 38560 -1
43 1 38561 -1
50 0 38562 36
26 0 38563 36
13 0 38564 38
13 0 38565 14
42 1 38566 -1
22 1 38567 -1
42 1 38568 -1
39 1 38569 -1
18 0 38570 32
39 0 38571 26
50 0 38572 16
5 0 38573 8
3 1 38574 -1
4 1 38575 -1
27 1 38576 -1
22 0 38577 14
11 0 38578 34
33 0 38579 36
29 0 38580 40
31 1 38581 -1
49 1 38582 -1
36 0 38583 8
42 1 38584 -1
21 1 38585 -1
48 1 38586 -1
37 0 38587 4
0 0 38588 24
43 0 38589 8
19 1 38590 -1
20 1 38591 -1
48 0 38592 24
52 1 38593 -1
22 0 38594 42
19 0 38595 24
15 1 38596 -1
20 0 38597 0
40 1 38598 -1
30 1 38599 -1
37 1 38600 -1
37 0 38601 4
17 0 38602 40
25 1 38603 -1
21 0 38604 44
43 1 38605 -1
53 1 38606 -1
34 0 38607 12
25 0 38608 32
27 0 38609 16
11 1 38610 -1
35 1 38611 -1
50 0 38612 4
29 1 38613 -1
5 0 38614 38
54 1 38615 -1
48 1 38616 -1
22 0 38617 0
14 0 38618 26
58 1 38619 -1
46 0 38620 30
11 1 38621 -1
53 0 38622 20
16 0 38623 10
2 1 38624 -1
17 1 38625 -1
34 0 38626 40
48 1 38627 -1
31 0 38628 22
49 1 38629 -1
7 0 38630 34
30 0 38631 34
22 1 38632 -1
49 0 38633 34
6 1 38634 -1
35 1 38635 -1
27 0 38636 6
20 1 38637 -1
16 0 38638 8
17 0 38639 8
8 1 38640 -1
1 1 38641 -1
14 0 38642 28
41 1 38643 -1
46 0 38644 30
31 1 38645 -1
22 0 38646 44
19 1 38647 -1
4 1 38648 -1
36 0 38649 14
11 0 38650 0
53 1 38651 -1
43 1 38652 -1
38 1 38653 -1
14 0 38654 8
51 1 38655 -1
59 0 38656 22
26 0 38657 36
32 1 38658 -1
56 0 38659 42
30 0 38660 30
53 0 38661 20
59 1 38662 -1
35 1 38663 -1
2 0 38664 16
46 1 38665 -1
44 0 38666 34
4 1 38667 -1
19 0 38668 6
17 0 38669 22
0 1 38670 -1
14 1 38671 -1
15 0 38672 14
39 1 38673 -1
35 0 38674 12
47 1 38675 -1
3 0 38676 18
52 0 38677 42
39 1 38678 -1
25 0 38679 8
52 0 38680 14
14 1 38681 -1
53 1 38682 -1
20 1 38683 -1
42 0 38684 26
20 0 38685 46
30 0 38686 22
49 1 38687 -1
41 0 38688 46
53 1 38689 -1
12 1 38690 -1
58 0 38691 2
31 1 38692 -1
28 1 38693 -1
32 0 38694 28
36 1 38695 -1
49 0 38696 14
28 0 38697 0
4 1 38698 -1
31 0 38699 18
57 1 38700 -1
27 1 38701 -1
5 0 38702 10
16 0 38703 28
47 1 38704 -1
54 0 38705 0
42 0 38706 48
8 0 38707 32
45 1 38708 -1
36 0 38709 6
27 1 38710 -1
16 1 38711 -1
42 1 38712 -1
43 1 38713 -1
38 1 38714 -1
5 0 38715 40
17 1 38716 -1
1 0 38717 4
43 0 38718 6
32 0 38719 22
15 1 38720 -1
4 1 38721 -1
50 1 38722 -1
35 0 38723 38
27 0 38724 36
51 0 38725 26
2 1 38726 -1
43 1 38727 -1
39 0 38728 44
0 0 38729 48
39 1 38730 -1
56 1 38731 -1
41 1 38732 -1
27 0 38733 44
17 0 38734 8
19 0 38735 24
3 1 38736 -1
27 0 38737 4
56 0 38738 24
15 1 38739 -1
22 1 38740 -1
48 0 38741 30
8 0 38742 44
48 1 38743 -1
19 1 38744 -1
58 0 38745 34
32 0 38746 2
34 1 38747 -1
28 0 38748 22
32 1 38749 -1
3 1 38750 -1
34 1 38751 -1
34 0 38752 26
4 0 38753 8
0 1 38754 -1
3 0 38755 10
44 1 38756 -1
15 1 38757 -1
3 0 38758 46
24 1 38759 -1
19 1 38760 -1
22 0 38761 10
27 0 38762 2
19 1 38763 -1
39 0 38764 36
0 1 38765 -1
9 1 38766 -1
8 0 38767 2
11 0 38768 44
8 1 38769 -1
20 0 38770 4
31 1 38771 -1
54 1 38772 -1
23 0 38773 30
27 0 38774 38
20 0 38775 28
31 1 38776 -1
43 0 38777 30
4 1 38778 -1
57 0 38779 46
4 0 38780 16
17 1 38781 -1
37 1 38782 -1
59 0 38783 36
53 1 38784 -1
43 0 38785 32
37 1 38786 -1
52 1 38787 -1
54 0 38788 18
17 0 38789 6
4 0 38790 24
26 1 38791 -1
8 0 38792 40
17 1 38793 -1
23 0 38794 10
21 1 38795 -1
34 1 38796 -1
47 1 38797 -1
49 0 38798 38
25 1 38799 -1
31 0 38800 28
40 1 38801 -1
35 0 38802 6
44 1 38803 -1
41 1 38804 -1
37 0 38805 44
14 1 38806 -1
53 0 38807 44
34 0 38808 28
5 0 38809 30
37 1 38810 -1
37 1 38811 -1
57 1 38812 -1
26 0 38813 10
54 0 38814 20
8 1 38815 -1
30 0 38816 22
30 0 38817 28
44 0 38818 14
27 1 38819 -1
30 0 38820 32
39 0 38821 40
58 1 38822 -1
49 1 38823 -1
1 1 38824 -1
54 0 38825 36
53 1 38826 -1
47 1 38827 -1
42 0 38828 8
16 0 38829 24
24 1 38830 -1
28 0 38831 44
25 1 38832 -1
44 0 38833 8
17 0 38834 38
14 1 38835 -1
20 1 38836 -1
23 0 38837 42
24 0 38838 4
4 0 38839 12
4 1 38840 -1
1 1 38841 -1
50 1 38842 -1
58 1 38843 -1
24 0 38844 16
57 1 38845 -1
28 0 38846 48
53 1 38847 -1
27 0 38848 38
51 0 38849 34
57 1 38850 -1
32 0 38851 24
21 0 38852 42
7 1 38853 -1
53 0 38854 42
42 1 38855 -1
50 1 38856 -1
37 1 38857 -1
4 0 38858 30
38 0 38859 28
2 1 38860 -1
38 0 38861 12
20 1 38862 -1
31 1 38863 -1
36 1 38864 -1
9 0 38865 2
30 0 38866 16
36 0 38867 14
11 1 38868 -1
46 1 38869 -1
17 1 38870 -1
30 0 38871 18
31 0 38872 24
44 1 38873 -1
40 0 38874 48
53 0 38875 28
46 1 38876 -1
29 1 38877 -1
16 0 38878 24
26 1 38879 -1
46 0 38880 26
4 0 38881 46
6 0 38882 44
37 1 38883 -1
7 1 38884 -1
15 1 38885 -1
29 0 38886 44
56 0 38887 10
35 0 38888 14
59 0 38889 26
15 1 38890 -1
12 1 38891 -1
46 1 38892 -1
20 0 38893 8
16 0 38894 8
31 1 38895 -1
31 0 38896 48
6 1 38897 -1
53 1 38898 -1
19 1 38899 -1
8 0 38900 32
8 0 38901 18
17 1 38902 -1
29 0 38903 12
7 0 38904 4
25 1 38905 -1
17 0 38906 30
52 0 38907 46
3 1 38908 -1
39 1 38909 -1
2 0 38910 40
37 1 38911 -1
3 0 38912 6
54 1 38913 -1
49 1 38914 -1
56 0 38915 26
23 1 38916 -1
1 0 38917 10
19 0 38918 32
31 1 38919 -1
12 1 38920 -1
23 0 38921 24
26 1 38922 -1
52 0 38923 10
45 1 38924 -1
45 1 38925 -1
0 0 38926 32
34 0 38927 16
22 1 38928 -1
53 1 38929 -1
54 0 38930 4
44 1 38931 -1
6 0 38932 12
45 1 38933 -1
29 0 38934 26
4 0 38935 32
42 0 38936 4
0 1 38937 -1
14 1 38938 -1
0 1 38939 -1
12 1 38940 -1
0 1 38941 -1
45 0 38942 18
2 0 38943 14
41 0 38944 8
7 1 38945 -1
4 0 38946 48
29 0 38947 16
41 1 38948 -1
0 1 38949 -1
3 1 38950 -1
48 0 38951 36
31 0 38952 2
34 0 38953 4
10 1 38954 -1
29 1 38955 -1
37 0 38956 44
10 1 38957 -1
44 0 38958 10
42 1 38959 -1
10 0 38960 20
47 1 38961 -1
19 0 38962 22
44 0 38963 36
53 1 38964 -1
30 0 38965 38
27 1 38966 -1
10 0 38967 30
27 1 38968 -1
30 1 38969 -1
53 0 38970 0
34 1 38971 -1
11 0 38972 10
58 0 38973 12
11 1 38974 -1
53 0 38975 48
33 1 38976 -1
56 1 38977 -1
44 0 38978 38
35 0 38979 14
57 1 38980 -1
49 1 38981 -1
38 0 38982 8
29 0 38983 42
10 1 38984 -1
26 1 38985 -1
36 1 38986 -1
26 0 38987 46
46 1 38988 -1
16 0 38989 28
10 0 38990 44
38 0 38991 20
30 0 38992 38
1 0 38993 32
59 1 38994 -1
56 1 38995 -1
9 1 38996 -1
44 0 38997 4
54 0 38998 6
44 1 38999 -1
20 0 39000 26
50 1 39001 -1
14 1 39002 -1
16 0 39003 44
5 1 39004 -1
44 1 39005 -1
7 0 39006 6
39 1 39007 -1
4 0 39008 22
41 0 39009 34
39 1 39010 -1
54 1 39011 -1
15 0 39012 14
25 1 39013 -1
44 0 39014 42
49 0 39015 4
41 1 39016 -1
2 1 39017 -1
27 0 39018 28
27 0 39019 14
51 1 39020 -1
25 0 39021 42
22 1 39022 -1
25 1 39023 -1
50 1 39024 -1
20 0 39025 20
2 0 39026 44
25 0 39027 4
4 1 39028 -1
56 1 39029 -1
13 1 39030 -1
7 1 39031 -1
26 0 39032 14
4 0 39033 10
58 1 39034 -1
7 0 39035 32
47 0 39036 40
9 0 39037 26
41 0 39038 22
7 0 39039 38
15 1 39040 -1
37 1 39041 -1
7 1 39042 -1
31 0 39043 10
12 1 39044 -1
36 0 39045 14
53 1 39046 -1
7 0 39047 32
43 1 39048 -1
37 1 39049 -1
26 0 39050 40
42 1 39051 -1
13 0 39052 34
50 0 39053 32
36 1 39054 -1
37 0 39055 36
21 1 39056 -1
46 0 39057 34
28 1 39058 -1
53 1 39059 -1
21 0 39060 6
32 1 39061 -1
54 0 39062 38
18 1 39063 -1
14 0 39064 34
44 0 39065 4
54 1 39066 -1
46 0 39067 14
17 1 39068 -1
29 1 39069 -1
58 1 39070 -1
53 0 39071 0
57 0 39072 20
54 1 39073 -1
29 0 39074 2
12 0 39075 30
48 1 39076 -1
50 0 39077 4
15 1 39078 -1
29 0 39079 22
52 1 39080 -1
4 0 39081 38
34 1 39082 -1
5 0 39083 46
16 1 39084 -1
25 0 39085 36
59 1 39086 -1
59 0 39087 40
33 1 39088 -1
8 1 39089 -1
7 1 39090 -1
48 0 39091 24
39 0 39092 22
26 0 39093 48
25 0 39094 22
21 1 39095 -1
3 0 39096 24
19 1 39097 -1
34 1 39098 -1
29 1 39099 -1
26 0 39100 44
32 1 39101 -1
6 1 39102 -1
14 0 39103 44
26 1 39104 -1
46 0 39105 38
36 1 39106 -1
25 0 39107 34
25 0 39108 14
51 1 39109 -1
38 1 39110 -1
31 0 39111 10
13 1 39112 -1
42 0 39113 2
36 0 39114 0
11 1 39115 -1
51 1 39116 -1
37 0 39117 2
33 0 39118 6
3 1 39119 -1
6 0 39120 20
4 1 39121 -1
55 1 39122 -1
58 0 39123 32
53 0 39124 22
54 1 39125 -1
31 0 39126 38
6 0 39127 0
37 1 39128 -1
2 1 39129 -1
37 0 39130 10
22 1 39131 -1
38 1 39132 -1
5 0 39133 2
29 1 39134 -1
45 0 39135 10
22 1 39136 -1
2 0 39137 38
48 0 39138 4
19 1 39139 -1
56 1 39140 -1
6 0 39141 22
53 0 39142 34
56 1 39143 -1
44 1 39144 -1
53 0 39145 2
17 0 39146 32
36 0 39147 26
18 0 39148 10
15 1 39149 -1
34 1 39150 -1
2 1 39151 -1
49 0 39152 38
7 1 39153 -1
29 1 39154 -1
0 0 39155 28
51 0 39156 24
3 0 39157 34
34 1 39158 -1
44 0 39159 30
38 0 39160 36
48 1 39161 -1
38 0 39162 0
46 1 39163 -1
49 1 39164 -1
5 1 39165 -1
5 1 39166 -1
49 0 39167 42
32 0 39168 44
58 0 39169 16
4 0 39170 44
7 1 39171 -1
7 1 39172 -1
25 0 39173 8
45 1 39174 -1
22 1 39175 -1
26 0 39176 30
33 0 39177 36
42 1 39178 -1
14 1 39179 -1
5 1 39180 -1
8 1 39181 -1
54 0 39182 0
51 0 39183 10
14 0 39184 24
20 1 39185 -1
38 0 39186 40
52 1 39187 -1
51 0 39188 24
2 0 39189 32
47 1 39190 -1
29 0 39191 26
12 0 39192 14
15 1 39193 -1
48 0 39194 2
54 0 39195 48
22 1 39196 -1
38 1 39197 -1
33 1 39198 -1
58 0 39199 0
33 1 39200 -1
43 1 39201 -1
42 0 39202 32
23 1 39203 -1
49 1 39204 -1
32 0 39205 28
27 1 39206 -1
42 0 39207 40
40 0 39208 46
57 0 39209 0
45 1 39210 -1
59 0 39211 20
27 1 39212 -1
26 1 39213 -1
32 1 39214 -1
31 0 39215 38
7 0 39216 16
49 1 39217 -1
25 1 39218 -1
26 0 39219 46
17 0 39220 38
11 1 39221 -1
31 0 39222 2
58 0 39223 6
17 1 39224 -1
38 0 39225 38
42 1 39226 -1
50 1 39227 -1
29 0 39228 34
16 1 39229 -1
35 0 39230 10
5 1 39231 -1
27 1 39232 -1
43 1 39233 -1
12 0 39234 14
51 0 39235 22
4 1 39236 -1
22 0 39237 6
25 0 39238 0
31 0 39239 38
35 1 39240 -1
18 1 39241 -1
22 0 39242 6
45 1 39243 -1
42 0 39244 26
30 1 39245 -1
27 0 39246 18
38 0 39247 34
37 1 39248 -1
12 0 39249 20
24 1 39250 -1
23 0 39251 40
59 1 39252 -1
40 1 39253 -1
28 1 39254 -1
19 0 39255 16
57 0 39256 16
54 0 39257 14
53 1 39258 -1
29 0 39259 26
46 1 39260 -1
40 0 39261 2
11 1 39262 -1
32 0 39263 4
8 1 39264 -1
58 0 39265 48
34 0 39266 18
1 1 39267 -1
30 1 39268 -1
9 1 39269 -1
42 0 39270 4
11 1 39271 -1
20 1 39272 -1
53 1 39273 -1
55 1 39274 -1
11 0 39275 24
20 0 39276 2
43 0 39277 40
19 0 39278 2
1 0 39279 12
22 0 39280 18
45 1 39281 -1
58 0 39282 34
52 1 39283 -1
46 0 39284 36
12 1 39285 -1
52 1 39286 -1
34 1 39287 -1
31 0 39288 42
45 0 39289 44
18 1 39290 -1
16 1 39291 -1
19 0 39292 0
15 1 39293 -1
30 0 39294 4
43 1 39295 -1
46 0 39296 16
33 1 39297 -1
8 0 39298 12
41 0 39299 10
17 1 39300 -1
5 0 39301 38
0 1 39302 -1
23 1 39303 -1
13 0 39304 32
34 0 39305 26
25 1 39306 -1
6 1 39307 -1
28 0 39308 22
42 1 39309 -1
33 0 39310 22
17 0 39311 26
15 0 39312 10
9 1 39313 -1
28 0 39314 0
20 1 39315 -1
52 1 39316 -1
18 1 39317 -1
45 0 39318 42
33 0 39319 38
52 1 39320 -1
22 1 39321 -1
37 0 39322 14
35 0 39323 42
58 0 39324 4
17 1 39325 -1
27 1 39326 -1
1 1 39327 -1
12 0 39328 26
23 1 39329 -1
12 0 39330 42
13 1 39331 -1
22 0 39332 48
47 0 39333 40
13 1 39334 -1
9 1 39335 -1
25 1 39336 -1
37 0 39337 44
29 0 39338 48
22 0 39339 40
10 1 39340 -1
16 0 39341 4
53 0 39342 8
12 1 39343 -1
57 1 39344 -1
56 1 39345 -1
40 0 39346 12
3 1 39347 -1
59 0 39348 28
57 1 39349 -1
27 0 39350 12
39 1 39351 -1
33 0 39352 38
28 1 39353 -1
20 0 39354 16
43 1 39355 -1
7 1 39356 -1
12 0 39357 44
5 1 39358 -1
7 1 39359 -1
56 0 39360 34
18 1 39361 -1
38 0 39362 48
26 1 39363 -1
18 0 39364 14
10 0 39365 4
18 1 39366 -1
26 0 39367 8
9 1 39368 -1
1 0 39369 30
15 1 39370 -1
59 0 39371 28
59 1 39372 -1
28 0 39373 6
9 0 39374 0
4 0 39375 8
40 1 39376 -1
20 0 39377 34
3 1 39378 -1
43 1 39379 -1
39 0 39380 28
15 1 39381 -1
33 1 39382 -1
47 0 39383 2
5 1 39384 -1
54 0 39385 30
4 1 39386 -1
35 0 39387 38
19 0 39388 10
38 1 39389 -1
40 1 39390 -1
15 0 39391 14
34 0 39392 46
27 1 39393 -1
45 0 39394 46
42 0 39395 28
57 1 39396 -1
52 0 39397 24
11 1 39398 -1
19 0 39399 36
17 1 39400 -1
21 1 39401 -1
42 0 39402 40
27 0 39403 24
18 1 39404 -1
10 1 39405 -1
59 0 39406 44
58 1 39407 -1
47 0 39408 22
17 1 39409 -1
12 1 39410 -1
52 0 39411 34
9 0 39412 44
11 0 39413 8
7 0 39414 12
9 0 39415 48
19 0 39416 2
33 1 39417 -1
17 1 39418 -1
15 1 39419 -1
8 0 39420 10
29 1 39421 -1
4 0 39422 4
51 1 39423 -1
40 1 39424 -1
33 0 39425 4
35 1 39426 -1
18 0 39427 28
14 1 39428 -1
54 0 39429 4
44 1 39430 -1
11 0 39431 46
38 0 39432 10
0 1 39433 -1
10 0 39434 46
16 1 39435 -1
12 1 39436 -1
10 1 39437 -1
37 0 39438 34
58 1 39439 -1
23 0 39440 26
57 0 39441 22
50 1 39442 -1
24 1 39443 -1
8 1 39444 -1
26 1 39445 -1
0 0 39446 2
31 0 39447 4
42 1 39448 -1
47 0 39449 48
53 0 39450 26
38 0 39451 24
8 1 39452 -1
12 0 39453 12
36 1 39454 -1
49 0 39455 16
22 1 39456 -1
8 1 39457 -1
36 0 39458 22
35 1 39459 -1
9 0 39460 18
50 1 39461 -1
15 1 39462 -1
59 0 39463 2
53 0 39464 0
52 1 39465 -1
44 0 39466 36
55 0 39467 20
57 0 39468 12
21 1 39469 -1
55 0 39470 32
46 1 39471 -1
19 1 39472 -1
9 1 39473 -1
15 0 39474 40
56 0 39475 14
12 1 39476 -1
7 1 39477 -1
49 0 39478 2
14 0 39479 44
42 0 39480 10
55 1 39481 -1
51 1 39482 -1
39 0 39483 20
4 1 39484 -1
57 0 39485 6
0 0 39486 42
48 1 39487 -1
29 1 39488 -1
32 1 39489 -1
22 1 39490 -1
42 0 39491 2
57 1 39492 -1
59 0 39493 22
16 0 39494 38
39 0 39495 28
0 0 39496 40
45 0 39497 44
30 1 39498 -1
9 0 39499 48
37 1 39500 -1
30 1 39501 -1
23 1 39502 -1
32 0 39503 28
27 1 39504 -1
43 0 39505 40
55 1 39506 -1
7 1 39507 -1
17 1 39508 -1
24 1 39509 -1
30 0 39510 28
48 0 39511 12
26 1 39512 -1
34 1 39513 -1
56 0 39514 10
3 0 39515 42
37 1 39516 -1
11 0 39517 10
7 1 39518 -1
17 0 39519 18
22 1 39520 -1
55 0 39521 38
11 0 39522 28
30 0 39523 36
15 1 39524 -1
23 1 39525 -1
8 0 39526 28
54 1 39527 -1
53 0 39528 28
26 0 39529 34
7 0 39530 30
35 1 39531 -1
24 0 39532 32
55 1 39533 -1
42 1 39534 -1
58 1 39535 -1
22 1 39536 -1
25 0 39537 4
35 0 39538 8
38 1 39539 -1
4 0 39540 34
29 0 39541 44
25 0 39542 36
34 1 39543 -1
1 1 39544 -1
30 0 39545 16
33 1 39546 -1
19 0 39547 2
26 1 39548 -1
12 0 39549 46
7 0 39550 2
22 1 39551 -1
4 0 39552 34
50 1 39553 -1
2 1 39554 -1
38 1 39555 -1
38 1 39556 -1
17 0 39557 46
49 1 39558 -1
46 0 39559 0
54 0 39560 20
25 0 39561 10
2 1 39562 -1
24 0 39563 4
7 1 39564 -1
22 1 39565 -1
49 1 39566 -1
57 0 39567 38
18 1 39568 -1
23 0 39569 22
42 1 39570 -1
16 0 39571 34
5 0 39572 40
8 0 39573 2
0 1 39574 -1
1 0 39575 0
8 0 39576 4
55 1 39577 -1
11 0 39578 32
49 0 39579 34
38 1 39580 -1
56 0 39581 4
51 1 39582 -1
46 0 39583 48
16 1 39584 -1
29 1 39585 -1
23 0 39586 42
6 1 39587 -1
6 1 39588 -1
0 1 39589 -1
58 0 39590 0
8 1 39591 -1
0 0 39592 6
33 0 39593 44
34 0 39594 30
46 1 39595 -1
26 0 39596 38
19 0 39597 24
21 1 39598 -1
4 1 39599 -1
25 0 39600 2
35 1 39601 -1
29 1 39602 -1
27 1 39603 -1
38 0 39604 18
0 0 39605 14
8 1 39606 -1
40 1 39607 -1
51 1 39608 -1
10 0 39609 34
13 0 39610 48
59 0 39611 46
43 1 39612 -1
18 0 39613 30
42 1 39614 -1
0 0 39615 44
18 0 39616 12
50 1 39617 -1
35 1 39618 -1
22 0 39619 48
23 0 39620 34
8 1 39621 -1
51 1 39622 -1
58 0 39623 18
14 1 39624 -1
12 1 39625 -1
3 0 39626 30
39 1 39627 -1
6 1 39628 -1
16 0 39629 22
57 0 39630 2
33 0 39631 0
21 0 39632 16
51 1 39633 -1
53 0 39634 28
34 1 39635 -1
36 1 39636 -1
8 1 39637 -1
20 1 39638 -1
13 0 39639 6
53 0 39640 16
22 1 39641 -1
7 0 39642 36
50 1 39643 -1
57 1 39644 -1
14 0 39645 10
46 1 39646 -1
42 0 39647 18
16 0 39648 30
25 0 39649 28
27 1 39650 -1
36 0 39651 40
26 0 39652 18
48 1 39653 -1
39 0 39654 4
47 1 39655 -1
51 1 39656 -1
51 0 39657 28
22 1 39658 -1
25 1 39659 -1
29 0 39660 26
13 1 39661 -1
19 0 39662 30
27 0 39663 44
29 1 39664 -1
19 1 39665 -1
56 0 39666 16
56 1 39667 -1
59 0 39668 16
33 1 39669 -1
15 0 39670 40
55 1 39671 -1
45 0 39672 0
20 0 39673 6
22 0 39674 44
32 1 39675 -1
53 1 39676 -1
16 1 39677 -1
43 1 39678 -1
5 0 39679 4
8 0 39680 20
14 0 39681 26
31 1 39682 -1
57 0 39683 38
7 0 39684 6
49 0 39685 4
53 1 39686 -1
24 1 39687 -1
21 0 39688 0
5 1 39689 -1
58 0 39690 0
11 0 39691 2
6 1 39692 -1
47 0 39693 8
31 0 39694 18
55 1 39695 -1
5 1 39696 -1
23 1 39697 -1
53 1 39698 -1
57 1 39699 -1
55 0 39700 10
53 0 39701 6
48 1 39702 -1
39 1 39703 -1
48 0 39704 32
21 0 39705 26
53 0 39706 42
59 1 39707 -1
26 1 39708 -1
53 0 39709 12
34 1 39710 -1
32 1 39711 -1
48 0 39712 28
40 1 39713 -1
5 0 39714 10
23 0 39715 36
56 0 39716 26
56 0 39717 14
49 1 39718 -1
39 1 39719 -1
55 0 39720 48
22 0 39721 28
46 1 39722 -1
49 1 39723 -1
5 0 39724 44
30 1 39725 -1
49 0 39726 4
6 1 39727 -1
27 0 39728 28
58 1 39729 -1
34 0 39730 16
16 1 39731 -1
32 1 39732 -1
34 0 39733 42
59 0 39734 38
43 0 39735 14
0 1 39736 -1
45 1 39737 -1
55 1 39738 -1
55 0 39739 2
7 1 39740 -1
49 0 39741 44
14 0 39742 12
13 1 39743 -1
3 1 39744 -1
16 1 39745 -1
33 1 39746 -1
52 0 39747 10
56 0 39748 6
27 0 39749 44
36 1 39750 -1
7 0 39751 34
25 1 39752 -1
44 1 39753 -1
27 0 39754 40
14 0 39755 32
12 1 39756 -1
4 0 39757 40
55 1 39758 -1
15 1 39759 -1
33 0 39760 12
43 0 39761 32
34 1 39762 -1
29 1 39763 -1
22 0 39764 22
36 0 39765 38
54 1 39766 -1
51 0 39767 38
6 0 39768 34
27 1 39769 -1
43 1 39770 -1
5 0 39771 4
49 1 39772 -1
35 0 39773 4
3 0 39774 34
7 0 39775 40
8 1 39776 -1
4 1 39777 -1
26 1 39778 -1
59 0 39779 30
58 1 39780 -1
25 1 39781 -1
53 0 39782 12
37 0 39783 44
32 1 39784 -1
16 1 39785 -1
16 0 39786 34
18 1 39787 -1
50 0 39788 12
45 1 39789 -1
30 1 39790 -1
22 0 39791 8
57 0 39792 0
54 0 39793 24
57 1 39794 -1
25 0 39795 30
11 1 39796 -1
46 0 39797 38
35 0 39798 32
42 1 39799 -1
45 1 39800 -1
51 1 39801 -1
8 0 39802 26
12 0 39803 10
40 1 39804 -1
29 1 39805 -1
12 0 39806 26
48 1 39807 -1
49 0 39808 44
35 1 39809 -1
17 0 39810 6
37 1 39811 -1
38 0 39812 38
6 1 39813 -1
48 0 39814 36
45 1 39815 -1
27 0 39816 38
40 1 39817 -1
4 0 39818 42
43 0 39819 48
7 1 39820 -1
3 1 39821 -1
49 0 39822 28
53 0 39823 24
37 0 39824 48
3 1 39825 -1
43 1 39826 -1
44 1 39827 -1
7 0 39828 24
12 1 39829 -1
58 1 39830 -1
44 0 39831 38
18 0 39832 24
56 1 39833 -1
0 0 39834 34
32 0 39835 22
59 1 39836 -1
56 0 39837 10
39 1 39838 -1
16 1 39839 -1
7 0 39840 4
50 0 39841 48
0 1 39842 -1
6 0 39843 14
37 0 39844 30
54 1 39845 -1
37 0 39846 42
37 1 39847 -1
8 1 39848 -1
22 1 39849 -1
37 1 39850 -1
34 0 39851 26
45 0 39852 40
54 0 39853 24
50 0 39854 6
30 1 39855 -1
44 0 39856 30
14 1 39857 -1
17 1 39858 -1
43 1 39859 -1
50 0 39860 44
48 1 39861 -1
50 0 39862 36
59 1 39863 -1
46 0 39864 16
11 0 39865 34
51 1 39866 -1
2 0 39867 28
13 0 39868 42
6 0 39869 8
28 1 39870 -1
51 1 39871 -1
51 0 39872 18
41 1 39873 -1
22 0 39874 26
28 1 39875 -1
24 1 39876 -1
48 0 39877 26
24 1 39878 -1
39 0 39879 36
20 1 39880 -1
3 0 39881 34
57 1 39882 -1
39 0 39883 2
2 1 39884 -1
21 1 39885 -1
22 0 39886 8
51 0 39887 48
16 1 39888 -1
39 0 39889 2
50 0 39890 4
52 1 39891 -1
38 0 39892 26
29 1 39893 -1
37 0 39894 42
9 1 39895 -1
51 0 39896 20
23 1 39897 -1
40 1 39898 -1
23 0 39899 4
5 0 39900 40
12 1 39901 -1
52 1 39902 -1
21 1 39903 -1
45 0 39904 32
3 0 39905 2
53 1 39906 -1
19 0 39907 30
1 1 39908 -1
11 1 39909 -1
34 0 39910 26
43 1 39911 -1
28 1 39912 -1
38 0 39913 38
35 0 39914 38
34 0 39915 36
24 0 39916 48
40 1 39917 -1
52 1 39918 -1
33 1 39919 -1
42 0 39920 32
17 1 39921 -1
16 1 39922 -1
45 1 39923 -1
37 0 39924 42
8 0 39925 8
17 0 39926 6
13 1 39927 -1
51 0 39928 22
47 1 39929 -1
19 0 39930 2
8 0 39931 30
0 1 39932 -1
42 0 39933 48
42 1 39934 -1
50 0 39935 36
45 1 39936 -1
54 1 39937 -1
19 0 39938 26
21 1 39939 -1
45 1 39940 -1
16 0 39941 44
0 1 39942 -1
23 1 39943 -1
51 0 39944 2
0 1 39945 -1
38 0 39946 12
54 0 39947 8
29 0 39948 4
26 1 39949 -1
51 0 39950 40
24 0 39951 0
47 0 39952 8
41 1 39953 -1
0 1 39954 -1
14 0 39955 32
32 1 39956 -1
19 1 39957 -1
8 0 39958 36
49 1 39959 -1
42 0 39960 8
31 1 39961 -1
42 1 39962 -1
46 0 39963 14
26 0 39964 30
0 1 39965 -1
25 0 39966 10
52 0 39967 8
41 1 39968 -1
6 1 39969 -1
12 1 39970 -1
50 1 39971 -1
49 0 39972 36
45 0 39973 22
13 0 39974 10
27 0 39975 10
1 1 39976 -1
8 0 39977 42
41 0 39978 44
57 1 39979 -1
26 1 39980 -1
59 0 39981 14
32 1 39982 -1
40 0 39983 10
19 0 39984 10
48 1 39985 -1
12 0 39986 40
43 1 39987 -1
8 1 39988 -1
33 0 39989 14
33 0 39990 20
30 1 39991 -1
53 1 39992 -1
37 1 39993 -1
33 1 39994 -1
32 0 39995 16
59 0 39996 24
8 1 39997 -1
44 1 39998 -1
29 1 39999 -1
6 0 40000 40
41 0 40001 28
23 1 40002 -1
47 0 40003 16
24 0 40004 2
9 1 40005 -1
57 0 40006 12
37 1 40007 -1
7 0 40008 14
5 1 40009 -1
23 0 40010 34
0 1 40011 -1
37 0 40012 26
22 1 40013 -1
16 0 40014 40
17 0 40015 36
30 1 40016 -1
53 1 40017 -1
47 1 40018 -1
24 0 40019 4
30 0 40020 0
5 0 40021 38
55 0 40022 26
26 1 40023 -1
13 0 40024 24
4 1 40025 -1
37 0 40026 36
53 1 40027 -1
44 0 40028 40
2 1 40029 -1
39 1 40030 -1
20 1 40031 -1
1 0 40032 10
49 1 40033 -1
13 1 40034 -1
19 0 40035 0
43 0 40036 48
57 0 40037 32
40 0 40038 34
54 1 40039 -1
24 1 40040 -1
7 0 40041 6
35 1 40042 -1
21 1 40043 -1
9 0 40044 0
5 1 40045 -1
50 0 40046 16
5 1 40047 -1
15 0 40048 2
54 0 40049 34
48 1 40050 -1
0 1 40051 -1
14 0 40052 30
40 0 40053 16
53 0 40054 6
59 0 40055 42
12 1 40056 -1
45 0 40057 42
43 1 40058 -1
23 1 40059 -1
51 1 40060 -1
35 0 40061 4
50 0 40062 28
44 1 40063 -1
15 0 40064 14
8 1 40065 -1
5 0 40066 36
56 1 40067 -1
22 0 40068 38
12 1 40069 -1
56 0 40070 26
0 0 40071 16
22 1 40072 -1
16 1 40073 -1
22 0 40074 4
20 1 40075 -1
27 1 40076 -1
34 0 40077 32
42 1 40078 -1
34 0 40079 28
27 0 40080 38
20 1 40081 -1
53 1 40082 -1
37 1 40083 -1
17 1 40084 -1
42 1 40085 -1
1 0 40086 40
11 0 40087 6
11 0 40088 46
42 1 40089 -1
15 1 40090 -1
42 0 40091 42
55 1 40092 -1
48 0 40093 6
59 1 40094 -1
29 0 40095 6
32 0 40096 36
40 1 40097 -1
37 0 40098 8
49 1 40099 -1
6 1 40100 -1
13 0 40101 40
39 1 40102 -1
5 0 40103 32
11 1 40104 -1
29 1 40105 -1
58 0 40106 44
41 0 40107 42
9 0 40108 14
43 0 40109 14
20 1 40110 -1
22 0 40111 14
29 1 40112 -1
55 1 40113 -1
5 0 40114 12
9 1 40115 -1
17 1 40116 -1
0 0 40117 12
34 1 40118 -1
11 0 40119 22
14 1 40120 -1
18 0 40121 28
44 1 40122 -1
48 0 40123 10
47 1 40124 -1
28 0 40125 14
31 0 40126 46
34 0 40127 26
24 0 40128 26
55 1 40129 -1
43 0 40130 4
21 1 40131 -1
28 0 40132 18
17 1 40133 -1
19 1 40134 -1
5 0 40135 38
34 1 40136 -1
30 0 40137 30
34 0 40138 12
56 1 40139 -1
13 1 40140 -1
49 0 40141 26
23 1 40142 -1
55 1 40143 -1
4 0 40144 14
15 1 40145 -1
47 1 40146 -1
16 1 40147 -1
9 0 40148 36
55 0 40149 30
28 0 40150 8
23 0 40151 40
37 0 40152 42
57 0 40153 28
55 1 40154 -1
12 1 40155 -1
52 1 40156 -1
18 1 40157 -1
37 0 40158 48
41 1 40159 -1
13 0 40160 40
45 0 40161 2
33 1 40162 -1
16 1 40163 -1
13 1 40164 -1
58 0 40165 16
14 1 40166 -1
45 0 40167 28
55 0 40168 32
5 0 40169 0
41 1 40170 -1
43 0 40171 0
33 0 40172 32
49 1 40173 -1
3 1 40174 -1
39 0 40175 8
43 1 40176 -1
32 0 40177 2
29 1 40178 -1
29 0 40179 8
59 1 40180 -1
5 1 40181 -1
2 0 40182 22
43 0 40183 12
0 0 40184 16
8 1 40185 -1
14 0 40186 48
17 1 40187 -1
39 0 40188 18
21 1 40189 -1
44 0 40190 24
23 1 40191 -1
18 0 40192 40
52 1 40193 -1
43 0 40194 18
8 1 40195 -1
48 1 40196 -1
51 0 40197 30
26 1 40198 -1
22 1 40199 -1
47 0 40200 26
10 1 40201 -1
11 1 40202 -1
17 1 40203 -1
59 0 40204 48
40 0 40205 18
14 1 40206 -1
48 0 40207 28
8 1 40208 -1
58 0 40209 48
36 1 40210 -1
30 0 40211 2
6 1 40212 -1
59 0 40213 18
37 1 40214 -1
30 0 40215 42
52 0 40216 8
31 1 40217 -1
9 1 40218 -1
30 0 40219 16
56 0 40220 0
4 1 40221 -1
13 0 40222 22
55 1 40223 -1
57 1 40224 -1
40 0 40225 38
15 0 40226 18
35 1 40227 -1
15 0 40228 18
22 0 40229 10
54 1 40230 -1
47 1 40231 -1
9 0 40232 16
44 1 40233 -1
53 1 40234 -1
29 0 40235 34
0 0 40236 28
59 0 40237 16
19 0 40238 46
2 1 40239 -1
19 1 40240 -1
54 0 40241 32
26 1 40242 -1
52 0 40243 8
39 1 40244 -1
35 0 40245 34
29 0 40246 20
52 1 40247 -1
16 0 40248 20
57 1 40249 -1
55 1 40250 -1
58 0 40251 4
14 0 40252 38
41 1 40253 -1
25 0 40254 38
3 1 40255 -1
26 1 40256 -1
40 1 40257 -1
51 1 40258 -1
45 0 40259 24
18 1 40260 -1
22 0 40261 46
55 0 40262 36
53 1 40263 -1
36 0 40264 44
14 1 40265 -1
59 0 40266 46
23 0 40267 2
15 1 40268 -1
16 1 40269 -1
12 0 40270 8
26 0 40271 30
19 0 40272 40
4 1 40273 -1
43 1 40274 -1
41 0 40275 34
40 1 40276 -1
5 1 40277 -1
41 1 40278 -1
5 0 40279 38
54 1 40280 -1
38 1 40281 -1
53 1 40282 -1
37 0 40283 38
25 0 40284 24
38 0 40285 4
35 0 40286 2
51 0 40287 26
39 1 40288 -1
36 1 40289 -1
11 0 40290 34
5 1 40291 -1
41 1 40292 -1
59 0 40293 18
41 1 40294 -1
6 0 40295 0
52 0 40296 12
57 0 40297 0
24 1 40298 -1
24 0 40299 8
38 0 40300 12
29 1 40301 -1
51 0 40302 6
40 1 40303 -1
3 1 40304 -1
50 0 40305 22
8 0 40306 40
8 1 40307 -1
25 0 40308 12
37 1 40309 -1
25 1 40310 -1
18 1 40311 -1
43 1 40312 -1
33 0 40313 2
50 0 40314 20
55 1 40315 -1
34 1 40316 -1
21 0 40317 16
18 0 40318 24
36 0 40319 12
52 1 40320 -1
6 1 40321 -1
35 0 40322 30
41 0 40323 10
8 0 40324 24
3 1 40325 -1
49 0 40326 46
39 1 40327 -1
37 0 40328 4
1 1 40329 -1
28 1 40330 -1
53 1 40331 -1
6 0 40332 16
49 1 40333 -1
34 0 40334 44
42 0 40335 32
44 0 40336 32
19 1 40337 -1
29 0 40338 26
14 1 40339 -1
19 1 40340 -1
54 1 40341 -1
16 0 40342 44
32 1 40343 -1
50 0 40344 46
57 0 40345 12
6 0 40346 10
21 1 40347 -1
9 1 40348 -1
37 1 40349 -1
39 0 40350 42
55 0 40351 4
29 0 40352 36
9 1 40353 -1
59 0 40354 22
34 1 40355 -1
57 1 40356 -1
0 0 40357 8
2 1 40358 -1
9 0 40359 22
49 1 40360 -1
28 1 40361 -1
42 1 40362 -1
41 0 40363 12
25 0 40364 18
35 1 40365 -1
14 0 40366 22
18 1 40367 -1
22 0 40368 26
13 1 40369 -1
14 0 40370 22
40 1 40371 -1
49 0 40372 4
6 1 40373 -1
28 0 40374 30
56 1 40375 -1
6 1 40376 -1
43 0 40377 14
9 1 40378 -1
48 1 40379 -1
37 0 40380 8
47 0 40381 24
12 0 40382 16
28 1 40383 -1
44 0 40384 36
32 0 40385 30
16 0 40386 32
31 1 40387 -1
47 1 40388 -1
47 0 40389 32
16 1 40390 -1
21 0 40391 34
40 0 40392 16
8 1 40393 -1
29 1 40394 -1
31 0 40395 36
15 0 40396 6
17 1 40397 -1
39 0 40398 0
41 1 40399 -1
30 1 40400 -1
23 1 40401 -1
31 0 40402 20
29 0 40403 8
16 1 40404 -1
27 1 40405 -1
28 0 40406 30
5 0 40407 24
51 1 40408 -1
57 1 40409 -1
32 0 40410 18
29 0 40411 20
16 0 40412 36
32 1 40413 -1
44 1 40414 -1
2 0 40415 24
19 1 40416 -1
29 1 40417 -1
44 0 40418 0
1 1 40419 -1
21 0 40420 10
22 1 40421 -1
58 0 40422 2
4 1 40423 -1
32 0 40424 0
12 0 40425 8
25 1 40426 -1
21 1 40427 -1
8 0 40428 18
30 0 40429 4
58 1 40430 -1
17 1 40431 -1
47 0 40432 42
21 1 40433 -1
27 0 40434 36
59 0 40435 34
16 1 40436 -1
18 1 40437 -1
24 1 40438 -1
43 0 40439 10
31 1 40440 -1
55 0 40441 38
51 0 40442 38
14 0 40443 34
24 0 40444 8
25 1 40445 -1
45 1 40446 -1
19 0 40447 18
51 1 40448 -1
47 1 40449 -1
20 0 40450 16
22 0 40451 30
5 1 40452 -1
56 1 40453 -1
13 0 40454 12
50 1 40455 -1
5 0 40456 0
54 0 40457 24
19 1 40458 -1
43 0 40459 22
56 1 40460 -1
0 1 40461 -1
35 0 40462 32
17 0 40463 16
34 1 40464 -1
41 0 40465 14
18 1 40466 -1
52 1 40467 -1
18 0 40468 12
18 0 40469 12
1 1 40470 -1
23 0 40471 2
18 1 40472 -1
10 1 40473 -1
4 0 40474 2
10 0 40475 20
22 0 40476 16
48 1 40477 -1
0 1 40478 -1
55 1 40479 -1
23 0 40480 46
57 0 40481 14
16 0 40482 8
59 1 40483 -1
57 1 40484 -1
38 0 40485 30
8 0 40486 40
39 1 40487 -1
5 1 40488 -1
5 0 40489 14
12 0 40490 2
40 1 40491 -1
38 1 40492 -1
49 0 40493 34
39 0 40494 38
5 1 40495 -1
37 1 40496 -1
10 1 40497 -1
17 0 40498 18
34 0 40499 42
12 0 40500 2
56 1 40501 -1
30 1 40502 -1
9 0 40503 8
36 1 40504 -1
35 0 40505 0
49 1 40506 -1
47 0 40507 14
16 1 40508 -1
18 0 40509 4
49 0 40510 26
34 0 40511 10
40 1 40512 -1
30 1 40513 -1
1 1 40514 -1
29 0 40515 4
21 0 40516 2
30 1 40517 -1
55 1 40518 -1
37 1 40519 -1
18 0 40520 18
5 1 40521 -1
0 0 40522 0
2 1 40523 -1
23 1 40524 -1
56 0 40525 42
19 0 40526 8
33 1 40527 -1
41 1 40528 -1
4 0 40529 10
51 0 40530 26
8 0 40531 42
12 0 40532 38
46 1 40533 -1
38 1 40534 -1
49 0 40535 0
59 0 40536 30
50 1 40537 -1
17 0 40538 26
16 1 40539 -1
52 0 40540 10
5 1 40541 -1
28 1 40542 -1
47 1 40543 -1
50 0 40544 16
31 1 40545 -1
8 0 40546 14
41 0 40547 36
19 1 40548 -1
37 0 40549 32
28 0 40550 4
20 0 40551 8
51 1 40552 -1
52 1 40553 -1
25 1 40554 -1
54 1 40555 -1
30 0 40556 32
6 1 40557 -1
37 1 40558 -1
9 0 40559 26
22 1 40560 -1
21 0 40561 30
50 0 40562 28
53 1 40563 -1
53 0 40564 20
43 1 40565 -1
6 1 40566 -1
33 0 40567 28
28 0 40568 30
25 1 40569 -1
56 0 40570 4
41 1 40571 -1
51 0 40572 44
46 0 40573 38
37 0 40574 46
56 0 40575 0
2 0 40576 24
49 1 40577 -1
49 0 40578 6
33 1 40579 -1
25 1 40580 -1
41 1 40581 -1
20 0 40582 2
34 1 40583 -1
14 1 40584 -1
52 0 40585 16
40 0 40586 40
25 1 40587 -1
22 1 40588 -1
6 1 40589 -1
16 1 40590 -1
26 0 40591 10
6 0 40592 34
26 1 40593 -1
51 1 40594 -1
31 0 40595 26
18 0 40596 20
39 0 40597 12
42 1 40598 -1
5 0 40599 8
11 1 40600 -1
14 0 40601 40
21 1 40602 -1
31 0 40603 44
42 1 40604 -1
3 1 40605 -1
21 0 40606 44
21 0 40607 8
37 0 40608 48
8 1 40609 -1
55 1 40610 -1
40 0 40611 30
56 0 40612 14
2 0 40613 18
33 1 40614 -1
1 1 40615 -1
53 1 40616 -1
16 0 40617 10
23 1 40618 -1
51 0 40619 0
58 0 40620 22
35 1 40621 -1
46 1 40622 -1
30 1 40623 -1
1 0 40624 18
54 0 40625 26
59 1 40626 -1
51 0 40627 42
35 1 40628 -1
21 0 40629 2
36 0 40630 30
24 1 40631 -1
26 0 40632 38
4 1 40633 -1
14 1 40634 -1
53 1 40635 -1
29 0 40636 22
44 1 40637 -1
22 0 40638 40
39 1 40639 -1
14 0 40640 10
30 0 40641 0
18 1 40642 -1
25 1 40643 -1
20 0 40644 26
38 0 40645 22
45 0 40646 44
56 1 40647 -1
42 1 40648 -1
40 1 40649 -1
18 0 40650 8
52 0 40651 26
26 0 40652 28
56 1 40653 -1
30 1 40654 -1
35 0 40655 26
23 1 40656 -1
27 1 40657 -1
10 1 40658 -1
55 0 40659 4
22 0 40660 24
58 1 40661 -1
47 1 40662 -1
57 0 40663 36
17 1 40664 -1
25 0 40665 12
56 0 40666 16
15 0 40667 36
0 0 40668 42
25 1 40669 -1
24 0 40670 46
56 1 40671 -1
10 0 40672 4
58 1 40673 -1
8 1 40674 -1
44 1 40675 -1
46 0 40676 14
4 1 40677 -1
11 0 40678 46
52 1 40679 -1
33 0 40680 4
57 0 40681 2
4 1 40682 -1
33 0 40683 8
48 0 40684 26
28 1 40685 -1
10 0 40686 48
42 1 40687 -1
34 0 40688 38
40 1 40689 -1
32 0 40690 0
25 1 40691 -1
47 1 40692 -1
21 1 40693 -1
19 0 40694 30
27 1 40695 -1
3 0 40696 48
53 0 40697 42
20 1 40698 -1
34 0 40699 46
8 0 40700 40
36 1 40701 -1
20 1 40702 -1
36 0 40703 14
42 1 40704 -1
56 1 40705 -1
7 1 40706 -1
12 1 40707 -1
56 0 40708 22
3 0 40709 14
3 0 40710 36
1 0 40711 24
53 1 40712 -1
39 1 40713 -1
41 0 40714 0
8 1 40715 -1
53 1 40716 -1
12 0 40717 32
14 1 40718 -1
41 0 40719 36
6 0 40720 24
47 0 40721 44
42 0 40722 16
19 1 40723 -1
3 0 40724 20
21 1 40725 -1
3 1 40726 -1
29 0 40727 18
5 0 40728 34
26 0 40729 34
24 1 40730 -1
20 0 40731 16
26 1 40732 -1
32 1 40733 -1
19 0 40734 28
10 1 40735 -1
23 1 40736 -1
6 0 40737 38
51 1 40738 -1
54 1 40739 -1
21 0 40740 22
43 0 40741 10
52 1 40742 -1
34 1 40743 -1
14 1 40744 -1
3 0 40745 16
43 0 40746 28
45 0 40747 2
21 1 40748 -1
5 1 40749 -1
59 0 40750 6
46 1 40751 -1
24 0 40752 28
55 0 40753 38
28 0 40754 34
20 0 40755 48
5 0 40756 0
17 1 40757 -1
30 1 40758 -1
34 1 40759 -1
58 0 40760 8
2 1 40761 -1
28 1 40762 -1
47 0 40763 18
38 1 40764 -1
56 1 40765 -1
21 0 40766 32
13 1 40767 -1
26 0 40768 32
1 0 40769 32
59 1 40770 -1
56 1 40771 -1
3 0 40772 14
52 1 40773 -1
14 1 40774 -1
43 0 40775 14
6 0 40776 36
53 1 40777 -1
44 0 40778 34
26 0 40779 18
8 1 40780 -1
56 0 40781 4
55 1 40782 -1
31 1 40783 -1
32 0 40784 30
25 0 40785 38
16 0 40786 44
31 0 40787 26
2 1 40788 -1
57 1 40789 -1
6 1 40790 -1
21 1 40791 -1
3 1 40792 -1
48 0 40793 36
0 0 40794 10
34 1 40795 -1
59 0 40796 26
54 0 40797 6
38 0 40798 26
36 1 40799 -1
57 0 40800 26
15 0 40801 48
30 0 40802 18
1 1 40803 -1
6 1 40804 -1
25 1 40805 -1
19 1 40806 -1
0 1 40807 -1
0 1 40808 -1
8 0 40809 28
38 0 40810 12
52 1 40811 -1
14 0 40812 44
18 0 40813 16
47 0 40814 16
19 1 40815 -1
59 1 40816 -1
5 1 40817 -1
20 0 40818 46
55 0 40819 36
55 1 40820 -1
28 0 40821 28
40 0 40822 16
25 1 40823 -1
5 1 40824 -1
25 1 40825 -1
58 0 40826 38
44 0 40827 10
46 1 40828 -1
56 0 40829 26
23 1 40830 -1
16 1 40831 -1
8 0 40832 24
18 1 40833 -1
53 1 40834 -1
43 0 40835 48
16 1 40836 -1
38 0 40837 10
35 0 40838 26
23 1 40839 -1
36 0 40840 12
8 1 40841 -1
5 0 40842 34
54 0 40843 24
15 1 40844 -1
39 0 40845 24
38 1 40846 -1
55 0 40847 30
0 1 40848 -1
16 1 40849 -1
14 1 40850 -1
34 0 40851 24
29 0 40852 0
43 0 40853 34
34 0 40854 24
28 1 40855 -1
55 1 40856 -1
21 0 40857 40
22 1 40858 -1
32 1 40859 -1
46 0 40860 6
34 1 40861 -1
26 0 40862 14
29 1 40863 -1
6 0 40864 44
43 0 40865 26
34 1 40866 -1
2 0 40867 2
14 0 40868 16
49 1 40869 -1
35 1 40870 -1
28 0 40871 36
57 1 40872 -1
43 1 40873 -1
14 0 40874 44
47 1 40875 -1
52 1 40876 -1
30 1 40877 -1
0 1 40878 -1
46 0 40879 46
4 0 40880 34
35 0 40881 10
52 0 40882 44
47 1 40883 -1
40 0 40884 16
49 0 40885 10
8 1 40886 -1
40 1 40887 -1
54 1 40888 -1
41 0 40889 2
38 0 40890 48
13 0 40891 4
45 1 40892 -1
7 1 40893 -1
3 0 40894 2
15 0 40895 24
14 0 40896 26
38 1 40897 -1
33 1 40898 -1
33 0 40899 10
2 0 40900 38
33 1 40901 -1
56 0 40902 46
7 0 40903 24
4 1 40904 -1
5 1 40905 -1
9 1 40906 -1
55 0 40907 32
20 1 40908 -1
43 0 40909 14
47 0 40910 30
1 1 40911 -1
22 0 40912 32
51 1 40913 -1
51 1 40914 -1
30 0 40915 40
29 0 40916 38
10 0 40917 44
17 1 40918 -1
5 1 40919 -1
49 1 40920 -1
30 0 40921 8
31 1 40922 -1
35 1 40923 -1
34 0 40924 6
54 1 40925 -1
12 1 40926 -1
34 1 40927 -1
41 0 40928 14
12 0 40929 38
8 0 40930 20
35 0 40931 26
36 1 40932 -1
24 1 40933 -1
55 0 40934 22
26 1 40935 -1
9 0 40936 20
35 1 40937 -1
55 0 40938 38
24 0 40939 30
4 1 40940 -1
42 0 40941 28
39 0 40942 42
21 1 40943 -1
20 1 40944 -1
48 1 40945 -1
41 0 40946 24
31 1 40947 -1
20 0 40948 42
42 1 40949 -1
27 1 40950 -1
35 0 40951 0
25 0 40952 14
6 1 40953 -1
36 0 40954 18
43 0 40955 4
31 1 40956 -1
33 1 40957 -1
0 1 40958 -1
1 0 40959 8
34 0 40960 4
35 1 40961 -1
57 0 40962 8
43 0 40963 26
19 0 40964 28
44 1 40965 -1
6 1 40966 -1
25 1 40967 -1
46 1 40968 -1
22 1 40969 -1
38 1 40970 -1
49 0 40971 36
42 1 40972 -1
40 0 40973 22
14 1 40974 -1
38 0 40975 6
2 0 40976 14
25 0 40977 14
21 0 40978 18
46 0 40979 4
57 1 40980 -1
56 0 40981 26
30 0 40982 42
49 1 40983 -1
29 1 40984 -1
15 0 40985 26
0 0 40986 32
30 1 40987 -1
47 1 40988 -1
48 0 40989 18
34 0 40990 40
6 1 40991 -1
22 0 40992 26
11 1 40993 -1
59 1 40994 -1
47 1 40995 -1
4 0 40996 36
41 1 40997 -1
8 1 40998 -1
6 0 40999 20
53 1 41000 -1
35 0 41001 36
24 1 41002 -1
59 0 41003 48
42 1 41004 -1
40 0 41005 14
4 0 41006 34
37 1 41007 -1
0 0 41008 24
18 1 41009 -1
25 0 41010 22
26 0 41011 44
40 1 41012 -1
38 0 41013 2
52 1 41014 -1
52 1 41015 -1
47 1 41016 -1
40 0 41017 10
2 1 41018 -1
49 0 41019 26
4 1 41020 -1
18 0 41021 14
24 0 41022 4
8 0 41023 42
20 0 41024 10
59 0 41025 28
41 1 41026 -1
38 1 41027 -1
58 1 41028 -1
1 0 41029 30
8 0 41030 26
42 0 41031 12
53 1 41032 -1
41 1 41033 -1
47 0 41034 8
59 1 41035 -1
14 1 41036 -1
45 1 41037 -1
54 0 41038 24
36 1 41039 -1
7 0 41040 22
6 0 41041 36
23 0 41042 8
49 1 41043 -1
13 1 41044 -1
42 0 41045 48
34 0 41046 38
27 1 41047 -1
1 0 41048 48
18 0 41049 20
27 0 41050 30
19 1 41051 -1
5 0 41052 14
27 1 41053 -1
29 0 41054 46
22 1 41055 -1
57 1 41056 -1
56 1 41057 -1
31 0 41058 44
35 1 41059 -1
29 1 41060 -1
34 0 41061 44
25 1 41062 -1
58 1 41063 -1
44 0 41064 26
39 1 41065 -1
13 0 41066 28
4 0 41067 2
49 0 41068 42
59 0 41069 38
30 1 41070 -1
8 1 41071 -1
53 0 41072 34
15 1 41073 -1
9 1 41074 -1
11 1 41075 -1
33 1 41076 -1
57 0 41077 22
26 1 41078 -1
14 0 41079 24
3 1 41080 -1
21 0 41081 26
41 1 41082 -1
17 0 41083 42
41 1 41084 -1
26 0 41085 18
41 0 41086 10
8 0 41087 14
58 1 41088 -1
36 1 41089 -1
30 0 41090 18
2 0 41091 40
16 1 41092 -1
32 0 41093 24
1 1 41094 -1
29 0 41095 14
52 1 41096 -1
27 1 41097 -1
25 0 41098 34
44 1 41099 -1
15 0 41100 16
43 1 41101 -1
35 0 41102 14
3 0 41103 20
17 1 41104 -1
6 1 41105 -1
5 0 41106 2
28 1 41107 -1
33 0 41108 30
40 0 41109 8
46 1 41110 -1
43 0 41111 2
37 0 41112 20
59 1 41113 -1
54 1 41114 -1
38 0 41115 24
23 1 41116 -1
26 0 41117 10
18 1 41118 -1
42 0 41119 36
5 1 41120 -1
5 0 41121 16
46 0 41122 0
12 1 41123 -1
11 1 41124 -1
53 0 41125 20
45 1 41126 -1
43 1 41127 -1
0 0 41128 16
18 0 41129 42
32 1 41130 -1
41 0 41131 32
39 0 41132 8
35 1 41133 -1
53 0 41134 16
5 1 41135 -1
10 1 41136 -1
14 1 41137 -1
4 0 41138 14
0 1 41139 -1
34 0 41140 16
47 0 41141 26
18 1 41142 -1
35 0 41143 34
21 0 41144 28
34 0 41145 44
25 1 41146 -1
45 1 41147 -1
33 1 41148 -1
36 0 41149 0
5 0 41150 30
4 1 41151 -1
57 1 41152 -1
29 1 41153 -1
41 0 41154 22
16 1 41155 -1
15 1 41156 -1
41 0 41157 42
35 1 41158 -1
9 0 41159 38
54 0 41160 24
53 1 41161 -1
53 0 41162 14
55 0 41163 12
29 1 41164 -1
34 1 41165 -1
19 0 41166 12
36 0 41167 10
29 1 41168 -1
15 0 41169 4
31 0 41170 2
37 1 41171 -1
4 0 41172 18
38 1 41173 -1
27 0 41174 36
58 1 41175 -1
11 0 41176 16
15 1 41177 -1
50 1 41178 -1
15 0 41179 12
9 1 41180 -1
46 1 41181 -1
38 0 41182 42
43 1 41183 -1
29 0 41184 10
35 0 41185 0
6 1 41186 -1
31 1 41187 -1
25 1 41188 -1
29 0 41189 8
9 0 41190 24
52 0 41191 6
59 1 41192 -1
43 1 41193 -1
22 0 41194 6
47 0 41195 48
16 1 41196 -1
46 1 41197 -1
19 0 41198 30
54 0 41199 20
31 0 41200 10
44 0 41201 22
52 1 41202 -1
17 0 41203 34
23 1 41204 -1
54 1 41205 -1
6 1 41206 -1
40 0 41207 46
0 0 41208 48
48 1 41209 -1
37 1 41210 -1
10 1 41211 -1
40 0 41212 32
23 0 41213 12
23 0 41214 6
10 1 41215 -1
37 1 41216 -1
49 1 41217 -1
4 0 41218 44
16 0 41219 34
58 1 41220 -1
7 1 41221 -1
33 1 41222 -1
5 0 41223 38
52 0 41224 32
17 0 41225 42
28 1 41226 -1
19 1 41227 -1
12 0 41228 34
22 1 41229 -1
32 1 41230 -1
59 0 41231 30
38 0 41232 30
33 1 41233 -1
56 0 41234 18
44 1 41235 -1
25 0 41236 14
16 1 41237 -1
43 0 41238 30
30 0 41239 26
28 1 41240 -1
0 1 41241 -1
4 1 41242 -1
45 0 41243 10
8 0 41244 42
11 0 41245 40
48 1 41246 -1
23 1 41247 -1
44 0 41248 32
14 1 41249 -1
14 1 41250 -1
49 1 41251 -1
19 1 41252 -1
41 0 41253 20
40 0 41254 22
8 0 41255 48
3 1 41256 -1
7 1 41257 -1
17 0 41258 28
53 0 41259 34
17 1 41260 -1
40 1 41261 -1
48 0 41262 22
25 1 41263 -1
11 0 41264 42
3 1 41265 -1
23 0 41266 48
25 1 41267 -1
2 0 41268 48
55 0 41269 2
32 0 41270 26
14 1 41271 -1
28 0 41272 16
34 0 41273 46
58 1 41274 -1
47 0 41275 2
32 1 41276 -1
27 1 41277 -1
9 1 41278 -1
48 0 41279 30
18 1 41280 -1
9 0 41281 38
30 1 41282 -1
1 0 41283 12
40 1 41284 -1
38 0 41285 42
53 0 41286 28
13 1 41287 -1
38 0 41288 38
31 0 41289 10
58 1 41290 -1
40 0 41291 18
30 0 41292 2
44 1 41293 -1
16 1 41294 -1
40 0 41295 48
56 1 41296 -1
28 0 41297 34
18 1 41298 -1
27 1 41299 -1
15 0 41300 14
6 1 41301 -1
46 0 41302 20
17 1 41303 -1
18 1 41304 -1
46 0 41305 12
59 0 41306 42
46 1 41307 -1
53 0 41308 12
45 0 41309 32
33 0 41310 34
2 1 41311 -1
34 0 41312 34
47 0 41313 40
40 0 41314 48
55 0 41315 40
29 1 41316 -1
3 0 41317 42
19 1 41318 -1
18 0 41319 46
48 1 41320 -1
14 1 41321 -1
51 0 41322 42
33 0 41323 20
7 1 41324 -1
5 1 41325 -1
43 1 41326 -1
14 1 41327 -1
20 1 41328 -1
46 1 41329 -1
3 0 41330 34
49 0 41331 14
30 1 41332 -1
48 0 41333 28
2 1 41334 -1
30 0 41335 22
50 1 41336 -1
7 1 41337 -1
32 0 41338 20
40 0 41339 40
7 1 41340 -1
16 0 41341 4
11 1 41342 -1
37 0 41343 38
36 1 41344 -1
28 0 41345 18
43 1 41346 -1
46 0 41347 32
4 1 41348 -1
25 0 41349 34
4 1 41350 -1
38 0 41351 2
6 1 41352 -1
44 0 41353 32
16 1 41354 -1
36 0 41355 40
17 1 41356 -1
0 0 41357 40
42 1 41358 -1
29 0 41359 24
15 1 41360 -1
31 1 41361 -1
56 1 41362 -1
13 0 41363 2
52 0 41364 24
42 0 41365 2
40 0 41366 8
24 1 41367 -1
4 1 41368 -1
1 0 41369 44
21 0 41370 10
22 0 41371 16
21 1 41372 -1
54 1 41373 -1
58 1 41374 -1
8 0 41375 12
46 1 41376 -1
32 0 41377 46
14 0 41378 30
59 1 41379 -1
42 0 41380 22
30 1 41381 -1
57 0 41382 8
42 1 41383 -1
16 0 41384 6
52 1 41385 -1
2 1 41386 -1
43 1 41387 -1
8 0 41388 16
0 1 41389 -1
23 0 41390 46
59 1 41391 -1
15 0 41392 0
8 1 41393 -1
43 1 41394 -1
4 0 41395 30
4 0 41396 26
39 1 41397 -1
52 0 41398 32
6 1 41399 -1
39 1 41400 -1
46 0 41401 26
25 0 41402 4
2 0 41403 28
23 1 41404 -1
5 0 41405 16
32 1 41406 -1
46 0 41407 18
54 1 41408 -1
33 1 41409 -1
49 0 41410 26
33 0 41411 28
33 1 41412 -1
59 0 41413 48
53 0 41414 38
49 1 41415 -1
50 1 41416 -1
6 0 41417 14
53 0 41418 42
28 1 41419 -1
43 1 41420 -1
32 1 41421 -1
31 0 41422 24
31 1 41423 -1
55 0 41424 18
58 0 41425 16
38 1 41426 -1
27 1 41427 -1
9 1 41428 -1
53 0 41429 12
2 1 41430 -1
17 0 41431 22
11 1 41432 -1
59 0 41433 26
53 1 41434 -1
6 0 41435 42
8 1 41436 -1
53 0 41437 42
52 0 41438 48
32 1 41439 -1
50 0 41440 12
0 1 41441 -1
5 0 41442 30
54 1 41443 -1
56 0 41444 16
23 1 41445 -1
32 1 41446 -1
45 0 41447 4
8 0 41448 24
14 0 41449 4
2 1 41450 -1
43 0 41451 34
22 1 41452 -1
14 1 41453 -1
42 0 41454 28
42 0 41455 22
57 1 41456 -1
14 0 41457 44
40 0 41458 32
25 1 41459 -1
49 0 41460 34
2 0 41461 2
48 1 41462 -1
52 0 41463 4
34 1 41464 -1
37 0 41465 20
36 1 41466 -1
5 1 41467 -1
55 1 41468 -1
58 1 41469 -1
33 1 41470 -1
22 0 41471 48
8 0 41472 16
52 0 41473 34
13 1 41474 -1
24 0 41475 36
19 0 41476 36
46 1 41477 -1
52 1 41478 -1
18 0 41479 40
50 1 41480 -1
13 0 41481 10
34 1 41482 -1
54 0 41483 40
43 1 41484 -1
2 0 41485 6
46 1 41486 -1
31 1 41487 -1
31 1 41488 -1
25 0 41489 42
2 0 41490 38
33 0 41491 32
28 1 41492 -1
32 1 41493 -1
55 0 41494 2
45 1 41495 -1
5 1 41496 -1
57 0 41497 8
54 0 41498 36
40 1 41499 -1
27 1 41500 -1
16 0 41501 20
55 0 41502 22
28 1 41503 -1
35 1 41504 -1
43 0 41505 30
30 0 41506 14
48 0 41507 14
59 1 41508 -1
17 0 41509 2
21 0 41510 24
13 1 41511 -1
13 0 41512 0
17 0 41513 46
16 1 41514 -1
51 1 41515 -1
52 1 41516 -1
40 0 41517 46
43 1 41518 -1
48 1 41519 -1
34 0 41520 20
18 0 41521 22
45 1 41522 -1
33 1 41523 -1
20 1 41524 -1
14 1 41525 -1
29 0 41526 22
36 0 41527 32
28 1 41528 -1
28 0 41529 16
39 0 41530 32
37 1 41531 -1
26 1 41532 -1
37 0 41533 10
43 1 41534 -1
56 0 41535 26
10 0 41536 32
9 0 41537 44
38 0 41538 34
58 0 41539 20
33 0 41540 32
20 1 41541 -1
46 1 41542 -1
35 0 41543 42
24 1 41544 -1
15 1 41545 -1
13 1 41546 -1
17 0 41547 38
42 1 41548 -1
51 0 41549 22
52 1 41550 -1
10 0 41551 8
14 1 41552 -1
11 0 41553 38
56 1 41554 -1
51 0 41555 48
27 0 41556 10
9 1 41557 -1
59 0 41558 42
19 1 41559 -1
48 1 41560 -1
45 0 41561 28
12 1 41562 -1
27 1 41563 -1
57 0 41564 18
53 1 41565 -1
20 0 41566 28
57 1 41567 -1
50 0 41568 44
51 0 41569 28
11 1 41570 -1
16 0 41571 40
5 1 41572 -1
6 1 41573 -1
49 1 41574 -1
5 0 41575 46
25 0 41576 12
51 1 41577 -1
28 0 41578 30
46 1 41579 -1
25 0 41580 8
20 1 41581 -1
2 0 41582 40
19 1 41583 -1
58 1 41584 -1
13 0 41585 26
56 1 41586 -1
10 0 41587 4
1 1 41588 -1
52 0 41589 46
0 0 41590 2
32 0 41591 22
6 1 41592 -1
24 1 41593 -1
30 0 41594 2
33 0 41595 12
16 0 41596 8
57 1 41597 -1
32 1 41598 -1
4 1 41599 -1
21 1 41600 -1
41 1 41601 -1
49 0 41602 12
54 0 41603 2
15 0 41604 14
6 0 41605 22
48 1 41606 -1
31 0 41607 42
54 0 41608 16
20 0 41609 12
3 1 41610 -1
20 1 41611 -1
16 1 41612 -1
23 0 41613 0
6 1 41614 -1
5 0 41615 0
0 0 41616 36
54 1 41617 -1
32 1 41618 -1
0 0 41619 26
28 0 41620 36
5 1 41621 -1
23 0 41622 16
54 1 41623 -1
25 1 41624 -1
17 1 41625 -1
4 0 41626 0
57 0 41627 34
47 1 41628 -1
28 1 41629 -1
24 0 41630 8
44 1 41631 -1
10 1 41632 -1
31 1 41633 -1
28 0 41634 40
49 1 41635 -1
52 0 41636 4
25 0 41637 16
52 1 41638 -1
57 0 41639 18
41 1 41640 -1
38 1 41641 -1
28 0 41642 0
7 0 41643 46
34 0 41644 22
43 1 41645 -1
31 0 41646 18
16 0 41647 46
43 1 41648 -1
6 0 41649 48
56 1 41650 -1
34 1 41651 -1
30 1 41652 -1
0 0 41653 6
39 0 41654 38
18 1 41655 -1
27 1 41656 -1
53 0 41657 0
15 1 41658 -1
0 0 41659 38
24 0 41660 8
43 1 41661 -1
48 0 41662 10
44 0 41663 16
44 1 41664 -1
22 1 41665 -1
38 0 41666 8
46 0 41667 16
7 0 41668 46
52 0 41669 44
8 1 41670 -1
54 1 41671 -1
14 0 41672 44
26 1 41673 -1
14 0 41674 12
16 0 41675 16
10 0 41676 46
10 1 41677 -1
56 1 41678 -1
10 1 41679 -1
12 1 41680 -1
3 0 41681 26
47 1 41682 -1
0 0 41683 16
47 1 41684 -1
54 1 41685 -1
47 1 41686 -1
10 1 41687 -1
19 0 41688 24
1 0 41689 2
26 0 41690 48
22 0 41691 44
12 1 41692 -1
35 1 41693 -1
15 0 41694 22
38 1 41695 -1
58 1 41696 -1
56 1 41697 -1
56 0 41698 14
47 0 41699 4
4 0 41700 48
55 1 41701 -1
19 0 41702 12
23 1 41703 -1
14 0 41704 2
35 0 41705 44
33 1 41706 -1
47 1 41707 -1
41 0 41708 18
26 1 41709 -1
34 0 41710 28
5 0 41711 12
36 1 41712 -1
52 0 41713 48
20 0 41714 0
39 1 41715 -1
4 0 41716 22
15 1 41717 -1
8 1 41718 -1
42 0 41719 20
49 1 41720 -1
11 1 41721 -1
53 0 41722 46
26 1 41723 -1
12 1 41724 -1
23 0 41725 44
12 1 41726 -1
11 0 41727 14
4 0 41728 28
55 1 41729 -1
7 0 41730 32
57 1 41731 -1
55 0 41732 4
40 1 41733 -1
9 1 41734 -1
25 0 41735 4
0 0 41736 18
46 0 41737 14
52 0 41738 48
37 1 41739 -1
49 1 41740 -1
30 1 41741 -1
32 0 41742 34
44 0 41743 24
25 0 41744 0
8 1 41745 -1
41 0 41746 26
34 1 41747 -1
40 1 41748 -1
57 0 41749 28
21 1 41750 -1
56 0 41751 8
55 0 41752 34
1 1 41753 -1
24 1 41754 -1
30 1 41755 -1
47 1 41756 -1
39 0 41757 4
25 1 41758 -1
54 0 41759 26
10 0 41760 6
44 1 41761 -1
12 0 41762 44
44 1 41763 -1
39 1 41764 -1
23 0 41765 14
54 0 41766 8
5 0 41767 40
0 1 41768 -1
43 1 41769 -1
40 0 41770 18
40 0 41771 42
32 0 41772 16
44 1 41773 -1
49 1 41774 -1
20 1 41775 -1
25 0 41776 44
16 1 41777 -1
36 0 41778 8
45 1 41779 -1
20 0 41780 6
33 1 41781 -1
33 1 41782 -1
11 0 41783 28
48 0 41784 24
8 0 41785 40
24 0 41786 10
1 0 41787 36
9 1 41788 -1
46 1 41789 -1
0 1 41790 -1
29 1 41791 -1
25 1 41792 -1
33 0 41793 30
32 1 41794 -1
45 0 41795 30
20 0 41796 36
42 0 41797 12
8 0 41798 42
15 0 41799 34
36 1 41800 -1
0 1 41801 -1
16 1 41802 -1
56 0 41803 40
53 1 41804 -1
33 0 41805 10
56 1 41806 -1
36 0 41807 30
45 0 41808 0
14 1 41809 -1
36 1 41810 -1
58 0 41811 28
13 1 41812 -1
5 0 41813 38
50 1 41814 -1
43 0 41815 6
28 1 41816 -1
2 1 41817 -1
44 0 41818 20
28 1 41819 -1
56 0 41820 14
46 0 41821 32
44 1 41822 -1
55 1 41823 -1
48 0 41824 34
11 0 41825 48
23 1 41826 -1
29 0 41827 14
37 1 41828 -1
28 1 41829 -1
30 0 41830 2
23 0 41831 42
52 0 41832 10
8 0 41833 4
14 1 41834 -1
38 1 41835 -1
9 1 41836 -1
46 1 41837 -1
47 1 41838 -1
20 0 41839 26
53 0 41840 0
14 0 41841 10
48 1 41842 -1
29 1 41843 -1
45 0 41844 40
28 0 41845 40
13 1 41846 -1
37 0 41847 8
59 1 41848 -1
2 0 41849 32
25 1 41850 -1
59 0 41851 26
5 1 41852 -1
21 0 41853 44
3 1 41854 -1
59 1 41855 -1
41 1 41856 -1
7 0 41857 34
51 0 41858 28
46 0 41859 48
24 1 41860 -1
39 0 41861 42
11 1 41862 -1
42 0 41863 12
56 1 41864 -1
30 1 41865 -1
16 0 41866 6
3 1 41867 -1
18 0 41868 12
48 0 41869 12
33 0 41870 14
31 0 41871 18
50 0 41872 8
33 1 41873 -1
46 1 41874 -1
21 1 41875 -1
49 0 41876 18
43 1 41877 -1
41 1 41878 -1
15 1 41879 -1
30 0 41880 26
23 1 41881 -1
3 1 41882 -1
47 0 41883 10
54 0 41884 24
11 1 41885 -1
46 0 41886 30
27 0 41887 24
27 1 41888 -1
17 1 41889 -1
11 0 41890 24
56 1 41891 -1
32 1 41892 -1
34 0 41893 22
44 0 41894 40
23 0 41895 26
0 1 41896 -1
47 1 41897 -1
59 0 41898 6
3 1 41899 -1
31 1 41900 -1
15 0 41901 14
26 0 41902 0
55 1 41903 -1
9 1 41904 -1
0 1 41905 -1
47 0 41906 24
16 0 41907 38
36 0 41908 24
54 0 41909 4
11 1 41910 -1
49 1 41911 -1
1 1 41912 -1
32 0 41913 14
14 1 41914 -1
23 0 41915 2
53 1 41916 -1
3 0 41917 0
25 1 41918 -1
31 0 41919 14
29 0 41920 26
20 1 41921 -1
17 0 41922 46
5 0 41923 16
46 1 41924 -1
42 1 41925 -1
6 0 41926 22
43 1 41927 -1
49 1 41928 -1
43 0 41929 16
33 1 41930 -1
18 0 41931 40
13 1 41932 -1
55 0 41933 8
50 1 41934 -1
45 1 41935 -1
39 1 41936 -1
49 0 41937 2
38 0 41938 40
50 0 41939 30
42 1 41940 -1
39 0 41941 2
51 1 41942 -1
43 1 41943 -1
15 0 41944 34
51 0 41945 14
5 0 41946 14
43 1 41947 -1
49 0 41948 36
8 1 41949 -1
6 0 41950 32
37 1 41951 -1
18 0 41952 44
13 1 41953 -1
10 0 41954 46
17 1 41955 -1
23 1 41956 -1
55 0 41957 2
53 0 41958 32
36 1 41959 -1
26 0 41960 6
49 0 41961 32
1 0 41962 6
11 1 41963 -1
43 1 41964 -1
42 0 41965 0
13 1 41966 -1
57 1 41967 -1
52 0 41968 48
46 1 41969 -1
8 0 41970 18
46 0 41971 46
16 1 41972 -1
25 0 41973 26
51 1 41974 -1
20 0 41975 34
46 1 41976 -1
35 1 41977 -1
44 1 41978 -1
34 1 41979 -1
31 0 41980 46
56 0 41981 18
33 1 41982 -1
50 0 41983 44
35 1 41984 -1
7 1 41985 -1
3 0 41986 44
56 0 41987 0
32 0 41988 42
13 0 41989 26
51 0 41990 40
45 1 41991 -1
30 1 41992 -1
29 1 41993 -1
7 1 41994 -1
53 0 41995 18
27 0 41996 38
41 1 41997 -1
53 0 41998 40
14 0 41999 8
10 0 42000 24
21 1 42001 -1
45 1 42002 -1
15 1 42003 -1
23 0 42004 26
15 0 42005 44
55 1 42006 -1
26 0 42007 36
34 0 42008 42
5 0 42009 48
33 1 42010 -1
52 0 42011 26
46 1 42012 -1
28 1 42013 -1
40 1 42014 -1
30 0 42015 48
29 0 42016 28
0 1 42017 -1
44 1 42018 -1
4 1 42019 -1
4 1 42020 -1
40 0 42021 18
3 0 42022 18
23 0 42023 46
41 1 42024 -1
5 1 42025 -1
16 0 42026 46
21 0 42027 2
42 0 42028 14
19 1 42029 -1
34 0 42030 38
12 1 42031 -1
51 1 42032 -1
31 1 42033 -1
8 1 42034 -1
16 0 42035 8
46 1 42036 -1
24 1 42037 -1
43 0 42038 8
16 0 42039 36
24 0 42040 6
25 1 42041 -1
5 0 42042 44
23 0 42043 46
46 0 42044 10
30 1 42045 -1
48 1 42046 -1
41 1 42047 -1
7 1 42048 -1
47 0 42049 6
56 0 42050 44
53 1 42051 -1
36 1 42052 -1
16 0 42053 44
44 1 42054 -1
50 0 42055 42
3 0 42056 26
23 0 42057 2
14 1 42058 -1
57 0 42059 24
43 0 42060 42
20 1 42061 -1
8 0 42062 14
39 1 42063 -1
37 1 42064 -1
51 0 42065 26
25 0 42066 14
59 1 42067 -1
44 1 42068 -1
43 0 42069 40
39 1 42070 -1
44 1 42071 -1
25 0 42072 16
11 0 42073 34
10 1 42074 -1
12 1 42075 -1
10 0 42076 26
19 1 42077 -1
54 1 42078 -1
25 0 42079 10
9 1 42080 -1
5 0 42081 40
44 1 42082 -1
33 0 42083 10
42 0 42084 28
6 0 42085 42
52 1 42086 -1
42 0 42087 26
37 1 42088 -1
39 0 42089 30
25 1 42090 -1
31 1 42091 -1
27 0 42092 44
1 1 42093 -1
45 1 42094 -1
39 0 42095 24
28 0 42096 28
43 0 42097 32
18 1 42098 -1
24 1 42099 -1
33 1 42100 -1
54 0 42101 2
58 1 42102 -1
30 0 42103 34
18 0 42104 10
16 0 42105 10
31 0 42106 16
18 1 42107 -1
47 1 42108 -1
26 1 42109 -1
7 0 42110 30
19 1 42111 -1
16 0 42112 24
36 0 42113 12
16 1 42114 -1
44 1 42115 -1
53 0 42116 10
41 1 42117 -1
22 1 42118 -1
23 1 42119 -1
17 0 42120 26
15 0 42121 10
5 1 42122 -1
28 0 42123 14
18 0 42124 16
42 0 42125 14
54 1 42126 -1
47 1 42127 -1
52 0 42128 32
47 0 42129 24
37 1 42130 -1
53 1 42131 -1
36 0 42132 2
12 0 42133 48
56 1 42134 -1
48 1 42135 -1
0 1 42136 -1
48 0 42137 20
48 0 42138 4
39 1 42139 -1
12 0 42140 12
17 0 42141 18
8 1 42142 -1
58 0 42143 48
23 1 42144 -1
41 1 42145 -1
37 0 42146 18
53 1 42147 -1
4 0 42148 38
56 1 42149 -1
33 0 42150 14
48 1 42151 -1
17 1 42152 -1
33 1 42153 -1
39 0 42154 2
30 0 42155 8
45 0 42156 2
3 1 42157 -1
33 0 42158 10
20 1 42159 -1
30 0 42160 22
28 0 42161 30
23 1 42162 -1
56 0 42163 36
52 0 42164 6
25 1 42165 -1
23 1 42166 -1
16 1 42167 -1
3 1 42168 -1
59 1 42169 -1
58 0 42170 22
41 0 42171 24
4 0 42172 48
27 0 42173 16
30 1 42174 -1
14 1 42175 -1
21 0 42176 40
1 0 42177 14
3 1 42178 -1
22 0 42179 18
22 1 42180 -1
10 0 42181 12
19 0 42182 38
46 0 42183 44
49 1 42184 -1
27 1 42185 -1
19 0 42186 28
25 0 42187 2
27 1 42188 -1
16 0 42189 22
3 0 42190 10
47 1 42191 -1
34 1 42192 -1
2 1 42193 -1
56 1 42194 -1
52 0 42195 14
11 0 42196 0
32 1 42197 -1
30 1 42198 -1
19 0 42199 22
34 1 42200 -1
35 1 42201 -1
42 0 42202 22
2 0 42203 14
51 1 42204 -1
33 0 42205 38
43 0 42206 4
1 1 42207 -1
55 0 42208 12
42 1 42209 -1
53 1 42210 -1
51 1 42211 -1
42 1 42212 -1
26 0 42213 6
38 0 42214 10
53 0 42215 20
31 0 42216 34
12 1 42217 -1
25 0 42218 30
55 1 42219 -1
3 1 42220 -1
16 0 42221 48
7 1 42222 -1
54 0 42223 14
12 1 42224 -1
1 1 42225 -1
59 0 42226 40
14 0 42227 24
57 1 42228 -1
46 0 42229 20
37 1 42230 -1
16 1 42231 -1
57 0 42232 2
54 1 42233 -1
48 0 42234 16
4 1 42235 -1
11 0 42236 24
19 1 42237 -1
32 1 42238 -1
25 0 42239 2
12 0 42240 12
42 1 42241 -1
54 0 42242 24
51 1 42243 -1
17 1 42244 -1
34 0 42245 26
0 1 42246 -1
43 0 42247 24
34 0 42248 0
22 0 42249 10
56 0 42250 26
24 1 42251 -1
35 0 42252 44
35 0 42253 16
36 1 42254 -1
47 0 42255 26
53 1 42256 -1
53 0 42257 38
34 1 42258 -1
21 1 42259 -1
8 1 42260 -1
16 0 42261 8
56 1 42262 -1
1 0 42263 24
51 0 42264 14
51 1 42265 -1
10 1 42266 -1
20 1 42267 -1
57 1 42268 -1
27 0 42269 34
12 1 42270 -1
24 0 42271 22
21 0 42272 12
22 1 42273 -1
9 1 42274 -1
1 0 42275 48
0 0 42276 36
32 0 42277 6
22 0 42278 6
14 1 42279 -1
24 0 42280 22
30 1 42281 -1
45 0 42282 6
21 0 42283 46
17 1 42284 -1
49 1 42285 -1
52 1 42286 -1
44 1 42287 -1
24 1 42288 -1
30 0 42289 22
13 0 42290 24
44 1 42291 -1
58 0 42292 12
17 0 42293 12
56 0 42294 38
13 1 42295 -1
44 0 42296 10
47 1 42297 -1
6 0 42298 8
20 1 42299 -1
26 1 42300 -1
12 0 42301 2
26 1 42302 -1
10 1 42303 -1
45 0 42304 0
33 0 42305 4
34 0 42306 16
9 1 42307 -1
5 1 42308 -1
35 0 42309 32
55 1 42310 -1
44 0 42311 2
8 1 42312 -1
42 0 42313 48
13 1 42314 -1
34 1 42315 -1
46 0 42316 14
28 1 42317 -1
3 1 42318 -1
49 1 42319 -1
50 1 42320 -1
33 0 42321 44
37 0 42322 0
35 1 42323 -1
29 1 42324 -1
8 0 42325 26
17 0 42326 10
5 0 42327 0
5 1 42328 -1
4 0 42329 24
16 0 42330 48
52 1 42331 -1
44 0 42332 26
45 0 42333 14
38 1 42334 -1
20 0 42335 10
44 0 42336 2
24 0 42337 40
27 1 42338 -1
13 0 42339 12
44 0 42340 16
9 1 42341 -1
53 1 42342 -1
9 1 42343 -1
51 1 42344 -1
55 1 42345 -1
44 1 42346 -1
41 0 42347 28
25 1 42348 -1
20 1 42349 -1
33 1 42350 -1
12 0 42351 4
8 0 42352 14
15 0 42353 44
25 0 42354 30
13 0 42355 46
32 0 42356 16
40 1 42357 -1
44 1 42358 -1
34 0 42359 22
7 0 42360 44
24 1 42361 -1
46 1 42362 -1
57 1 42363 -1
46 1 42364 -1
47 1 42365 -1
42 0 42366 32
5 0 42367 46
31 1 42368 -1
7 0 42369 6
0 0 42370 34
2 1 42371 -1
20 1 42372 -1
21 1 42373 -1
10 0 42374 36
9 0 42375 28
6 1 42376 -1
52 0 42377 0
4 1 42378 -1
57 0 42379 26
8 0 42380 30
22 1 42381 -1
22 0 42382 46
3 1 42383 -1
26 1 42384 -1
53 1 42385 -1
17 0 42386 42
33 0 42387 30
29 0 42388 30
43 0 42389 20
53 1 42390 -1
37 0 42391 42
25 1 42392 -1
22 1 42393 -1
59 1 42394 -1
52 0 42395 6
23 0 42396 26
38 0 42397 40
32 1 42398 -1
3 0 42399 4
53 1 42400 -1
24 1 42401 -1
0 0 42402 6
59 1 42403 -1
48 1 42404 -1
3 0 42405 16
53 1 42406 -1
24 0 42407 28
47 0 42408 40
42 1 42409 -1
16 0 42410 28
48 0 42411 48
58 0 42412 40
23 1 42413 -1
40 1 42414 -1
7 0 42415 4
16 1 42416 -1
1 1 42417 -1
59 1 42418 -1
49 0 42419 2
30 0 42420 30
30 1 42421 -1
25 0 42422 8
44 0 42423 30
36 1 42424 -1
49 0 42425 44
2 1 42426 -1
13 0 42427 30
46 1 42428 -1
13 0 42429 34
1 1 42430 -1
11 1 42431 -1
37 0 42432 38
58 1 42433 -1
46 0 42434 32
16 0 42435 0
6 1 42436 -1
59 1 42437 -1
55 0 42438 16
11 1 42439 -1
50 0 42440 36
53 0 42441 30
57 1 42442 -1
27 0 42443 22
16 1 42444 -1
49 1 42445 -1
4 0 42446 32
1 0 42447 14
43 1 42448 -1
9 1 42449 -1
47 0 42450 38
6 0 42451 24
10 1 42452 -1
22 0 42453 4
32 0 42454 26
11 1 42455 -1
12 1 42456 -1
24 1 42457 -1
6 0 42458 36
47 1 42459 -1
40 0 42460 46
10 0 42461 4
33 1 42462 -1
51 1 42463 -1
41 1 42464 -1
53 0 42465 48
11 1 42466 -1
24 0 42467 0
5 0 42468 30
52 0 42469 2
56 0 42470 12
15 0 42471 6
23 1 42472 -1
48 1 42473 -1
15 0 42474 46
28 1 42475 -1
42 0 42476 46
7 1 42477 -1
1 0 42478 44
11 1 42479 -1
50 1 42480 -1
52 1 42481 -1
28 0 42482 8
37 1 42483 -1
57 0 42484 24
47 0 42485 12
35 1 42486 -1
1 1 42487 -1
59 0 42488 10
51 0 42489 6
58 0 42490 44
39 1 42491 -1
51 0 42492 36
49 1 42493 -1
4 1 42494 -1
49 1 42495 -1
46 1 42496 -1
30 0 42497 20
0 0 42498 14
23 1 42499 -1
50 1 42500 -1
23 0 42501 40
47 0 42502 40
9 1 42503 -1
4 0 42504 18
23 1 42505 -1
20 0 42506 34
36 0 42507 20
7 0 42508 0
6 0 42509 0
52 1 42510 -1
52 1 42511 -1
16 1 42512 -1
36 0 42513 20
29 1 42514 -1
44 1 42515 -1
14 0 42516 40
28 0 42517 0
57 0 42518 40
0 1 42519 -1
6 1 42520 -1
26 0 42521 10
44 0 42522 26
52 1 42523 -1
56 1 42524 -1
42 1 42525 -1
7 1 42526 -1
41 0 42527 18
23 1 42528 -1
11 0 42529 10
1 0 42530 44
40 1 42531 -1
49 0 42532 12
59 1 42533 -1
7 0 42534 10
5 1 42535 -1
23 0 42536 14
48 0 42537 48
20 1 42538 -1
9 0 42539 0
59 1 42540 -1
23 0 42541 24
33 1 42542 -1
52 0 42543 32
23 1 42544 -1
47 0 42545 6
10 1 42546 -1
17 0 42547 2
56 1 42548 -1
36 1 42549 -1
0 1 42550 -1
6 0 42551 40
59 1 42552 -1
11 0 42553 14
24 0 42554 24
0 1 42555 -1
0 0 42556 30
7 0 42557 46
56 0 42558 16
6 1 42559 -1
6 0 42560 42
56 0 42561 10
10 1 42562 -1
33 1 42563 -1
1 1 42564 -1
22 1 42565 -1
8 1 42566 -1
35 0 42567 20
26 1 42568 -1
17 0 42569 44
8 0 42570 32
58 0 42571 34
26 1 42572 -1
3 0 42573 22
13 0 42574 36
31 1 42575 -1
24 1 42576 -1
55 0 42577 10
0 1 42578 -1
49 1 42579 -1
17 1 42580 -1
12 0 42581 20
2 0 42582 22
58 0 42583 46
49 0 42584 28
50 1 42585 -1
0 1 42586 -1
41 0 42587 6
31 0 42588 28
56 1 42589 -1
31 0 42590 36
26 1 42591 -1
37 1 42592 -1
17 0 42593 44
9 0 42594 6
15 1 42595 -1
44 1 42596 -1
31 1 42597 -1
31 1 42598 -1
58 0 42599 2
55 1 42600 -1
51 1 42601 -1
1 0 42602 36
15 0 42603 48
39 0 42604 12
35 1 42605 -1
36 0 42606 28
55 1 42607 -1
12 0 42608 10
34 1 42609 -1
43 0 42610 10
33 0 42611 42
52 1 42612 -1
21 1 42613 -1
40 0 42614 2
23 0 42615 20
55 0 42616 38
6 1 42617 -1
27 1 42618 -1
47 0 42619 24
51 1 42620 -1
20 0 42621 0
27 1 42622 -1
1 1 42623 -1
59 0 42624 14
47 1 42625 -1
4 1 42626 -1
41 0 42627 14
56 0 42628 20
7 1 42629 -1
50 1 42630 -1
29 0 42631 44
4 0 42632 38
52 1 42633 -1
57 1 42634 -1
30 0 42635 32
42 0 42636 38
19 1 42637 -1
33 0 42638 12
58 0 42639 8
21 1 42640 -1
10 1 42641 -1
9 0 42642 18
12 1 42643 -1
17 0 42644 0
7 1 42645 -1
5 1 42646 -1
57 0 42647 2
7 0 42648 16
14 0 42649 38
40 0 42650 6
34 1 42651 -1
37 0 42652 46
8 1 42653 -1
29 1 42654 -1
32 1 42655 -1
2 0 42656 24
42 0 42657 8
25 0 42658 48
1 0 42659 24
12 0 42660 32
33 1 42661 -1
17 1 42662 -1
50 1 42663 -1
46 1 42664 -1
14 0 42665 20
43 1 42666 -1
12 0 42667 46
39 1 42668 -1
27 0 42669 24
3 1 42670 -1
25 0 42671 6
7 0 42672 12
22 1 42673 -1
25 1 42674 -1
27 0 42675 20
6 1 42676 -1
16 0 42677 18
33 1 42678 -1
41 1 42679 -1
41 0 42680 12
18 1 42681 -1
27 0 42682 32
49 1 42683 -1
22 0 42684 28
21 0 42685 10
0 1 42686 -1
2 1 42687 -1
2 0 42688 32
12 0 42689 22
10 1 42690 -1
15 1 42691 -1
37 0 42692 30
16 0 42693 30
5 1 42694 -1
15 0 42695 38
43 1 42696 -1
11 1 42697 -1
28 1 42698 -1
11 1 42699 -1
17 0 42700 8
23 0 42701 6
12 0 42702 38
41 1 42703 -1
34 0 42704 14
4 1 42705 -1
28 1 42706 -1
37 0 42707 2
17 0 42708 10
25 1 42709 -1
5 0 42710 32
39 1 42711 -1
31 0 42712 42
18 0 42713 48
52 1 42714 -1
11 0 42715 36
37 0 42716 6
11 0 42717 12
34 1 42718 -1
50 1 42719 -1
17 1 42720 -1
32 0 42721 14
21 1 42722 -1
44 0 42723 6
19 0 42724 48
24 1 42725 -1
43 0 42726 18
50 0 42727 40
31 1 42728 -1
15 1 42729 -1
27 0 42730 8
6 1 42731 -1
11 0 42732 10
11 1 42733 -1
33 0 42734 48
59 1 42735 -1
28 1 42736 -1
34 0 42737 12
3 0 42738 8
39 1 42739 -1
11 0 42740 36
18 1 42741 -1
16 1 42742 -1
21 0 42743 40
9 1 42744 -1
8 1 42745 -1
28 1 42746 -1
39 0 42747 28
33 1 42748 -1
19 1 42749 -1
51 0 42750 48
20 0 42751 40
4 1 42752 -1
20 0 42753 24
36 1 42754 -1
35 0 42755 0
6 0 42756 8
7 1 42757 -1
11 0 42758 28
14 1 42759 -1
58 0 42760 10
42 0 42761 2
10 1 42762 -1
0 1 42763 -1
41 1 42764 -1
10 0 42765 24
43 1 42766 -1
31 0 42767 16
11 1 42768 -1
56 0 42769 32
17 0 42770 38
19 1 42771 -1
43 0 42772 0
11 1 42773 -1
25 0 42774 28
24 0 42775 10
16 0 42776 38
34 1 42777 -1
25 0 42778 16
53 1 42779 -1
38 1 42780 -1
10 1 42781 -1
9 0 42782 20
43 1 42783 -1
37 0 42784 24
17 1 42785 -1
20 0 42786 2
27 0 42787 2
4 1 42788 -1
34 0 42789 38
47 1 42790 -1
34 1 42791 -1
14 0 42792 44
44 1 42793 -1
31 0 42794 20
48 1 42795 -1
59 0 42796 0
6 1 42797 -1
18 0 42798 30
12 1 42799 -1
52 0 42800 4
29 0 42801 2
19 1 42802 -1
10 0 42803 48
18 1 42804 -1
0 0 42805 28
11 1 42806 -1
0 0 42807 16
25 1 42808 -1
14 1 42809 -1
38 0 42810 34
10 0 42811 12
16 0 42812 46
13 1 42813 -1
15 0 42814 28
49 1 42815 -1
12 0 42816 10
36 1 42817 -1
49 1 42818 -1
28 0 42819 20
26 1 42820 -1
50 1 42821 -1
26 0 42822 24
50 1 42823 -1
55 0 42824 24
18 1 42825 -1
40 1 42826 -1
44 0 42827 32
54 1 42828 -1
53 0 42829 22
5 0 42830 10
49 1 42831 -1
40 0 42832 22
27 0 42833 28
48 1 42834 -1
29 1 42835 -1
35 0 42836 28
36 0 42837 24
14 0 42838 6
22 1 42839 -1
28 1 42840 -1
41 1 42841 -1
52 1 42842 -1
38 1 42843 -1
47 1 42844 -1
47 0 42845 48
48 0 42846 36
47 0 42847 26
39 0 42848 2
25 1 42849 -1
28 1 42850 -1
17 1 42851 -1
40 1 42852 -1
26 0 42853 6
19 0 42854 26
34 1 42855 -1
24 0 42856 26
28 0 42857 36
10 0 42858 48
38 0 42859 32
9 1 42860 -1
42 1 42861 -1
6 0 42862 18
3 0 42863 46
13 0 42864 14
49 0 42865 8
30 1 42866 -1
11 1 42867 -1
10 1 42868 -1
42 0 42869 36
46 1 42870 -1
14 0 42871 48
41 1 42872 -1
41 1 42873 -1
51 1 42874 -1
27 0 42875 40
14 0 42876 16
8 1 42877 -1
24 0 42878 24
12 1 42879 -1
11 0 42880 20
45 1 42881 -1
34 0 42882 18
47 0 42883 34
54 0 42884 10
23 0 42885 20
42 1 42886 -1
56 1 42887 -1
38 1 42888 -1
26 1 42889 -1
54 1 42890 -1
12 0 42891 4
14 0 42892 46
16 1 42893 -1
48 0 42894 34
27 1 42895 -1
26 0 42896 36
22 0 42897 30
0 0 42898 18
51 1 42899 -1
29 1 42900 -1
0 1 42901 -1
59 0 42902 26
14 1 42903 -1
34 0 42904 42
29 0 42905 26
25 0 42906 16
36 1 42907 -1
13 1 42908 -1
20 1 42909 -1
4 1 42910 -1
39 0 42911 38
50 0 42912 40
49 0 42913 32
13 0 42914 44
48 1 42915 -1
55 0 42916 44
41 1 42917 -1
42 0 42918 48
7 1 42919 -1
32 1 42920 -1
11 1 42921 -1
49 0 42922 44
9 0 42923 12
11 0 42924 18
45 1 42925 -1
49 0 42926 34
40 1 42927 -1
34 1 42928 -1
33 0 42929 8
16 0 42930 22
49 1 42931 -1
12 1 42932 -1
5 0 42933 32
49 0 42934 10
6 1 42935 -1
43 1 42936 -1
48 1 42937 -1
12 0 42938 30
30 1 42939 -1
30 0 42940 34
59 1 42941 -1
43 0 42942 0
43 1 42943 -1
6 1 42944 -1
18 0 42945 10
4 0 42946 28
24 1 42947 -1
22 0 42948 42
5 0 42949 10
45 0 42950 28
52 1 42951 -1
40 1 42952 -1
16 1 42953 -1
26 0 42954 22
44 0 42955 8
20 0 42956 22
15 1 42957 -1
4 1 42958 -1
26 0 42959 12
50 1 42960 -1
49 1 42961 -1
47 1 42962 -1
25 0 42963 8
0 0 42964 20
4 0 42965 18
24 1 42966 -1
16 0 42967 26
11 1 42968 -1
49 1 42969 -1
39 1 42970 -1
27 0 42971 26
36 0 42972 18
14 0 42973 14
1 1 42974 -1
56 1 42975 -1
38 0 42976 36
39 1 42977 -1
32 0 42978 10
21 0 42979 22
3 1 42980 -1
10 1 42981 -1
28 0 42982 22
58 1 42983 -1
41 0 42984 32
32 0 42985 22
44 1 42986 -1
51 1 42987 -1
52 0 42988 22
25 0 42989 0
1 0 42990 32
5 1 42991 -1
0 1 42992 -1
7 0 42993 42
19 0 42994 10
11 0 42995 38
38 1 42996 -1
18 1 42997 -1
48 1 42998 -1
22 1 42999 -1
54 1 43000 -1
26 0 43001 6
20 0 43002 32
50 0 43003 6
4 0 43004 28
41 1 43005 -1
3 0 43006 0
6 1 43007 -1
46 0 43008 18
33 1 43009 -1
5 1 43010 -1
40 0 43011 34
49 0 43012 30
45 1 43013 -1
42 1 43014 -1
20 1 43015 -1
6 1 43016 -1
40 0 43017 40
15 0 43018 24
23 1 43019 -1
20 0 43020 28
23 0 43021 38
47 1 43022 -1
20 1 43023 -1
18 0 43024 24
23 1 43025 -1
4 0 43026 46
19 0 43027 48
19 1 43028 -1
37 1 43029 -1
8 1 43030 -1
54 0 43031 26
56 0 43032 28
8 1 43033 -1
43 0 43034 26
28 0 43035 16
46 1 43036 -1
43 1 43037 -1
25 0 43038 6
5 0 43039 36
48 1 43040 -1
3 0 43041 0
48 1 43042 -1
20 0 43043 40
10 0 43044 4
20 1 43045 -1
26 1 43046 -1
39 1 43047 -1
58 0 43048 28
40 1 43049 -1
10 0 43050 48
12 1 43051 -1
5 0 43052 44
38 1 43053 -1
39 0 43054 38
8 0 43055 2
2 1 43056 -1
22 1 43057 -1
2 0 43058 30
4 0 43059 40
4 1 43060 -1
6 0 43061 42
32 0 43062 2
35 1 43063 -1
26 1 43064 -1
25 1 43065 -1
16 0 43066 26
21 0 43067 44
17 1 43068 -1
35 1 43069 -1
18 1 43070 -1
0 0 43071 18
10 0 43072 8
45 1 43073 -1
17 0 43074 0
54 1 43075 -1
29 0 43076 36
51 0 43077 20
16 0 43078 46
46 1 43079 -1
31 1 43080 -1
8 1 43081 -1
10 0 43082 40
6 1 43083 -1
27 0 43084 16
56 0 43085 8
38 1 43086 -1
7 1 43087 -1
36 0 43088 34
21 0 43089 48
44 0 43090 42
47 1 43091 -1
50 0 43092 0
43 0 43093 22
33 1 43094 -1
20 1 43095 -1
4 0 43096 10
50 1 43097 -1
14 1 43098 -1
0 0 43099 38
7 1 43100 -1
9 0 43101 28
43 1 43102 -1
25 1 43103 -1
51 0 43104 6
42 1 43105 -1
24 0 43106 10
47 0 43107 36
36 1 43108 -1
36 0 43109 40
21 0 43110 4
50 1 43111 -1
27 1 43112 -1
17 0 43113 32
18 1 43114 -1
41 0 43115 28
43 1 43116 -1
22 0 43117 12
52 1 43118 -1
14 0 43119 10
50 0 43120 0
57 1 43121 -1
44 1 43122 -1
22 0 43123 0
56 1 43124 -1
39 0 43125 22
54 1 43126 -1
48 0 43127 8
5 1 43128 -1
41 1 43129 -1
39 0 43130 0
41 1 43131 -1
26 0 43132 38
41 0 43133 16
14 1 43134 -1
22 1 43135 -1
25 0 43136 40
0 1 43137 -1
24 0 43138 6
51 0 43139 42
14 0 43140 14
7 1 43141 -1
47 0 43142 44
50 1 43143 -1
15 1 43144 -1
35 1 43145 -1
35 0 43146 22
17 1 43147 -1
43 1 43148 -1
40 1 43149 -1
10 0 43150 16
21 0 43151 12
25 1 43152 -1
12 0 43153 18
53 0 43154 10
53 0 43155 8
44 1 43156 -1
50 0 43157 26
10 1 43158 -1
33 0 43159 38
15 0 43160 44
5 1 43161 -1
34 1 43162 -1
40 0 43163 28
59 1 43164 -1
35 0 43165 32
25 1 43166 -1
59 0 43167 44
18 1 43168 -1
35 0 43169 0
9 1 43170 -1
6 1 43171 -1
54 1 43172 -1
31 0 43173 0
43 0 43174 10
48 0 43175 30
55 1 43176 -1
30 0 43177 2
18 1 43178 -1
53 1 43179 -1
14 0 43180 4
44 0 43181 8
56 1 43182 -1
23 1 43183 -1
45 0 43184 16
0 0 43185 30
32 1 43186 -1
42 0 43187 34
11 0 43188 10
44 1 43189 -1
1 1 43190 -1
8 1 43191 -1
25 0 43192 48
28 0 43193 0
43 1 43194 -1
55 1 43195 -1
37 0 43196 44
52 1 43197 -1
22 1 43198 -1
55 0 43199 26
19 1 43200 -1
33 0 43201 10
46 1 43202 -1
50 0 43203 22
55 0 43204 14
33 0 43205 8
57 0 43206 8
31 1 43207 -1
38 0 43208 28
27 1 43209 -1
40 1 43210 -1
25 1 43211 -1
40 0 43212 40
54 1 43213 -1
25 0 43214 42
7 1 43215 -1
5 1 43216 -1
40 0 43217 6
5 1 43218 -1
0 0 43219 48
38 0 43220 4
24 1 43221 -1
10 0 43222 46
47 0 43223 4
6 1 43224 -1
8 0 43225 8
21 0 43226 0
11 0 43227 20
48 1 43228 -1
8 1 43229 -1
25 1 43230 -1
41 0 43231 26
3 1 43232 -1
42 0 43233 20
5 1 43234 -1
40 1 43235 -1
41 0 43236 2
54 0 43237 20
58 1 43238 -1
57 1 43239 -1
24 1 43240 -1
17 0 43241 34
11 0 43242 12
59 0 43243 46
52 1 43244 -1
0 0 43245 44
58 1 43246 -1
27 0 43247 28
36 1 43248 -1
0 0 43249 18
58 1 43250 -1
9 1 43251 -1
34 1 43252 -1
17 0 43253 26
48 0 43254 30
9 1 43255 -1
1 0 43256 42
5 0 43257 26
24 1 43258 -1
34 0 43259 8
31 1 43260 -1
53 0 43261 40
43 1 43262 -1
45 1 43263 -1
0 0 43264 24
48 0 43265 32
59 1 43266 -1
8 0 43267 2
32 0 43268 32
29 1 43269 -1
48 1 43270 -1
13 1 43271 -1
27 0 43272 8
26 0 43273 44
47 0 43274 26
21 0 43275 26
35 1 43276 -1
52 0 43277 14
43 1 43278 -1
37 1 43279 -1
51 1 43280 -1
47 0 43281 40
34 1 43282 -1
14 1 43283 -1
5 1 43284 -1
5 0 43285 28
6 0 43286 10
7 1 43287 -1
14 0 43288 38
4 1 43289 -1
30 1 43290 -1
0 0 43291 16
41 0 43292 34
49 1 43293 -1
35 0 43294 22
59 1 43295 -1
56 0 43296 2
48 0 43297 32
20 1 43298 -1
0 1 43299 -1
19 0 43300 38
8 0 43301 48
59 1 43302 -1
32 0 43303 22
44 1 43304 -1
56 0 43305 2
16 1 43306 -1
15 1 43307 -1
13 1 43308 -1
18 0 43309 22
23 1 43310 -1
34 0 43311 2
40 0 43312 26
15 1 43313 -1
43 0 43314 6
10 1 43315 -1
0 0 43316 4
38 0 43317 32
39 1 43318 -1
56 1 43319 -1
25 0 43320 30
35 1 43321 -1
34 0 43322 24
28 0 43323 46
5 0 43324 48
35 1 43325 -1
44 1 43326 -1
22 1 43327 -1
29 1 43328 -1
51 0 43329 32
55 1 43330 -1
40 0 43331 30
13 0 43332 2
30 1 43333 -1
27 0 43334 26
51 0 43335 30
51 0 43336 38
21 1 43337 -1
33 0 43338 8
4 1 43339 -1
33 1 43340 -1
27 1 43341 -1
8 0 43342 40
5 1 43343 -1
9 0 43344 28
56 1 43345 -1
5 1 43346 -1
14 1 43347 -1
4 0 43348 14
5 0 43349 20
36 1 43350 -1
49 1 43351 -1
31 1 43352 -1
9 0 43353 18
19 1 43354 -1
56 1 43355 -1
28 1 43356 -1
48 0 43357 18
55 0 43358 30
21 0 43359 0
43 1 43360 -1
45 0 43361 44
9 0 43362 44
33 0 43363 4
3 0 43364 16
15 0 43365 28
22 1 43366 -1
39 0 43367 2
58 0 43368 10
9 1 43369 -1
54 1 43370 -1
25 0 43371 40
30 1 43372 -1
53 1 43373 -1
15 1 43374 -1
58 1 43375 -1
19 0 43376 34
5 0 43377 22
56 0 43378 32
47 1 43379 -1
18 0 43380 16
6 0 43381 4
44 0 43382 38
57 1 43383 -1
56 1 43384 -1
26 1 43385 -1
24 0 43386 26
53 1 43387 -1
36 0 43388 8
45 1 43389 -1
51 0 43390 14
2 1 43391 -1
7 0 43392 16
35 1 43393 -1
31 1 43394 -1
52 0 43395 18
47 1 43396 -1
23 0 43397 30
2 1 43398 -1
52 0 43399 12
14 0 43400 36
4 1 43401 -1
6 0 43402 48
21 0 43403 36
10 1 43404 -1
52 1 43405 -1
5 0 43406 42
31 1 43407 -1
25 0 43408 16
54 1 43409 -1
11 1 43410 -1
35 0 43411 32
28 1 43412 -1
22 0 43413 4
44 0 43414 32
53 0 43415 30
10 1 43416 -1
53 0 43417 18
37 1 43418 -1
59 1 43419 -1
4 0 43420 2
4 1 43421 -1
27 0 43422 10
32 1 43423 -1
56 1 43424 -1
57 0 43425 28
54 0 43426 36
35 0 43427 44
58 1 43428 -1
40 1 43429 -1
10 0 43430 30
35 1 43431 -1
22 1 43432 -1
51 0 43433 14
4 0 43434 34
4 0 43435 8
26 0 43436 24
30 0 43437 46
7 0 43438 38
32 1 43439 -1
37 0 43440 30
33 1 43441 -1
26 0 43442 48
19 1 43443 -1
27 1 43444 -1
17 1 43445 -1
28 1 43446 -1
15 1 43447 -1
46 1 43448 -1
29 0 43449 36
9 0 43450 2
37 0 43451 34
9 0 43452 28
12 1 43453 -1
30 1 43454 -1
30 1 43455 -1
11 0 43456 26
56 0 43457 22
22 1 43458 -1
38 1 43459 -1
9 0 43460 26
55 1 43461 -1
40 0 43462 8
23 0 43463 24
14 1 43464 -1
22 0 43465 24
31 0 43466 10
18 1 43467 -1
19 0 43468 36
17 1 43469 -1
59 0 43470 14
1 1 43471 -1
51 1 43472 -1
2 0 43473 30
7 0 43474 40
54 1 43475 -1
33 0 43476 8
29 1 43477 -1
39 1 43478 -1
33 1 43479 -1
31 0 43480 30
41 1 43481 -1
59 1 43482 -1
46 0 43483 24
30 1 43484 -1
49 0 43485 12
25 0 43486 4
5 0 43487 10
19 0 43488 30
45 1 43489 -1
57 0 43490 44
49 1 43491 -1
23 0 43492 12
55 1 43493 -1
43 1 43494 -1
50 1 43495 -1
49 0 43496 2
27 1 43497 -1
2 0 43498 40
23 1 43499 -1
30 0 43500 40
24 0 43501 46
39 1 43502 -1
25 1 43503 -1
52 0 43504 6
9 0 43505 38
38 0 43506 10
19 1 43507 -1
33 0 43508 40
40 1 43509 -1
49 1 43510 -1
14 1 43511 -1
39 0 43512 44
56 0 43513 32
6 0 43514 42
45 1 43515 -1
39 0 43516 30
2 1 43517 -1
13 1 43518 -1
40 0 43519 36
0 0 43520 40
25 0 43521 28
16 1 43522 -1
31 1 43523 -1
11 0 43524 28
44 1 43525 -1
9 1 43526 -1
47 0 43527 26
34 1 43528 -1
29 1 43529 -1
23 0 43530 14
36 1 43531 -1
45 0 43532 40
35 1 43533 -1
40 1 43534 -1
28 0 43535 12
5 0 43536 24
10 0 43537 0
55 1 43538 -1
25 1 43539 -1
23 1 43540 -1
22 0 43541 36
44 0 43542 2
41 1 43543 -1
19 0 43544 16
4 1 43545 -1
30 0 43546 36
54 1 43547 -1
47 0 43548 14
38 1 43549 -1
52 0 43550 6
18 1 43551 -1
35 1 43552 -1
41 0 43553 20
9 1 43554 -1
50 0 43555 42
21 0 43556 48
13 1 43557 -1
8 1 43558 -1
57 1 43559 -1
5 1 43560 -1
12 0 43561 26
38 0 43562 18
15 0 43563 26
21 0 43564 20
43 1 43565 -1
22 0 43566 4
24 0 43567 42
5 1 43568 -1
55 1 43569 -1
33 0 43570 34
35 0 43571 16
38 1 43572 -1
32 0 43573 48
12 1 43574 -1
28 1 43575 -1
49 0 43576 34
55 1 43577 -1
31 0 43578 14
19 1 43579 -1
7 0 43580 32
31 1 43581 -1
47 1 43582 -1
58 0 43583 32
42 1 43584 -1
49 0 43585 26
57 1 43586 -1
41 0 43587 44
2 1 43588 -1
56 0 43589 48
29 0 43590 28
31 0 43591 0
52 1 43592 -1
42 1 43593 -1
4 0 43594 0
28 1 43595 -1
2 0 43596 0
33 0 43597 18
8 1 43598 -1
15 0 43599 4
19 0 43600 36
17 1 43601 -1
32 1 43602 -1
48 0 43603 38
52 0 43604 44
1 1 43605 -1
48 1 43606 -1
2 1 43607 -1
35 0 43608 4
59 0 43609 42
10 0 43610 46
54 1 43611 -1
30 1 43612 -1
5 1 43613 -1
39 1 43614 -1
51 0 43615 18
29 0 43616 6
46 0 43617 42
13 1 43618 -1
18 0 43619 2
30 1 43620 -1
25 0 43621 16
2 1 43622 -1
37 1 43623 -1
22 0 43624 32
59 1 43625 -1
5 0 43626 36
19 1 43627 -1
21 0 43628 38
8 0 43629 22
14 0 43630 44
15 1 43631 -1
38 0 43632 24
26 1 43633 -1
32 1 43634 -1
45 0 43635 10
47 1 43636 -1
34 1 43637 -1
47 0 43638 38
53 0 43639 4
55 1 43640 -1
16 1 43641 -1
44 0 43642 18
43 0 43643 44
28 0 43644 14
28 0 43645 18
44 1 43646 -1
49 1 43647 -1
18 1 43648 -1
50 0 43649 10
16 0 43650 44
46 1 43651 -1
29 1 43652 -1
44 1 43653 -1
48 1 43654 -1
9 0 43655 0
18 0 43656 10
27 1 43657 -1
5 0 43658 38
9 1 43659 -1
48 0 43660 16
36 1 43661 -1
52 1 43662 -1
33 0 43663 40
54 1 43664 -1
53 0 43665 28
58 0 43666 18
49 1 43667 -1
39 0 43668 46
21 0 43669 32
5 1 43670 -1
17 0 43671 4
28 1 43672 -1
48 1 43673 -1
1 0 43674 40
54 1 43675 -1
21 0 43676 12
57 0 43677 2
47 1 43678 -1
29 1 43679 -1
6 1 43680 -1
9 0 43681 12
3 1 43682 -1
54 0 43683 42
15 0 43684 38
30 0 43685 20
33 1 43686 -1
3 0 43687 38
52 1 43688 -1
34 0 43689 16
0 0 43690 8
47 1 43691 -1
41 1 43692 -1
4 1 43693 -1
56 0 43694 46
42 1 43695 -1
5 0 43696 36
6 0 43697 0
33 1 43698 -1
54 1 43699 -1
50 1 43700 -1
15 0 43701 10
50 1 43702 -1
5 0 43703 46
1 0 43704 12
19 1 43705 -1
45 0 43706 22
16 0 43707 10
21 0 43708 24
7 1 43709 -1
54 1 43710 -1
58 0 43711 38
31 1 43712 -1
46 0 43713 36
57 1 43714 -1
4 0 43715 36
22 0 43716 36
23 1 43717 -1
36 1 43718 -1
42 1 43719 -1
30 1 43720 -1
54 0 43721 46
12 0 43722 26
43 0 43723 24
55 0 43724 34
59 0 43725 30
33 1 43726 -1
18 0 43727 24
59 0 43728 30
7 1 43729 -1
23 1 43730 -1
50 1 43731 -1
30 1 43732 -1
58 1 43733 -1
28 0 43734 12
54 0 43735 14
7 1 43736 -1
42 1 43737 -1
36 0 43738 20
19 1 43739 -1
31 0 43740 12
30 0 43741 36
45 0 43742 26
57 1 43743 -1
24 1 43744 -1
2 1 43745 -1
54 0 43746 10
36 0 43747 6
58 0 43748 36
59 1 43749 -1
24 0 43750 38
59 1 43751 -1
17 0 43752 36
46 1 43753 -1
6 0 43754 4
8 1 43755 -1
45 0 43756 32
20 1 43757 -1
46 1 43758 -1
41 0 43759 6
18 1 43760 -1
36 0 43761 36
28 0 43762 16
44 1 43763 -1
11 1 43764 -1
52 1 43765 -1
52 0 43766 2
34 1 43767 -1
41 0 43768 32
46 1 43769 -1
39 1 43770 -1
27 0 43771 14
33 0 43772 28
46 0 43773 6
15 1 43774 -1
28 1 43775 -1
18 0 43776 4
55 0 43777 18
38 1 43778 -1
42 0 43779 48
0 1 43780 -1
29 0 43781 22
36 1 43782 -1
11 1 43783 -1
35 0 43784 0
36 0 43785 12
40 1 43786 -1
40 1 43787 -1
26 0 43788 28
14 0 43789 34
43 1 43790 -1
20 0 43791 48
56 1 43792 -1
26 1 43793 -1
37 0 43794 16
38 1 43795 -1
18 0 43796 14
41 0 43797 12
59 1 43798 -1
26 0 43799 40
54 0 43800 46
30 1 43801 -1
53 0 43802 40
50 1 43803 -1
22 1 43804 -1
54 0 43805 32
36 0 43806 26
51 1 43807 -1
53 1 43808 -1
58 1 43809 -1
11 1 43810 -1
9 0 43811 38
10 1 43812 -1
57 0 43813 12
6 0 43814 22
42 1 43815 -1
19 1 43816 -1
40 0 43817 22
22 1 43818 -1
32 0 43819 8
42 0 43820 10
54 1 43821 -1
11 0 43822 14
57 0 43823 14
52 1 43824 -1
33 1 43825 -1
48 0 43826 28
31 0 43827 34
14 1 43828 -1
18 0 43829 44
28 0 43830 38
32 1 43831 -1
3 1 43832 -1
46 1 43833 -1
29 0 43834 28
42 0 43835 14
27 1 43836 -1
21 1 43837 -1
54 0 43838 14
55 0 43839 38
18 1 43840 -1
20 1 43841 -1
55 0 43842 0
24 1 43843 -1
53 0 43844 6
55 0 43845 42
53 1 43846 -1
11 1 43847 -1
38 0 43848 10
11 1 43849 -1
41 0 43850 6
11 0 43851 28
55 1 43852 -1
41 0 43853 30
11 1 43854 -1
42 0 43855 12
23 1 43856 -1
6 0 43857 24
34 0 43858 28
1 1 43859 -1
43 0 43860 12
54 1 43861 -1
6 1 43862 -1
1 0 43863 28
18 0 43864 36
45 1 43865 -1
19 1 43866 -1
0 1 43867 -1
48 0 43868 28
18 1 43869 -1
10 1 43870 -1
13 0 43871 40
10 0 43872 38
19 1 43873 -1
38 0 43874 34
52 0 43875 0
19 1 43876 -1
0 0 43877 8
17 0 43878 8
9 1 43879 -1
7 1 43880 -1
7 0 43881 20
34 1 43882 -1
11 0 43883 6
7 1 43884 -1
57 1 43885 -1
41 0 43886 38
30 0 43887 28
32 1 43888 -1
7 0 43889 16
28 1 43890 -1
16 0 43891 12
16 1 43892 -1
30 1 43893 -1
7 0 43894 6
40 1 43895 -1
44 1 43896 -1
53 0 43897 26
45 0 43898 20
35 0 43899 22
6 1 43900 -1
52 1 43901 -1
18 0 43902 22
43 0 43903 38
39 1 43904 -1
11 1 43905 -1
44 0 43906 6
47 1 43907 -1
57 1 43908 -1
32 0 43909 16
2 1 43910 -1
21 0 43911 42
58 0 43912 40
32 0 43913 12
18 1 43914 -1
23 1 43915 -1
31 0 43916 24
51 0 43917 40
45 1 43918 -1
56 1 43919 -1
16 1 43920 -1
14 0 43921 42
47 1 43922 -1
50 0 43923 44
24 1 43924 -1
10 0 43925 42
2 0 43926 32
6 1 43927 -1
45 0 43928 14
49 0 43929 28
0 1 43930 -1
54 1 43931 -1
6 1 43932 -1
33 0 43933 42
4 1 43934 -1
54 0 43935 26
48 1 43936 -1
9 1 43937 -1
30 0 43938 0
48 1 43939 -1
53 0 43940 4
8 0 43941 18
17 0 43942 30
50 0 43943 2
7 0 43944 36
6 1 43945 -1
31 1 43946 -1
11 1 43947 -1
41 1 43948 -1
23 0 43949 38
27 0 43950 42
56 1 43951 -1
40 0 43952 26
55 1 43953 -1
54 0 43954 4
30 1 43955 -1
47 0 43956 20
27 0 43957 38
46 1 43958 -1
23 1 43959 -1
30 1 43960 -1
13 0 43961 10
54 0 43962 0
41 1 43963 -1
33 1 43964 -1
4 0 43965 4
28 0 43966 20
3 0 43967 28
10 1 43968 -1
20 0 43969 8
34 1 43970 -1
25 1 43971 -1
58 0 43972 48
57 0 43973 22
44 1 43974 -1
38 1 43975 -1
39 1 43976 -1
23 0 43977 24
6 0 43978 42
49 1 43979 -1
53 0 43980 12
11 0 43981 2
25 0 43982 24
55 0 43983 24
8 1 43984 -1
6 1 43985 -1
27 0 43986 38
26 1 43987 -1
55 0 43988 30
29 0 43989 48
51 1 43990 -1
23 1 43991 -1
35 1 43992 -1
19 0 43993 46
40 0 43994 42
23 0 43995 40
10 1 43996 -1
36 1 43997 -1
40 0 43998 32
10 0 43999 22
30 1 44000 -1
31 1 44001 -1
16 0 44002 32
34 1 44003 -1
15 1 44004 -1
40 1 44005 -1
59 0 44006 48
23 1 44007 -1
44 0 44008 42
52 0 44009 28
46 1 44010 -1
31 1 44011 -1
17 0 44012 4
2 1 44013 -1
20 1 44014 -1
8 0 44015 38
31 0 44016 24
49 1 44017 -1
57 0 44018 26
11 1 44019 -1
49 0 44020 32
23 0 44021 0
38 1 44022 -1
54 1 44023 -1
20 1 44024 -1
36 0 44025 26
26 0 44026 22
28 1 44027 -1
23 0 44028 34
13 0 44029 4
51 0 44030 46
56 1 44031 -1
36 1 44032 -1
33 0 44033 30
33 1 44034 -1
18 1 44035 -1
25 1 44036 -1
52 0 44037 46
59 1 44038 -1
28 0 44039 28
56 1 44040 -1
48 0 44041 14
6 0 44042 14
37 1 44043 -1
2 0 44044 14
11 0 44045 0
0 1 44046 -1
15 1 44047 -1
33 0 44048 28
39 0 44049 36
11 1 44050 -1
7 0 44051 36
38 1 44052 -1
42 0 44053 32
38 1 44054 -1
35 1 44055 -1
6 0 44056 12
9 0 44057 10
21 1 44058 -1
53 0 44059 28
44 1 44060 -1
35 1 44061 -1
36 0 44062 46
24 1 44063 -1
21 0 44064 34
48 1 44065 -1
22 0 44066 16
19 0 44067 10
28 1 44068 -1
42 0 44069 18
54 0 44070 6
4 1 44071 -1
54 1 44072 -1
19 0 44073 12
15 1 44074 -1
55 0 44075 4
40 1 44076 -1
39 0 44077 4
41 1 44078 -1
19 0 44079 8
13 1 44080 -1
59 1 44081 -1
23 0 44082 38
6 0 44083 16
10 0 44084 4
40 1 44085 -1
27 1 44086 -1
48 1 44087 -1
19 0 44088 40
42 1 44089 -1
20 1 44090 -1
20 0 44091 16
40 0 44092 44
23 1 44093 -1
44 0 44094 20
57 1 44095 -1
0 0 44096 10
51 1 44097 -1
30 0 44098 14
14 1 44099 -1
15 0 44100 48
27 1 44101 -1
15 1 44102 -1
43 0 44103 30
9 0 44104 44
49 0 44105 28
37 1 44106 -1
31 0 44107 8
33 1 44108 -1
3 1 44109 -1
3 1 44110 -1
54 0 44111 46
15 0 44112 34
27 1 44113 -1
6 1 44114 -1
0 0 44115 14
27 0 44116 16
7 0 44117 46
13 1 44118 -1
50 0 44119 4
6 1 44120 -1
2 0 44121 14
46 0 44122 46
23 1 44123 -1
51 0 44124 10
2 1 44125 -1
25 0 44126 28
33 0 44127 44
31 1 44128 -1
35 0 44129 42
40 1 44130 -1
35 1 44131 -1
25 1 44132 -1
33 1 44133 -1
32 0 44134 34
20 0 44135 4
2 0 44136 26
42 0 44137 32
22 1 44138 -1
31 0 44139 30
2 0 44140 30
41 1 44141 -1
18 0 44142 6
47 1 44143 -1
36 1 44144 -1
35 1 44145 -1
51 1 44146 -1
54 0 44147 0
0 1 44148 -1
18 0 44149 46
19 1 44150 -1
34 1 44151 -1
32 1 44152 -1
0 0 44153 24
46 1 44154 -1
39 0 44155 6
39 1 44156 -1
35 0 44157 10
50 1 44158 -1
41 0 44159 46
24 1 44160 -1
44 0 44161 2
48 0 44162 42
40 1 44163 -1
13 0 44164 4
30 1 44165 -1
28 1 44166 -1
40 0 44167 34
24 0 44168 32
11 0 44169 28
46 1 44170 -1
28 0 44171 6
47 0 44172 18
27 1 44173 -1
24 1 44174 -1
28 0 44175 46
46 0 44176 0
51 0 44177 36
5 1 44178 -1
17 1 44179 -1
48 0 44180 2
49 0 44181 30
53 1 44182 -1
36 1 44183 -1
42 1 44184 -1
39 1 44185 -1
41 1 44186 -1
14 0 44187 16
25 0 44188 4
27 0 44189 46
6 0 44190 12
34 0 44191 46
34 0 44192 30
35 0 44193 4
18 1 44194 -1
31 1 44195 -1
24 0 44196 4
48 1 44197 -1
54 0 44198 32
31 1 44199 -1
52 1 44200 -1
18 1 44201 -1
36 0 44202 8
43 0 44203 42
46 1 44204 -1
7 0 44205 28
16 1 44206 -1
33 0 44207 48
22 0 44208 28
26 1 44209 -1
7 1 44210 -1
35 1 44211 -1
3 1 44212 -1
56 1 44213 -1
4 0 44214 30
32 0 44215 4
35 1 44216 -1
58 1 44217 -1
24 1 44218 -1
15 1 44219 -1
38 1 44220 -1
54 0 44221 36
36 0 44222 0
52 0 44223 36
3 0 44224 24
32 1 44225 -1
37 0 44226 32
46 0 44227 38
16 1 44228 -1
46 1 44229 -1
46 0 44230 48
30 0 44231 20
32 0 44232 6
48 1 44233 -1
40 1 44234 -1
52 0 44235 4
58 0 44236 40
42 0 44237 22
28 1 44238 -1
15 1 44239 -1
44 1 44240 -1
2 1 44241 -1
37 0 44242 28
44 1 44243 -1
41 0 44244 22
47 0 44245 28
25 1 44246 -1
1 1 44247 -1
50 0 44248 30
32 0 44249 30
27 1 44250 -1
31 1 44251 -1
39 0 44252 26
30 0 44253 38
47 0 44254 36
30 0 44255 42
10 1 44256 -1
14 1 44257 -1
39 1 44258 -1
30 0 44259 22
47 1 44260 -1
10 0 44261 48
59 0 44262 18
39 1 44263 -1
14 1 44264 -1
47 0 44265 18
37 1 44266 -1
28 1 44267 -1
41 1 44268 -1
14 0 44269 18
47 0 44270 48
32 0 44271 24
10 1 44272 -1
19 1 44273 -1
32 1 44274 -1
50 0 44275 8
9 0 44276 46
19 1 44277 -1
8 0 44278 16
23 0 44279 48
25 1 44280 -1
35 1 44281 -1
2 0 44282 46
24 0 44283 20
17 1 44284 -1
59 1 44285 -1
22 1 44286 -1
48 0 44287 28
50 0 44288 48
14 0 44289 6
25 1 44290 -1
20 0 44291 40
27 1 44292 -1
38 1 44293 -1
22 1 44294 -1
54 1 44295 -1
59 0 44296 28
47 0 44297 4
57 0 44298 8
23 0 44299 42
21 1 44300 -1
20 0 44301 26
38 1 44302 -1
35 1 44303 -1
10 0 44304 32
11 1 44305 -1
5 0 44306 42
48 0 44307 28
25 1 44308 -1
1 1 44309 -1
37 0 44310 38
28 0 44311 18
18 0 44312 26
30 0 44313 6
18 1 44314 -1
17 1 44315 -1
8 1 44316 -1
53 0 44317 46
6 1 44318 -1
4 1 44319 -1
43 0 44320 12
41 1 44321 -1
27 0 44322 10
14 1 44323 -1
46 1 44324 -1
22 1 44325 -1
11 1 44326 -1
43 0 44327 20
33 0 44328 6
26 0 44329 30
15 1 44330 -1
17 1 44331 -1
4 0 44332 32
7 1 44333 -1
6 0 44334 38
39 0 44335 12
57 0 44336 42
18 1 44337 -1
13 0 44338 20
15 1 44339 -1
20 1 44340 -1
18 0 44341 42
13 0 44342 28
27 0 44343 40
18 0 44344 24
34 1 44345 -1
33 1 44346 -1
17 1 44347 -1
33 1 44348 -1
47 1 44349 -1
54 0 44350 8
6 0 44351 28
53 1 44352 -1
50 0 44353 48
49 0 44354 38
21 0 44355 46
16 1 44356 -1
3 1 44357 -1
19 1 44358 -1
49 0 44359 6
37 1 44360 -1
24 1 44361 -1
27 0 44362 4
24 0 44363 30
10 1 44364 -1
30 1 44365 -1
43 0 44366 36
57 1 44367 -1
47 0 44368 30
19 0 44369 22
27 0 44370 34
5 1 44371 -1
24 1 44372 -1
8 0 44373 44
16 1 44374 -1
32 0 44375 2
41 1 44376 -1
43 0 44377 34
52 0 44378 10
34 1 44379 -1
37 0 44380 18
4 1 44381 -1
33 0 44382 12
43 1 44383 -1
25 0 44384 22
32 1 44385 -1
54 1 44386 -1
2 0 44387 30
2 0 44388 28
5 1 44389 -1
10 0 44390 18
43 0 44391 32
18 1 44392 -1
46 0 44393 20
15 1 44394 -1
38 1 44395 -1
3 0 44396 18
6 1 44397 -1
42 1 44398 -1
14 0 44399 2
34 1 44400 -1
46 0 44401 38
40 0 44402 18
14 1 44403 -1
43 0 44404 8
14 0 44405 36
3 0 44406 10
28 1 44407 -1
35 1 44408 -1
48 1 44409 -1
40 0 44410 12
32 1 44411 -1
33 0 44412 24
59 0 44413 20
44 0 44414 16
59 1 44415 -1
23 1 44416 -1
0 0 44417 6
48 1 44418 -1
7 0 44419 6
30 1 44420 -1
46 1 44421 -1
32 0 44422 32
56 1 44423 -1
47 1 44424 -1
33 0 44425 34
23 0 44426 26
38 0 44427 0
56 0 44428 2
37 1 44429 -1
40 1 44430 -1
40 1 44431 -1
1 1 44432 -1
7 0 44433 32
50 0 44434 38
53 0 44435 32
46 0 44436 18
27 1 44437 -1
7 1 44438 -1
22 0 44439 18
22 0 44440 44
47 1 44441 -1
30 1 44442 -1
27 1 44443 -1
18 0 44444 40
29 1 44445 -1
17 1 44446 -1
52 0 44447 28
37 0 44448 16
42 0 44449 42
56 1 44450 -1
57 0 44451 48
32 1 44452 -1
39 0 44453 42
28 0 44454 16
16 1 44455 -1
9 1 44456 -1
59 1 44457 -1
45 1 44458 -1
8 1 44459 -1
40 0 44460 4
28 0 44461 48
10 1 44462 -1
45 0 44463 0
59 1 44464 -1
41 0 44465 40
59 1 44466 -1
24 0 44467 18
49 0 44468 40
24 0 44469 14
16 0 44470 6
53 1 44471 -1
8 1 44472 -1
40 0 44473 32
56 1 44474 -1
53 0 44475 24
22 1 44476 -1
4 0 44477 8
36 1 44478 -1
44 0 44479 20
50 0 44480 22
41 1 44481 -1
42 1 44482 -1
34 1 44483 -1
5 1 44484 -1
32 0 44485 22
56 0 44486 38
26 1 44487 -1
34 1 44488 -1
37 1 44489 -1
6 1 44490 -1
35 1 44491 -1
7 0 44492 0
48 0 44493 0
28 0 44494 28
30 0 44495 14
1 0 44496 32
16 1 44497 -1
54 1 44498 -1
49 0 44499 32
47 1 44500 -1
44 0 44501 30
25 0 44502 14
43 0 44503 38
43 1 44504 -1
12 1 44505 -1
50 1 44506 -1
55 1 44507 -1
41 0 44508 38
3 0 44509 16
17 0 44510 30
37 1 44511 -1
31 1 44512 -1
20 0 44513 38
11 0 44514 34
53 1 44515 -1
38 1 44516 -1
34 0 44517 48
7 1 44518 -1
38 1 44519 -1
22 0 44520 34
47 1 44521 -1
54 0 44522 6
24 0 44523 40
15 0 44524 24
35 0 44525 0
50 1 44526 -1
0 1 44527 -1
48 0 44528 10
39 1 44529 -1
49 1 44530 -1
7 0 44531 40
29 0 44532 24
42 0 44533 38
25 1 44534 -1
39 0 44535 8
56 0 44536 4
26 1 44537 -1
56 1 44538 -1
4 1 44539 -1
4 0 44540 28
40 0 44541 40
44 0 44542 48
31 0 44543 18
0 1 44544 -1
5 1 44545 -1
18 1 44546 -1
59 1 44547 -1
8 0 44548 16
1 1 44549 -1
1 0 44550 4
11 0 44551 4
20 0 44552 32
20 1 44553 -1
47 1 44554 -1
43 1 44555 -1
5 0 44556 28
45 1 44557 -1
43 0 44558 0
18 0 44559 48
8 1 44560 -1
8 0 44561 30
34 1 44562 -1
36 1 44563 -1
43 0 44564 12
0 1 44565 -1
14 1 44566 -1
45 0 44567 28
9 0 44568 40
17 0 44569 8
33 1 44570 -1
47 0 44571 14
59 1 44572 -1
43 0 44573 36
24 1 44574 -1
11 1 44575 -1
25 0 44576 44
40 1 44577 -1
36 1 44578 -1
43 0 44579 32
54 0 44580 24
38 0 44581 42
32 1 44582 -1
49 0 44583 42
55 0 44584 14
35 1 44585 -1
6 0 44586 0
25 1 44587 -1
47 0 44588 18
56 1 44589 -1
35 0 44590 14
26 0 44591 48
41 0 44592 48
23 1 44593 -1
32 1 44594 -1
2 1 44595 -1
16 1 44596 -1
41 0 44597 38
40 0 44598 24
29 1 44599 -1
19 1 44600 -1
55 1 44601 -1
24 0 44602 24
39 0 44603 2
58 1 44604 -1
35 0 44605 26
20 0 44606 34
8 1 44607 -1
30 1 44608 -1
12 0 44609 10
5 1 44610 -1
37 0 44611 20
17 1 44612 -1
49 1 44613 -1
20 0 44614 0
47 1 44615 -1
29 1 44616 -1
56 0 44617 48
54 1 44618 -1
25 0 44619 2
59 0 44620 32
48 1 44621 -1
39 1 44622 -1
48 0 44623 40
12 1 44624 -1
11 0 44625 18
19 1 44626 -1
46 0 44627 30
1 1 44628 -1
53 0 44629 6
49 0 44630 28
32 1 44631 -1
58 0 44632 24
49 0 44633 6
9 1 44634 -1
25 0 44635 40
7 1 44636 -1
11 1 44637 -1
39 0 44638 8
11 0 44639 46
7 1 44640 -1
12 0 44641 22
14 0 44642 22
1 1 44643 -1
22 1 44644 -1
9 0 44645 0
24 1 44646 -1
54 0 44647 6
23 1 44648 -1
50 1 44649 -1
27 0 44650 12
11 1 44651 -1
29 0 44652 32
54 1 44653 -1
49 0 44654 28
43 1 44655 -1
27 0 44656 18
8 0 44657 48
10 1 44658 -1
23 0 44659 34
35 0 44660 16
38 1 44661 -1
10 1 44662 -1
52 1 44663 -1
7 0 44664 18
46 1 44665 -1
27 1 44666 -1
59 1 44667 -1
24 0 44668 36
44 0 44669 44
9 1 44670 -1
10 0 44671 16
37 0 44672 44
5 1 44673 -1
18 0 44674 42
11 1 44675 -1
10 0 44676 46
27 1 44677 -1
52 0 44678 6
8 1 44679 -1
33 1 44680 -1
26 0 44681 34
24 0 44682 24
34 0 44683 8
7 0 44684 2
48 1 44685 -1
33 0 44686 28
26 1 44687 -1
35 1 44688 -1
2 0 44689 36
40 0 44690 22
33 1 44691 -1
45 1 44692 -1
35 1 44693 -1
46 1 44694 -1
25 0 44695 12
31 1 44696 -1
10 0 44697 16
46 0 44698 28
36 0 44699 14
30 1 44700 -1
6 0 44701 34
43 0 44702 24
55 1 44703 -1
39 1 44704 -1
32 0 44705 38
47 0 44706 8
9 1 44707 -1
39 1 44708 -1
27 0 44709 22
24 1 44710 -1
58 1 44711 -1
31 0 44712 0
59 0 44713 36
11 1 44714 -1
16 0 44715 6
39 1 44716 -1
26 0 44717 34
0 0 44718 18
14 1 44719 -1
10 1 44720 -1
54 0 44721 8
48 1 44722 -1
55 0 44723 36
42 1 44724 -1
43 0 44725 48
54 1 44726 -1
49 1 44727 -1
42 1 44728 -1
39 0 44729 2
11 1 44730 -1
32 0 44731 10
0 1 44732 -1
54 1 44733 -1
24 0 44734 12
11 0 44735 26
46 0 44736 10
54 1 44737 -1
2 1 44738 -1
32 0 44739 40
38 1 44740 -1
47 0 44741 40
36 0 44742 22
9 1 44743 -1
30 0 44744 14
20 1 44745 -1
15 1 44746 -1
15 0 44747 36
39 1 44748 -1
43 0 44749 24
50 1 44750 -1
32 0 44751 14
30 0 44752 42
41 1 44753 -1
59 0 44754 32
0 0 44755 28
9 0 44756 16
30 1 44757 -1
42 1 44758 -1
31 0 44759 22
58 0 44760 20
38 1 44761 -1
42 1 44762 -1
34 0 44763 48
8 1 44764 -1
26 1 44765 -1
49 0 44766 34
26 0 44767 48
44 1 44768 -1
25 1 44769 -1
29 1 44770 -1
0 0 44771 14
41 1 44772 -1
43 1 44773 -1
17 0 44774 48
22 0 44775 32
39 1 44776 -1
19 0 44777 22
45 1 44778 -1
22 0 44779 42
46 0 44780 30
23 1 44781 -1
38 1 44782 -1
30 1 44783 -1
48 0 44784 26
46 0 44785 28
5 0 44786 6
58 1 44787 -1
11 0 44788 18
15 1 44789 -1
32 1 44790 -1
19 0 44791 38
36 0 44792 34
52 1 44793 -1
41 0 44794 48
33 0 44795 12
39 1 44796 -1
21 1 44797 -1
50 0 44798 18
55 0 44799 22
18 0 44800 8
42 0 44801 24
12 1 44802 -1
39 1 44803 -1
12 0 44804 42
37 1 44805 -1
6 0 44806 22
38 1 44807 -1
5 0 44808 12
23 1 44809 -1
1 0 44810 30
45 1 44811 -1
34 0 44812 10
23 0 44813 40
13 1 44814 -1
24 1 44815 -1
40 1 44816 -1
48 0 44817 34
36 1 44818 -1
33 1 44819 -1
11 0 44820 48
14 0 44821 46
42 0 44822 6
57 1 44823 -1
50 1 44824 -1
36 0 44825 44
38 1 44826 -1
27 1 44827 -1
30 1 44828 -1
37 0 44829 0
47 0 44830 46
40 0 44831 16
11 1 44832 -1
57 1 44833 -1
45 0 44834 2
50 1 44835 -1
59 0 44836 8
26 1 44837 -1
11 1 44838 -1
47 1 44839 -1
8 0 44840 12
19 0 44841 44
56 0 44842 22
21 1 44843 -1
17 0 44844 8
52 0 44845 14
56 1 44846 -1
7 1 44847 -1
45 0 44848 36
56 0 44849 12
42 0 44850 2
1 1 44851 -1
34 1 44852 -1
59 0 44853 2
34 1 44854 -1
3 1 44855 -1
42 1 44856 -1
52 1 44857 -1
50 0 44858 40
35 0 44859 14
38 1 44860 -1
15 0 44861 0
51 1 44862 -1
16 0 44863 0
42 0 44864 46
52 0 44865 4
49 1 44866 -1
9 1 44867 -1
12 1 44868 -1
29 1 44869 -1
25 0 44870 18
56 0 44871 36
51 0 44872 6
39 0 44873 36
31 1 44874 -1
17 1 44875 -1
47 0 44876 40
56 0 44877 44
39 1 44878 -1
21 1 44879 -1
10 0 44880 40
56 1 44881 -1
22 1 44882 -1
12 0 44883 12
9 0 44884 0
45 1 44885 -1
57 0 44886 16
52 1 44887 -1
39 0 44888 0
2 1 44889 -1
11 0 44890 30
26 1 44891 -1
30 0 44892 20
34 1 44893 -1
6 0 44894 42
21 1 44895 -1
9 0 44896 26
1 0 44897 40
16 0 44898 0
8 1 44899 -1
11 0 44900 18
56 1 44901 -1
23 1 44902 -1
13 0 44903 22
12 1 44904 -1
5 1 44905 -1
39 0 44906 44
6 0 44907 12
20 1 44908 -1
52 0 44909 8
46 0 44910 12
57 1 44911 -1
57 0 44912 22
30 1 44913 -1
41 1 44914 -1
56 1 44915 -1
6 0 44916 8
39 1 44917 -1
6 1 44918 -1
6 0 44919 48
7 0 44920 42
30 0 44921 8
47 1 44922 -1
30 0 44923 48
49 0 44924 8
49 1 44925 -1
31 1 44926 -1
57 1 44927 -1
59 0 44928 26
33 0 44929 2
48 1 44930 -1
20 1 44931 -1
23 0 44932 34
56 0 44933 8
34 1 44934 -1
31 0 44935 20
57 1 44936 -1
34 1 44937 -1
34 0 44938 26
30 1 44939 -1
58 0 44940 22
34 0 44941 24
18 1 44942 -1
19 0 44943 18
47 1 44944 -1
8 1 44945 -1
34 0 44946 28
21 1 44947 -1
19 0 44948 22
25 1 44949 -1
19 0 44950 46
18 0 44951 34
13 1 44952 -1
26 0 44953 12
12 1 44954 -1
6 1 44955 -1
46 1 44956 -1
1 0 44957 44
25 0 44958 44
8 0 44959 26
0 1 44960 -1
57 0 44961 4
8 1 44962 -1
37 1 44963 -1
6 0 44964 14
13 0 44965 8
50 1 44966 -1
3 1 44967 -1
41 0 44968 2
2 0 44969 0
52 1 44970 -1
55 1 44971 -1
20 0 44972 30
12 0 44973 14
31 1 44974 -1
22 0 44975 14
35 0 44976 40
10 1 44977 -1
7 1 44978 -1
15 1 44979 -1
45 1 44980 -1
24 1 44981 -1
55 0 44982 20
50 0 44983 26
52 1 44984 -1
48 0 44985 18
56 1 44986 -1
52 0 44987 26
33 1 44988 -1
48 0 44989 40
3 0 44990 8
39 0 44991 24
18 1 44992 -1
35 1 44993 -1
50 1 44994 -1
13 1 44995 -1
19 0 44996 46
17 0 44997 36
30 1 44998 -1
15 0 44999 20
18 0 45000 32
57 0 45001 32
34 0 45002 40
31 1 45003 -1
23 1 45004 -1
23 0 45005 32
6 1 45006 -1
34 0 45007 34
2 0 45008 32
48 1 45009 -1
39 1 45010 -1
33 0 45011 20
23 0 45012 32
15 0 45013 4
42 1 45014 -1
57 1 45015 -1
8 0 45016 24
13 1 45017 -1
0 1 45018 -1
24 1 45019 -1
41 0 45020 10
18 1 45021 -1
57 1 45022 -1
24 0 45023 36
30 0 45024 14
13 0 45025 16
46 1 45026 -1
2 1 45027 -1
57 0 45028 44
13 0 45029 2
45 1 45030 -1
16 0 45031 24
0 1 45032 -1
47 0 45033 46
41 1 45034 -1
50 0 45035 8
22 1 45036 -1
23 1 45037 -1
41 0 45038 46
14 1 45039 -1
24 0 45040 30
25 1 45041 -1
3 0 45042 20
53 1 45043 -1
50 1 45044 -1
19 0 45045 46
42 1 45046 -1
8 0 45047 44
5 0 45048 34
6 1 45049 -1
11 0 45050 28
12 1 45051 -1
27 0 45052 2
34 1 45053 -1
40 1 45054 -1
50 0 45055 46
47 0 45056 32
24 1 45057 -1
54 0 45058 6
30 1 45059 -1
57 1 45060 -1
19 0 45061 34
25 1 45062 -1
12 0 45063 44
8 0 45064 16
9 0 45065 34
12 1 45066 -1
9 1 45067 -1
8 0 45068 24
52 1 45069 -1
35 0 45070 4
46 0 45071 22
32 0 45072 32
6 1 45073 -1
6 1 45074 -1
20 0 45075 26
15 0 45076 24
54 1 45077 -1
23 1 45078 -1
58 1 45079 -1
24 0 45080 16
22 1 45081 -1
15 1 45082 -1
5 0 45083 16
41 0 45084 10
2 0 45085 42
35 1 45086 -1
41 0 45087 8
52 1 45088 -1
57 0 45089 6
51 1 45090 -1
0 0 45091 40
49 0 45092 38
29 1 45093 -1
53 0 45094 46
30 1 45095 -1
34 1 45096 -1
45 0 45097 2
47 1 45098 -1
29 1 45099 -1
51 1 45100 -1
34 0 45101 10
58 0 45102 46
37 1 45103 -1
7 0 45104 26
45 1 45105 -1
20 0 45106 30
0 0 45107 8
46 1 45108 -1
59 0 45109 0
51 1 45110 -1
39 0 45111 44
56 1 45112 -1
9 1 45113 -1
9 1 45114 -1
33 0 45115 28
8 0 45116 4
20 1 45117 -1
46 1 45118 -1
28 1 45119 -1
15 0 45120 4
44 0 45121 6
28 0 45122 34
35 0 45123 24
35 0 45124 30
56 1 45125 -1
23 1 45126 -1
20 0 45127 0
27 0 45128 0
2 1 45129 -1
14 1 45130 -1
34 0 45131 34
37 0 45132 24
33 1 45133 -1
25 1 45134 -1
5 0 45135 26
17 0 45136 32
54 0 45137 32
28 1 45138 -1
11 0 45139 2
41 1 45140 -1
0 1 45141 -1
9 0 45142 2
36 1 45143 -1
5 0 45144 22
2 1 45145 -1
41 1 45146 -1
52 1 45147 -1
52 0 45148 14
22 0 45149 40
8 0 45150 24
30 1 45151 -1
55 1 45152 -1
56 0 45153 14
56 1 45154 -1
39 0 45155 4
28 1 45156 -1
41 1 45157 -1
38 0 45158 30
16 0 45159 20
24 0 45160 4
58 1 45161 -1
29 1 45162 -1
58 1 45163 -1
36 1 45164 -1
30 1 45165 -1
33 0 45166 10
30 0 45167 22
37 0 45168 46
37 1 45169 -1
46 0 45170 24
15 0 45171 0
18 1 45172 -1
46 0 45173 4
9 1 45174 -1
34 1 45175 -1
57 0 45176 32
14 1 45177 -1
59 1 45178 -1
25 0 45179 26
8 0 45180 32
30 1 45181 -1
6 0 45182 0
1 0 45183 38
36 1 45184 -1
44 1 45185 -1
34 0 45186 8
59 0 45187 36
28 1 45188 -1
26 0 45189 4
28 1 45190 -1
40 1 45191 -1
50 1 45192 -1
12 0 45193 30
47 1 45194 -1
46 0 45195 2
35 1 45196 -1
9 1 45197 -1
58 0 45198 42
19 0 45199 4
29 1 45200 -1
57 0 45201 34
59 1 45202 -1
34 0 45203 14
42 0 45204 6
25 0 45205 6
5 1 45206 -1
33 1 45207 -1
48 0 45208 6
26 1 45209 -1
6 1 45210 -1
50 1 45211 -1
38 0 45212 40
47 0 45213 48
38 0 45214 16
45 0 45215 36
16 1 45216 -1
14 0 45217 12
9 1 45218 -1
56 0 45219 4
10 0 45220 40
18 1 45221 -1
50 1 45222 -1
45 0 45223 0
18 0 45224 30
56 1 45225 -1
33 1 45226 -1
21 0 45227 34
43 0 45228 28
34 1 45229 -1
34 1 45230 -1
28 0 45231 40
12 1 45232 -1
26 1 45233 -1
52 0 45234 20
48 1 45235 -1
0 0 45236 20
0 1 45237 -1
45 0 45238 28
31 0 45239 26
29 0 45240 14
45 1 45241 -1
20 1 45242 -1
58 1 45243 -1
35 0 45244 42
7 1 45245 -1
56 1 45246 -1
52 0 45247 18
51 1 45248 -1
18 0 45249 26
44 0 45250 20
45 0 45251 4
45 0 45252 22
18 1 45253 -1
43 1 45254 -1
41 1 45255 -1
28 0 45256 16
33 0 45257 28
3 1 45258 -1
35 0 45259 34
18 1 45260 -1
28 1 45261 -1
6 0 45262 24
28 1 45263 -1
39 0 45264 20
41 0 45265 14
35 0 45266 14
24 1 45267 -1
20 0 45268 26
18 1 45269 -1
51 0 45270 6
14 1 45271 -1
8 1 45272 -1
55 1 45273 -1
1 0 45274 8
38 1 45275 -1
29 0 45276 22
6 0 45277 26
9 1 45278 -1
50 1 45279 -1
34 0 45280 36
30 0 45281 0
48 0 45282 32
18 1 45283 -1
16 1 45284 -1
12 0 45285 48
26 1 45286 -1
54 0 45287 44
11 0 45288 48
3 0 45289 30
31 1 45290 -1
23 1 45291 -1
48 1 45292 -1
37 0 45293 10
53 1 45294 -1
19 0 45295 24
35 1 45296 -1
27 1 45297 -1
33 0 45298 34
59 0 45299 0
47 0 45300 2
57 1 45301 -1
41 1 45302 -1
25 1 45303 -1
27 0 45304 32
32 1 45305 -1
41 0 45306 16
31 0 45307 22
15 1 45308 -1
28 0 45309 12
52 0 45310 44
6 1 45311 -1
36 0 45312 22
50 1 45313 -1
34 1 45314 -1
40 0 45315 42
40 0 45316 2
11 1 45317 -1
13 1 45318 -1
41 1 45319 -1
10 1 45320 -1
45 1 45321 -1
26 0 45322 12
21 0 45323 46
39 0 45324 10
31 1 45325 -1
26 1 45326 -1
58 0 45327 20
34 0 45328 46
19 0 45329 18
3 1 45330 -1
3 1 45331 -1
53 1 45332 -1
22 0 45333 20
45 0 45334 46
54 1 45335 -1
28 0 45336 8
18 0 45337 8
47 0 45338 48
45 1 45339 -1
27 1 45340 -1
59 0 45341 34
12 1 45342 -1
20 1 45343 -1
9 0 45344 34
37 1 45345 -1
32 1 45346 -1
35 0 45347 4
59 0 45348 20
32 0 45349 0
48 1 45350 -1
42 0 45351 34
10 1 45352 -1
19 0 45353 8
2 0 45354 16
17 1 45355 -1
11 1 45356 -1
57 0 45357 44
55 0 45358 38
7 1 45359 -1
59 1 45360 -1
29 0 45361 26
53 1 45362 -1
26 0 45363 6
13 1 45364 -1
29 0 45365 16
9 1 45366 -1
49 1 45367 -1
27 1 45368 -1
59 0 45369 46
48 1 45370 -1
24 0 45371 40
9 1 45372 -1
47 1 45373 -1
9 0 45374 8
43 0 45375 30
2 0 45376 6
30 0 45377 34
28 1 45378 -1
33 1 45379 -1
46 0 45380 28
44 0 45381 8
45 1 45382 -1
21 1 45383 -1
53 0 45384 20
18 1 45385 -1
16 1 45386 -1
6 0 45387 12
59 0 45388 40
0 1 45389 -1
56 0 45390 22
38 0 45391 24
0 1 45392 -1
43 0 45393 48
43 0 45394 36
25 1 45395 -1
12 0 45396 26
55 1 45397 -1
49 0 45398 18
21 1 45399 -1
40 1 45400 -1
10 0 45401 34
42 1 45402 -1
5 1 45403 -1
23 1 45404 -1
18 0 45405 46
14 1 45406 -1
51 0 45407 14
24 1 45408 -1
12 1 45409 -1
14 0 45410 48
45 0 45411 32
33 0 45412 30
56 0 45413 8
8 0 45414 20
11 1 45415 -1
43 1 45416 -1
53 1 45417 -1
3 0 45418 44
10 0 45419 22
38 0 45420 10
32 0 45421 30
15 1 45422 -1
7 1 45423 -1
25 0 45424 24
22 1 45425 -1
21 1 45426 -1
29 0 45427 26
56 1 45428 -1
31 0 45429 4
26 1 45430 -1
39 1 45431 -1
36 0 45432 32
53 0 45433 16
11 1 45434 -1
59 0 45435 2
36 0 45436 22
51 1 45437 -1
0 0 45438 32
40 1 45439 -1
7 0 45440 24
25 1 45441 -1
53 1 45442 -1
17 1 45443 -1
11 1 45444 -1
27 0 45445 28
28 0 45446 10
1 1 45447 -1
20 0 45448 32
4 1 45449 -1
11 1 45450 -1
48 0 45451 0
18 1 45452 -1
39 0 45453 28
16 1 45454 -1
12 0 45455 36
19 1 45456 -1
37 0 45457 32
39 1 45458 -1
58 0 45459 4
38 0 45460 14
42 1 45461 -1
52 0 45462 20
45 1 45463 -1
0 0 45464 4
41 1 45465 -1
21 0 45466 48
57 1 45467 -1
6 0 45468 8
47 1 45469 -1
30 1 45470 -1
56 1 45471 -1
40 0 45472 16
25 0 45473 14
28 0 45474 44
26 1 45475 -1
14 0 45476 14
12 1 45477 -1
56 0 45478 16
4 1 45479 -1
8 1 45480 -1
50 0 45481 40
41 0 45482 26
50 0 45483 8
30 1 45484 -1
26 0 45485 44
43 1 45486 -1
2 1 45487 -1
56 0 45488 4
57 0 45489 44
59 1 45490 -1
23 0 45491 48
5 1 45492 -1
44 1 45493 -1
51 0 45494 32
40 1 45495 -1
24 0 45496 8
5 0 45497 34
17 1 45498 -1
50 1 45499 -1
30 0 45500 2
33 1 45501 -1
14 0 45502 30
4 1 45503 -1
53 0 45504 8
38 0 45505 24
15 1 45506 -1
42 1 45507 -1
13 0 45508 28
44 1 45509 -1
14 0 45510 6
3 1 45511 -1
47 0 45512 4
39 1 45513 -1
0 0 45514 14
20 1 45515 -1
3 0 45516 42
3 1 45517 -1
42 1 45518 -1
0 0 45519 22
50 1 45520 -1
40 1 45521 -1
20 0 45522 2
45 0 45523 26
22 0 45524 18
12 0 45525 30
57 1 45526 -1
55 0 45527 28
50 1 45528 -1
4 1 45529 -1
50 0 45530 14
4 0 45531 6
12 1 45532 -1
0 1 45533 -1
31 0 45534 40
8 1 45535 -1
16 0 45536 16
14 1 45537 -1
34 0 45538 6
15 0 45539 44
51 1 45540 -1
17 0 45541 32
32 1 45542 -1
40 0 45543 32
15 1 45544 -1
6 0 45545 46
28 1 45546 -1
42 0 45547 26
36 1 45548 -1
29 0 45549 4
0 1 45550 -1
40 1 45551 -1
18 1 45552 -1
23 0 45553 22
29 0 45554 48
45 1 45555 -1
53 0 45556 0
45 1 45557 -1
52 1 45558 -1
14 1 45559 -1
40 0 45560 14
58 1 45561 -1
5 0 45562 12
57 0 45563 38
0 0 45564 12
38 1 45565 -1
35 1 45566 -1
9 0 45567 8
55 0 45568 12
12 0 45569 6
20 1 45570 -1
49 1 45571 -1
22 1 45572 -1
14 0 45573 22
43 1 45574 -1
5 1 45575 -1
33 1 45576 -1
3 1 45577 -1
2 1 45578 -1
35 0 45579 4
44 0 45580 4
12 0 45581 44
39 0 45582 4
45 0 45583 40
58 0 45584 8
41 0 45585 32
48 0 45586 8
24 1 45587 -1
31 1 45588 -1
59 1 45589 -1
18 0 45590 14
23 1 45591 -1
34 1 45592 -1
2 0 45593 14
53 0 45594 4
54 0 45595 46
7 1 45596 -1
46 1 45597 -1
49 0 45598 6
7 1 45599 -1
45 1 45600 -1
21 0 45601 2
32 0 45602 30
51 0 45603 38
30 1 45604 -1
18 1 45605 -1
20 0 45606 28
17 1 45607 -1
33 0 45608 42
18 1 45609 -1
14 1 45610 -1
33 0 45611 24
41 1 45612 -1
24 0 45613 38
25 0 45614 36
38 1 45615 -1
4 0 45616 4
19 1 45617 -1
56 0 45618 24
34 0 45619 0
25 0 45620 12
34 1 45621 -1
5 0 45622 22
7 0 45623 20
27 1 45624 -1
11 1 45625 -1
41 1 45626 -1
29 1 45627 -1
46 0 45628 16
59 0 45629 6
25 1 45630 -1
41 1 45631 -1
22 1 45632 -1
7 0 45633 34
3 0 45634 8
21 1 45635 -1
21 1 45636 -1
16 0 45637 8
16 1 45638 -1
50 0 45639 16
36 0 45640 10
4 0 45641 8
56 1 45642 -1
27 0 45643 4
12 1 45644 -1
5 0 45645 6
28 1 45646 -1
47 0 45647 38
27 1 45648 -1
35 0 45649 48
10 1 45650 -1
9 0 45651 44
36 1 45652 -1
3 1 45653 -1
8 0 45654 26
46 1 45655 -1
2 1 45656 -1
8 0 45657 48
5 0 45658 36
41 1 45659 -1
23 1 45660 -1
3 0 45661 38
7 0 45662 42
8 1 45663 -1
13 0 45664 42
6 0 45665 0
48 0 45666 42
1 1 45667 -1
18 1 45668 -1
24 1 45669 -1
42 0 45670 10
28 0 45671 10
19 0 45672 36
4 1 45673 -1
51 0 45674 0
7 0 45675 2
18 1 45676 -1
41 1 45677 -1
18 0 45678 22
45 1 45679 -1
41 1 45680 -1
35 1 45681 -1
26 0 45682 46
22 1 45683 -1
58 1 45684 -1
25 0 45685 46
40 0 45686 10
1 1 45687 -1
33 1 45688 -1
6 0 45689 26
14 0 45690 18
57 1 45691 -1
16 0 45692 38
15 0 45693 0
52 1 45694 -1
21 1 45695 -1
27 1 45696 -1
17 1 45697 -1
36 0 45698 4
45 0 45699 32
8 0 45700 18
3 1 45701 -1
2 0 45702 20
8 1 45703 -1
43 0 45704 6
22 1 45705 -1
11 0 45706 36
34 0 45707 44
17 1 45708 -1
39 1 45709 -1
10 1 45710 -1
59 0 45711 16
35 0 45712 44
3 1 45713 -1
18 1 45714 -1
6 0 45715 22
30 0 45716 38
43 0 45717 2
16 1 45718 -1
46 0 45719 48
50 1 45720 -1
17 0 45721 14
1 1 45722 -1
23 1 45723 -1
27 0 45724 14
58 0 45725 28
1 0 45726 16
57 1 45727 -1
38 1 45728 -1
50 1 45729 -1
57 1 45730 -1
27 0 45731 14
24 0 45732 8
38 0 45733 8
28 1 45734 -1
21 0 45735 36
50 0 45736 6
16 1 45737 -1
52 1 45738 -1
29 0 45739 8
14 1 45740 -1
30 1 45741 -1
59 0 45742 38
23 0 45743 46
56 1 45744 -1
46 0 45745 10
35 1 45746 -1
59 0 45747 2
25 1 45748 -1
51 1 45749 -1
43 0 45750 22
21 0 45751 22
39 1 45752 -1
2 0 45753 16
51 1 45754 -1
40 1 45755 -1
17 0 45756 10
44 0 45757 44
48 1 45758 -1
56 0 45759 14
39 1 45760 -1
56 1 45761 -1
46 0 45762 8
12 0 45763 46
14 0 45764 48
49 1 45765 -1
42 1 45766 -1
31 0 45767 42
9 1 45768 -1
25 0 45769 22
7 1 45770 -1
40 0 45771 20
52 1 45772 -1
18 0 45773 2
53 1 45774 -1
35 0 45775 16
42 1 45776 -1
12 1 45777 -1
39 1 45778 -1
8 0 45779 14
56 0 45780 22
0 1 45781 -1
3 1 45782 -1
23 0 45783 46
22 0 45784 34
4 0 45785 2
59 1 45786 -1
36 1 45787 -1
20 1 45788 -1
34 1 45789 -1
12 0 45790 16
0 0 45791 24
3 0 45792 20
25 1 45793 -1
21 0 45794 4
26 0 45795 28
6 0 45796 32
18 0 45797 34
50 1 45798 -1
56 1 45799 -1
14 1 45800 -1
11 1 45801 -1
1 0 45802 24
8 1 45803 -1
34 0 45804 14
36 0 45805 30
5 1 45806 -1
41 0 45807 48
50 1 45808 -1
0 0 45809 4
21 1 45810 -1
14 0 45811 32
47 1 45812 -1
42 0 45813 30
47 1 45814 -1
19 0 45815 12
28 1 45816 -1
19 0 45817 16
22 1 45818 -1
42 0 45819 8
3 0 45820 0
3 1 45821 -1
40 0 45822 24
55 1 45823 -1
27 0 45824 0
5 1 45825 -1
9 0 45826 12
53 1 45827 -1
45 1 45828 -1
57 0 45829 34
23 0 45830 30
55 1 45831 -1
10 0 45832 26
36 1 45833 -1
31 1 45834 -1
44 0 45835 42
44 1 45836 -1
55 1 45837 -1
6 0 45838 0
22 0 45839 26
27 1 45840 -1
44 0 45841 28
15 1 45842 -1
5 0 45843 42
51 1 45844 -1
50 0 45845 4
49 0 45846 12
12 1 45847 -1
22 1 45848 -1
58 1 45849 -1
0 1 45850 -1
5 0 45851 4
21 0 45852 22
39 0 45853 22
28 1 45854 -1
50 0 45855 48
35 0 45856 44
31 1 45857 -1
35 1 45858 -1
17 1 45859 -1
42 1 45860 -1
34 1 45861 -1
9 0 45862 16
43 0 45863 10
0 0 45864 26
5 0 45865 34
49 1 45866 -1
55 0 45867 28
14 1 45868 -1
19 0 45869 48
31 0 45870 14
0 1 45871 -1
54 1 45872 -1
16 1 45873 -1
0 0 45874 6
41 1 45875 -1
31 0 45876 10
20 1 45877 -1
36 1 45878 -1
48 0 45879 46
39 1 45880 -1
33 0 45881 42
17 1 45882 -1
30 1 45883 -1
14 0 45884 18
31 1 45885 -1
38 0 45886 12
23 0 45887 20
58 0 45888 22
54 1 45889 -1
51 0 45890 0
30 0 45891 12
35 1 45892 -1
54 1 45893 -1
45 1 45894 -1
11 0 45895 28
36 0 45896 4
10 0 45897 22
54 1 45898 -1
0 1 45899 -1
34 1 45900 -1
52 0 45901 4
54 0 45902 40
27 1 45903 -1
20 0 45904 12
48 1 45905 -1
42 0 45906 24
21 0 45907 28
58 1 45908 -1
23 0 45909 48
23 0 45910 12
42 1 45911 -1
3 0 45912 42
20 1 45913 -1
44 0 45914 12
19 1 45915 -1
43 0 45916 26
10 1 45917 -1
40 1 45918 -1
22 1 45919 -1
26 0 45920 40
44 1 45921 -1
47 0 45922 22
23 0 45923 18
57 1 45924 -1
38 1 45925 -1
29 1 45926 -1
1 0 45927 28
24 1 45928 -1
51 0 45929 12
14 0 45930 36
29 0 45931 22
58 0 45932 32
34 1 45933 -1
10 1 45934 -1
30 1 45935 -1
55 0 45936 28
59 1 45937 -1
47 1 45938 -1
23 0 45939 2
20 0 45940 14
54 1 45941 -1
47 0 45942 42
23 1 45943 -1
10 1 45944 -1
27 0 45945 44
23 0 45946 40
20 0 45947 30
34 1 45948 -1
52 1 45949 -1
21 0 45950 32
59 1 45951 -1
33 1 45952 -1
38 0 45953 30
27 1 45954 -1
15 0 45955 42
0 0 45956 30
11 1 45957 -1
1 0 45958 20
15 0 45959 20
24 1 45960 -1
36 0 45961 30
59 0 45962 30
55 0 45963 22
44 0 45964 8
10 1 45965 -1
20 1 45966 -1
37 1 45967 -1
5 0 45968 30
31 1 45969 -1
44 0 45970 38
11 0 45971 6
21 1 45972 -1
54 0 45973 6
38 1 45974 -1
55 1 45975 -1
29 1 45976 -1
56 0 45977 26
16 1 45978 -1
12 1 45979 -1
57 0 45980 44
10 0 45981 46
15 0 45982 12
49 1 45983 -1
27 0 45984 4
19 0 45985 42
23 1 45986 -1
24 1 45987 -1
39 1 45988 -1
6 0 45989 6
34 1 45990 -1
0 0 45991 16
43 1 45992 -1
40 1 45993 -1
57 0 45994 20
25 1 45995 -1
54 0 45996 16
41 0 45997 18
5 1 45998 -1
21 0 45999 46
8 0 46000 20
53 0 46001 10
56 1 46002 -1
35 1 46003 -1
15 1 46004 -1
17 0 46005 12
15 1 46006 -1
12 0 46007 46
5 0 46008 26
28 1 46009 -1
5 1 46010 -1
18 0 46011 10
1 1 46012 -1
12 1 46013 -1
55 1 46014 -1
55 0 46015 44
23 0 46016 2
42 1 46017 -1
39 1 46018 -1
7 0 46019 24
10 0 46020 30
28 1 46021 -1
19 0 46022 48
27 0 46023 6
34 0 46024 38
49 0 46025 18
33 0 46026 0
47 1 46027 -1
56 1 46028 -1
24 1 46029 -1
56 0 46030 18
54 0 46031 44
38 1 46032 -1
32 1 46033 -1
6 1 46034 -1
22 0 46035 14
35 0 46036 6
18 1 46037 -1
44 0 46038 16
43 1 46039 -1
53 1 46040 -1
51 1 46041 -1
23 1 46042 -1
50 1 46043 -1
9 0 46044 28
54 0 46045 26
45 0 46046 36
1 0 46047 10
22 1 46048 -1
44 1 46049 -1
28 0 46050 34
3 1 46051 -1
22 0 46052 46
5 1 46053 -1
25 0 46054 20
30 0 46055 34
47 1 46056 -1
17 0 46057 20
30 1 46058 -1
25 0 46059 30
56 0 46060 26
10 0 46061 26
31 1 46062 -1
37 1 46063 -1
54 1 46064 -1
29 0 46065 2
0 1 46066 -1
49 0 46067 40
0 0 46068 46
19 1 46069 -1
1 1 46070 -1
50 0 46071 18
47 1 46072 -1
15 1 46073 -1
41 0 46074 48
32 0 46075 36
10 0 46076 22
35 1 46077 -1
53 0 46078 12
9 1 46079 -1
5 1 46080 -1
20 0 46081 44
58 1 46082 -1
28 0 46083 12
46 1 46084 -1
45 0 46085 4
2 1 46086 -1
23 1 46087 -1
28 0 46088 36
1 1 46089 -1
24 0 46090 10
54 0 46091 36
1 1 46092 -1
39 0 46093 2
22 0 46094 14
10 1 46095 -1
37 1 46096 -1
49 1 46097 -1
16 0 46098 34
52 0 46099 20
56 0 46100 40
15 1 46101 -1
52 0 46102 22
9 1 46103 -1
33 1 46104 -1
5 0 46105 0
2 1 46106 -1
9 1 46107 -1
59 0 46108 20
11 0 46109 14
5 0 46110 26
45 1 46111 -1
20 1 46112 -1
29 1 46113 -1
32 1 46114 -1
12 0 46115 36
52 0 46116 12
32 1 46117 -1
51 0 46118 22
30 1 46119 -1
55 0 46120 4
20 0 46121 14
11 1 46122 -1
41 0 46123 12
53 1 46124 -1
24 1 46125 -1
16 0 46126 0
5 0 46127 28
55 1 46128 -1
4 1 46129 -1
23 0 46130 20
49 0 46131 32
58 1 46132 -1
27 1 46133 -1
52 0 46134 6
19 0 46135 46
58 0 46136 20
58 0 46137 30
39 1 46138 -1
43 0 46139 26
30 1 46140 -1
21 1 46141 -1
30 0 46142 2
3 0 46143 38
38 0 46144 36
12 0 46145 22
34 1 46146 -1
0 1 46147 -1
52 1 46148 -1
10 1 46149 -1
1 1 46150 -1
35 1 46151 -1
3 1 46152 -1
0 0 46153 6
33 0 46154 12
59 0 46155 38
37 1 46156 -1
29 1 46157 -1
15 0 46158 6
40 1 46159 -1
54 1 46160 -1
20 1 46161 -1
2 0 46162 24
57 0 46163 32
55 0 46164 48
53 0 46165 28
25 1 46166 -1
25 0 46167 18
32 0 46168 42
12 1 46169 -1
54 0 46170 6
3 1 46171 -1
51 1 46172 -1
39 0 46173 40
27 0 46174 34
6 1 46175 -1
16 0 46176 22
51 1 46177 -1
28 0 46178 20
58 1 46179 -1
22 1 46180 -1
47 0 46181 6
44 1 46182 -1
9 0 46183 8
2 1 46184 -1
46 0 46185 0
44 0 46186 10
34 1 46187 -1
40 0 46188 14
26 1 46189 -1
27 1 46190 -1
43 1 46191 -1
56 1 46192 -1
23 0 46193 48
15 0 46194 36
36 1 46195 -1
1 0 46196 44
15 0 46197 4
11 1 46198 -1
36 0 46199 6
56 1 46200 -1
47 0 46201 44
16 0 46202 44
41 1 46203 -1
30 1 46204 -1
32 1 46205 -1
7 1 46206 -1
34 0 46207 22
56 0 46208 8
57 1 46209 -1
4 1 46210 -1
27 1 46211 -1
47 0 46212 32
30 0 46213 38
5 0 46214 48
40 1 46215 -1
57 1 46216 -1
19 0 46217 8
21 0 46218 14
13 1 46219 -1
34 0 46220 28
57 1 46221 -1
48 0 46222 26
55 1 46223 -1
17 1 46224 -1
34 0 46225 34
23 1 46226 -1
20 0 46227 36
31 1 46228 -1
46 0 46229 4
11 1 46230 -1
15 0 46231 34
45 0 46232 18
44 0 46233 44
30 0 46234 10
41 1 46235 -1
6 0 46236 4
20 1 46237 -1
45 1 46238 -1
52 1 46239 -1
52 0 46240 20
23 0 46241 32
16 1 46242 -1
32 1 46243 -1
41 1 46244 -1
51 0 46245 8
40 0 46246 2
28 1 46247 -1
55 0 46248 2
21 0 46249 42
51 0 46250 20
43 0 46251 32
57 1 46252 -1
20 0 46253 24
35 1 46254 -1
8 1 46255 -1
1 1 46256 -1
40 0 46257 34
41 0 46258 42
13 1 46259 -1
35 1 46260 -1
37 1 46261 -1
5 1 46262 -1
19 0 46263 0
2 0 46264 6
58 1 46265 -1
53 0 46266 10
42 0 46267 20
4 1 46268 -1
44 1 46269 -1
31 1 46270 -1
18 0 46271 42
27 1 46272 -1
28 0 46273 42
9 0 46274 22
48 1 46275 -1
42 0 46276 38
34 1 46277 -1
22 0 46278 8
38 0 46279 26
37 0 46280 36
2 1 46281 -1
19 1 46282 -1
54 0 46283 24
16 0 46284 40
18 1 46285 -1
35 0 46286 42
3 1 46287 -1
57 0 46288 22
12 0 46289 10
28 1 46290 -1
29 1 46291 -1
39 0 46292 12
57 1 46293 -1
56 0 46294 30
14 1 46295 -1
4 1 46296 -1
30 0 46297 8
43 0 46298 4
26 1 46299 -1
9 0 46300 2
9 1 46301 -1
14 0 46302 38
5 1 46303 -1
32 0 46304 8
45 1 46305 -1
40 0 46306 44
36 1 46307 -1
43 1 46308 -1
0 1 46309 -1
48 1 46310 -1
21 0 46311 26
13 0 46312 22
56 0 46313 48
43 1 46314 -1
32 0 46315 4
16 1 46316 -1
19 1 46317 -1
36 0 46318 4
15 0 46319 16
37 1 46320 -1
6 1 46321 -1
51 0 46322 28
44 1 46323 -1
42 0 46324 40
5 0 46325 48
45 1 46326 -1
7 0 46327 38
56 0 46328 22
57 1 46329 -1
33 1 46330 -1
43 0 46331 24
30 0 46332 16
51 1 46333 -1
10 0 46334 30
35 0 46335 34
12 1 46336 -1
7 1 46337 -1
50 1 46338 -1
47 0 46339 16
39 1 46340 -1
12 1 46341 -1
54 0 46342 42
16 0 46343 38
28 1 46344 -1
25 1 46345 -1
25 0 46346 0
32 1 46347 -1
51 0 46348 34
23 1 46349 -1
57 0 46350 22
11 0 46351 36
27 1 46352 -1
57 0 46353 34
44 1 46354 -1
39 1 46355 -1
0 0 46356 46
5 1 46357 -1
31 0 46358 38
16 0 46359 16
12 1 46360 -1
35 1 46361 -1
32 0 46362 22
10 0 46363 48
20 1 46364 -1
32 0 46365 10
2 1 46366 -1
24 1 46367 -1
29 0 46368 44
52 0 46369 16
2 0 46370 14
43 1 46371 -1
23 1 46372 -1
1 1 46373 -1
52 0 46374 24
31 1 46375 -1
27 0 46376 44
44 1 46377 -1
5 0 46378 24
31 0 46379 40
48 0 46380 22
4 1 46381 -1
29 1 46382 -1
57 0 46383 34
46 0 46384 30
16 0 46385 28
30 1 46386 -1
42 1 46387 -1
36 1 46388 -1
52 1 46389 -1
2 0 46390 38
3 1 46391 -1
3 1 46392 -1
35 0 46393 18
12 0 46394 6
42 1 46395 -1
31 0 46396 32
52 0 46397 2
3 1 46398 -1
3 1 46399 -1
3 0 46400 28
54 0 46401 0
26 0 46402 32
41 1 46403 -1
26 1 46404 -1
1 1 46405 -1
11 0 46406 48
52 0 46407 28
50 0 46408 24
20 1 46409 -1
23 0 46410 34
36 0 46411 2
48 1 46412 -1
51 1 46413 -1
11 1 46414 -1
27 0 46415 20
25 1 46416 -1
2 1 46417 -1
20 1 46418 -1
24 0 46419 36
18 0 46420 0
7 1 46421 -1
45 0 46422 4
0 1 46423 -1
4 0 46424 26
5 0 46425 26
17 1 46426 -1
9 1 46427 -1
31 0 46428 4
27 0 46429 20
25 1 46430 -1
34 0 46431 32
20 0 46432 2
25 1 46433 -1
2 1 46434 -1
26 0 46435 0
11 0 46436 44
25 1 46437 -1
1 0 46438 32
29 1 46439 -1
40 1 46440 -1
26 0 46441 38
59 1 46442 -1
48 1 46443 -1
56 1 46444 -1
8 1 46445 -1
46 0 46446 2
27 1 46447 -1
13 0 46448 8
20 0 46449 8
23 0 46450 12
16 1 46451 -1
50 0 46452 6
35 0 46453 32
47 1 46454 -1
28 1 46455 -1
4 1 46456 -1
38 0 46457 42
6 1 46458 -1
43 0 46459 24
20 0 46460 14
23 0 46461 46
45 1 46462 -1
57 0 46463 14
14 1 46464 -1
13 1 46465 -1
10 1 46466 -1
41 0 46467 14
56 0 46468 12
29 0 46469 2
4 1 46470 -1
38 1 46471 -1
42 0 46472 0
42 1 46473 -1
1 0 46474 44
45 0 46475 28
59 0 46476 38
22 1 46477 -1
17 1 46478 -1
38 0 46479 48
30 1 46480 -1
59 1 46481 -1
31 0 46482 42
58 1 46483 -1
5 0 46484 40
57 0 46485 6
26 1 46486 -1
31 0 46487 6
40 1 46488 -1
42 1 46489 -1
48 0 46490 36
38 0 46491 10
4 0 46492 20
56 0 46493 22
18 1 46494 -1
35 1 46495 -1
44 1 46496 -1
54 1 46497 -1
41 0 46498 4
20 1 46499 -1
25 0 46500 36
4 0 46501 10
30 1 46502 -1
5 1 46503 -1
17 0 46504 42
43 0 46505 20
13 1 46506 -1
38 1 46507 -1
21 1 46508 -1
9 0 46509 42
54 1 46510 -1
4 0 46511 34
45 0 46512 30
38 1 46513 -1
7 0 46514 18
38 1 46515 -1
28 0 46516 26
24 0 46517 14
37 1 46518 -1
4 0 46519 12
23 1 46520 -1
1 1 46521 -1
41 0 46522 18
27 0 46523 42
4 1 46524 -1
55 1 46525 -1
28 1 46526 -1
30 0 46527 32
52 1 46528 -1
8 0 46529 32
54 0 46530 28
27 0 46531 0
26 1 46532 -1
0 0 46533 0
40 0 46534 44
48 0 46535 46
10 0 46536 32
23 1 46537 -1
9 1 46538 -1
23 1 46539 -1
44 1 46540 -1
2 0 46541 44
29 1 46542 -1
3 0 46543 42
13 0 46544 10
17 1 46545 -1
0 1 46546 -1
12 1 46547 -1
56 1 46548 -1
24 0 46549 2
25 0 46550 2
5 0 46551 24
29 0 46552 42
22 1 46553 -1
48 0 46554 2
57 1 46555 -1
1 0 46556 38
43 1 46557 -1
58 1 46558 -1
38 1 46559 -1
14 1 46560 -1
54 0 46561 34
33 0 46562 0
34 1 46563 -1
48 1 46564 -1
26 0 46565 46
33 1 46566 -1
0 0 46567 36
26 0 46568 20
28 1 46569 -1
40 1 46570 -1
19 0 46571 30
47 0 46572 22
42 0 46573 20
39 1 46574 -1
57 0 46575 40
28 1 46576 -1
3 1 46577 -1
28 0 46578 16
5 0 46579 40
6 1 46580 -1
54 1 46581 -1
27 1 46582 -1
38 0 46583 24
54 0 46584 32
22 1 46585 -1
11 0 46586 32
59 0 46587 24
21 0 46588 2
43 0 46589 18
34 1 46590 -1
2 1 46591 -1
28 0 46592 34
51 1 46593 -1
27 0 46594 4
3 1 46595 -1
24 1 46596 -1
40 1 46597 -1
19 0 46598 16
7 0 46599 2
2 0 46600 40
34 0 46601 36
13 1 46602 -1
59 0 46603 6
40 1 46604 -1
39 1 46605 -1
41 0 46606 8
18 0 46607 22
22 1 46608 -1
0 1 46609 -1
41 1 46610 -1
58 1 46611 -1
47 1 46612 -1
4 0 46613 40
30 0 46614 20
30 0 46615 14
11 0 46616 42
3 1 46617 -1
14 1 46618 -1
33 0 46619 16
37 1 46620 -1
39 0 46621 14
17 1 46622 -1
42 0 46623 4
18 1 46624 -1
48 1 46625 -1
18 0 46626 40
31 1 46627 -1
51 0 46628 14
15 1 46629 -1
45 0 46630 2
38 0 46631 38
2 1 46632 -1
41 1 46633 -1
2 0 46634 2
59 0 46635 18
52 0 46636 44
22 1 46637 -1
24 0 46638 0
50 1 46639 -1
1 0 46640 28
11 1 46641 -1
3 1 46642 -1
18 0 46643 16
20 0 46644 34
30 0 46645 34
22 1 46646 -1
31 1 46647 -1
36 1 46648 -1
53 1 46649 -1
37 0 46650 38
7 1 46651 -1
57 1 46652 -1
40 0 46653 24
45 0 46654 10
24 1 46655 -1
13 1 46656 -1
51 0 46657 4
46 0 46658 36
40 1 46659 -1
39 0 46660 34
19 0 46661 22
11 1 46662 -1
37 0 46663 34
38 1 46664 -1
56 1 46665 -1
30 0 46666 40
13 0 46667 20
3 1 46668 -1
24 1 46669 -1
12 0 46670 20
17 0 46671 32
3 1 46672 -1
12 1 46673 -1
16 0 46674 16
11 1 46675 -1
5 0 46676 44
20 1 46677 -1
44 0 46678 22
0 1 46679 -1
49 1 46680 -1
53 1 46681 -1
56 0 46682 42
18 0 46683 0
59 0 46684 38
20 0 46685 38
36 0 46686 16
51 1 46687 -1
22 1 46688 -1
12 0 46689 42
39 1 46690 -1
42 0 46691 34
5 1 46692 -1
16 1 46693 -1
31 0 46694 16
48 1 46695 -1
48 0 46696 46
57 0 46697 8
43 1 46698 -1
31 0 46699 44
29 0 46700 46
49 0 46701 6
11 1 46702 -1
57 1 46703 -1
51 0 46704 0
36 1 46705 -1
53 0 46706 26
45 0 46707 36
34 1 46708 -1
53 0 46709 30
0 1 46710 -1
51 1 46711 -1
30 0 46712 30
1 1 46713 -1
58 0 46714 6
17 1 46715 -1
52 0 46716 48
33 1 46717 -1
41 0 46718 30
53 1 46719 -1
19 0 46720 6
19 1 46721 -1
48 0 46722 38
39 1 46723 -1
5 0 46724 26
7 1 46725 -1
42 0 46726 24
32 1 46727 -1
47 1 46728 -1
53 1 46729 -1
48 0 46730 28
1 0 46731 10
46 1 46732 -1
13 0 46733 2
8 1 46734 -1
38 1 46735 -1
36 0 46736 2
9 1 46737 -1
54 1 46738 -1
3 0 46739 26
55 1 46740 -1
22 0 46741 8
54 0 46742 2
31 0 46743 34
18 1 46744 -1
21 1 46745 -1
5 1 46746 -1
12 0 46747 36
15 1 46748 -1
29 0 46749 22
22 0 46750 4
2 0 46751 30
41 1 46752 -1
5 0 46753 20
18 0 46754 42
26 1 46755 -1
15 1 46756 -1
27 1 46757 -1
22 0 46758 20
10 1 46759 -1
46 0 46760 16
30 0 46761 42
31 1 46762 -1
58 0 46763 24
51 1 46764 -1
25 1 46765 -1
31 0 46766 38
5 1 46767 -1
44 0 46768 46
11 1 46769 -1
5 0 46770 32
55 0 46771 48
44 0 46772 28
3 0 46773 38
53 1 46774 -1
1 1 46775 -1
47 1 46776 -1
5 1 46777 -1
33 1 46778 -1
25 0 46779 34
21 0 46780 36
28 0 46781 32
41 0 46782 40
51 0 46783 20
23 1 46784 -1
58 1 46785 -1
8 1 46786 -1
54 1 46787 -1
9 0 46788 10
37 0 46789 44
55 1 46790 -1
4 1 46791 -1
10 1 46792 -1
17 0 46793 12
1 1 46794 -1
46 0 46795 24
26 0 46796 4
30 1 46797 -1
37 1 46798 -1
19 0 46799 6
44 0 46800 28
23 0 46801 8
1 1 46802 -1
23 0 46803 34
50 0 46804 8
53 1 46805 -1
18 0 46806 28
17 1 46807 -1
53 1 46808 -1
42 1 46809 -1
7 0 46810 16
25 0 46811 36
43 1 46812 -1
19 1 46813 -1
19 0 46814 42
38 1 46815 -1
17 0 46816 38
45 1 46817 -1
6 0 46818 44
42 0 46819 44
48 1 46820 -1
44 1 46821 -1
17 1 46822 -1
55 1 46823 -1
4 0 46824 24
17 0 46825 38
32 0 46826 14
31 1 46827 -1
53 0 46828 22
28 1 46829 -1
7 1 46830 -1
42 0 46831 6
50 0 46832 36
43 0 46833 48
37 1 46834 -1
5 1 46835 -1
27 0 46836 30
43 0 46837 46
18 0 46838 48
15 0 46839 22
25 1 46840 -1
33 1 46841 -1
59 1 46842 -1
38 1 46843 -1
51 0 46844 44
57 0 46845 20
37 1 46846 -1
54 1 46847 -1
50 1 46848 -1
15 1 46849 -1
22 0 46850 40
30 0 46851 36
1 0 46852 40
49 1 46853 -1
47 0 46854 28
6 0 46855 26
32 1 46856 -1
59 1 46857 -1
32 0 46858 8
58 0 46859 18
58 1 46860 -1
53 1 46861 -1
49 0 46862 34
46 1 46863 -1
57 1 46864 -1
32 1 46865 -1
53 0 46866 36
5 0 46867 26
51 1 46868 -1
43 0 46869 38
0 0 46870 48
50 1 46871 -1
38 0 46872 6
16 0 46873 42
3 0 46874 24
11 1 46875 -1
39 1 46876 -1
1 1 46877 -1
49 1 46878 -1
30 1 46879 -1
54 0 46880 34
8 0 46881 32
35 0 46882 22
24 1 46883 -1
25 0 46884 18
30 1 46885 -1
48 0 46886 0
28 0 46887 44
48 1 46888 -1
47 0 46889 44
50 1 46890 -1
54 0 46891 2
41 0 46892 26
14 1 46893 -1
17 1 46894 -1
35 1 46895 -1
40 0 46896 22
39 1 46897 -1
39 0 46898 16
48 0 46899 28
51 0 46900 46
4 1 46901 -1
48 1 46902 -1
54 1 46903 -1
0 0 46904 14
4 1 46905 -1
29 0 46906 18
57 0 46907 48
8 1 46908 -1
48 1 46909 -1
4 0 46910 22
53 1 46911 -1
35 0 46912 10
59 0 46913 12
1 1 46914 -1
17 1 46915 -1
0 0 46916 8
59 0 46917 14
29 1 46918 -1
43 1 46919 -1
28 0 46920 10
31 0 46921 26
34 1 46922 -1
53 1 46923 -1
19 1 46924 -1
50 1 46925 -1
31 0 46926 46
39 0 46927 40
19 0 46928 42
56 1 46929 -1
29 1 46930 -1
37 0 46931 48
25 0 46932 10
3 0 46933 6
50 1 46934 -1
43 0 46935 24
49 0 46936 32
44 1 46937 -1
13 1 46938 -1
42 1 46939 -1
4 1 46940 -1
15 1 46941 -1
43 1 46942 -1
8 1 46943 -1
4 0 46944 4
34 0 46945 6
52 1 46946 -1
19 0 46947 6
3 0 46948 0
46 0 46949 22
49 1 46950 -1
10 0 46951 0
24 0 46952 36
44 1 46953 -1
26 1 46954 -1
50 0 46955 32
42 0 46956 4
34 1 46957 -1
26 0 46958 38
25 1 46959 -1
58 0 46960 38
3 1 46961 -1
40 1 46962 -1
30 0 46963 20
49 0 46964 42
53 1 46965 -1
38 0 46966 8
55 1 46967 -1
7 1 46968 -1
7 0 46969 6
4 0 46970 2
6 0 46971 18
48 0 46972 48
30 1 46973 -1
28 1 46974 -1
44 1 46975 -1
6 0 46976 16
11 1 46977 -1
18 0 46978 4
58 1 46979 -1
18 1 46980 -1
31 0 46981 32
11 1 46982 -1
58 0 46983 8
54 0 46984 32
30 1 46985 -1
5 0 46986 24
12 0 46987 6
4 0 46988 6
51 1 46989 -1
8 1 46990 -1
10 0 46991 0
9 0 46992 46
0 1 46993 -1
43 1 46994 -1
36 1 46995 -1
55 0 46996 12
4 0 46997 12
55 1 46998 -1
4 1 46999 -1
12 1 47000 -1
23 0 47001 24
14 1 47002 -1
11 0 47003 4
37 0 47004 6
34 1 47005 -1
36 1 47006 -1
22 0 47007 14
13 0 47008 8
0 1 47009 -1
13 0 47010 26
12 0 47011 16
16 1 47012 -1
0 0 47013 38
7 0 47014 40
12 1 47015 -1
22 0 47016 20
53 1 47017 -1
3 0 47018 38
26 1 47019 -1
35 1 47020 -1
16 0 47021 28
4 1 47022 -1
37 0 47023 14
26 0 47024 36
28 1 47025 -1
24 1 47026 -1
48 0 47027 8
0 0 47028 20
3 1 47029 -1
13 1 47030 -1
23 1 47031 -1
8 0 47032 16
31 0 47033 8
22 0 47034 26
16 0 47035 32
19 1 47036 -1
30 1 47037 -1
28 0 47038 22
31 1 47039 -1
4 1 47040 -1
15 1 47041 -1
7 0 47042 28
3 0 47043 34
14 1 47044 -1
55 1 47045 -1
41 0 47046 8
18 1 47047 -1
22 0 47048 12
28 0 47049 20
45 1 47050 -1
2 0 47051 42
6 1 47052 -1
29 1 47053 -1
40 0 47054 8
30 0 47055 48
4 1 47056 -1
51 1 47057 -1
6 0 47058 34
31 1 47059 -1
24 0 47060 16
4 0 47061 48
14 0 47062 32
35 1 47063 -1
35 0 47064 20
43 0 47065 30
21 1 47066 -1
22 1 47067 -1
39 1 47068 -1
21 1 47069 -1
19 1 47070 -1
17 0 47071 42
41 0 47072 6
48 1 47073 -1
43 0 47074 0
19 0 47075 10
15 0 47076 10
25 0 47077 14
31 1 47078 -1
44 1 47079 -1
28 1 47080 -1
12 1 47081 -1
21 1 47082 -1
8 0 47083 24
47 0 47084 30
47 1 47085 -1
36 0 47086 2
50 0 47087 46
12 1 47088 -1
58 1 47089 -1
35 0 47090 2
14 0 47091 10
37 0 47092 22
46 1 47093 -1
21 0 47094 22
53 0 47095 30
45 1 47096 -1
1 0 47097 32
27 1 47098 -1
4 1 47099 -1
20 1 47100 -1
50 0 47101 22
56 1 47102 -1
48 1 47103 -1
52 0 47104 36
29 0 47105 6
33 1 47106 -1
23 1 47107 -1
44 0 47108 26
8 0 47109 6
52 1 47110 -1
24 0 47111 34
32 0 47112 44
55 1 47113 -1
1 1 47114 -1
9 1 47115 -1
55 1 47116 -1
55 1 47117 -1
54 1 47118 -1
53 0 47119 8
27 0 47120 46
51 0 47121 34
29 1 47122 -1
24 0 47123 26
13 1 47124 -1
8 0 47125 28
7 1 47126 -1
13 0 47127 36
22 0 47128 46
1 1 47129 -1
25 1 47130 -1
5 0 47131 36
15 1 47132 -1
17 0 47133 34
16 0 47134 34
50 1 47135 -1
52 1 47136 -1
53 0 47137 42
50 0 47138 38
12 0 47139 40
56 0 47140 14
53 1 47141 -1
26 1 47142 -1
36 1 47143 -1
38 1 47144 -1
44 0 47145 34
33 1 47146 -1
30 0 47147 4
45 1 47148 -1
18 0 47149 34
31 1 47150 -1
39 0 47151 26
25 0 47152 30
26 0 47153 32
25 1 47154 -1
30 1 47155 -1
1 1 47156 -1
44 1 47157 -1
32 1 47158 -1
3 0 47159 24
23 0 47160 40
5 0 47161 38
33 1 47162 -1
34 0 47163 44
4 0 47164 16
49 1 47165 -1
52 1 47166 -1
24 0 47167 36
8 0 47168 0
52 1 47169 -1
9 0 47170 34
19 0 47171 12
50 0 47172 4
59 1 47173 -1
21 0 47174 0
54 0 47175 30
24 0 47176 34
12 1 47177 -1
22 1 47178 -1
49 1 47179 -1
33 1 47180 -1
47 1 47181 -1
32 0 47182 24
57 1 47183 -1
39 0 47184 26
37 0 47185 20
29 0 47186 12
52 1 47187 -1
4 1 47188 -1
1 0 47189 16
42 1 47190 -1
52 0 47191 22
45 1 47192 -1
50 1 47193 -1
48 0 47194 0
18 0 47195 48
28 1 47196 -1
9 1 47197 -1
53 0 47198 12
26 1 47199 -1
1 1 47200 -1
17 0 47201 18
12 1 47202 -1
30 0 47203 34
58 1 47204 -1
50 1 47205 -1
11 0 47206 20
20 0 47207 36
40 1 47208 -1
58 1 47209 -1
19 0 47210 6
40 0 47211 46
59 0 47212 34
47 1 47213 -1
38 0 47214 0
39 1 47215 -1
16 1 47216 -1
53 0 47217 2
17 0 47218 10
57 0 47219 32
33 0 47220 38
22 1 47221 -1
37 0 47222 32
39 1 47223 -1
13 0 47224 24
57 1 47225 -1
42 1 47226 -1
55 0 47227 46
11 0 47228 32
45 1 47229 -1
58 1 47230 -1
10 1 47231 -1
29 0 47232 24
45 1 47233 -1
23 1 47234 -1
42 0 47235 14
15 0 47236 14
40 1 47237 -1
37 0 47238 30
55 1 47239 -1
31 0 47240 40
42 1 47241 -1
26 0 47242 20
20 1 47243 -1
16 0 47244 28
41 1 47245 -1
41 0 47246 38
1 1 47247 -1
18 0 47248 42
57 1 47249 -1
53 1 47250 -1
50 0 47251 26
5 0 47252 10
58 1 47253 -1
51 0 47254 48
30 0 47255 18
55 0 47256 12
0 1 47257 -1
53 1 47258 -1
1 0 47259 16
30 1 47260 -1
16 1 47261 -1
22 1 47262 -1
15 0 47263 46
53 1 47264 -1
58 0 47265 38
37 1 47266 -1
11 0 47267 46
28 0 47268 42
39 0 47269 28
40 1 47270 -1
7 1 47271 -1
32 1 47272 -1
45 1 47273 -1
4 0 47274 2
23 0 47275 34
10 0 47276 0
37 0 47277 40
52 0 47278 34
26 1 47279 -1
30 1 47280 -1
9 0 47281 4
3 1 47282 -1
28 0 47283 48
44 0 47284 24
15 1 47285 -1
59 1 47286 -1
38 0 47287 8
26 0 47288 8
19 0 47289 30
35 1 47290 -1
9 0 47291 4
12 1 47292 -1
16 1 47293 -1
48 1 47294 -1
23 1 47295 -1
5 0 47296 2
21 1 47297 -1
23 0 47298 4
9 0 47299 48
23 0 47300 48
59 1 47301 -1
1 1 47302 -1
53 0 47303 34
16 0 47304 20
58 1 47305 -1
25 1 47306 -1
14 1 47307 -1
18 1 47308 -1
16 1 47309 -1
38 1 47310 -1
44 0 47311 12
25 0 47312 30
35 0 47313 34
38 0 47314 20
58 1 47315 -1
22 0 47316 28
39 1 47317 -1
44 0 47318 38
50 0 47319 48
22 1 47320 -1
17 1 47321 -1
11 0 47322 0
53 0 47323 26
32 1 47324 -1
48 0 47325 28
56 1 47326 -1
35 1 47327 -1
59 1 47328 -1
58 0 47329 16
13 1 47330 -1
7 0 47331 24
14 0 47332 26
54 1 47333 -1
43 1 47334 -1
3 1 47335 -1
57 1 47336 -1
11 1 47337 -1
35 0 47338 38
13 0 47339 32
3 0 47340 30
16 0 47341 40
38 0 47342 40
18 0 47343 38
20 0 47344 42
48 0 47345 28
21 1 47346 -1
46 0 47347 18
24 1 47348 -1
51 0 47349 2
40 1 47350 -1
3 1 47351 -1
51 1 47352 -1
7 1 47353 -1
1 0 47354 2
58 1 47355 -1
30 0 47356 18
26 1 47357 -1
15 0 47358 42
26 0 47359 10
11 0 47360 16
12 0 47361 22
36 1 47362 -1
31 1 47363 -1
50 1 47364 -1
46 1 47365 -1
56 1 47366 -1
20 1 47367 -1
24 0 47368 4
34 0 47369 20
23 0 47370 42
22 0 47371 16
7 0 47372 12
20 0 47373 6
12 0 47374 12
35 1 47375 -1
51 1 47376 -1
9 0 47377 34
50 1 47378 -1
56 1 47379 -1
17 1 47380 -1
39 0 47381 36
51 1 47382 -1
30 0 47383 12
49 1 47384 -1
35 0 47385 12
38 0 47386 34
57 0 47387 32
29 1 47388 -1
29 0 47389 0
0 1 47390 -1
43 1 47391 -1
52 1 47392 -1
20 1 47393 -1
23 0 47394 42
56 1 47395 -1
16 0 47396 0
23 0 47397 22
20 1 47398 -1
44 1 47399 -1
3 0 47400 36
16 1 47401 -1
13 1 47402 -1
42 0 47403 6
35 0 47404 26
5 0 47405 16
19 1 47406 -1
24 1 47407 -1
52 0 47408 2
13 0 47409 22
40 0 47410 16
29 1 47411 -1
35 1 47412 -1
12 1 47413 -1
7 1 47414 -1
11 1 47415 -1
12 0 47416 36
41 0 47417 46
25 1 47418 -1
52 0 47419 6
38 1 47420 -1
12 0 47421 24
44 0 47422 8
32 0 47423 8
39 0 47424 4
8 1 47425 -1
49 0 47426 24
51 1 47427 -1
54 1 47428 -1
3 0 47429 48
5 1 47430 -1
41 1 47431 -1
56 1 47432 -1
43 0 47433 18
8 1 47434 -1
7 0 47435 34
14 1 47436 -1
28 0 47437 0
52 0 47438 48
49 1 47439 -1
44 0 47440 34
18 1 47441 -1
48 1 47442 -1
39 0 47443 28
34 0 47444 12
22 1 47445 -1
41 1 47446 -1
41 0 47447 24
11 1 47448 -1
11 0 47449 16
31 0 47450 14
35 0 47451 4
46 0 47452 32
9 1 47453 -1
45 1 47454 -1
25 0 47455 8
46 1 47456 -1
8 0 47457 10
17 1 47458 -1
2 1 47459 -1
9 0 47460 48
16 0 47461 18
55 0 47462 28
31 1 47463 -1
36 1 47464 -1
48 0 47465 34
4 0 47466 34
2 1 47467 -1
2 1 47468 -1
53 0 47469 10
9 0 47470 4
53 1 47471 -1
3 1 47472 -1
29 1 47473 -1
25 0 47474 10
42 0 47475 46
18 0 47476 12
3 0 47477 8
53 1 47478 -1
33 1 47479 -1
38 1 47480 -1
33 1 47481 -1
50 0 47482 14
5 0 47483 10
39 1 47484 -1
6 1 47485 -1
43 1 47486 -1
49 0 47487 46
41 0 47488 16
14 1 47489 -1
4 1 47490 -1
6 0 47491 0
32 0 47492 26
10 1 47493 -1
11 0 47494 12
8 0 47495 0
30 0 47496 12
39 1 47497 -1
35 0 47498 14
15 0 47499 20
33 1 47500 -1
2 1 47501 -1
15 0 47502 34
28 1 47503 -1
28 0 47504 32
23 1 47505 -1
12 0 47506 42
42 1 47507 -1
22 0 47508 38
25 1 47509 -1
45 1 47510 -1
17 0 47511 44
29 1 47512 -1
33 1 47513 -1
25 1 47514 -1
26 1 47515 -1
51 0 47516 36
47 0 47517 30
41 1 47518 -1
31 0 47519 4
28 1 47520 -1
57 0 47521 46
6 1 47522 -1
39 0 47523 20
25 1 47524 -1
40 0 47525 6
26 1 47526 -1
35 0 47527 8
14 0 47528 42
56 1 47529 -1
32 1 47530 -1
53 0 47531 38
5 0 47532 16
44 1 47533 -1
54 0 47534 0
24 0 47535 44
33 1 47536 -1
5 0 47537 4
39 1 47538 -1
14 0 47539 16
40 1 47540 -1
45 1 47541 -1
20 0 47542 30
46 0 47543 40
24 1 47544 -1
30 1 47545 -1
33 0 47546 4
0 0 47547 22
12 1 47548 -1
28 0 47549 24
7 0 47550 0
31 1 47551 -1
53 1 47552 -1
24 0 47553 42
29 1 47554 -1
17 1 47555 -1
55 1 47556 -1
51 0 47557 46
4 0 47558 2
42 1 47559 -1
42 0 47560 10
34 0 47561 6
55 1 47562 -1
10 1 47563 -1
2 1 47564 -1
45 1 47565 -1
40 0 47566 36
21 0 47567 38
45 0 47568 46
39 1 47569 -1
17 0 47570 2
25 0 47571 20
43 0 47572 6
3 1 47573 -1
0 1 47574 -1
58 0 47575 20
50 1 47576 -1
3 1 47577 -1
21 1 47578 -1
10 1 47579 -1
47 0 47580 30
42 1 47581 -1
59 1 47582 -1
44 0 47583 10
1 0 47584 42
6 0 47585 2
36 0 47586 18
1 1 47587 -1
5 1 47588 -1
57 0 47589 38
51 1 47590 -1
30 0 47591 24
56 0 47592 8
59 0 47593 48
33 1 47594 -1
10 0 47595 4
13 1 47596 -1
9 1 47597 -1
49 0 47598 14
33 1 47599 -1
0 0 47600 44
36 1 47601 -1
28 0 47602 4
42 1 47603 -1
18 1 47604 -1
39 0 47605 42
37 1 47606 -1
29 0 47607 26
19 0 47608 8
36 0 47609 30
36 0 47610 44
22 1 47611 -1
23 1 47612 -1
10 1 47613 -1
29 0 47614 46
39 1 47615 -1
32 1 47616 -1
50 1 47617 -1
13 0 47618 14
58 0 47619 42
1 0 47620 28
41 0 47621 44
21 0 47622 26
11 1 47623 -1
51 1 47624 -1
42 0 47625 2
54 1 47626 -1
5 1 47627 -1
16 0 47628 20
35 1 47629 -1
50 0 47630 24
21 1 47631 -1
2 1 47632 -1
29 0 47633 34
1 0 47634 22
49 0 47635 46
57 1 47636 -1
2 0 47637 10
12 1 47638 -1
49 1 47639 -1
39 0 47640 40
30 0 47641 24
12 0 47642 34
55 1 47643 -1
49 1 47644 -1
16 0 47645 6
57 1 47646 -1
53 0 47647 34
45 0 47648 26
8 1 47649 -1
4 1 47650 -1
28 0 47651 46
37 1 47652 -1
34 0 47653 40
52 1 47654 -1
6 1 47655 -1
19 1 47656 -1
34 0 47657 2
6 1 47658 -1
33 0 47659 20
4 0 47660 6
38 0 47661 44
58 0 47662 18
5 1 47663 -1
32 0 47664 18
54 1 47665 -1
47 1 47666 -1
41 1 47667 -1
24 1 47668 -1
47 0 47669 42
29 1 47670 -1
17 0 47671 48
2 0 47672 8
56 0 47673 40
54 1 47674 -1
2 0 47675 14
13 1 47676 -1
40 0 47677 46
21 1 47678 -1
9 1 47679 -1
59 0 47680 16
18 0 47681 16
30 0 47682 12
15 0 47683 48
55 1 47684 -1
57 1 47685 -1
45 0 47686 12
25 1 47687 -1
26 1 47688 -1
47 1 47689 -1
23 0 47690 4
57 0 47691 32
41 1 47692 -1
14 1 47693 -1
55 1 47694 -1
7 1 47695 -1
39 0 47696 0
0 1 47697 -1
6 0 47698 30
43 0 47699 12
2 1 47700 -1
19 1 47701 -1
15 0 47702 4
52 0 47703 10
25 0 47704 26
54 1 47705 -1
5 0 47706 4
48 1 47707 -1
34 0 47708 40
23 1 47709 -1
6 0 47710 12
32 0 47711 38
21 1 47712 -1
28 1 47713 -1
59 1 47714 -1
29 0 47715 16
5 0 47716 32
31 0 47717 20
52 1 47718 -1
1 1 47719 -1
53 1 47720 -1
38 0 47721 26
26 0 47722 14
37 1 47723 -1
35 0 47724 26
30 1 47725 -1
10 0 47726 8
22 1 47727 -1
54 0 47728 26
24 0 47729 28
13 1 47730 -1
17 0 47731 46
42 0 47732 38
32 1 47733 -1
56 1 47734 -1
23 0 47735 26
36 1 47736 -1
56 0 47737 32
19 1 47738 -1
1 1 47739 -1
16 1 47740 -1
2 1 47741 -1
52 0 47742 14
1 0 47743 24
12 0 47744 48
14 0 47745 14
47 0 47746 0
46 1 47747 -1
42 1 47748 -1
39 0 47749 16
39 1 47750 -1
20 1 47751 -1
16 0 47752 12
54 1 47753 -1
17 0 47754 40
54 0 47755 40
12 1 47756 -1
11 0 47757 18
59 0 47758 32
49 1 47759 -1
3 1 47760 -1
27 1 47761 -1
30 1 47762 -1
31 0 47763 2
59 0 47764 38
26 1 47765 -1
58 0 47766 36
34 0 47767 8
37 1 47768 -1
25 0 47769 30
52 1 47770 -1
28 1 47771 -1
58 0 47772 34
24 1 47773 -1
2 1 47774 -1
10 1 47775 -1
47 0 47776 18
15 0 47777 2
53 0 47778 0
5 0 47779 26
53 0 47780 18
45 1 47781 -1
44 1 47782 -1
53 1 47783 -1
37 0 47784 18
41 1 47785 -1
38 0 47786 8
13 0 47787 22
59 1 47788 -1
26 0 47789 36
22 1 47790 -1
16 0 47791 30
27 1 47792 -1
19 0 47793 20
25 1 47794 -1
17 1 47795 -1
33 1 47796 -1
58 0 47797 0
51 0 47798 24
4 1 47799 -1
28 1 47800 -1
50 0 47801 12
5 0 47802 22
34 0 47803 28
59 0 47804 0
20 0 47805 48
35 1 47806 -1
20 1 47807 -1
52 0 47808 16
33 1 47809 -1
23 1 47810 -1
10 0 47811 36
37 1 47812 -1
50 0 47813 42
19 0 47814 2
8 0 47815 20
4 1 47816 -1
26 0 47817 28
38 1 47818 -1
3 1 47819 -1
58 1 47820 -1
40 0 47821 26
5 1 47822 -1
44 0 47823 32
2 1 47824 -1
55 1 47825 -1
30 0 47826 4
29 1 47827 -1
53 1 47828 -1
37 0 47829 46
33 0 47830 48
20 1 47831 -1
40 1 47832 -1
31 0 47833 14
58 1 47834 -1
42 0 47835 28
20 1 47836 -1
9 0 47837 12
41 0 47838 44
44 0 47839 14
19 0 47840 26
15 1 47841 -1
38 1 47842 -1
51 1 47843 -1
15 1 47844 -1
22 0 47845 0
39 0 47846 2
57 0 47847 36
44 1 47848 -1
44 1 47849 -1
30 0 47850 34
8 1 47851 -1
37 0 47852 22
55 1 47853 -1
10 0 47854 18
9 0 47855 10
50 1 47856 -1
24 1 47857 -1
8 1 47858 -1
12 0 47859 20
30 0 47860 18
33 0 47861 38
37 1 47862 -1
33 1 47863 -1
21 1 47864 -1
14 0 47865 18
54 0 47866 34
57 1 47867 -1
24 0 47868 38
25 1 47869 -1
24 1 47870 -1
19 0 47871 36
15 1 47872 -1
25 1 47873 -1
25 0 47874 38
26 1 47875 -1
13 1 47876 -1
44 0 47877 36
27 0 47878 32
31 0 47879 2
25 1 47880 -1
54 0 47881 6
46 1 47882 -1
38 0 47883 2
12 0 47884 8
16 1 47885 -1
33 0 47886 4
41 1 47887 -1
1 0 47888 30
30 1 47889 -1
42 1 47890 -1
37 1 47891 -1
37 1 47892 -1
22 0 47893 0
36 1 47894 -1
20 0 47895 40
39 0 47896 44
50 0 47897 4
30 1 47898 -1
54 0 47899 18
14 1 47900 -1
40 0 47901 30
52 0 47902 24
39 0 47903 28
23 0 47904 32
27 1 47905 -1
12 1 47906 -1
35 0 47907 34
43 1 47908 -1
48 1 47909 -1
38 0 47910 30
32 1 47911 -1
26 0 47912 44
21 0 47913 12
7 1 47914 -1
52 1 47915 -1
57 1 47916 -1
48 0 47917 44
12 0 47918 16
32 0 47919 0
39 1 47920 -1
6 1 47921 -1
5 1 47922 -1
22 1 47923 -1
59 0 47924 2
1 1 47925 -1
39 0 47926 44
42 0 47927 28
44 0 47928 6
46 1 47929 -1
55 1 47930 -1
27 1 47931 -1
20 0 47932 0
15 0 47933 36
42 1 47934 -1
55 0 47935 14
52 1 47936 -1
29 0 47937 0
11 0 47938 42
31 1 47939 -1
48 0 47940 32
2 0 47941 14
7 0 47942 8
36 1 47943 -1
40 0 47944 48
23 1 47945 -1
45 1 47946 -1
41 0 47947 8
49 1 47948 -1
22 0 47949 40
36 0 47950 24
32 1 47951 -1
33 0 47952 12
10 1 47953 -1
44 1 47954 -1
56 0 47955 10
42 1 47956 -1
6 0 47957 42
43 1 47958 -1
9 0 47959 24
3 1 47960 -1
58 1 47961 -1
16 0 47962 38
39 1 47963 -1
24 0 47964 26
50 0 47965 28
37 1 47966 -1
8 1 47967 -1
39 1 47968 -1
33 0 47969 28
52 0 47970 18
43 1 47971 -1
1 0 47972 28
35 1 47973 -1
15 0 47974 48
51 1 47975 -1
54 1 47976 -1
38 0 47977 38
24 0 47978 48
59 1 47979 -1
7 0 47980 30
29 0 47981 36
58 0 47982 32
17 1 47983 -1
10 1 47984 -1
50 1 47985 -1
36 1 47986 -1
31 0 47987 48
42 0 47988 38
23 0 47989 22
52 0 47990 2
37 1 47991 -1
44 1 47992 -1
29 1 47993 -1
34 1 47994 -1
38 1 47995 -1
35 0 47996 2
59 0 47997 20
32 0 47998 0
47 1 47999 -1
0 0 48000 6
33 0 48001 46
48 1 48002 -1
17 1 48003 -1
38 1 48004 -1
1 0 48005 16
15 1 48006 -1
42 0 48007 24
51 0 48008 12
26 0 48009 8
55 1 48010 -1
10 1 48011 -1
40 0 48012 8
30 1 48013 -1
33 0 48014 6
11 0 48015 42
27 0 48016 44
6 1 48017 -1
43 1 48018 -1
44 1 48019 -1
58 0 48020 12
41 1 48021 -1
3 1 48022 -1
49 0 48023 26
20 1 48024 -1
43 1 48025 -1
10 0 48026 2
51 0 48027 34
14 1 48028 -1
10 0 48029 2
43 0 48030 0
30 1 48031 -1
58 1 48032 -1
25 0 48033 18
43 1 48034 -1
1 0 48035 8
30 0 48036 10
13 0 48037 0
29 1 48038 -1
0 0 48039 12
39 0 48040 38
27 0 48041 26
23 1 48042 -1
1 1 48043 -1
5 1 48044 -1
21 1 48045 -1
21 0 48046 20
47 1 48047 -1
32 0 48048 6
37 0 48049 46
20 1 48050 -1
55 1 48051 -1
28 0 48052 18
20 0 48053 24
0 1 48054 -1
25 0 48055 16
51 0 48056 14
5 0 48057 0
5 1 48058 -1
22 1 48059 -1
32 1 48060 -1
31 0 48061 10
14 0 48062 10
50 1 48063 -1
44 1 48064 -1
51 0 48065 30
19 1 48066 -1
0 0 48067 0
56 1 48068 -1
26 1 48069 -1
33 0 48070 8
2 0 48071 34
23 1 48072 -1
55 1 48073 -1
50 0 48074 12
58 0 48075 28
24 1 48076 -1
41 1 48077 -1
30 0 48078 14
19 0 48079 2
42 1 48080 -1
16 0 48081 32
37 0 48082 14
26 1 48083 -1
4 1 48084 -1
1 1 48085 -1
57 1 48086 -1
41 0 48087 8
4 0 48088 16
35 1 48089 -1
53 0 48090 42
25 1 48091 -1
14 0 48092 48
2 0 48093 4
6 1 48094 -1
53 0 48095 6
46 1 48096 -1
44 1 48097 -1
33 0 48098 6
27 1 48099 -1
51 1 48100 -1
16 0 48101 18
2 0 48102 36
34 1 48103 -1
5 0 48104 24
22 0 48105 44
22 1 48106 -1
5 0 48107 16
46 0 48108 16
3 0 48109 48
26 1 48110 -1
16 0 48111 40
8 1 48112 -1
51 1 48113 -1
2 1 48114 -1
56 1 48115 -1
38 0 48116 2
2 1 48117 -1
4 1 48118 -1
32 0 48119 2
47 1 48120 -1
14 1 48121 -1
24 0 48122 10
48 1 48123 -1
56 0 48124 36
54 0 48125 10
2 0 48126 48
4 0 48127 46
57 0 48128 46
5 1 48129 -1
41 0 48130 22
28 1 48131 -1
10 0 48132 14
12 1 48133 -1
49 0 48134 36
28 1 48135 -1
46 1 48136 -1
11 1 48137 -1
3 0 48138 42
42 0 48139 22
8 0 48140 26
59 1 48141 -1
6 1 48142 -1
8 1 48143 -1
14 0 48144 30
45 1 48145 -1
51 0 48146 36
18 1 48147 -1
15 0 48148 6
41 0 48149 32
58 1 48150 -1
6 0 48151 22
14 1 48152 -1
43 1 48153 -1
18 1 48154 -1
20 1 48155 -1
11 0 48156 12
18 1 48157 -1
38 0 48158 48
12 0 48159 4
25 0 48160 30
39 1 48161 -1
38 0 48162 0
18 0 48163 18
16 1 48164 -1
5 1 48165 -1
50 0 48166 48
9 1 48167 -1
10 0 48168 46
8 1 48169 -1
21 0 48170 22
28 0 48171 0
0 1 48172 -1
33 1 48173 -1
7 1 48174 -1
50 0 48175 32
39 0 48176 12
21 0 48177 48
16 1 48178 -1
37 1 48179 -1
47 0 48180 12
37 0 48181 10
47 1 48182 -1
18 0 48183 28
30 0 48184 26
50 0 48185 14
18 1 48186 -1
28 1 48187 -1
59 1 48188 -1
43 0 48189 32
52 1 48190 -1
3 0 48191 42
34 0 48192 38
55 0 48193 48
58 1 48194 -1
6 1 48195 -1
42 0 48196 20
23 1 48197 -1
53 0 48198 10
56 1 48199 -1
36 1 48200 -1
25 0 48201 40
55 1 48202 -1
59 0 48203 34
17 0 48204 18
0 1 48205 -1
35 1 48206 -1
8 0 48207 34
39 1 48208 -1
26 0 48209 36
8 0 48210 28
58 0 48211 42
10 1 48212 -1
3 1 48213 -1
9 1 48214 -1
58 0 48215 10
5 1 48216 -1
44 0 48217 12
21 0 48218 8
28 1 48219 -1
47 1 48220 -1
16 1 48221 -1
57 0 48222 22
15 1 48223 -1
23 0 48224 8
43 0 48225 42
34 1 48226 -1
48 1 48227 -1
32 1 48228 -1
10 1 48229 -1
37 0 48230 36
41 0 48231 8
52 1 48232 -1
10 0 48233 46
21 1 48234 -1
44 0 48235 10
29 0 48236 0
5 0 48237 36
51 0 48238 10
24 1 48239 -1
51 1 48240 -1
48 1 48241 -1
14 0 48242 16
28 1 48243 -1
32 1 48244 -1
32 0 48245 38
41 1 48246 -1
29 1 48247 -1
29 1 48248 -1
31 1 48249 -1
9 0 48250 26
3 0 48251 14
47 0 48252 36
31 0 48253 12
53 0 48254 46
46 1 48255 -1
43 1 48256 -1
48 0 48257 30
58 0 48258 28
16 1 48259 -1
4 1 48260 -1
11 0 48261 32
11 0 48262 34
18 0 48263 38
5 0 48264 30
23 0 48265 48
58 1 48266 -1
39 1 48267 -1
53 0 48268 10
16 0 48269 4
13 1 48270 -1
54 1 48271 -1
50 1 48272 -1
58 1 48273 -1
1 0 48274 2
1 1 48275 -1
2 0 48276 20
34 0 48277 38
34 1 48278 -1
6 1 48279 -1
2 1 48280 -1
14 0 48281 42
59 1 48282 -1
32 0 48283 8
8 0 48284 38
47 0 48285 12
44 0 48286 6
27 1 48287 -1
31 1 48288 -1
52 0 48289 0
39 1 48290 -1
43 0 48291 48
56 1 48292 -1
46 0 48293 40
18 1 48294 -1
47 0 48295 0
7 1 48296 -1
11 1 48297 -1
8 0 48298 12
56 1 48299 -1
22 0 48300 12
2 0 48301 18
39 1 48302 -1
58 1 48303 -1
53 1 48304 -1
4 0 48305 20
17 1 48306 -1
15 0 48307 46
7 1 48308 -1
8 0 48309 46
30 1 48310 -1
6 0 48311 6
35 0 48312 28
32 1 48313 -1
1 0 48314 14
4 1 48315 -1
51 0 48316 28
23 0 48317 38
0 0 48318 0
27 1 48319 -1
34 0 48320 28
39 1 48321 -1
3 0 48322 44
4 1 48323 -1
44 1 48324 -1
9 0 48325 22
9 1 48326 -1
28 0 48327 42
54 1 48328 -1
31 0 48329 42
30 1 48330 -1
26 0 48331 46
7 0 48332 28
25 1 48333 -1
52 0 48334 34
40 1 48335 -1
57 0 48336 16
13 1 48337 -1
47 1 48338 -1
18 0 48339 30
0 1 48340 -1
10 0 48341 24
20 1 48342 -1
34 0 48343 14
36 1 48344 -1
53 1 48345 -1
39 0 48346 48
6 1 48347 -1
18 1 48348 -1
46 0 48349 2
48 0 48350 42
56 1 48351 -1
48 0 48352 42
3 0 48353 12
25 0 48354 30
24 1 48355 -1
49 1 48356 -1
36 0 48357 2
44 1 48358 -1
3 1 48359 -1
17 1 48360 -1
59 1 48361 -1
21 0 48362 28
57 0 48363 46
6 0 48364 32
54 0 48365 8
27 1 48366 -1
51 1 48367 -1
13 0 48368 28
45 0 48369 12
51 0 48370 16
50 1 48371 -1
4 1 48372 -1
3 1 48373 -1
9 0 48374 42
9 0 48375 40
57 1 48376 -1
48 1 48377 -1
7 0 48378 16
44 0 48379 48
8 1 48380 -1
47 0 48381 18
42 1 48382 -1
10 1 48383 -1
4 1 48384 -1
35 0 48385 10
47 0 48386 26
23 0 48387 14
22 0 48388 4
59 0 48389 48
41 1 48390 -1
16 0 48391 24
47 1 48392 -1
44 1 48393 -1
56 0 48394 28
9 1 48395 -1
21 1 48396 -1
42 1 48397 -1
47 0 48398 18
2 0 48399 22
47 1 48400 -1
23 0 48401 30
10 1 48402 -1
42 1 48403 -1
1 0 48404 40
18 0 48405 36
38 1 48406 -1
5 1 48407 -1
46 1 48408 -1
47 0 48409 30
13 0 48410 2
48 1 48411 -1
17 0 48412 24
17 1 48413 -1
17 1 48414 -1
34 1 48415 -1
36 0 48416 30
8 0 48417 44
44 0 48418 32
22 0 48419 18
20 1 48420 -1
2 0 48421 22
3 0 48422 0
52 1 48423 -1
28 1 48424 -1
58 0 48425 46
39 0 48426 0
56 1 48427 -1
39 0 48428 48
7 1 48429 -1
55 1 48430 -1
20 1 48431 -1
38 1 48432 -1
36 0 48433 30
39 1 48434 -1
39 0 48435 4
49 1 48436 -1
58 0 48437 6
39 1 48438 -1
30 0 48439 20
6 1 48440 -1
43 0 48441 26
1 1 48442 -1
7 0 48443 34
44 0 48444 38
48 0 48445 20
30 1 48446 -1
57 1 48447 -1
49 0 48448 10
28 1 48449 -1
13 0 48450 46
22 1 48451 -1
18 0 48452 46
35 1 48453 -1
51 0 48454 36
53 0 48455 26
50 0 48456 40
36 1 48457 -1
42 0 48458 38
17 1 48459 -1
13 1 48460 -1
41 0 48461 42
20 1 48462 -1
20 0 48463 12
2 0 48464 36
11 0 48465 20
0 1 48466 -1
21 1 48467 -1
39 0 48468 48
15 0 48469 4
56 1 48470 -1
47 1 48471 -1
53 1 48472 -1
14 1 48473 -1
5 0 48474 32
53 0 48475 20
54 1 48476 -1
18 1 48477 -1
22 0 48478 34
41 0 48479 14
9 1 48480 -1
15 1 48481 -1
6 0 48482 34
34 0 48483 40
1 1 48484 -1
33 1 48485 -1
6 1 48486 -1
32 0 48487 44
23 1 48488 -1
43 0 48489 38
49 1 48490 -1
1 0 48491 38
27 1 48492 -1
58 0 48493 6
56 0 48494 20
59 1 48495 -1
16 0 48496 26
56 0 48497 14
45 0 48498 4
43 1 48499 -1
23 1 48500 -1
50 1 48501 -1
18 0 48502 8
28 0 48503 40
19 1 48504 -1
57 0 48505 38
7 1 48506 -1
25 0 48507 34
35 1 48508 -1
19 0 48509 34
56 1 48510 -1
57 0 48511 34
34 1 48512 -1
30 0 48513 14
28 0 48514 46
27 1 48515 -1
21 1 48516 -1
47 0 48517 2
58 0 48518 12
28 0 48519 12
26 1 48520 -1
3 0 48521 32
37 0 48522 42
48 1 48523 -1
39 1 48524 -1
9 1 48525 -1
27 0 48526 2
44 1 48527 -1
52 0 48528 40
2 1 48529 -1
37 1 48530 -1
20 1 48531 -1
48 1 48532 -1
4 1 48533 -1
43 0 48534 32
5 1 48535 -1
41 0 48536 28
20 0 48537 20
24 1 48538 -1
46 0 48539 26
0 1 48540 -1
42 0 48541 30
1 0 48542 0
45 0 48543 4
24 0 48544 32
19 1 48545 -1
19 0 48546 30
50 1 48547 -1
6 1 48548 -1
16 1 48549 -1
27 0 48550 32
13 0 48551 16
40 0 48552 18
18 1 48553 -1
2 0 48554 18
34 1 48555 -1
46 1 48556 -1
59 0 48557 44
30 1 48558 -1
44 1 48559 -1
42 1 48560 -1
8 1 48561 -1
59 1 48562 -1
44 0 48563 26
43 0 48564 44
54 0 48565 18
47 1 48566 -1
47 0 48567 4
38 0 48568 44
37 1 48569 -1
6 0 48570 20
59 0 48571 42
43 1 48572 -1
30 0 48573 24
22 1 48574 -1
35 1 48575 -1
48 0 48576 20
15 0 48577 2
48 1 48578 -1
26 0 48579 42
12 1 48580 -1
59 0 48581 34
53 0 48582 48
55 1 48583 -1
57 1 48584 -1
20 0 48585 46
33 1 48586 -1
20 1 48587 -1
17 1 48588 -1
0 1 48589 -1
48 0 48590 38
58 0 48591 2
52 1 48592 -1
33 0 48593 32
11 0 48594 32
6 0 48595 16
43 1 48596 -1
42 1 48597 -1
43 0 48598 30
40 1 48599 -1
34 1 48600 -1
57 1 48601 -1
26 1 48602 -1
34 0 48603 4
59 0 48604 22
14 0 48605 26
35 0 48606 22
22 0 48607 44
24 0 48608 48
3 0 48609 8
8 0 48610 46
58 1 48611 -1
12 1 48612 -1
14 1 48613 -1
12 1 48614 -1
19 1 48615 -1
39 1 48616 -1
34 0 48617 46
37 0 48618 42
52 1 48619 -1
17 0 48620 40
45 0 48621 36
43 1 48622 -1
17 1 48623 -1
36 0 48624 0
30 0 48625 4
34 1 48626 -1
39 0 48627 40
35 1 48628 -1
39 1 48629 -1
19 0 48630 20
6 1 48631 -1
56 1 48632 -1
29 0 48633 14
39 1 48634 -1
10 0 48635 10
41 1 48636 -1
30 0 48637 32
10 0 48638 24
35 0 48639 20
39 1 48640 -1
41 1 48641 -1
20 0 48642 18
25 1 48643 -1
37 0 48644 6
18 0 48645 28
11 1 48646 -1
0 1 48647 -1
36 0 48648 26
57 1 48649 -1
48 0 48650 16
38 1 48651 -1
8 1 48652 -1
17 0 48653 8
8 0 48654 32
45 0 48655 22
28 1 48656 -1
55 0 48657 18
25 1 48658 -1
13 1 48659 -1
39 0 48660 20
55 0 48661 40
34 1 48662 -1
24 0 48663 20
45 0 48664 6
25 1 48665 -1
43 1 48666 -1
42 1 48667 -1
39 0 48668 6
52 0 48669 40
53 1 48670 -1
3 1 48671 -1
4 0 48672 2
22 0 48673 32
18 1 48674 -1
55 0 48675 22
27 1 48676 -1
36 0 48677 42
21 0 48678 34
23 1 48679 -1
59 1 48680 -1
4 0 48681 10
22 1 48682 -1
27 1 48683 -1
13 0 48684 0
40 1 48685 -1
57 0 48686 8
52 0 48687 22
42 0 48688 44
9 0 48689 8
41 0 48690 12
54 0 48691 48
37 1 48692 -1
32 1 48693 -1
49 1 48694 -1
50 1 48695 -1
45 0 48696 26
48 0 48697 46
21 1 48698 -1
27 1 48699 -1
35 0 48700 36
2 1 48701 -1
29 1 48702 -1
9 0 48703 6
26 0 48704 0
31 1 48705 -1
49 1 48706 -1
55 1 48707 -1
21 1 48708 -1
18 0 48709 0
31 1 48710 -1
3 0 48711 6
20 0 48712 46
59 1 48713 -1
25 1 48714 -1
48 1 48715 -1
34 0 48716 2
48 0 48717 44
16 1 48718 -1
49 0 48719 8
54 0 48720 10
30 1 48721 -1
44 0 48722 26
16 1 48723 -1
27 1 48724 -1
42 0 48725 22
28 0 48726 46
57 1 48727 -1
29 0 48728 42
45 0 48729 30
12 1 48730 -1
7 0 48731 6
35 1 48732 -1
16 0 48733 44
2 0 48734 22
59 1 48735 -1
0 0 48736 22
17 1 48737 -1
46 0 48738 22
58 1 48739 -1
8 1 48740 -1
12 1 48741 -1
18 1 48742 -1
56 1 48743 -1
56 0 48744 2
18 0 48745 44
43 0 48746 24
59 0 48747 14
7 1 48748 -1
35 1 48749 -1
6 1 48750 -1
55 1 48751 -1
36 1 48752 -1
42 0 48753 8
33 0 48754 42
15 1 48755 -1
7 0 48756 6
32 0 48757 30
58 0 48758 42
5 1 48759 -1
11 0 48760 18
5 1 48761 -1
24 1 48762 -1
44 1 48763 -1
0 0 48764 0
35 0 48765 12
50 0 48766 40
17 0 48767 14
53 0 48768 42
7 1 48769 -1
9 0 48770 10
8 1 48771 -1
49 1 48772 -1
41 1 48773 -1
1 0 48774 6
40 1 48775 -1
31 1 48776 -1
34 0 48777 12
48 1 48778 -1
43 1 48779 -1
59 0 48780 0
16 0 48781 2
15 0 48782 48
40 0 48783 38
8 0 48784 42
3 1 48785 -1
38 1 48786 -1
45 1 48787 -1
40 0 48788 22
54 1 48789 -1
2 1 48790 -1
4 0 48791 22
56 1 48792 -1
0 0 48793 44
57 0 48794 32
51 1 48795 -1
51 1 48796 -1
53 0 48797 44
15 0 48798 28
26 1 48799 -1
29 0 48800 14
9 1 48801 -1
37 0 48802 44
44 1 48803 -1
26 0 48804 48
36 1 48805 -1
32 1 48806 -1
16 0 48807 32
3 0 48808 18
15 1 48809 -1
0 1 48810 -1
23 1 48811 -1
56 1 48812 -1
43 0 48813 44
5 0 48814 36
27 0 48815 34
58 0 48816 24
37 0 48817 2
27 0 48818 14
56 1 48819 -1
30 0 48820 16
59 1 48821 -1
56 0 48822 16
17 1 48823 -1
19 1 48824 -1
11 0 48825 24
23 1 48826 -1
29 1 48827 -1
39 0 48828 8
53 1 48829 -1
37 1 48830 -1
30 1 48831 -1
57 0 48832 10
4 0 48833 28
48 0 48834 16
57 0 48835 26
39 0 48836 2
45 0 48837 26
47 1 48838 -1
58 1 48839 -1
10 1 48840 -1
0 1 48841 -1
39 0 48842 4
44 0 48843 40
5 0 48844 16
16 1 48845 -1
9 0 48846 24
6 0 48847 40
51 1 48848 -1
38 0 48849 46
40 1 48850 -1
48 1 48851 -1
5 0 48852 24
16 1 48853 -1
1 1 48854 -1
47 1 48855 -1
19 1 48856 -1
24 0 48857 2
8 0 48858 26
59 0 48859 10
0 1 48860 -1
9 1 48861 -1
1 0 48862 38
19 0 48863 8
44 0 48864 2
3 1 48865 -1
23 1 48866 -1
42 0 48867 44
39 1 48868 -1
15 0 48869 24
33 0 48870 6
20 1 48871 -1
41 1 48872 -1
53 0 48873 36
19 1 48874 -1
1 1 48875 -1
47 1 48876 -1
56 0 48877 26
59 0 48878 12
39 1 48879 -1
43 0 48880 22
21 0 48881 4
19 0 48882 40
58 0 48883 6
41 0 48884 32
29 1 48885 -1
2 0 48886 26
36 1 48887 -1
14 1 48888 -1
29 1 48889 -1
6 1 48890 -1
14 1 48891 -1
2 1 48892 -1
22 1 48893 -1
38 0 48894 14
1 0 48895 24
14 0 48896 14
54 0 48897 24
39 1 48898 -1
23 0 48899 26
30 1 48900 -1
59 1 48901 -1
53 1 48902 -1
37 0 48903 46
37 0 48904 40
56 0 48905 36
31 0 48906 2
43 1 48907 -1
44 1 48908 -1
45 1 48909 -1
41 1 48910 -1
41 0 48911 48
16 1 48912 -1
30 1 48913 -1
10 0 48914 10
11 0 48915 48
26 0 48916 16
24 1 48917 -1
20 0 48918 20
57 1 48919 -1
9 1 48920 -1
43 0 48921 6
59 0 48922 48
2 1 48923 -1
27 0 48924 18
43 1 48925 -1
41 1 48926 -1
44 0 48927 28
40 0 48928 38
37 1 48929 -1
12 1 48930 -1
36 0 48931 14
23 0 48932 38
43 1 48933 -1
55 0 48934 6
1 1 48935 -1
1 0 48936 22
48 0 48937 44
17 0 48938 0
6 1 48939 -1
36 1 48940 -1
2 0 48941 8
45 1 48942 -1
21 1 48943 -1
53 0 48944 0
27 1 48945 -1
17 0 48946 18
53 1 48947 -1
50 0 48948 46
53 0 48949 2
47 0 48950 48
37 1 48951 -1
7 1 48952 -1
10 1 48953 -1
40 0 48954 40
15 1 48955 -1
43 1 48956 -1
25 0 48957 42
0 0 48958 6
1 0 48959 28
59 1 48960 -1
50 0 48961 44
0 1 48962 -1
34 1 48963 -1
24 0 48964 2
32 1 48965 -1
49 0 48966 6
55 1 48967 -1
10 1 48968 -1
11 0 48969 32
37 0 48970 42
11 0 48971 40
44 1 48972 -1
58 1 48973 -1
9 0 48974 6
51 0 48975 0
38 0 48976 8
22 1 48977 -1
48 1 48978 -1
0 1 48979 -1
50 0 48980 4
5 0 48981 14
23 0 48982 48
11 1 48983 -1
3 1 48984 -1
15 1 48985 -1
42 1 48986 -1
46 0 48987 46
26 1 48988 -1
27 0 48989 2
28 0 48990 32
36 1 48991 -1
23 1 48992 -1
32 0 48993 16
19 1 48994 -1
30 0 48995 48
39 0 48996 6
34 0 48997 0
25 1 48998 -1
5 1 48999 -1
17 0 49000 44
49 0 49001 28
38 1 49002 -1
22 1 49003 -1
31 0 49004 32
27 1 49005 -1
38 0 49006 22
10 1 49007 -1
48 0 49008 2
47 0 49009 38
6 1 49010 -1
49 1 49011 -1
58 1 49012 -1
29 1 49013 -1
47 1 49014 -1
27 0 49015 10
32 0 49016 2
33 0 49017 6
44 0 49018 30
56 0 49019 40
44 0 49020 20
55 1 49021 -1
51 0 49022 2
29 1 49023 -1
21 0 49024 26
13 1 49025 -1
19 1 49026 -1
39 0 49027 34
3 1 49028 -1
12 0 49029 12
6 1 49030 -1
46 0 49031 8
41 1 49032 -1
51 1 49033 -1
13 0 49034 4
1 0 49035 8
6 0 49036 40
17 1 49037 -1
12 1 49038 -1
35 0 49039 30
43 1 49040 -1
58 1 49041 -1
9 0 49042 46
58 1 49043 -1
6 1 49044 -1
19 1 49045 -1
30 0 49046 34
15 0 49047 12
0 1 49048 -1
52 1 49049 -1
1 0 49050 6
56 0 49051 34
27 0 49052 2
20 0 49053 34
17 0 49054 30
17 1 49055 -1
28 1 49056 -1
21 1 49057 -1
33 0 49058 8
20 0 49059 24
4 1 49060 -1
33 1 49061 -1
31 1 49062 -1
51 0 49063 12
14 1 49064 -1
45 0 49065 48
7 0 49066 2
22 0 49067 14
18 1 49068 -1
0 1 49069 -1
39 1 49070 -1
38 0 49071 46
16 1 49072 -1
46 1 49073 -1
37 0 49074 2
56 0 49075 6
25 0 49076 34
26 0 49077 28
7 1 49078 -1
38 1 49079 -1
45 0 49080 24
33 0 49081 14
49 1 49082 -1
27 0 49083 26
6 1 49084 -1
23 0 49085 46
19 0 49086 2
14 1 49087 -1
57 1 49088 -1
48 0 49089 10
13 1 49090 -1
4 1 49091 -1
21 1 49092 -1
14 0 49093 6
58 0 49094 12
47 1 49095 -1
6 0 49096 6
53 1 49097 -1
11 1 49098 -1
17 0 49099 8
57 0 49100 8
23 0 49101 14
36 0 49102 16
43 1 49103 -1
3 1 49104 -1
22 1 49105 -1
28 0 49106 46
45 0 49107 44
21 0 49108 26
38 0 49109 8
36 1 49110 -1
13 1 49111 -1
13 1 49112 -1
41 1 49113 -1
18 0 49114 32
57 0 49115 26
30 1 49116 -1
2 1 49117 -1
27 0 49118 38
46 1 49119 -1
35 0 49120 4
2 1 49121 -1
50 0 49122 24
2 0 49123 36
46 1 49124 -1
51 0 49125 18
20 1 49126 -1
29 0 49127 28
43 0 49128 2
39 1 49129 -1
16 1 49130 -1
7 0 49131 42
47 0 49132 30
25 1 49133 -1
9 1 49134 -1
17 1 49135 -1
17 0 49136 6
29 1 49137 -1
41 0 49138 32
25 1 49139 -1
14 0 49140 22
21 1 49141 -1
28 1 49142 -1
52 1 49143 -1
15 0 49144 40
2 0 49145 18
55 0 49146 36
4 0 49147 40
21 1 49148 -1
54 1 49149 -1
31 0 49150 20
5 0 49151 32
12 1 49152 -1
30 1 49153 -1
33 0 49154 18
41 1 49155 -1
40 1 49156 -1
41 0 49157 0
47 0 49158 2
16 0 49159 36
13 1 49160 -1
30 1 49161 -1
1 0 49162 10
5 0 49163 48
26 1 49164 -1
31 1 49165 -1
49 0 49166 0
2 1 49167 -1
19 1 49168 -1
29 0 49169 32
52 1 49170 -1
14 0 49171 24
56 0 49172 6
23 0 49173 22
23 0 49174 2
56 1 49175 -1
52 1 49176 -1
28 1 49177 -1
5 0 49178 24
14 1 49179 -1
4 0 49180 44
13 0 49181 8
49 1 49182 -1
3 0 49183 48
53 1 49184 -1
56 1 49185 -1
59 1 49186 -1
54 1 49187 -1
2 1 49188 -1
58 0 49189 36
38 0 49190 36
54 0 49191 4
3 0 49192 40
17 0 49193 46
50 1 49194 -1
51 1 49195 -1
30 0 49196 42
2 0 49197 32
0 1 49198 -1
26 0 49199 26
45 1 49200 -1
28 1 49201 -1
44 1 49202 -1
16 0 49203 46
33 1 49204 -1
36 0 49205 40
2 1 49206 -1
56 0 49207 48
30 1 49208 -1
14 0 49209 2
22 1 49210 -1
52 0 49211 2
6 0 49212 10
39 0 49213 20
11 1 49214 -1
0 0 49215 32
27 1 49216 -1
20 0 49217 38
2 0 49218 44
42 1 49219 -1
27 0 49220 40
27 1 49221 -1
27 0 49222 24
29 0 49223 36
33 1 49224 -1
27 1 49225 -1
21 1 49226 -1
11 1 49227 -1
40 1 49228 -1
37 0 49229 18
17 1 49230 -1
33 0 49231 46
27 0 49232 46
30 0 49233 20
56 1 49234 -1
6 0 49235 46
44 0 49236 16
44 1 49237 -1
53 1 49238 -1
13 1 49239 -1
18 1 49240 -1
21 0 49241 8
12 0 49242 48
54 0 49243 28
48 1 49244 -1
17 0 49245 16
19 1 49246 -1
29 0 49247 48
44 0 49248 34
40 1 49249 -1
17 1 49250 -1
21 0 49251 30
5 1 49252 -1
28 1 49253 -1
9 0 49254 6
48 0 49255 22
37 1 49256 -1
42 0 49257 28
3 1 49258 -1
29 1 49259 -1
17 0 49260 32
3 0 49261 10
52 1 49262 -1
39 1 49263 -1
39 1 49264 -1
45 0 49265 14
27 0 49266 26
6 0 49267 40
9 1 49268 -1
20 0 49269 48
10 0 49270 46
36 0 49271 18
43 1 49272 -1
3 1 49273 -1
16 1 49274 -1
23 1 49275 -1
42 1 49276 -1
18 0 49277 24
25 1 49278 -1
45 0 49279 26
12 0 49280 4
7 0 49281 24
35 1 49282 -1
47 1 49283 -1
13 0 49284 2
13 0 49285 24
41 0 49286 48
12 0 49287 14
11 1 49288 -1
44 1 49289 -1
58 1 49290 -1
44 1 49291 -1
11 0 49292 14
44 0 49293 12
36 0 49294 38
33 1 49295 -1
37 1 49296 -1
19 0 49297 8
27 1 49298 -1
14 0 49299 20
25 1 49300 -1
0 0 49301 44
55 1 49302 -1
42 1 49303 -1
10 0 49304 28
10 1 49305 -1
14 1 49306 -1
25 0 49307 20
9 0 49308 30
56 0 49309 6
52 0 49310 44
47 1 49311 -1
47 1 49312 -1
54 1 49313 -1
24 1 49314 -1
14 0 49315 2
35 0 49316 12
11 0 49317 34
24 1 49318 -1
53 1 49319 -1
57 1 49320 -1
0 0 49321 0
30 0 49322 20
35 1 49323 -1
22 0 49324 14
12 1 49325 -1
33 0 49326 14
20 1 49327 -1
30 0 49328 10
3 0 49329 30
28 1 49330 -1
35 1 49331 -1
58 0 49332 24
0 1 49333 -1
15 1 49334 -1
4 0 49335 40
30 0 49336 28
17 1 49337 -1
33 0 49338 48
23 1 49339 -1
43 0 49340 22
31 1 49341 -1
3 1 49342 -1
26 1 49343 -1
30 0 49344 24
11 0 49345 40
53 0 49346 38
52 1 49347 -1
29 0 49348 20
10 1 49349 -1
22 0 49350 44
25 1 49351 -1
44 0 49352 14
23 1 49353 -1
42 0 49354 10
45 1 49355 -1
55 0 49356 44
42 1 49357 -1
59 0 49358 10
24 1 49359 -1
47 1 49360 -1
20 0 49361 20
50 0 49362 36
25 1 49363 -1
59 0 49364 32
30 1 49365 -1
22 0 49366 28
22 1 49367 -1
26 1 49368 -1
55 0 49369 40
31 0 49370 14
22 0 49371 2
46 1 49372 -1
17 0 49373 36
5 1 49374 -1
45 0 49375 20
16 1 49376 -1
34 0 49377 8
15 0 49378 8
49 0 49379 22
16 0 49380 16
27 1 49381 -1
52 1 49382 -1
19 0 49383 2
50 1 49384 -1
16 1 49385 -1
47 1 49386 -1
56 1 49387 -1
49 0 49388 26
26 0 49389 12
17 1 49390 -1
53 0 49391 22
57 0 49392 22
0 1 49393 -1
10 1 49394 -1
38 1 49395 -1
32 1 49396 -1
41 0 49397 8
7 0 49398 0
54 1 49399 -1
39 0 49400 26
0 0 49401 32
58 0 49402 32
6 1 49403 -1
26 0 49404 28
26 1 49405 -1
25 0 49406 6
2 1 49407 -1
23 1 49408 -1
46 0 49409 30
22 1 49410 -1
51 1 49411 -1
29 0 49412 42
38 0 49413 16
45 0 49414 40
28 1 49415 -1
1 1 49416 -1
23 1 49417 -1
20 0 49418 14
38 1 49419 -1
0 1 49420 -1
36 0 49421 36
17 0 49422 14
39 0 49423 0
14 1 49424 -1
47 0 49425 20
6 1 49426 -1
0 1 49427 -1
37 0 49428 12
24 0 49429 14
21 1 49430 -1
34 1 49431 -1
51 1 49432 -1
26 0 49433 28
12 0 49434 0
6 0 49435 22
6 1 49436 -1
9 1 49437 -1
53 0 49438 44
4 1 49439 -1
9 1 49440 -1
43 0 49441 2
12 0 49442 6
50 0 49443 46
53 1 49444 -1
55 1 49445 -1
42 0 49446 44
36 1 49447 -1
24 1 49448 -1
4 1 49449 -1
6 1 49450 -1
32 0 49451 8
41 1 49452 -1
1 0 49453 14
20 0 49454 18
55 0 49455 18
47 1 49456 -1
10 0 49457 14
21 1 49458 -1
11 1 49459 -1
41 0 49460 44
24 0 49461 20
54 0 49462 16
55 0 49463 32
24 0 49464 10
6 1 49465 -1
1 1 49466 -1
52 0 49467 2
35 1 49468 -1
13 1 49469 -1
43 1 49470 -1
46 0 49471 24
31 0 49472 46
43 1 49473 -1
28 0 49474 26
24 1 49475 -1
21 1 49476 -1
13 0 49477 32
44 0 49478 36
4 0 49479 30
11 0 49480 46
59 1 49481 -1
9 1 49482 -1
52 1 49483 -1
14 1 49484 -1
36 1 49485 -1
30 0 49486 26
41 0 49487 26
39 1 49488 -1
33 1 49489 -1
9 1 49490 -1
49 0 49491 34
24 0 49492 34
45 0 49493 4
21 0 49494 38
14 1 49495 -1
36 1 49496 -1
11 0 49497 46
56 0 49498 46
58 1 49499 -1
16 0 49500 40
12 0 49501 8
27 0 49502 26
3 1 49503 -1
42 1 49504 -1
44 1 49505 -1
41 0 49506 44
52 0 49507 34
16 1 49508 -1
51 0 49509 8
9 0 49510 48
56 0 49511 4
39 1 49512 -1
46 1 49513 -1
28 0 49514 42
42 1 49515 -1
21 1 49516 -1
21 0 49517 0
56 0 49518 2
27 0 49519 30
11 1 49520 -1
49 1 49521 -1
14 0 49522 46
36 0 49523 0
51 1 49524 -1
1 1 49525 -1
51 1 49526 -1
13 1 49527 -1
31 0 49528 6
17 0 49529 10
36 0 49530 42
36 0 49531 26
3 0 49532 44
41 1 49533 -1
55 0 49534 8
16 1 49535 -1
2 1 49536 -1
26 1 49537 -1
28 0 49538 26
42 1 49539 -1
23 0 49540 2
10 1 49541 -1
16 0 49542 8
47 1 49543 -1
19 1 49544 -1
38 0 49545 26
2 0 49546 22
58 1 49547 -1
46 1 49548 -1
24 1 49549 -1
36 0 49550 46
27 0 49551 10
34 0 49552 22
13 0 49553 4
59 1 49554 -1
6 1 49555 -1
32 1 49556 -1
44 0 49557 22
56 1 49558 -1
7 1 49559 -1
25 1 49560 -1
3 0 49561 36
35 0 49562 34
17 0 49563 36
49 1 49564 -1
55 0 49565 14
12 1 49566 -1
20 1 49567 -1
10 0 49568 34
40 1 49569 -1
35 1 49570 -1
9 0 49571 40
49 1 49572 -1
21 0 49573 14
44 1 49574 -1
10 0 49575 18
47 0 49576 6
39 1 49577 -1
2 0 49578 6
16 1 49579 -1
45 1 49580 -1
29 1 49581 -1
17 0 49582 38
44 0 49583 40
10 0 49584 14
54 0 49585 4
7 0 49586 44
43 1 49587 -1
16 1 49588 -1
25 0 49589 20
48 1 49590 -1
47 0 49591 8
22 1 49592 -1
43 1 49593 -1
6 0 49594 14
30 0 49595 14
13 0 49596 0
59 1 49597 -1
32 0 49598 38
36 1 49599 -1
51 1 49600 -1
18 1 49601 -1
10 1 49602 -1
37 0 49603 42
1 0 49604 48
43 0 49605 26
47 1 49606 -1
45 0 49607 22
55 1 49608 -1
52 0 49609 22
28 1 49610 -1
23 0 49611 32
30 1 49612 -1
51 1 49613 -1
40 0 49614 8
39 1 49615 -1
4 0 49616 30
21 1 49617 -1
24 1 49618 -1
41 0 49619 4
47 0 49620 42
48 0 49621 40
13 1 49622 -1
35 1 49623 -1
53 0 49624 20
16 0 49625 14
12 1 49626 -1
23 1 49627 -1
26 1 49628 -1
42 0 49629 10
28 0 49630 0
0 0 49631 8
30 1 49632 -1
36 0 49633 10
0 0 49634 34
51 1 49635 -1
53 0 49636 46
14 1 49637 -1
28 1 49638 -1
4 0 49639 28
3 1 49640 -1
10 0 49641 38
23 1 49642 -1
56 0 49643 16
25 1 49644 -1
27 1 49645 -1
39 0 49646 32
34 0 49647 40
56 0 49648 48
52 1 49649 -1
12 0 49650 0
59 0 49651 38
47 1 49652 -1
45 1 49653 -1
26 1 49654 -1
14 0 49655 30
40 0 49656 24
54 1 49657 -1
4 1 49658 -1
16 0 49659 10
11 0 49660 26
18 1 49661 -1
9 1 49662 -1
38 1 49663 -1
35 1 49664 -1
36 0 49665 6
24 0 49666 6
14 0 49667 2
38 0 49668 16
9 1 49669 -1
40 0 49670 46
56 1 49671 -1
30 1 49672 -1
0 1 49673 -1
18 1 49674 -1
52 0 49675 38
39 0 49676 18
52 1 49677 -1
16 1 49678 -1
23 0 49679 2
33 0 49680 16
52 1 49681 -1
55 0 49682 38
45 0 49683 0
34 1 49684 -1
12 1 49685 -1
9 0 49686 22
31 1 49687 -1
33 0 49688 30
43 1 49689 -1
7 1 49690 -1
51 1 49691 -1
50 0 49692 2
35 1 49693 -1
18 0 49694 38
54 0 49695 22
24 0 49696 48
33 1 49697 -1
25 0 49698 46
58 1 49699 -1
18 0 49700 20
17 1 49701 -1
5 1 49702 -1
13 0 49703 14
49 1 49704 -1
3 0 49705 34
59 0 49706 36
46 0 49707 24
20 1 49708 -1
22 1 49709 -1
25 0 49710 44
11 0 49711 0
36 1 49712 -1
50 1 49713 -1
56 0 49714 6
7 0 49715 20
16 1 49716 -1
20 0 49717 32
55 0 49718 18
53 1 49719 -1
17 0 49720 10
14 0 49721 26
12 1 49722 -1
34 1 49723 -1
15 1 49724 -1
51 1 49725 -1
44 1 49726 -1
45 0 49727 20
34 1 49728 -1
33 0 49729 44
17 0 49730 36
42 0 49731 44
14 1 49732 -1
14 1 49733 -1
36 0 49734 12
43 1 49735 -1
3 1 49736 -1
24 0 49737 22
13 0 49738 12
25 0 49739 28
56 0 49740 2
13 1 49741 -1
16 0 49742 26
3 1 49743 -1
29 1 49744 -1
35 1 49745 -1
46 1 49746 -1
59 1 49747 -1
22 0 49748 22
50 1 49749 -1
52 1 49750 -1
19 0 49751 20
18 0 49752 40
10 1 49753 -1
30 0 49754 28
12 0 49755 26
1 0 49756 44
31 0 49757 12
35 1 49758 -1
33 1 49759 -1
35 1 49760 -1
43 1 49761 -1
9 0 49762 0
47 1 49763 -1
50 0 49764 8
9 0 49765 24
39 0 49766 46
16 1 49767 -1
29 0 49768 32
1 1 49769 -1
4 0 49770 18
58 1 49771 -1
43 0 49772 20
41 1 49773 -1
27 0 49774 40
30 0 49775 40
41 1 49776 -1
27 0 49777 30
55 0 49778 42
8 1 49779 -1
38 0 49780 28
33 1 49781 -1
33 1 49782 -1
44 1 49783 -1
10 0 49784 32
46 0 49785 38
3 1 49786 -1
34 0 49787 40
33 0 49788 8
39 1 49789 -1
50 1 49790 -1
34 0 49791 34
38 1 49792 -1
22 1 49793 -1
39 0 49794 10
39 1 49795 -1
57 1 49796 -1
4 0 49797 32
8 1 49798 -1
13 0 49799 12
26 1 49800 -1
14 0 49801 2
40 1 49802 -1
28 0 49803 0
57 0 49804 6
23 1 49805 -1
23 1 49806 -1
55 0 49807 36
14 0 49808 34
58 0 49809 12
50 0 49810 8
19 1 49811 -1
14 0 49812 4
27 1 49813 -1
17 1 49814 -1
12 0 49815 0
49 0 49816 12
19 1 49817 -1
41 0 49818 26
19 0 49819 10
54 1 49820 -1
39 1 49821 -1
50 0 49822 10
21 1 49823 -1
12 0 49824 30
8 1 49825 -1
16 1 49826 -1
51 0 49827 34
16 1 49828 -1
19 1 49829 -1
22 0 49830 38
17 0 49831 40
54 1 49832 -1
49 0 49833 24
17 1 49834 -1
29 1 49835 -1
21 0 49836 32
49 0 49837 0
18 1 49838 -1
13 1 49839 -1
46 1 49840 -1
9 0 49841 2
53 0 49842 46
41 1 49843 -1
50 0 49844 36
18 1 49845 -1
41 0 49846 22
44 0 49847 38
18 1 49848 -1
52 1 49849 -1
52 0 49850 2
8 0 49851 4
50 0 49852 22
14 1 49853 -1
31 1 49854 -1
51 1 49855 -1
1 0 49856 44
18 0 49857 12
33 1 49858 -1
39 0 49859 48
44 1 49860 -1
10 1 49861 -1
34 0 49862 42
56 0 49863 0
9 1 49864 -1
23 0 49865 0
2 1 49866 -1
20 1 49867 -1
17 0 49868 36
20 0 49869 16
34 0 49870 48
21 1 49871 -1
44 0 49872 40
59 0 49873 0
47 1 49874 -1
40 1 49875 -1
31 0 49876 46
20 0 49877 0
23 1 49878 -1
31 1 49879 -1
7 1 49880 -1
6 1 49881 -1
25 0 49882 10
26 0 49883 34
27 0 49884 20
12 1 49885 -1
5 1 49886 -1
28 0 49887 38
43 1 49888 -1
14 0 49889 18
34 1 49890 -1
34 0 49891 28
56 1 49892 -1
25 0 49893 8
58 1 49894 -1
51 1 49895 -1
36 1 49896 -1
42 0 49897 14
43 0 49898 48
23 1 49899 -1
13 1 49900 -1
8 0 49901 38
23 0 49902 40
30 1 49903 -1
25 1 49904 -1
54 0 49905 12
2 0 49906 46
42 1 49907 -1
23 0 49908 34
57 1 49909 -1
14 1 49910 -1
19 1 49911 -1
10 0 49912 24
49 0 49913 38
9 0 49914 38
43 0 49915 42
10 1 49916 -1
23 0 49917 30
2 1 49918 -1
57 0 49919 16
46 0 49920 0
48 1 49921 -1
4 0 49922 42
54 0 49923 10
30 1 49924 -1
43 1 49925 -1
0 1 49926 -1
23 1 49927 -1
35 0 49928 4
30 1 49929 -1
30 0 49930 12
41 0 49931 6
11 1 49932 -1
16 1 49933 -1
35 0 49934 14
11 1 49935 -1
36 0 49936 36
50 0 49937 46
52 0 49938 42
44 0 49939 46
58 1 49940 -1
42 0 49941 18
0 1 49942 -1
19 1 49943 -1
43 0 49944 26
12 1 49945 -1
58 0 49946 34
9 1 49947 -1
12 1 49948 -1
4 1 49949 -1
38 0 49950 40
6 0 49951 10
25 0 49952 38
16 1 49953 -1
29 1 49954 -1
4 0 49955 28
13 0 49956 14
1 1 49957 -1
56 1 49958 -1
15 1 49959 -1
1 0 49960 38
15 0 49961 36
15 0 49962 8
32 1 49963 -1
9 1 49964 -1
15 1 49965 -1
12 0 49966 42
3 0 49967 32
44 0 49968 4
42 1 49969 -1
5 0 49970 14
15 1 49971 -1
21 1 49972 -1
34 0 49973 48
16 1 49974 -1
42 0 49975 34
28 0 49976 40
33 1 49977 -1
12 1 49978 -1
59 0 49979 40
18 1 49980 -1
11 0 49981 46
58 1 49982 -1
22 0 49983 6
6 1 49984 -1
25 0 49985 38
32 0 49986 16
26 1 49987 -1
37 1 49988 -1
35 0 49989 48
18 1 49990 -1
10 1 49991 -1
46 1 49992 -1
11 0 49993 8
17 0 49994 12
50 1 49995 -1
40 1 49996 -1
5 0 49997 30
56 0 49998 2
8 0 49999 20
3 1 50000 -1
